week,no,kickoff,home,away,hg,ag,code,kaynak_dosya,kaynak_lig,kaynak_ev,kaynak_dep,guven,AHCh,AHh,Avg<2.5,Avg>2.5,AvgA,AvgAHA,AvgAHH,AvgC<2.5,AvgC>2.5,AvgCA,AvgCAHA,AvgCAHH,AvgCD,AvgCH,AvgD,AvgH,B365<2.5,B365>2.5,B365A,B365AHA,B365AHH,B365C<2.5,B365C>2.5,B365CA,B365CAHA,B365CAHH,B365CD,B365CH,B365D,B365H,BWA,BWCA,BWCD,BWCH,BWD,BWH,IWA,IWCA,IWCD,IWCH,IWD,IWH,Max<2.5,Max>2.5,MaxA,MaxAHA,MaxAHH,MaxC<2.5,MaxC>2.5,MaxCA,MaxCAHA,MaxCAHH,MaxCD,MaxCH,MaxD,MaxH,P<2.5,P>2.5,PAHA,PAHH,PC<2.5,PC>2.5,PCAHA,PCAHH,PSA,PSCA,PSCD,PSCH,PSD,PSH,VCA,VCCA,VCCD,VCCH,VCD,VCH,WHA,WHCA,WHCD,WHCH,WHD,WHH,stat_AC,stat_AF,stat_AR,stat_AS,stat_AST,stat_AY,stat_HC,stat_HF,stat_HR,stat_HS,stat_HST,stat_HTAG,stat_HTHG,stat_HY
2,1,2023-08-18,Antalyaspor,Konyaspor,1,1,0,T1,T1,Antalyaspor,Konyaspor,1.0,-0.25,-0.25,1.97,1.82,3.02,1.88,1.94,1.87,1.9,3.4,2.03,1.81,3.44,2.08,3.46,2.23,2.0,1.85,3.0,1.9,1.95,1.9,1.95,3.4,2.1,1.78,3.4,2.0,3.4,2.15,3.0,3.4,3.4,2.05,3.4,2.2,3.05,3.35,3.5,2.1,3.5,2.25,2.04,1.88,3.2,1.94,2.02,2.02,1.99,3.8,2.21,1.9,3.7,2.22,3.65,2.35,2.04,1.85,1.92,1.99,1.93,1.96,2.15,1.77,3.16,3.79,3.6,2.05,3.61,2.3,3.0,3.4,3.3,2.0,3.4,2.15,2.8,3.0,3.2,2.1,3.25,2.15,5.0,12.0,0.0,7.0,3.0,2.0,5.0,14.0,0.0,14.0,3.0,0.0,0.0,2.0
2,2,2023-08-18,Istanbulspor,Kayserispor,1,1,0,T1,T1,Istanbulspor,Kayserispor,1.0,-0.25,0.0,2.14,1.69,2.58,1.92,1.9,2.18,1.66,2.79,1.77,2.08,3.5,2.37,3.46,2.56,2.1,1.7,2.6,1.93,1.93,2.15,1.67,2.8,1.78,2.1,3.4,2.38,3.4,2.5,2.55,2.75,3.5,2.35,3.5,2.55,2.65,2.8,3.55,2.4,3.55,2.55,2.24,1.76,2.7,1.97,1.97,2.31,1.75,2.93,1.88,2.17,3.64,2.59,3.73,2.67,2.2,1.72,1.96,1.94,2.25,1.69,1.76,2.16,2.69,2.85,3.6,2.51,3.55,2.67,2.5,2.75,3.5,2.25,3.4,2.5,2.4,2.62,3.3,2.25,3.3,2.45,6.0,11.0,0.0,9.0,4.0,0.0,4.0,11.0,0.0,7.0,3.0,0.0,0.0,1.0
2,3,2023-08-19,Rizespor,Alanyaspor,0,0,0,T1,T1,Rizespor,Alanyaspor,1.0,-0.25,-0.25,2.16,1.68,2.79,1.77,2.06,2.17,1.67,3.34,2.04,1.79,3.61,2.04,3.52,2.36,2.15,1.67,2.8,1.8,2.05,2.15,1.67,3.3,2.05,1.75,3.5,1.95,3.4,2.3,2.75,3.4,3.6,2.0,3.6,2.3,2.8,3.35,3.7,2.05,3.55,2.4,2.27,1.73,2.9,1.83,2.14,2.3,1.75,3.59,2.21,1.86,3.8,2.15,3.76,2.5,2.22,1.7,1.77,2.13,2.26,1.69,2.11,1.8,2.86,3.54,3.78,2.08,3.61,2.48,2.7,3.2,3.5,2.0,3.5,2.3,2.8,3.1,3.4,1.95,3.3,2.15,3.0,13.0,1.0,8.0,2.0,3.0,3.0,12.0,0.0,10.0,3.0,0.0,0.0,3.0
2,4,2023-08-19,Galatasaray,Trabzonspor,2,0,1,T1,T1,Galatasaray,Trabzonspor,1.0,-0.75,-1.0,2.55,1.49,4.86,1.85,1.97,2.47,1.52,4.36,1.93,1.89,3.98,1.71,4.29,1.6,2.5,1.5,5.25,1.85,2.0,2.4,1.53,4.5,1.95,1.9,3.6,1.73,3.8,1.6,4.8,4.2,3.9,1.72,4.2,1.58,4.6,4.4,3.95,1.73,3.95,1.7,2.69,1.53,5.25,1.91,2.06,2.66,1.58,5.04,2.04,1.97,4.25,1.77,4.6,1.7,2.62,1.52,1.87,2.04,2.53,1.56,1.96,1.94,4.98,4.51,4.14,1.76,4.55,1.64,4.75,4.4,4.0,1.62,4.2,1.55,4.75,4.0,3.9,1.62,4.0,1.5,1.0,3.0,0.0,5.0,1.0,3.0,7.0,21.0,0.0,15.0,5.0,0.0,1.0,4.0
2,5,2023-08-19,Hatayspor,Kasimpasa,0,0,0,T1,T1,Hatayspor,Kasimpasa,1.0,0.0,0.0,2.39,1.55,2.71,2.03,1.79,2.05,1.75,2.73,2.01,1.82,3.39,2.47,3.63,2.38,2.35,1.57,2.63,2.05,1.8,2.0,1.8,2.6,1.98,1.88,3.4,2.5,3.6,2.38,2.65,2.7,3.4,2.45,3.6,2.35,2.7,2.75,3.5,2.45,3.7,2.4,2.63,1.6,2.87,2.11,1.87,2.23,1.89,3.0,2.08,1.92,3.58,2.63,3.87,2.49,2.47,1.59,2.1,1.82,2.13,1.8,2.05,1.86,2.87,2.85,3.43,2.63,3.6,2.49,2.63,2.63,3.4,2.38,3.6,2.3,2.62,2.62,3.3,2.25,3.3,2.25,1.0,6.0,0.0,11.0,2.0,0.0,3.0,7.0,0.0,8.0,2.0,0.0,0.0,0.0
2,6,2023-08-20,Buyuksehyr,Karagumruk,0,2,2,T1,T1,Buyuksehyr,Karagumruk,1.0,-0.5,-0.75,2.23,1.64,4.73,2.01,1.81,1.94,1.85,4.14,2.01,1.84,3.66,1.82,4.09,1.64,2.2,1.65,5.0,2.03,1.83,1.88,1.98,4.2,1.95,1.9,3.4,1.85,4.0,1.62,4.6,4.0,3.6,1.83,4.0,1.65,4.8,4.1,3.55,1.9,4.1,1.65,2.33,1.75,5.1,2.07,1.87,2.2,2.04,4.63,2.12,1.96,3.92,1.94,4.4,1.71,2.3,1.67,2.05,1.86,1.91,1.98,1.98,1.93,4.95,4.25,3.65,1.93,4.31,1.68,4.6,4.0,3.75,1.73,3.9,1.62,4.4,4.0,3.6,1.67,3.75,1.57,4.0,14.0,0.0,9.0,2.0,4.0,5.0,11.0,0.0,15.0,5.0,2.0,0.0,3.0
2,7,2023-08-20,Besiktas,Pendikspor,1,1,0,T1,T1,Besiktas,Pendikspor,1.0,-1.75,-1.75,2.72,1.44,10.58,1.9,1.92,2.85,1.4,9.66,1.88,1.94,5.95,1.26,6.09,1.24,2.7,1.44,10.0,1.9,1.95,2.88,1.4,10.0,1.88,1.98,5.5,1.25,5.5,1.25,10.5,9.0,5.75,1.28,6.0,1.25,10.0,9.5,6.0,1.27,6.0,1.25,2.93,1.5,12.0,1.98,2.02,3.0,1.45,11.2,1.94,2.03,6.7,1.3,7.0,1.28,2.88,1.44,1.96,1.93,2.93,1.43,1.88,2.0,11.71,10.07,6.31,1.28,6.75,1.24,10.0,9.5,5.75,1.22,5.75,1.22,8.5,8.5,5.5,1.22,5.5,1.22,4.0,9.0,0.0,11.0,1.0,2.0,6.0,11.0,0.0,15.0,6.0,0.0,1.0,4.0
2,8,2023-08-20,Gaziantep,Sivasspor,1,3,2,T1,T1,Gaziantep,Sivasspor,1.0,0.0,0.0,2.13,1.7,2.5,1.87,1.95,1.87,1.92,2.48,1.82,2.01,3.36,2.73,3.54,2.6,2.1,1.7,2.5,1.88,1.98,1.88,1.98,2.45,1.83,2.03,3.3,2.7,3.5,2.5,2.5,2.5,3.3,2.7,3.5,2.55,2.55,2.5,3.4,2.75,3.6,2.6,2.24,1.82,2.6,1.96,2.01,2.05,2.07,2.61,1.89,2.11,3.52,3.0,3.79,2.74,2.2,1.73,1.9,2.01,1.88,2.02,1.87,2.04,2.56,2.61,3.42,2.84,3.73,2.71,2.45,2.4,3.4,2.6,3.4,2.55,2.6,2.3,3.25,2.6,3.3,2.3,4.0,16.0,0.0,13.0,7.0,4.0,7.0,19.0,0.0,11.0,2.0,2.0,0.0,6.0
2,9,2023-08-21,Ankaragucu,Ad. Demirspor,1,1,0,T1,T1,Ankaragucu,Ad. Demirspor,1.0,0.25,0.0,2.71,1.44,2.4,1.83,1.99,2.2,1.66,2.34,2.03,1.8,3.52,2.84,3.69,2.64,2.7,1.44,2.45,1.88,1.98,2.08,1.73,2.4,2.08,1.73,3.4,2.8,3.6,2.6,2.3,2.35,3.5,2.75,3.8,2.65,2.4,2.4,3.5,2.8,3.75,2.65,2.93,1.5,2.56,1.91,2.08,2.47,1.89,2.5,2.19,1.93,3.79,3.14,4.04,2.78,2.73,1.48,1.88,2.0,2.15,1.76,2.15,1.78,2.56,2.5,3.55,2.89,3.63,2.72,2.3,2.3,3.6,2.63,3.75,2.55,2.15,2.25,3.4,2.6,3.6,2.6,4.0,10.0,0.0,12.0,4.0,1.0,3.0,9.0,0.0,18.0,5.0,1.0,1.0,1.0
2,10,2023-08-21,Samsunspor,Fenerbahce,0,2,2,T1,T1,Samsunspor,Fenerbahce,1.0,0.75,1.0,2.42,1.54,1.56,1.94,1.87,2.01,1.78,1.82,2.06,1.79,3.69,4.07,4.29,5.18,2.4,1.53,1.55,1.98,1.88,2.08,1.73,1.75,2.0,1.85,3.75,4.2,4.2,5.25,1.58,1.83,3.6,4.0,4.2,5.0,1.57,1.83,3.75,4.1,4.4,5.25,2.52,1.59,1.62,2.02,1.96,2.15,1.92,1.91,2.19,1.93,3.89,4.69,4.7,5.8,2.47,1.58,1.95,1.93,2.06,1.82,2.16,1.77,1.57,1.91,3.81,4.13,4.5,5.53,1.53,1.67,3.75,4.33,4.1,5.0,1.5,1.73,3.5,3.9,4.0,4.8,5.0,10.0,0.0,13.0,6.0,1.0,2.0,11.0,0.0,5.0,1.0,0.0,0.0,1.0
2,11,2023-08-18,Werder Bremen,Bayern Munich,0,4,2,D1,D1,Werder Bremen,Bayern Munich,1.0,1.75,1.75,3.34,1.33,1.32,2.01,1.84,3.29,1.34,1.31,2.0,1.85,6.05,8.69,6.09,8.5,3.4,1.33,1.3,2.06,1.87,3.2,1.36,1.3,2.08,1.85,6.0,8.5,6.5,7.5,1.31,1.3,6.0,8.5,6.0,8.0,1.4,1.4,5.25,7.0,5.25,7.0,3.55,1.37,1.4,,,3.58,1.4,1.4,2.09,1.92,6.5,9.5,6.5,9.5,3.41,1.35,2.07,1.84,3.38,1.34,2.03,1.88,1.33,1.31,6.3,8.8,6.36,8.59,1.3,1.29,6.0,9.5,6.0,9.0,1.22,1.22,5.5,8.0,5.5,8.0,6.0,11.0,0.0,25.0,10.0,1.0,0.0,16.0,0.0,6.0,1.0,1.0,0.0,2.0
2,12,2023-08-19,Tottenham,Man United,2,0,1,E0,E0,Tottenham,Man United,1.0,0.25,0.25,2.44,1.57,2.37,2.05,1.81,2.54,1.51,2.25,1.96,1.89,3.78,3.01,3.75,2.84,2.38,1.57,2.38,2.08,1.82,2.5,1.53,2.2,1.99,1.94,3.75,3.0,3.6,2.8,2.3,2.2,3.75,2.95,3.6,2.8,2.35,2.3,3.5,3.05,3.65,2.8,2.55,1.64,2.46,2.13,1.85,2.65,1.55,2.33,2.0,2.02,3.96,3.38,3.96,2.95,2.48,1.58,2.1,1.82,2.61,1.54,2.0,1.93,2.41,2.28,3.87,3.07,3.82,2.85,2.3,2.2,3.75,3.0,3.6,2.88,2.15,2.15,3.5,2.62,3.5,2.62,6.0,8.0,0.0,22.0,6.0,3.0,5.0,9.0,0.0,17.0,6.0,0.0,0.0,1.0
2,13,2023-08-19,Man City,Newcastle,1,0,1,E0,E0,Man City,Newcastle,1.0,-0.5,-0.75,2.15,1.72,4.83,1.97,1.88,2.04,1.8,4.32,2.03,1.85,3.78,1.84,4.07,1.7,2.1,1.73,5.0,1.98,1.92,2.05,1.85,4.33,2.06,1.87,3.75,1.83,4.0,1.67,4.75,4.2,3.6,1.83,4.0,1.68,4.7,4.3,3.75,1.8,4.0,1.7,2.26,1.76,5.2,2.03,1.94,2.2,1.89,4.76,2.09,1.89,4.05,1.91,4.3,1.75,2.17,1.75,1.97,1.93,2.05,1.86,2.06,1.87,4.8,4.37,3.84,1.87,4.1,1.73,5.0,4.1,3.7,1.87,3.9,1.65,4.6,4.2,3.4,1.7,3.7,1.57,0.0,11.0,0.0,7.0,1.0,5.0,3.0,12.0,0.0,14.0,4.0,0.0,1.0,1.0
2,14,2023-08-20,Barcelona,Cadiz,2,0,1,SP1,SP1,Barcelona,Cadiz,1.0,-1.75,-1.75,2.39,1.59,14.64,2.02,1.83,2.24,1.65,12.26,1.84,2.0,6.03,1.25,6.7,1.21,2.38,1.57,13.0,2.06,1.84,2.2,1.67,10.0,1.75,2.05,5.75,1.29,7.0,1.2,14.5,11.5,6.0,1.26,6.5,1.21,13.0,12.0,6.25,1.25,6.25,1.25,2.47,1.65,17.0,2.08,1.9,2.45,1.74,14.0,1.92,2.13,6.5,1.29,7.5,1.25,2.4,1.6,2.05,1.85,2.28,1.68,1.85,2.06,14.96,12.21,6.32,1.26,6.9,1.21,15.0,12.0,6.0,1.25,6.5,1.2,11.0,11.0,5.8,1.17,5.8,1.17,2.0,22.0,0.0,10.0,1.0,3.0,10.0,9.0,0.0,23.0,10.0,0.0,0.0,4.0
2,15,2023-08-20,Udinese,Juventus,0,3,2,I1,I1,Udinese,Juventus,1.0,0.5,0.5,1.75,2.1,1.86,1.86,2.01,1.71,2.16,2.05,2.05,1.83,3.34,3.9,3.54,4.46,1.73,2.1,1.83,1.85,2.05,1.67,2.2,2.05,2.07,1.86,3.3,3.75,3.6,4.33,1.88,2.05,3.25,3.8,3.5,4.2,1.95,2.05,3.35,3.75,3.4,4.2,1.83,2.19,1.95,1.95,2.09,1.78,2.27,2.12,2.1,1.87,3.5,4.27,3.67,4.8,1.79,2.11,1.85,2.07,1.74,2.2,2.07,1.86,1.85,2.07,3.41,4.05,3.66,4.64,1.75,2.0,3.2,4.0,3.2,4.5,1.8,1.91,3.0,3.8,3.2,3.9,3.0,10.0,0.0,9.0,4.0,3.0,7.0,12.0,0.0,18.0,5.0,3.0,0.0,1.0
6,1,2023-09-16,Ad. Demirspor,Pendikspor,3,0,1,T1,T1,Ad. Demirspor,Pendikspor,1.0,-1.0,-1.0,2.63,1.47,5.65,2.04,1.78,2.69,1.45,4.97,1.88,1.94,4.4,1.58,4.63,1.49,2.6,1.48,5.75,2.05,1.8,2.6,1.48,5.25,1.88,1.98,4.0,1.57,4.2,1.5,5.5,4.8,4.4,1.57,4.5,1.5,5.75,5.25,4.3,1.6,4.6,1.5,2.79,1.5,6.0,2.12,1.83,2.81,1.5,5.8,1.94,2.02,4.75,1.65,5.0,1.55,2.74,1.49,2.11,1.8,2.77,1.48,1.9,2.01,5.92,5.12,4.6,1.62,4.93,1.52,5.5,4.75,4.2,1.55,4.5,1.45,5.5,4.75,4.0,1.5,4.2,1.44,6.0,6.0,0.0,15.0,5.0,3.0,6.0,8.0,0.0,18.0,7.0,0.0,2.0,0.0
6,2,2023-09-17,Alanyaspor,Kasimpasa,3,3,0,T1,T1,Alanyaspor,Kasimpasa,1.0,-0.5,-0.25,2.14,1.69,3.35,2.03,1.8,1.95,1.84,3.77,1.86,1.98,3.47,1.97,3.56,2.07,2.1,1.7,3.3,2.03,1.83,2.0,1.85,4.0,1.93,1.93,3.4,1.85,3.4,2.05,3.2,3.7,3.5,1.93,3.6,2.05,3.25,3.8,3.55,1.95,3.6,2.15,2.22,1.76,3.59,2.1,1.86,2.07,1.9,4.25,1.98,2.1,3.6,2.12,3.84,2.16,2.16,1.74,2.1,1.82,2.02,1.88,1.95,1.95,3.56,4.17,3.6,1.95,3.67,2.09,3.2,3.5,3.5,1.93,3.5,2.0,3.2,3.7,3.25,1.83,3.4,1.95,7.0,11.0,0.0,17.0,3.0,0.0,5.0,9.0,0.0,13.0,6.0,1.0,2.0,0.0
6,3,2023-09-18,Karagumruk,Hatayspor,0,0,0,T1,T1,Karagumruk,Hatayspor,1.0,-0.5,-0.5,1.95,1.84,3.67,1.87,1.96,1.92,1.86,3.76,1.88,1.97,3.5,1.94,3.54,1.97,2.0,1.85,3.8,1.88,1.98,1.98,1.88,3.8,1.9,1.95,3.4,1.91,3.4,1.91,3.5,3.75,3.5,1.93,3.5,1.98,3.7,3.75,3.5,1.97,3.5,2.0,2.04,1.91,3.95,1.92,2.05,2.0,1.93,4.22,1.93,2.05,3.7,2.0,3.78,2.02,1.97,1.9,1.9,1.99,2.0,1.89,1.93,1.98,3.89,4.1,3.56,1.98,3.63,1.99,3.6,3.6,3.4,1.91,3.4,1.93,3.3,3.6,3.3,1.85,3.25,1.95,3.0,9.0,0.0,18.0,5.0,2.0,3.0,14.0,0.0,5.0,2.0,0.0,0.0,3.0
6,4,2023-09-17,Fenerbahce,Antalyaspor,3,2,1,T1,T1,Fenerbahce,Antalyaspor,1.0,-1.25,-1.25,2.4,1.55,7.45,2.0,1.82,2.36,1.57,7.18,1.96,1.86,4.81,1.39,4.99,1.38,2.35,1.57,7.5,2.05,1.8,2.35,1.57,7.5,1.95,1.9,4.33,1.4,4.5,1.4,7.25,6.75,4.8,1.4,4.75,1.4,7.5,7.0,4.9,1.4,4.9,1.4,2.5,1.6,8.0,2.08,1.9,2.47,1.6,8.55,2.05,1.96,5.44,1.45,5.5,1.43,2.49,1.58,2.06,1.85,2.44,1.6,1.99,1.92,7.66,7.36,5.43,1.4,5.41,1.4,7.0,7.0,4.6,1.36,4.6,1.36,7.0,7.0,4.33,1.33,4.5,1.3,5.0,11.0,0.0,14.0,6.0,4.0,7.0,13.0,0.0,17.0,10.0,1.0,1.0,3.0
6,5,2023-09-16,Galatasaray,Samsunspor,4,2,1,T1,T1,Galatasaray,Samsunspor,1.0,-1.25,-1.5,2.64,1.46,8.18,1.88,1.93,2.47,1.53,7.34,1.98,1.84,5.01,1.37,5.35,1.33,2.7,1.44,7.5,1.9,1.95,2.4,1.53,7.0,2.05,1.8,4.75,1.36,5.0,1.33,7.75,7.25,5.0,1.38,5.25,1.35,7.75,7.0,5.0,1.4,5.25,1.35,2.75,1.51,9.1,1.94,2.02,2.6,1.6,8.4,2.06,1.93,5.6,1.42,5.9,1.38,2.71,1.49,1.94,1.96,2.6,1.55,2.06,1.88,8.87,8.02,5.38,1.4,5.78,1.34,8.0,7.0,4.6,1.36,5.0,1.3,7.5,7.0,4.5,1.3,4.75,1.29,6.0,15.0,0.0,9.0,4.0,3.0,2.0,17.0,0.0,9.0,5.0,0.0,3.0,1.0
6,6,2023-09-16,Kayserispor,Gaziantep,2,0,1,T1,T1,Kayserispor,Gaziantep,1.0,-0.25,-0.5,2.05,1.76,3.92,1.96,1.87,1.97,1.83,3.12,1.89,1.93,3.47,2.2,3.7,1.86,2.05,1.75,3.75,1.98,1.88,1.98,1.88,3.0,1.88,1.98,3.4,2.15,3.6,1.85,3.75,3.1,3.4,2.15,3.6,1.87,3.8,3.05,3.5,2.25,3.75,1.9,2.14,1.82,4.21,2.02,1.91,2.09,2.06,3.32,1.94,2.02,3.65,2.3,3.9,1.94,2.07,1.82,2.02,1.89,1.99,1.9,1.93,1.98,4.21,3.27,3.49,2.3,3.79,1.89,3.8,3.0,3.4,2.15,3.5,1.83,3.7,3.0,3.2,2.1,3.5,1.75,7.0,8.0,0.0,16.0,5.0,1.0,3.0,11.0,0.0,10.0,4.0,0.0,1.0,0.0
6,7,2023-09-16,Konyaspor,Rizespor,1,2,2,T1,T1,Konyaspor,Rizespor,1.0,-0.5,-0.5,1.97,1.83,3.7,1.88,1.94,1.94,1.85,3.77,1.88,1.95,3.51,1.95,3.57,1.95,1.98,1.88,3.8,1.9,1.95,1.98,1.88,3.6,1.9,1.95,3.4,1.95,3.5,1.91,3.5,3.6,3.5,1.95,3.5,2.0,3.7,3.6,3.55,2.0,3.55,1.97,2.06,1.89,3.92,1.96,2.0,2.02,2.06,4.2,1.95,2.01,3.68,2.05,3.79,2.02,2.01,1.88,1.92,1.99,1.99,1.89,1.91,2.0,3.92,4.11,3.51,2.0,3.69,1.99,3.6,3.6,3.4,1.9,3.4,1.9,3.3,3.3,3.3,1.91,3.3,1.91,4.0,14.0,0.0,11.0,2.0,1.0,2.0,12.0,0.0,6.0,4.0,0.0,1.0,2.0
6,8,2023-09-18,Sivasspor,Ankaragucu,1,3,2,T1,T1,Sivasspor,Ankaragucu,1.0,-0.25,-0.25,1.84,1.94,2.95,1.8,2.02,1.8,2.0,3.26,1.91,1.91,3.27,2.22,3.34,2.34,1.88,1.98,2.9,1.8,2.05,1.83,2.03,3.1,1.93,1.93,3.4,2.15,3.3,2.3,2.95,3.2,3.25,2.2,3.25,2.3,2.95,3.2,3.35,2.25,3.35,2.35,1.9,2.02,3.11,1.87,2.08,1.9,2.08,3.53,2.03,2.0,3.55,2.32,3.54,2.45,1.88,2.0,1.83,2.07,1.84,2.06,1.95,1.95,3.08,3.44,3.34,2.28,3.4,2.42,2.88,3.13,3.25,2.1,3.25,2.25,2.8,3.1,3.0,2.15,3.2,2.2,3.0,12.0,0.0,15.0,5.0,2.0,5.0,7.0,1.0,15.0,9.0,1.0,1.0,3.0
6,9,2023-09-17,Trabzonspor,Besiktas,3,0,1,T1,T1,Trabzonspor,Besiktas,1.0,0.25,0.25,2.1,1.72,2.25,1.95,1.86,2.12,1.71,2.17,1.89,1.94,3.51,3.15,3.48,3.03,2.08,1.73,2.15,1.98,1.88,2.1,1.7,2.1,1.9,1.95,3.4,3.1,3.4,3.1,2.2,2.2,3.5,3.0,3.5,3.0,2.25,2.2,3.55,3.1,3.5,3.05,2.19,1.78,2.4,2.06,1.93,2.23,1.77,2.25,1.97,2.03,3.68,3.48,3.73,3.15,2.12,1.78,2.05,1.86,2.17,1.74,1.93,1.97,2.39,2.24,3.62,3.28,3.47,3.12,2.2,2.1,3.5,3.0,3.4,2.9,2.1,2.1,3.3,2.88,3.3,2.88,7.0,11.0,0.0,7.0,1.0,1.0,2.0,15.0,0.0,8.0,5.0,0.0,2.0,4.0
6,10,2023-09-17,Istanbulspor,Buyuksehyr,0,2,2,T1,T1,Istanbulspor,Buyuksehyr,1.0,0.25,0.25,1.9,1.89,2.24,1.93,1.88,1.84,1.95,2.11,1.82,2.01,3.4,3.4,3.38,3.13,1.93,1.93,2.25,1.95,1.9,1.85,2.0,2.1,1.83,2.03,3.25,3.4,3.25,3.1,2.2,2.1,3.4,3.3,3.3,3.1,2.3,2.2,3.45,3.25,3.35,3.1,1.98,1.97,2.35,2.01,1.98,1.92,2.08,2.21,1.9,2.14,3.53,3.76,3.61,3.34,1.93,1.95,1.95,1.95,1.88,2.01,1.85,2.06,2.27,2.16,3.47,3.62,3.48,3.34,2.15,2.05,3.3,3.3,3.3,3.1,2.05,2.0,3.2,3.2,3.3,3.0,7.0,9.0,0.0,20.0,8.0,0.0,0.0,15.0,0.0,5.0,0.0,0.0,0.0,4.0
6,11,2023-09-16,Man United,Brighton,1,3,2,E0,E0,Man United,Brighton,1.0,-0.5,-0.25,2.87,1.42,2.96,1.91,1.94,2.88,1.43,3.44,1.87,2.01,3.99,2.0,3.98,2.21,2.75,1.44,2.88,1.93,1.97,2.75,1.44,3.25,1.89,2.04,4.0,2.0,4.0,2.15,2.95,3.25,3.9,2.0,3.9,2.15,2.9,3.3,3.9,2.05,3.9,2.2,3.02,1.44,3.07,1.97,2.01,3.12,1.49,3.78,1.96,2.08,4.15,2.08,4.19,2.28,2.95,1.43,1.93,1.98,2.75,1.49,1.86,2.07,2.99,3.53,3.9,2.07,4.02,2.25,2.9,3.3,4.0,2.0,3.9,2.15,2.9,3.2,3.6,1.85,3.6,2.0,1.0,9.0,0.0,10.0,8.0,2.0,8.0,8.0,0.0,14.0,4.0,1.0,0.0,2.0
6,12,2023-09-16,Valencia,Ath Madrid,3,0,1,SP1,SP1,Valencia,Ath Madrid,1.0,0.25,0.5,1.72,2.16,2.06,2.05,1.82,1.67,2.23,2.23,1.89,1.95,3.24,3.47,3.38,3.82,1.67,2.2,2.05,2.06,1.84,1.67,2.2,2.2,1.98,1.95,3.25,3.4,3.3,3.8,2.05,2.2,3.2,3.4,3.4,3.7,2.05,2.25,3.25,3.4,3.35,3.75,1.77,2.23,2.13,2.08,1.85,1.74,2.35,2.33,1.99,2.03,3.35,3.79,3.5,4.04,1.74,2.19,2.08,1.84,1.66,2.34,1.98,1.94,2.08,2.33,3.22,3.53,3.41,3.93,2.05,2.2,3.3,3.4,3.4,3.75,1.91,2.1,3.0,3.2,3.1,3.6,8.0,17.0,0.0,11.0,3.0,5.0,5.0,13.0,0.0,12.0,8.0,0.0,2.0,1.0
6,13,2023-09-17,Real Madrid,Sociedad,2,1,1,SP1,SP1,Real Madrid,Sociedad,1.0,-0.75,-0.75,1.96,1.88,5.2,2.0,1.85,1.92,1.92,5.03,1.93,1.92,3.79,1.73,3.97,1.67,2.0,1.9,5.0,2.03,1.87,1.97,1.93,4.75,1.95,1.98,3.8,1.73,4.0,1.65,5.25,4.6,3.7,1.75,4.0,1.63,5.25,4.8,3.85,1.73,4.1,1.63,2.02,1.97,5.5,2.08,1.92,2.0,1.99,5.4,2.06,1.99,4.0,1.78,4.2,1.73,1.98,1.91,2.01,1.89,1.97,1.93,1.95,1.97,5.31,5.23,3.77,1.75,3.97,1.69,5.25,5.0,3.8,1.7,3.9,1.65,4.75,4.5,3.5,1.62,3.75,1.53,3.0,14.0,0.0,15.0,5.0,2.0,4.0,11.0,0.0,17.0,8.0,1.0,0.0,3.0
6,14,2023-09-16,Inter,Milan,5,1,1,I1,I1,Inter,Milan,1.0,-0.25,-0.25,1.94,1.89,3.41,2.01,1.84,1.99,1.85,3.44,1.99,1.86,3.44,2.17,3.52,2.15,2.0,1.9,3.4,2.05,1.85,2.0,1.9,3.4,2.04,1.89,3.4,2.15,3.5,2.15,3.25,3.3,3.4,2.15,3.5,2.15,3.35,3.35,3.4,2.2,3.5,2.15,2.02,1.97,3.62,2.06,1.9,2.13,1.93,3.73,2.11,1.98,3.58,2.28,3.62,2.23,1.99,1.9,2.06,1.85,2.03,1.88,2.05,1.88,3.53,3.63,3.46,2.19,3.57,2.15,3.5,3.6,3.3,2.1,3.3,2.1,3.2,3.2,3.2,2.0,3.2,2.0,0.0,13.0,0.0,9.0,2.0,2.0,5.0,16.0,0.0,14.0,7.0,0.0,2.0,2.0
6,15,2023-09-17,Fiorentina,Atalanta,3,2,1,I1,I1,Fiorentina,Atalanta,1.0,0.0,0.0,2.05,1.79,2.81,2.06,1.81,1.95,1.87,2.66,1.93,1.94,3.36,2.7,3.52,2.46,2.0,1.8,2.88,2.07,1.83,1.95,1.95,2.7,1.99,1.94,3.25,2.63,3.5,2.38,2.75,2.65,3.25,2.65,3.5,2.4,2.8,2.6,3.3,2.75,3.5,2.45,2.14,1.84,2.88,2.09,1.85,2.03,1.96,2.78,1.99,1.99,3.5,2.8,3.72,2.55,2.07,1.82,2.07,1.85,1.96,1.94,1.98,1.93,2.84,2.78,3.41,2.71,3.55,2.54,2.7,2.6,3.2,2.75,3.13,2.45,2.7,2.4,3.1,2.6,3.2,2.25,4.0,14.0,0.0,11.0,4.0,2.0,3.0,8.0,0.0,15.0,8.0,1.0,2.0,1.0
7,1,2023-09-22,Gaziantep,Istanbulspor,2,0,1,T1,T1,Gaziantep,Istanbulspor,1.0,-0.5,-0.5,2.07,1.75,3.93,1.97,1.86,2.12,1.71,3.99,1.99,1.85,3.75,1.84,3.71,1.87,2.08,1.73,4.2,2.0,1.85,2.1,1.7,4.2,2.03,1.83,3.6,1.83,3.6,1.83,3.9,3.9,3.7,1.83,3.7,1.83,3.95,3.95,3.75,1.85,3.7,1.9,2.17,1.79,4.2,2.07,1.9,2.23,1.78,4.3,2.08,1.9,3.96,1.89,3.92,1.99,2.14,1.76,2.02,1.88,2.18,1.74,2.07,1.85,4.12,4.27,3.94,1.85,3.91,1.88,3.8,3.8,3.6,1.8,3.6,1.8,3.7,3.7,3.5,1.75,3.5,1.75,4.0,13.0,0.0,5.0,0.0,5.0,8.0,11.0,0.0,13.0,2.0,0.0,0.0,1.0
7,2,2023-09-23,Pendikspor,Karagumruk,1,1,0,T1,T1,Pendikspor,Karagumruk,1.0,-0.25,0.0,2.11,1.72,2.74,2.0,1.83,2.04,1.77,2.91,1.8,2.03,3.4,2.37,3.42,2.52,2.1,1.7,2.63,1.9,1.95,1.95,1.85,3.1,1.83,2.03,3.2,2.38,3.25,2.7,2.6,2.6,3.3,2.55,3.3,2.55,2.65,2.9,3.4,2.4,3.35,2.65,2.17,1.79,2.92,2.08,1.95,2.15,1.94,3.15,1.88,2.12,3.68,2.45,3.69,2.7,2.13,1.77,2.08,1.84,1.94,1.94,1.83,2.09,2.89,3.15,3.33,2.44,3.44,2.56,2.55,2.8,3.4,2.25,3.4,2.45,2.62,2.7,3.25,2.25,3.25,2.7,4.0,10.0,0.0,10.0,4.0,1.0,5.0,13.0,0.0,8.0,4.0,0.0,1.0,0.0
7,3,2023-09-23,Rizespor,Sivasspor,1,1,0,T1,T1,Rizespor,Sivasspor,1.0,-0.5,-0.25,1.95,1.85,3.19,1.92,1.89,1.93,1.86,3.71,1.87,1.97,3.51,1.97,3.42,2.2,1.98,1.88,3.2,1.95,1.9,1.95,1.9,3.8,1.93,1.93,3.5,1.95,3.4,2.2,3.1,3.1,3.5,2.15,3.5,2.15,3.2,3.65,3.6,1.97,3.5,2.2,2.06,1.91,3.38,1.98,1.96,2.02,1.95,4.01,1.97,2.04,3.75,2.06,3.65,2.3,1.98,1.91,1.94,1.96,1.99,1.88,1.94,1.96,3.37,4.01,3.7,1.96,3.39,2.29,3.1,3.6,3.4,1.93,3.3,2.15,2.88,3.4,3.25,1.91,3.25,2.15,4.0,17.0,0.0,14.0,4.0,3.0,5.0,12.0,0.0,14.0,4.0,1.0,1.0,7.0
7,4,2023-09-23,Buyuksehyr,Galatasaray,1,2,2,T1,T1,Buyuksehyr,Galatasaray,1.0,0.5,0.75,2.11,1.72,1.81,2.04,1.79,2.03,1.77,1.87,1.89,1.94,3.62,3.98,3.75,4.16,2.08,1.73,1.8,2.05,1.8,2.05,1.75,1.85,1.9,1.95,3.5,4.2,3.6,4.5,1.83,1.87,3.6,3.9,3.7,3.9,1.83,1.9,3.6,3.95,3.7,4.2,2.2,1.79,1.86,2.16,1.85,2.13,1.84,1.95,1.95,2.02,3.78,4.69,4.0,4.5,2.17,1.75,2.08,1.83,2.06,1.83,1.9,2.01,1.83,1.9,3.75,4.24,3.86,4.44,1.75,1.8,3.6,3.8,3.7,4.0,1.73,1.8,3.4,3.6,3.5,3.8,4.0,15.0,0.0,17.0,4.0,2.0,2.0,18.0,0.0,6.0,2.0,1.0,0.0,3.0
7,5,2023-09-24,Ankaragucu,Konyaspor,1,1,0,T1,T1,Ankaragucu,Konyaspor,1.0,-0.25,-0.25,1.98,1.82,2.93,1.81,2.01,1.94,1.86,2.89,1.78,2.06,3.36,2.4,3.47,2.31,1.98,1.88,3.1,1.8,2.05,1.95,1.9,3.0,1.78,2.1,3.2,2.4,3.25,2.3,2.87,2.85,3.4,2.35,3.5,2.3,3.0,2.85,3.35,2.45,3.45,2.3,2.11,1.9,3.1,1.88,2.08,2.04,2.06,3.27,1.85,2.16,3.51,2.51,3.63,2.41,1.99,1.89,1.84,2.08,1.96,1.93,1.78,2.14,3.01,2.97,3.43,2.51,3.58,2.4,2.8,2.8,3.3,2.3,3.4,2.25,2.88,2.7,3.1,2.3,3.25,2.15,2.0,8.0,0.0,7.0,1.0,1.0,4.0,15.0,0.0,15.0,1.0,1.0,1.0,1.0
7,6,2023-09-24,Besiktas,Kayserispor,2,1,1,T1,T1,Besiktas,Kayserispor,1.0,-1.5,-1.25,2.43,1.54,7.5,2.02,1.8,2.51,1.51,7.92,1.85,1.98,5.12,1.35,5.04,1.37,2.4,1.53,8.5,2.03,1.78,2.5,1.5,8.5,1.9,1.95,5.0,1.33,4.75,1.36,7.25,7.75,5.0,1.35,5.0,1.38,7.5,7.75,5.25,1.37,5.0,1.4,2.55,1.58,8.5,2.11,1.85,2.63,1.55,8.72,1.93,2.07,5.5,1.4,5.5,1.41,2.51,1.57,2.08,1.84,2.62,1.52,1.91,2.0,8.13,8.72,5.4,1.37,5.2,1.4,7.5,8.0,5.0,1.3,4.75,1.33,6.5,6.5,4.5,1.33,4.5,1.33,2.0,10.0,0.0,5.0,1.0,0.0,7.0,13.0,0.0,23.0,10.0,0.0,0.0,1.0
7,7,2023-09-23,Antalyaspor,Samsunspor,2,0,1,T1,T1,Antalyaspor,Samsunspor,1.0,-0.25,-0.25,2.02,1.79,3.39,2.05,1.79,1.99,1.81,3.31,1.98,1.84,3.45,2.13,3.57,2.06,2.0,1.8,3.5,2.03,1.83,2.05,1.8,3.5,1.98,1.88,3.3,2.1,3.4,2.1,3.3,3.2,3.5,2.15,3.6,2.0,3.4,3.25,3.45,2.15,3.55,2.1,2.13,1.85,3.65,2.12,1.85,2.08,1.97,3.83,2.08,1.9,3.62,2.21,3.76,2.13,2.05,1.85,2.07,1.85,2.04,1.85,2.02,1.88,3.46,3.47,3.55,2.18,3.75,2.12,3.3,3.2,3.4,2.05,3.4,2.0,3.1,3.1,3.3,2.0,3.3,2.0,4.0,11.0,0.0,9.0,1.0,1.0,1.0,22.0,0.0,7.0,3.0,0.0,2.0,2.0
7,8,2023-09-24,Alanyaspor,Fenerbahce,0,1,2,T1,T1,Alanyaspor,Fenerbahce,1.0,1.0,1.0,2.39,1.56,1.62,2.03,1.8,2.32,1.59,1.61,2.04,1.81,4.13,5.04,4.17,4.91,2.35,1.57,1.65,2.0,1.8,2.3,1.6,1.55,1.95,1.9,3.8,5.75,3.8,5.25,1.61,1.58,4.1,5.0,4.1,4.75,1.65,1.6,4.1,5.25,4.1,5.0,2.55,1.62,1.68,2.11,1.85,2.44,1.65,1.72,2.18,1.96,4.49,6.46,4.4,5.25,2.42,1.61,2.1,1.81,2.44,1.6,1.96,1.94,1.65,1.58,4.49,5.65,4.35,5.11,1.57,1.55,4.0,5.0,4.0,4.75,1.55,1.55,3.8,4.6,3.9,4.5,5.0,14.0,0.0,14.0,7.0,6.0,4.0,15.0,0.0,2.0,1.0,1.0,0.0,2.0
7,9,2023-09-24,Kasimpasa,Ad. Demirspor,2,1,1,T1,T1,Kasimpasa,Ad. Demirspor,1.0,0.5,0.25,2.58,1.49,2.13,1.87,1.94,2.63,1.47,2.02,2.01,1.83,3.82,3.25,3.78,3.05,2.5,1.5,2.15,1.9,1.95,2.6,1.48,1.95,1.98,1.88,3.6,3.5,3.5,3.2,2.15,2.0,3.8,3.2,3.75,2.95,2.15,2.05,3.8,3.3,3.7,3.1,2.72,1.53,2.23,1.94,1.99,2.78,1.5,2.27,2.07,1.94,4.14,3.87,4.02,3.2,2.6,1.53,1.93,1.98,2.7,1.5,1.99,1.92,2.2,1.99,4.14,3.51,3.83,3.2,2.05,2.0,3.75,3.0,3.75,2.9,2.05,1.95,3.6,3.0,3.6,2.8,11.0,7.0,3.0,19.0,6.0,2.0,6.0,21.0,0.0,13.0,7.0,0.0,1.0,4.0
7,10,2023-09-25,Hatayspor,Trabzonspor,3,2,1,T1,T1,Hatayspor,Trabzonspor,1.0,0.25,0.25,2.11,1.71,2.22,1.93,1.86,1.96,1.84,2.14,1.86,1.97,3.48,3.27,3.55,3.0,2.08,1.73,2.25,2.0,1.85,1.93,1.93,2.15,1.85,2.0,3.3,3.4,3.4,3.2,2.2,2.15,3.4,3.1,3.6,2.95,2.25,2.2,3.45,3.25,3.55,3.05,2.2,1.79,2.3,2.05,2.1,2.03,1.94,2.23,1.93,2.06,3.66,3.79,3.73,3.35,2.09,1.79,2.0,1.88,1.99,1.9,1.9,2.01,2.3,2.2,3.57,3.42,3.68,3.05,2.2,2.1,3.4,3.13,3.4,2.9,2.1,2.05,3.2,3.1,3.3,2.88,1.0,13.0,0.0,6.0,3.0,2.0,9.0,22.0,0.0,9.0,3.0,1.0,0.0,6.0
7,11,2023-09-23,Dortmund,Wolfsburg,1,0,1,D1,D1,Dortmund,Wolfsburg,1.0,-0.75,-0.75,2.86,1.43,4.46,1.99,1.84,2.76,1.45,4.35,1.95,1.89,4.28,1.72,4.39,1.69,2.75,1.44,4.75,2.02,1.88,2.75,1.44,4.33,1.99,1.94,4.2,1.73,4.0,1.65,4.6,4.6,4.33,1.65,4.33,1.65,4.4,4.2,4.2,1.75,4.3,1.7,3.05,1.46,4.8,2.04,1.9,3.05,1.53,4.7,2.04,1.94,4.5,1.76,4.6,1.74,2.87,1.45,2.02,1.89,2.81,1.47,2.0,1.93,4.48,4.48,4.42,1.74,4.47,1.71,4.33,4.2,4.33,1.73,4.4,1.7,4.2,4.0,3.9,1.62,4.0,1.57,3.0,14.0,0.0,8.0,2.0,1.0,5.0,9.0,0.0,18.0,4.0,0.0,0.0,0.0
7,12,2023-09-24,Paris SG,Marseille,4,0,1,F1,F1,Paris SG,Marseille,1.0,-1.0,-1.0,2.51,1.53,4.9,1.81,2.04,2.46,1.55,6.08,2.04,1.83,4.53,1.52,4.34,1.63,2.5,1.53,5.25,1.84,2.06,2.38,1.57,6.5,2.06,1.87,4.5,1.5,4.2,1.62,4.6,6.0,4.5,1.5,4.2,1.66,4.8,6.5,4.3,1.5,4.3,1.65,2.63,1.55,5.3,1.88,2.18,2.6,1.6,6.8,2.13,1.89,4.95,1.58,4.66,1.72,2.6,1.54,1.85,2.07,2.49,1.6,2.06,1.87,5.15,6.11,4.57,1.56,4.41,1.64,4.8,6.0,4.4,1.5,4.1,1.57,4.33,5.0,3.9,1.5,4.0,1.55,3.0,14.0,0.0,6.0,0.0,3.0,8.0,11.0,0.0,15.0,5.0,0.0,2.0,0.0
7,13,2023-09-24,Arsenal,Tottenham,2,2,0,E0,E0,Arsenal,Tottenham,1.0,-1.0,-0.75,2.58,1.51,4.5,1.99,1.86,2.57,1.52,5.0,1.84,2.05,4.37,1.64,4.36,1.7,2.63,1.5,4.33,2.03,1.87,2.5,1.53,4.75,1.85,2.08,4.33,1.62,4.33,1.67,4.2,4.75,4.33,1.62,4.2,1.72,4.4,4.7,4.3,1.65,4.3,1.7,2.69,1.54,4.75,2.06,1.93,2.67,1.59,5.5,1.9,2.1,4.6,1.71,4.6,1.76,2.66,1.51,2.05,1.86,2.6,1.55,1.85,2.08,4.69,5.11,4.39,1.65,4.45,1.68,4.6,5.0,4.33,1.62,4.1,1.65,3.9,4.75,4.0,1.5,3.8,1.65,4.0,19.0,0.0,13.0,5.0,4.0,11.0,12.0,0.0,13.0,6.0,1.0,1.0,3.0
7,14,2023-09-24,Ath Madrid,Real Madrid,3,1,1,SP1,SP1,Ath Madrid,Real Madrid,1.0,0.0,0.0,1.82,2.03,2.56,1.84,2.04,1.85,1.99,2.59,1.86,2.02,3.33,2.81,3.36,2.83,1.84,2.06,2.55,1.85,2.05,1.9,2.0,2.6,1.91,2.02,3.3,2.75,3.4,2.7,2.5,2.55,3.3,2.75,3.3,2.75,2.55,2.55,3.3,2.85,3.4,2.75,1.89,2.11,2.63,1.87,2.13,1.95,2.04,2.7,1.94,2.13,3.5,3.15,3.5,3.02,1.83,2.08,1.86,2.06,1.92,1.99,1.88,2.04,2.61,2.65,3.38,2.87,3.37,2.88,2.55,2.55,3.3,2.8,3.3,2.8,2.4,2.4,3.0,2.7,3.0,2.7,11.0,10.0,0.0,20.0,5.0,3.0,6.0,13.0,0.0,10.0,4.0,1.0,2.0,1.0
7,15,2023-09-24,Udinese,Fiorentina,0,2,2,I1,I1,Udinese,Fiorentina,1.0,0.25,0.25,1.91,1.92,2.3,1.98,1.86,1.76,2.09,2.28,1.95,1.89,3.31,3.31,3.45,3.1,1.91,1.99,2.25,2.02,1.88,1.73,2.1,2.3,2.04,1.89,3.3,3.2,3.5,3.2,2.3,2.25,3.25,3.2,3.4,3.1,2.25,2.25,3.3,3.25,3.45,3.1,2.0,2.0,2.38,2.04,1.91,1.82,2.24,2.36,2.05,1.96,3.4,3.54,3.64,3.21,1.91,1.97,2.04,1.88,1.78,2.15,2.02,1.91,2.37,2.36,3.34,3.34,3.45,3.17,2.2,2.25,3.13,3.4,3.1,3.1,2.2,2.1,3.2,3.0,3.2,2.8,3.0,11.0,0.0,6.0,2.0,1.0,10.0,13.0,0.0,20.0,8.0,1.0,0.0,0.0
8,1,2023-09-29,Samsunspor,Gaziantep,1,2,2,T1,T1,Samsunspor,Gaziantep,1.0,-0.5,-0.5,1.9,1.89,3.87,1.92,1.91,1.93,1.85,4.11,2.0,1.84,3.68,1.84,3.6,1.91,1.93,1.93,3.8,1.95,1.9,2.0,1.85,4.0,2.03,1.83,3.8,1.8,3.75,1.85,3.9,3.9,3.6,1.85,3.5,1.88,3.8,3.85,3.7,1.9,3.6,1.95,1.98,1.98,4.11,2.0,2.0,2.06,1.94,4.44,2.09,1.9,3.87,1.95,3.78,2.0,1.98,1.91,1.98,1.93,2.0,1.88,2.08,1.84,4.11,4.44,3.82,1.84,3.76,1.93,3.8,4.2,3.5,1.75,3.4,1.85,3.75,4.2,3.7,1.8,3.6,1.91,2.0,12.0,0.0,4.0,3.0,3.0,9.0,13.0,0.0,18.0,2.0,2.0,0.0,2.0
8,2,2023-09-30,Sivasspor,Hatayspor,0,0,0,T1,T1,Sivasspor,Hatayspor,1.0,-0.25,-0.25,1.9,1.89,3.46,2.06,1.78,1.85,1.94,3.31,1.96,1.86,3.4,2.16,3.52,2.05,1.9,1.95,3.4,2.03,1.78,1.88,1.98,3.2,1.98,1.88,3.5,2.1,3.6,2.0,3.3,3.25,3.4,2.15,3.6,2.05,3.35,3.2,3.45,2.2,3.65,2.1,1.98,1.99,3.77,2.13,1.83,1.94,2.03,3.55,2.05,1.92,3.63,2.25,3.75,2.12,1.94,1.94,2.13,1.79,1.92,1.97,2.03,1.88,3.74,3.54,3.48,2.18,3.57,2.08,3.4,3.2,3.3,2.1,3.3,2.0,3.4,3.2,3.4,2.15,3.5,2.05,7.0,20.0,0.0,4.0,1.0,3.0,6.0,9.0,0.0,12.0,4.0,0.0,0.0,3.0
8,3,2023-09-30,Trabzonspor,Pendikspor,2,1,1,T1,T1,Trabzonspor,Pendikspor,1.0,-1.0,-1.0,2.35,1.58,5.7,1.98,1.84,2.26,1.62,5.65,1.91,1.91,4.26,1.54,4.45,1.51,2.3,1.6,6.0,1.98,1.88,2.25,1.62,5.75,1.9,1.95,4.2,1.53,4.2,1.5,5.75,5.75,4.33,1.51,4.4,1.5,5.75,5.5,4.3,1.57,4.5,1.53,2.5,1.64,6.0,2.08,1.91,2.34,1.7,6.2,2.06,2.02,4.6,1.62,4.7,1.56,2.37,1.64,2.01,1.89,2.28,1.68,1.91,2.0,5.91,5.8,4.29,1.6,4.62,1.55,5.5,5.5,4.1,1.5,4.2,1.5,5.8,5.8,4.33,1.5,4.4,1.5,2.0,8.0,0.0,9.0,4.0,1.0,4.0,19.0,1.0,11.0,3.0,1.0,2.0,2.0
8,4,2023-09-30,Galatasaray,Ankaragucu,2,1,1,T1,T1,Galatasaray,Ankaragucu,1.0,-1.75,-1.5,2.72,1.44,8.65,1.99,1.84,2.82,1.42,10.81,1.99,1.83,6.49,1.23,5.73,1.3,2.7,1.44,8.0,2.03,1.83,2.88,1.4,11.0,2.03,1.83,6.5,1.22,5.75,1.3,8.5,11.0,6.25,1.23,5.75,1.29,8.25,11.0,6.5,1.25,5.75,1.3,2.88,1.49,9.35,2.06,1.91,2.98,1.45,12.0,2.08,1.92,7.1,1.29,6.3,1.33,2.78,1.47,2.05,1.86,2.91,1.43,2.06,1.84,9.34,11.83,6.92,1.24,6.12,1.31,9.0,10.5,6.0,1.2,5.5,1.25,9.0,12.0,6.5,1.2,5.5,1.29,3.0,10.0,0.0,7.0,2.0,3.0,12.0,11.0,0.0,34.0,13.0,0.0,0.0,0.0
8,5,2023-10-01,Karagumruk,Kasimpasa,2,3,2,T1,T1,Karagumruk,Kasimpasa,1.0,-0.25,-0.25,2.14,1.69,2.92,1.83,1.99,2.04,1.77,3.04,1.86,1.96,3.45,2.27,3.55,2.28,2.1,1.7,2.9,1.85,2.0,1.95,1.9,3.1,1.88,1.98,3.3,2.25,3.5,2.3,2.87,2.95,3.4,2.25,3.6,2.25,2.9,3.0,3.55,2.3,3.55,2.3,2.23,1.76,3.1,1.88,2.06,2.23,1.94,3.22,1.92,2.04,3.59,2.36,3.75,2.37,2.17,1.75,1.88,2.03,1.98,1.91,1.88,2.03,3.08,3.22,3.41,2.36,3.63,2.34,2.8,2.88,3.4,2.2,3.5,2.2,2.88,3.0,3.5,2.2,3.6,2.25,0.0,14.0,0.0,4.0,3.0,3.0,8.0,9.0,0.0,13.0,4.0,3.0,1.0,3.0
8,6,2023-10-01,Fenerbahce,Rizespor,5,0,1,T1,T1,Fenerbahce,Rizespor,1.0,-1.75,-1.5,2.47,1.52,8.02,1.87,1.96,2.7,1.45,9.99,1.88,1.94,6.03,1.26,5.3,1.34,2.4,1.53,8.0,1.9,1.95,2.7,1.44,10.0,1.9,1.95,6.0,1.25,5.0,1.36,7.75,10.0,6.0,1.26,5.0,1.36,8.0,9.5,5.75,1.3,5.25,1.35,2.6,1.56,8.8,1.95,2.08,2.81,1.51,11.3,2.0,2.01,6.55,1.3,5.9,1.37,2.6,1.54,1.95,1.95,2.8,1.46,1.94,1.94,8.54,10.67,6.55,1.26,5.83,1.34,8.0,10.0,5.75,1.22,5.0,1.3,8.0,11.0,6.0,1.25,5.0,1.33,2.0,15.0,0.0,5.0,1.0,3.0,8.0,10.0,0.0,23.0,11.0,0.0,1.0,1.0
8,7,2023-09-30,Istanbulspor,Antalyaspor,1,2,2,T1,T1,Istanbulspor,Antalyaspor,1.0,0.5,0.25,2.05,1.73,2.16,1.88,1.92,2.04,1.77,1.89,1.88,1.95,3.72,3.82,3.58,3.14,2.08,1.73,2.15,1.9,1.95,2.0,1.8,1.85,1.83,2.03,3.6,4.0,3.5,3.2,2.15,1.85,3.7,3.9,3.5,3.1,2.2,1.9,3.7,3.9,3.55,3.2,2.15,1.79,2.24,1.96,1.98,2.12,1.89,2.16,1.95,2.11,3.94,4.2,3.8,3.3,2.12,1.78,1.93,1.98,2.08,1.81,1.88,2.02,2.21,1.88,3.92,4.09,3.77,3.23,2.1,1.8,3.6,3.8,3.4,3.1,2.15,1.85,3.75,3.8,3.6,3.1,8.0,17.0,0.0,17.0,5.0,3.0,4.0,8.0,0.0,4.0,3.0,0.0,1.0,2.0
8,8,2023-10-01,Ad. Demirspor,Alanyaspor,4,0,1,T1,T1,Ad. Demirspor,Alanyaspor,1.0,-0.75,-0.75,2.41,1.54,4.23,1.89,1.92,2.58,1.49,4.36,1.96,1.86,4.16,1.69,4.08,1.73,2.4,1.53,4.33,1.9,1.95,2.5,1.5,4.5,2.0,1.85,4.0,1.67,4.0,1.73,4.0,4.33,4.1,1.68,4.0,1.73,4.2,4.3,4.2,1.7,4.1,1.75,2.55,1.6,4.75,1.96,2.0,2.69,1.53,4.95,2.08,1.92,4.4,1.75,4.4,1.79,2.5,1.57,1.96,1.94,2.63,1.52,2.01,1.9,4.43,4.55,4.36,1.72,4.3,1.74,4.1,4.33,4.1,1.62,3.9,1.67,4.2,4.2,4.2,1.7,4.0,1.73,3.0,14.0,0.0,9.0,1.0,3.0,7.0,11.0,0.0,15.0,7.0,0.0,1.0,2.0
8,9,2023-10-01,Konyaspor,Besiktas,0,2,2,T1,T1,Konyaspor,Besiktas,1.0,0.25,0.25,2.06,1.72,2.08,1.79,2.02,1.9,1.89,2.26,1.94,1.88,3.39,3.1,3.6,3.31,2.08,1.73,2.05,1.8,2.05,1.9,1.95,2.25,2.0,1.85,3.3,3.1,3.6,3.4,2.05,2.3,3.3,3.0,3.6,3.2,2.15,2.3,3.35,3.05,3.6,3.2,2.19,1.79,2.19,1.88,2.14,2.07,2.0,2.44,2.12,2.02,3.63,3.41,3.78,3.53,2.11,1.78,1.84,2.08,1.89,1.99,2.09,1.83,2.11,2.44,3.42,3.08,3.7,3.51,2.0,2.2,3.3,3.0,3.5,3.25,2.1,2.25,3.4,3.0,3.6,3.2,6.0,20.0,0.0,6.0,1.0,3.0,2.0,13.0,1.0,5.0,3.0,1.0,0.0,2.0
8,10,2023-10-02,Kayserispor,Buyuksehyr,0,0,0,T1,T1,Kayserispor,Buyuksehyr,1.0,0.0,0.0,1.94,1.84,2.7,1.97,1.84,1.82,1.97,2.77,2.0,1.84,3.27,2.54,3.38,2.53,1.95,1.9,2.7,1.98,1.88,1.85,2.0,2.75,1.98,1.88,3.25,2.55,3.3,2.55,2.6,2.7,3.2,2.55,3.4,2.5,2.7,2.75,3.3,2.55,3.4,2.55,2.02,1.92,2.89,2.03,1.91,1.88,2.1,3.0,2.07,1.94,3.39,2.75,3.6,2.6,1.98,1.88,2.03,1.86,1.87,2.03,2.05,1.86,2.83,2.86,3.38,2.61,3.39,2.6,2.6,2.7,3.2,2.45,3.3,2.45,2.6,2.7,3.3,2.5,3.5,2.5,5.0,15.0,0.0,8.0,4.0,2.0,10.0,6.0,0.0,14.0,1.0,0.0,0.0,2.0
8,11,2023-09-30,RB Leipzig,Bayern Munich,2,2,0,D1,D1,RB Leipzig,Bayern Munich,1.0,0.75,0.5,2.96,1.4,1.93,1.91,1.94,3.07,1.38,1.77,1.94,1.9,4.39,3.99,4.21,3.56,3.0,1.4,1.91,1.94,1.96,3.0,1.4,1.75,2.0,1.93,4.5,4.0,4.2,3.4,1.95,1.73,4.33,4.0,4.0,3.3,2.0,1.85,3.95,3.85,3.8,3.5,3.1,1.43,1.97,1.95,2.0,3.5,1.43,1.9,2.0,2.03,4.6,4.34,4.35,3.81,2.95,1.43,1.91,1.99,3.12,1.4,1.99,1.93,1.91,1.79,4.5,4.11,4.2,3.73,1.9,1.75,4.4,4.0,4.2,3.5,1.91,1.75,4.33,3.9,4.33,3.4,1.0,11.0,0.0,11.0,5.0,5.0,5.0,10.0,0.0,7.0,2.0,0.0,2.0,2.0
8,12,2023-09-30,Tottenham,Liverpool,2,1,1,E0,E0,Tottenham,Liverpool,1.0,0.25,0.25,3.02,1.39,2.21,1.93,1.92,3.07,1.38,2.25,1.96,1.9,3.94,2.96,4.03,2.96,3.2,1.36,2.15,1.96,1.97,3.2,1.36,2.2,2.01,1.92,3.8,3.0,4.0,2.9,2.15,2.25,3.9,2.8,4.0,2.9,2.2,2.25,3.75,3.0,3.75,3.05,3.2,1.42,2.28,2.0,1.97,3.22,1.44,2.32,2.02,1.99,4.2,3.29,4.2,3.08,3.0,1.42,1.96,1.94,3.22,1.38,2.02,1.9,2.23,2.3,4.01,2.96,4.12,2.98,2.15,2.2,4.0,2.9,3.9,2.9,2.15,2.25,3.9,2.8,4.0,2.88,5.0,17.0,2.0,12.0,4.0,4.0,12.0,11.0,0.0,24.0,8.0,1.0,1.0,5.0
8,13,2023-09-29,Barcelona,Sevilla,1,0,1,SP1,SP1,Barcelona,Sevilla,1.0,-1.5,-1.5,2.61,1.5,7.92,1.83,2.04,2.83,1.43,8.12,1.9,1.97,5.56,1.36,5.35,1.38,2.6,1.48,8.0,1.85,2.08,2.7,1.44,8.5,1.96,1.97,5.0,1.33,5.25,1.36,7.5,7.75,5.5,1.35,5.25,1.37,7.5,7.5,5.0,1.4,5.0,1.4,2.69,1.53,9.0,1.88,2.12,2.97,1.48,9.5,1.99,2.05,6.0,1.4,5.75,1.41,2.66,1.51,1.85,2.06,2.97,1.43,1.96,1.96,7.97,8.7,5.74,1.35,5.36,1.39,8.0,8.5,5.5,1.33,5.25,1.36,8.0,8.0,5.5,1.33,5.5,1.35,3.0,15.0,0.0,12.0,3.0,3.0,13.0,11.0,0.0,18.0,5.0,0.0,0.0,2.0
8,14,2023-09-30,Milan,Lazio,2,0,1,I1,I1,Milan,Lazio,1.0,-0.75,-0.75,1.83,2.0,4.84,1.86,1.98,1.89,1.94,5.06,1.91,1.93,3.75,1.74,3.7,1.77,1.84,2.06,5.0,1.89,2.01,1.9,2.0,5.0,1.91,2.02,3.6,1.73,3.6,1.73,4.6,4.8,3.7,1.73,3.7,1.75,5.0,5.25,3.7,1.7,3.6,1.75,1.88,2.07,5.25,1.91,2.04,1.95,2.02,5.66,2.01,2.05,3.9,1.82,3.87,1.82,1.84,2.06,1.9,2.01,1.92,1.99,1.89,2.04,5.04,4.95,3.76,1.8,3.72,1.78,5.25,5.5,3.6,1.67,3.4,1.73,4.75,5.5,3.75,1.67,3.7,1.73,1.0,5.0,0.0,13.0,4.0,2.0,7.0,15.0,0.0,14.0,7.0,0.0,0.0,3.0
8,15,2023-10-01,Atalanta,Juventus,0,0,0,I1,I1,Atalanta,Juventus,1.0,-0.25,0.0,1.94,1.89,2.82,2.04,1.83,1.76,2.09,3.12,1.82,2.02,3.26,2.4,3.45,2.51,1.97,1.93,2.8,2.06,1.84,1.75,2.05,3.1,1.85,2.05,3.3,2.38,3.4,2.5,2.85,3.1,3.25,2.35,3.4,2.45,2.8,2.9,3.25,2.5,3.45,2.45,2.02,1.97,2.94,2.11,1.89,1.9,2.23,3.29,1.91,2.13,3.55,2.57,3.57,2.62,1.91,1.93,2.02,1.84,1.82,2.09,1.9,2.03,2.77,3.29,3.38,2.37,3.48,2.53,2.7,3.13,3.1,2.4,3.1,2.45,2.8,3.1,3.2,2.38,3.4,2.45,2.0,7.0,0.0,5.0,3.0,2.0,5.0,13.0,0.0,15.0,2.0,0.0,0.0,1.0
9,1,2023-10-06,Ad. Demirspor,Trabzonspor,1,0,1,T1,T1,Ad. Demirspor,Trabzonspor,1.0,-0.5,-0.25,2.65,1.46,3.3,2.06,1.76,2.58,1.49,3.45,1.85,1.98,3.77,1.98,3.78,2.02,2.6,1.48,3.5,2.08,1.73,2.4,1.53,3.75,1.9,1.95,3.3,1.91,3.3,1.95,3.2,3.3,3.75,1.95,3.8,2.0,3.3,3.55,3.7,2.0,3.7,2.05,2.85,1.51,3.5,2.14,1.81,2.8,1.56,4.25,1.91,2.06,3.98,2.08,3.98,2.1,2.77,1.48,2.11,1.8,2.57,1.55,1.89,2.02,3.46,3.6,3.91,2.02,3.94,2.06,3.13,3.3,3.75,1.9,3.8,1.95,3.2,3.3,3.9,1.95,3.9,2.0,3.0,9.0,0.0,18.0,3.0,3.0,3.0,17.0,0.0,13.0,8.0,0.0,1.0,5.0
9,2,2023-10-06,Alanyaspor,Karagumruk,2,1,1,T1,T1,Alanyaspor,Karagumruk,1.0,-0.25,-0.25,1.81,1.97,3.2,1.88,1.94,1.83,1.95,3.06,1.83,1.99,3.26,2.33,3.29,2.24,1.83,2.03,3.2,1.9,1.95,1.88,1.98,3.1,1.83,2.03,3.0,2.3,3.0,2.2,3.1,2.85,3.3,2.37,3.3,2.2,3.2,3.0,3.25,2.4,3.3,2.3,1.92,2.07,3.68,1.94,2.0,1.92,2.04,3.47,1.92,2.07,3.42,2.42,3.51,2.33,1.87,2.02,1.93,1.98,1.89,2.0,1.85,2.07,3.35,3.13,3.39,2.42,3.37,2.31,3.1,3.0,3.25,2.2,3.25,2.15,3.1,2.9,3.3,2.38,3.4,2.2,6.0,16.0,0.0,10.0,4.0,1.0,3.0,16.0,0.0,6.0,3.0,0.0,1.0,4.0
9,3,2023-10-07,Pendikspor,Sivasspor,2,3,2,T1,T1,Pendikspor,Sivasspor,1.0,0.0,0.0,2.02,1.78,2.54,1.88,1.93,1.81,1.99,2.77,2.01,1.81,3.28,2.53,3.47,2.63,2.0,1.8,2.45,1.9,1.95,1.7,2.1,2.7,2.03,1.83,3.25,2.45,3.4,2.5,2.45,2.75,3.2,2.55,3.5,2.65,2.55,2.75,3.35,2.5,3.55,2.6,2.1,1.83,2.68,1.93,1.99,2.07,2.17,3.01,2.08,1.88,3.5,2.66,3.65,2.75,2.06,1.83,1.93,1.98,1.76,2.14,2.05,1.86,2.67,2.98,3.21,2.63,3.47,2.74,2.45,2.7,3.13,2.45,3.4,2.55,2.45,2.7,3.4,2.45,3.6,2.6,4.0,13.0,0.0,15.0,7.0,2.0,9.0,14.0,0.0,15.0,6.0,1.0,0.0,5.0
9,4,2023-10-07,Ankaragucu,Kayserispor,3,0,1,T1,T1,Ankaragucu,Kayserispor,1.0,-0.25,-0.25,2.02,1.78,3.28,1.98,1.84,2.01,1.78,3.18,1.92,1.89,3.43,2.18,3.49,2.12,2.0,1.8,3.4,2.0,1.85,2.0,1.8,3.3,1.93,1.93,3.2,2.1,3.2,2.1,3.2,3.1,3.5,2.15,3.5,2.1,3.35,3.2,3.45,2.2,3.45,2.15,2.12,1.85,3.45,2.04,1.9,2.13,1.89,3.7,2.0,1.96,3.55,2.27,3.67,2.19,2.12,1.78,2.04,1.87,2.07,1.82,1.95,1.95,3.44,3.33,3.47,2.27,3.67,2.15,3.2,3.0,3.4,2.1,3.4,2.05,3.2,3.1,3.5,2.15,3.6,2.1,3.0,10.0,0.0,4.0,1.0,0.0,1.0,1.0,0.0,12.0,8.0,0.0,0.0,0.0
9,5,2023-10-07,Buyuksehyr,Gaziantep,2,0,1,T1,T1,Buyuksehyr,Gaziantep,1.0,-0.5,-0.5,1.87,1.92,4.23,2.01,1.84,1.82,1.96,3.6,1.79,2.05,3.38,2.05,3.59,1.82,1.88,1.98,4.33,2.03,1.83,1.88,1.98,3.5,1.73,2.08,3.1,2.05,3.3,1.75,4.2,3.4,3.3,2.1,3.6,1.8,4.3,3.55,3.35,2.1,3.6,1.83,1.96,1.99,4.5,2.08,1.88,1.9,2.1,4.07,1.9,2.15,3.56,2.13,3.75,1.89,1.9,1.98,2.04,1.88,1.85,2.04,1.79,2.12,4.42,3.68,3.49,2.13,3.71,1.88,4.1,3.4,3.3,2.0,3.5,1.75,4.2,3.4,3.4,2.1,3.6,1.8,7.0,10.0,0.0,12.0,1.0,0.0,5.0,12.0,0.0,8.0,3.0,0.0,2.0,0.0
9,6,2023-10-07,Antalyaspor,Galatasaray,0,2,2,T1,T1,Antalyaspor,Galatasaray,1.0,0.75,0.75,2.26,1.62,1.65,1.84,1.98,2.27,1.62,1.7,1.89,1.93,3.93,4.61,4.03,4.79,2.25,1.62,1.62,1.85,2.0,2.25,1.62,1.7,1.93,1.93,3.4,4.75,3.5,5.25,1.66,1.72,3.9,4.33,4.0,4.6,1.67,1.75,3.8,4.6,3.85,5.0,2.34,1.67,1.71,1.91,2.03,2.35,1.67,1.77,1.95,2.05,4.2,5.37,4.3,5.25,2.33,1.65,1.88,2.03,2.35,1.64,1.94,1.96,1.69,1.74,4.09,4.71,4.21,4.94,1.62,1.67,3.8,4.33,3.9,4.6,1.62,1.7,4.0,4.33,4.2,4.6,7.0,21.0,0.0,11.0,7.0,3.0,3.0,15.0,0.0,12.0,4.0,0.0,0.0,1.0
9,7,2023-10-08,Rizespor,Samsunspor,1,0,1,T1,T1,Rizespor,Samsunspor,1.0,0.0,-0.25,1.97,1.82,3.28,1.97,1.85,1.86,1.91,2.73,1.97,1.85,3.29,2.54,3.48,2.12,1.98,1.88,3.3,2.0,1.85,1.85,2.0,2.6,1.9,1.95,3.0,2.63,3.2,2.1,3.4,2.7,3.3,2.5,3.4,2.05,3.35,2.7,3.25,2.65,3.4,2.15,2.04,1.88,3.45,2.04,1.91,2.02,2.06,3.34,2.08,1.97,3.54,2.7,3.73,2.19,2.03,1.86,2.02,1.89,1.9,1.99,1.95,1.95,3.34,2.71,3.47,2.7,3.68,2.17,3.2,2.63,3.25,2.45,3.4,2.05,3.2,2.7,3.4,2.45,3.5,2.1,8.0,15.0,0.0,12.0,3.0,3.0,4.0,9.0,1.0,8.0,4.0,0.0,0.0,3.0
9,8,2023-10-08,Besiktas,Istanbulspor,2,0,1,T1,T1,Besiktas,Istanbulspor,1.0,-1.75,-1.75,2.79,1.42,11.04,1.99,1.83,2.74,1.43,11.59,2.0,1.82,6.41,1.22,6.49,1.22,2.7,1.44,9.0,2.03,1.83,2.7,1.44,9.0,2.0,1.85,6.5,1.2,6.5,1.2,11.0,11.0,6.5,1.23,6.5,1.23,11.0,11.0,6.5,1.25,6.5,1.22,3.0,1.47,13.0,2.06,1.87,2.9,1.47,14.0,2.07,1.88,7.09,1.25,7.1,1.26,2.79,1.46,2.02,1.87,2.78,1.47,2.03,1.86,12.33,13.12,6.51,1.24,6.6,1.24,10.5,10.5,6.0,1.2,6.0,1.2,11.0,12.0,6.5,1.2,6.5,1.22,4.0,10.0,0.0,4.0,2.0,2.0,4.0,12.0,0.0,17.0,5.0,0.0,1.0,2.0
9,9,2023-10-08,Hatayspor,Konyaspor,3,1,1,T1,T1,Hatayspor,Konyaspor,1.0,0.0,0.0,1.72,2.09,2.67,1.92,1.88,1.65,2.21,2.92,2.07,1.76,3.14,2.49,3.21,2.64,1.7,2.1,2.55,1.95,1.9,1.65,2.2,2.8,2.08,1.73,3.3,2.38,3.3,2.5,2.55,2.95,3.1,2.45,3.25,2.65,2.65,2.9,3.25,2.45,3.3,2.65,1.8,2.2,2.85,1.99,1.94,1.71,2.34,3.15,2.18,1.84,3.46,2.67,3.4,2.77,1.72,2.2,1.98,1.93,1.69,2.26,2.18,1.75,2.85,3.15,3.16,2.54,3.17,2.77,2.6,2.8,3.1,2.4,3.13,2.55,2.6,2.88,3.2,2.45,3.3,2.6,2.0,10.0,0.0,8.0,5.0,0.0,3.0,19.0,0.0,10.0,5.0,1.0,1.0,2.0
9,10,2023-10-08,Kasimpasa,Fenerbahce,0,2,2,T1,T1,Kasimpasa,Fenerbahce,1.0,1.25,1.25,2.55,1.5,1.46,1.99,1.83,2.58,1.48,1.42,1.86,1.95,4.79,6.74,4.67,6.11,2.5,1.5,1.45,1.98,1.88,2.5,1.5,1.4,1.83,2.03,4.33,6.5,4.0,6.0,1.5,1.39,4.8,6.75,4.5,5.5,1.47,1.43,4.8,6.75,4.7,6.0,2.69,1.54,1.56,2.09,1.91,2.66,1.52,1.47,1.95,2.08,5.27,7.48,5.01,6.8,2.64,1.52,1.99,1.91,2.65,1.51,1.91,2.0,1.46,1.47,4.9,6.87,5.01,6.76,1.4,1.36,4.75,6.5,4.6,6.0,1.44,1.44,4.5,6.5,4.75,6.0,8.0,12.0,0.0,20.0,7.0,0.0,1.0,13.0,0.0,6.0,1.0,2.0,0.0,5.0
9,11,2023-10-07,Dortmund,Union Berlin,4,2,1,D1,D1,Dortmund,Union Berlin,1.0,-0.75,-1.0,2.31,1.63,5.31,1.87,1.99,2.23,1.67,4.81,1.97,1.87,4.09,1.7,4.38,1.61,2.3,1.62,5.25,1.92,1.98,2.2,1.67,4.5,2.02,1.91,4.0,1.7,4.33,1.57,5.25,4.6,3.9,1.7,4.2,1.6,5.25,4.7,4.0,1.7,4.3,1.6,2.4,1.71,5.85,1.93,2.09,2.44,1.76,5.05,2.08,1.93,4.33,1.74,4.6,1.66,2.36,1.64,1.9,2.01,2.26,1.7,2.02,1.91,5.28,4.97,4.17,1.71,4.51,1.61,5.25,4.75,4.2,1.67,4.33,1.6,5.0,4.8,4.0,1.65,4.4,1.57,6.0,15.0,0.0,12.0,6.0,1.0,4.0,7.0,0.0,12.0,7.0,2.0,1.0,1.0
9,12,2023-10-08,Brighton,Liverpool,2,2,0,E0,E0,Brighton,Liverpool,1.0,0.5,0.25,3.22,1.35,2.17,1.87,1.96,3.45,1.31,2.04,2.05,1.83,4.19,3.25,4.01,3.05,3.1,1.36,2.2,1.9,2.0,3.5,1.3,2.05,2.1,1.83,4.2,3.2,3.8,3.0,2.15,2.0,4.1,3.2,4.0,2.95,2.2,2.05,4.0,3.25,3.95,2.95,3.39,1.38,2.21,1.93,2.03,3.67,1.35,2.1,2.11,1.89,4.4,3.5,4.32,3.25,3.19,1.38,1.91,2.0,3.4,1.35,2.09,1.83,2.17,2.1,4.19,3.26,4.02,3.14,2.1,2.05,4.1,3.13,4.0,3.0,2.1,2.0,4.0,3.2,4.2,2.88,1.0,20.0,0.0,14.0,4.0,2.0,8.0,12.0,0.0,14.0,3.0,2.0,1.0,1.0
9,13,2023-10-08,Arsenal,Man City,1,0,1,E0,E0,Arsenal,Man City,1.0,0.25,0.25,2.05,1.78,2.44,2.07,1.79,1.82,2.03,2.5,2.11,1.76,3.3,3.0,3.49,2.92,2.05,1.75,2.4,2.11,1.79,1.82,2.08,2.45,2.08,1.73,3.3,2.9,3.3,2.9,2.4,2.45,3.2,2.95,3.5,2.85,2.45,2.5,3.25,2.9,3.45,2.85,2.16,1.85,2.51,2.13,1.83,2.04,2.13,2.6,2.23,1.85,3.41,3.31,3.66,3.05,2.1,1.79,2.12,1.81,1.86,2.05,2.17,1.78,2.46,2.56,3.39,3.0,3.49,2.99,2.38,2.45,3.25,3.0,3.4,2.88,2.4,2.45,3.25,2.9,3.6,2.75,4.0,7.0,0.0,4.0,1.0,3.0,5.0,8.0,0.0,12.0,2.0,0.0,0.0,2.0
9,14,2023-10-08,Ath Madrid,Sociedad,2,1,1,SP1,SP1,Ath Madrid,Sociedad,1.0,-0.5,-0.5,1.72,2.12,4.42,1.94,1.9,1.71,2.18,4.2,1.87,1.99,3.35,1.99,3.45,1.91,1.7,2.1,4.5,1.97,1.93,1.67,2.15,4.2,1.94,1.99,3.25,1.95,3.4,1.83,4.33,4.1,3.25,1.98,3.5,1.85,4.3,4.1,3.3,2.0,3.45,1.9,1.8,2.25,4.85,1.98,1.93,1.78,2.28,4.8,1.95,2.06,3.55,2.1,3.58,1.95,1.74,2.19,1.97,1.93,1.74,2.21,1.89,2.04,4.59,4.39,3.4,2.04,3.39,1.93,4.33,4.1,3.4,1.95,3.4,1.91,4.2,4.0,3.4,1.95,3.5,1.85,4.0,12.0,0.0,13.0,4.0,3.0,1.0,9.0,0.0,14.0,5.0,0.0,1.0,3.0
9,15,2023-10-08,Lazio,Atalanta,3,2,1,I1,I1,Lazio,Atalanta,1.0,0.0,0.0,1.85,1.99,2.61,1.85,2.02,1.75,2.11,2.57,1.83,2.06,3.22,2.94,3.3,2.81,1.87,2.03,2.63,1.87,2.03,1.7,2.1,2.45,1.79,2.15,3.3,2.9,3.3,2.7,2.55,2.5,3.1,2.95,3.3,2.7,2.6,2.5,3.2,2.9,3.3,2.7,1.92,2.07,2.7,1.91,2.09,1.83,2.23,2.72,1.91,2.16,3.4,3.14,3.48,2.97,1.86,2.04,1.85,2.06,1.75,2.19,1.81,2.14,2.63,2.59,3.23,3.06,3.26,2.93,2.5,2.45,3.0,3.1,3.0,2.75,2.5,2.5,3.2,2.88,3.4,2.75,6.0,10.0,0.0,12.0,4.0,1.0,4.0,7.0,0.0,12.0,4.0,1.0,2.0,1.0
11,1,2023-10-21,Kayserispor,Rizespor,3,1,1,T1,T1,Kayserispor,Rizespor,1.0,-0.25,-0.25,1.85,1.94,3.07,1.86,1.95,1.89,1.9,3.28,1.96,1.86,3.42,2.15,3.36,2.27,1.88,1.98,2.9,1.88,1.98,1.98,1.88,3.2,2.0,1.85,3.4,2.1,3.3,2.3,2.95,3.2,3.4,2.1,3.4,2.3,3.05,3.3,3.4,2.15,3.4,2.3,1.91,2.0,3.25,1.91,2.04,2.04,2.04,3.5,2.06,1.91,3.55,2.22,3.54,2.36,1.85,1.95,1.86,1.96,1.95,1.93,2.03,1.88,3.17,3.5,3.53,2.18,3.33,2.28,3.0,3.2,3.3,2.1,3.25,2.2,3.0,3.2,3.4,2.15,3.4,2.25,2.0,12.0,0.0,12.0,3.0,2.0,5.0,13.0,0.0,20.0,7.0,0.0,1.0,5.0
11,2,2023-10-21,Gaziantep,Antalyaspor,1,0,1,T1,T1,Gaziantep,Antalyaspor,1.0,0.0,0.0,1.83,1.96,2.56,1.86,1.96,1.8,2.0,2.7,1.95,1.88,3.25,2.61,3.29,2.72,1.83,2.03,2.5,1.88,1.98,1.83,2.03,2.7,2.03,1.83,3.25,2.45,3.2,2.6,2.55,2.6,3.25,2.6,3.3,2.65,2.6,2.65,3.3,2.65,3.4,2.7,1.9,2.03,2.74,1.92,2.02,1.86,2.1,2.91,2.05,1.93,3.37,2.77,3.52,2.93,1.86,2.03,1.92,1.99,1.84,2.06,2.05,1.87,2.74,2.91,3.25,2.66,3.23,2.84,2.5,2.63,3.2,2.5,3.2,2.63,2.5,2.6,3.3,2.6,3.5,2.6,4.0,14.0,0.0,8.0,2.0,2.0,6.0,16.0,0.0,10.0,2.0,0.0,0.0,1.0
11,3,2023-10-21,Konyaspor,Pendikspor,1,2,2,T1,T1,Konyaspor,Pendikspor,1.0,-0.5,-0.75,1.88,1.88,4.56,1.86,1.95,1.83,1.96,4.0,1.91,1.93,3.49,1.91,3.74,1.74,1.9,1.95,4.5,1.88,1.98,1.83,2.03,3.75,1.93,1.93,3.4,1.91,3.75,1.67,4.4,3.9,3.4,1.9,3.7,1.75,4.6,4.3,3.7,1.8,3.8,1.73,1.95,1.96,4.82,1.91,2.01,1.89,2.1,4.33,1.97,2.0,3.7,2.0,3.95,1.8,1.92,1.96,1.89,2.01,1.86,2.03,1.93,1.97,4.82,4.19,3.53,1.97,3.82,1.78,4.5,3.8,3.4,1.87,3.5,1.7,4.5,3.8,3.5,1.91,3.75,1.73,2.0,12.0,0.0,8.0,3.0,3.0,5.0,4.0,0.0,16.0,8.0,0.0,0.0,1.0
11,4,2023-10-21,Galatasaray,Besiktas,2,1,1,T1,T1,Galatasaray,Besiktas,1.0,-0.75,-1.0,2.34,1.58,4.83,1.79,2.05,2.44,1.54,4.64,2.03,1.81,4.17,1.65,4.2,1.62,2.35,1.57,4.75,1.8,2.05,2.4,1.53,4.75,2.05,1.8,4.0,1.6,4.0,1.6,4.75,4.6,4.1,1.63,4.1,1.62,4.9,4.6,3.9,1.7,4.2,1.63,2.43,1.65,5.2,1.85,2.12,2.57,1.58,5.29,2.17,1.86,4.5,1.74,4.5,1.67,2.4,1.62,1.85,2.07,2.51,1.57,2.05,1.86,5.11,4.73,4.4,1.69,4.44,1.64,4.8,4.75,4.0,1.57,4.0,1.57,4.8,4.5,4.2,1.65,4.2,1.6,2.0,19.0,1.0,2.0,2.0,5.0,6.0,12.0,0.0,25.0,10.0,0.0,1.0,3.0
11,5,2023-10-22,Sivasspor,Kasimpasa,0,1,2,T1,T1,Sivasspor,Kasimpasa,1.0,-0.5,-0.25,1.99,1.8,3.14,1.91,1.9,2.05,1.75,3.75,1.91,1.92,3.66,1.93,3.47,2.2,2.0,1.85,3.1,1.9,1.95,2.08,1.73,3.75,1.98,1.88,3.6,1.85,3.4,2.15,3.0,3.6,3.6,1.93,3.5,2.15,3.15,4.1,3.6,1.85,3.5,2.2,2.05,1.88,3.31,2.0,1.97,2.19,1.81,4.13,2.02,2.0,3.85,2.2,3.67,2.29,2.01,1.88,1.93,1.97,2.13,1.78,1.95,1.95,3.24,3.94,3.8,1.95,3.57,2.28,3.0,3.75,3.7,1.8,3.4,2.15,3.2,3.6,3.7,1.91,3.5,2.1,8.0,9.0,0.0,17.0,6.0,2.0,7.0,10.0,0.0,17.0,8.0,0.0,0.0,0.0
11,6,2023-10-22,Istanbulspor,Ankaragucu,2,1,1,T1,T1,Istanbulspor,Ankaragucu,1.0,0.25,0.25,2.03,1.77,2.17,1.88,1.92,2.0,1.8,2.11,1.84,1.99,3.53,3.29,3.5,3.14,2.05,1.75,2.15,1.9,1.95,2.03,1.83,2.05,1.83,2.03,3.5,3.25,3.4,3.0,2.15,2.1,3.4,3.2,3.5,3.0,2.2,2.15,3.55,3.25,3.55,3.1,2.11,1.83,2.25,1.96,1.98,2.13,1.97,2.22,1.92,2.09,3.69,3.65,3.71,3.36,2.05,1.81,1.93,1.98,2.05,1.85,1.85,2.06,2.22,2.14,3.64,3.49,3.59,3.32,2.1,2.05,3.4,3.25,3.4,3.1,2.15,2.15,3.5,3.1,3.5,3.1,5.0,14.0,0.0,9.0,1.0,3.0,2.0,14.0,0.0,7.0,3.0,1.0,1.0,0.0
11,7,2023-10-22,Fenerbahce,Hatayspor,4,2,1,T1,T1,Fenerbahce,Hatayspor,1.0,-2.0,-1.75,2.65,1.45,11.85,2.01,1.81,2.91,1.4,14.58,2.03,1.81,7.66,1.16,6.56,1.21,2.7,1.44,9.0,2.03,1.83,3.1,1.36,12.0,2.13,1.75,7.5,1.14,6.0,1.22,11.0,14.5,7.75,1.16,6.5,1.23,12.0,15.0,7.75,1.17,6.5,1.22,2.8,1.48,13.5,2.09,1.88,3.19,1.46,17.84,2.17,2.01,9.44,1.21,7.6,1.24,2.77,1.47,2.08,1.82,3.04,1.4,2.11,1.79,12.61,17.77,8.59,1.16,7.29,1.22,11.5,15.0,7.0,1.13,6.0,1.18,12.0,15.0,8.0,1.14,6.5,1.2,5.0,14.0,0.0,8.0,5.0,4.0,7.0,10.0,0.0,17.0,6.0,0.0,3.0,1.0
11,8,2023-10-22,Samsunspor,Buyuksehyr,0,0,0,T1,T1,Samsunspor,Buyuksehyr,1.0,-0.25,-0.25,1.86,1.92,2.9,1.79,2.04,1.82,1.98,3.33,1.95,1.87,3.35,2.17,3.39,2.37,1.9,1.95,2.9,1.78,2.1,1.83,2.03,3.25,1.95,1.9,3.3,2.15,3.3,2.3,2.9,3.3,3.3,2.15,3.4,2.3,2.9,3.35,3.4,2.15,3.4,2.4,1.95,2.01,3.03,1.85,2.13,1.9,2.11,3.58,2.02,1.98,3.5,2.33,3.54,2.48,1.88,2.01,1.8,2.13,1.85,2.05,1.94,1.96,2.99,3.39,3.37,2.29,3.44,2.48,2.8,3.2,3.25,2.1,3.25,2.3,2.9,3.2,3.4,2.15,3.4,2.3,0.0,8.0,0.0,7.0,0.0,2.0,8.0,17.0,0.0,20.0,5.0,0.0,0.0,2.0
11,9,2023-10-23,Karagumruk,Ad. Demirspor,2,0,1,T1,T1,Karagumruk,Ad. Demirspor,1.0,0.25,0.25,2.47,1.52,2.02,1.76,2.05,2.28,1.61,2.14,1.88,1.95,3.69,3.09,3.77,3.29,2.4,1.53,2.0,1.8,2.05,2.25,1.62,2.1,1.93,1.93,3.6,3.0,3.75,3.25,2.05,2.15,3.6,3.0,3.75,3.2,2.05,2.1,3.7,3.15,3.85,3.25,2.57,1.57,2.07,1.81,2.13,2.45,1.68,2.24,1.95,2.05,3.94,3.32,4.02,3.56,2.49,1.57,1.78,2.12,2.33,1.65,1.9,2.0,2.04,2.18,3.79,3.26,3.88,3.49,2.0,2.05,3.6,3.0,3.6,3.13,2.05,2.15,3.7,3.0,3.75,3.2,4.0,8.0,0.0,11.0,5.0,1.0,5.0,18.0,0.0,10.0,6.0,0.0,0.0,0.0
11,10,2023-10-23,Trabzonspor,Alanyaspor,1,0,1,T1,T1,Trabzonspor,Alanyaspor,1.0,-0.75,-0.75,2.18,1.67,4.87,2.02,1.81,2.09,1.73,4.72,1.94,1.88,3.9,1.69,4.06,1.64,2.15,1.67,4.75,2.03,1.83,2.05,1.75,4.5,1.95,1.9,3.8,1.67,4.0,1.62,4.75,4.5,3.9,1.68,4.1,1.62,4.9,4.9,4.0,1.65,4.1,1.63,2.25,1.73,5.2,2.08,1.87,2.2,1.81,5.01,2.03,1.96,4.1,1.75,4.3,1.71,2.22,1.7,2.07,1.83,2.09,1.8,1.96,1.94,5.08,4.95,3.95,1.74,4.24,1.65,4.75,4.6,3.75,1.65,3.8,1.62,5.0,4.6,3.9,1.67,4.0,1.62,5.0,4.0,0.0,15.0,3.0,2.0,7.0,15.0,0.0,14.0,3.0,0.0,0.0,1.0
11,11,2023-10-21,Wolfsburg,Leverkusen,1,2,2,D1,D1,Wolfsburg,Leverkusen,1.0,0.75,0.75,2.48,1.55,1.75,1.91,1.91,2.35,1.62,1.76,1.95,1.9,4.09,4.41,4.12,4.47,2.38,1.57,1.75,1.95,1.95,2.3,1.62,1.73,1.99,1.94,4.2,4.2,4.0,4.33,1.78,1.75,3.9,4.33,4.0,4.1,1.73,1.75,3.9,4.5,3.95,4.6,2.57,1.57,1.78,1.95,1.96,2.52,1.65,1.83,2.01,1.99,4.3,4.8,4.3,4.8,2.54,1.56,1.95,1.95,2.36,1.65,2.01,1.92,1.75,1.79,4.11,4.47,4.2,4.52,1.73,1.75,4.0,4.4,4.1,4.4,1.73,1.73,4.0,4.33,4.0,4.33,3.0,14.0,0.0,13.0,6.0,5.0,4.0,15.0,0.0,18.0,7.0,1.0,1.0,3.0
11,12,2023-10-21,Chelsea,Arsenal,2,2,0,E0,E0,Chelsea,Arsenal,1.0,0.25,0.25,1.9,1.92,2.26,1.93,1.91,1.79,2.07,2.32,1.97,1.89,3.33,3.3,3.47,3.24,1.92,1.98,2.25,1.97,1.96,1.85,2.05,2.25,1.99,1.94,3.25,3.3,3.4,3.2,2.2,2.25,3.25,3.2,3.4,3.1,2.25,2.3,3.2,3.25,3.45,3.15,1.98,2.01,2.36,2.01,2.0,1.88,2.19,2.41,2.06,1.95,3.5,3.5,3.56,3.4,1.9,1.99,1.94,1.96,1.88,2.04,1.98,1.94,2.26,2.31,3.44,3.35,3.5,3.33,2.2,2.3,3.3,3.25,3.3,3.25,2.25,2.25,3.2,3.25,3.5,3.0,7.0,14.0,0.0,13.0,3.0,3.0,2.0,7.0,0.0,11.0,5.0,0.0,1.0,3.0
11,13,2023-10-21,Sevilla,Real Madrid,1,1,0,SP1,SP1,Sevilla,Real Madrid,1.0,0.75,0.5,2.21,1.68,1.86,1.85,2.01,2.37,1.6,1.74,1.91,1.94,4.06,4.61,3.87,4.08,2.15,1.67,1.85,1.86,2.04,2.35,1.57,1.73,1.93,2.0,4.0,4.75,3.6,4.2,1.88,1.75,3.9,4.4,3.75,3.9,1.85,1.7,3.95,4.7,3.7,4.2,2.3,1.74,1.9,1.88,2.06,2.44,1.64,1.81,2.0,2.03,4.25,4.83,4.06,4.2,2.3,1.67,1.87,2.04,2.42,1.63,1.94,1.98,1.87,1.74,4.13,4.8,3.91,4.18,1.85,1.67,4.2,4.6,3.8,4.1,1.8,1.67,4.2,4.6,3.9,4.0,6.0,6.0,0.0,14.0,5.0,2.0,4.0,13.0,0.0,17.0,7.0,0.0,0.0,5.0
11,14,2023-10-22,Barcelona,Ath Bilbao,1,0,1,SP1,SP1,Barcelona,Ath Bilbao,1.0,-0.5,-0.75,2.12,1.74,5.13,2.02,1.83,2.15,1.72,4.23,2.02,1.84,3.78,1.85,4.09,1.67,2.08,1.73,5.5,2.04,1.86,2.1,1.7,4.0,2.06,1.87,3.75,1.85,4.0,1.62,5.25,4.0,3.7,1.87,4.0,1.62,5.25,4.7,4.0,1.7,4.0,1.65,2.19,1.83,5.5,2.06,1.89,2.26,1.81,4.7,2.15,1.92,4.0,1.92,4.25,1.71,2.14,1.76,2.05,1.86,2.16,1.76,2.07,1.86,5.16,4.49,3.79,1.86,4.14,1.68,5.0,4.1,3.8,1.85,4.0,1.65,5.0,4.0,3.7,1.85,4.0,1.62,7.0,18.0,0.0,10.0,3.0,3.0,4.0,11.0,0.0,12.0,7.0,0.0,0.0,3.0
11,15,2023-10-22,Milan,Juventus,0,1,2,I1,I1,Milan,Juventus,1.0,-0.25,-0.25,1.72,2.15,3.31,1.88,1.96,1.67,2.22,3.71,2.04,1.82,3.26,2.15,3.28,2.3,1.7,2.1,3.2,1.9,2.0,1.67,2.15,3.6,2.07,1.86,3.25,2.1,3.4,2.25,3.25,3.6,3.2,2.1,3.3,2.25,3.2,3.55,3.2,2.15,3.35,2.3,1.8,2.23,3.45,1.93,2.01,1.74,2.34,4.03,2.18,1.88,3.44,2.25,3.4,2.41,1.74,2.19,1.93,1.97,1.72,2.23,2.1,1.84,3.42,3.87,3.33,2.16,3.29,2.32,3.2,3.6,3.25,2.1,3.0,2.2,3.2,3.75,3.2,2.1,3.25,2.25,3.0,16.0,0.0,14.0,4.0,4.0,6.0,12.0,1.0,7.0,1.0,0.0,0.0,1.0
12,1,2023-10-27,Hatayspor,Kayserispor,1,2,2,T1,T1,Hatayspor,Kayserispor,1.0,-0.25,-0.25,1.98,1.82,3.11,1.9,1.92,1.96,1.84,2.99,1.84,1.99,3.44,2.31,3.44,2.23,1.98,1.88,3.1,1.9,1.95,2.0,1.85,2.88,1.78,2.1,3.4,2.38,3.4,2.2,3.0,2.8,3.4,2.37,3.4,2.25,3.05,2.85,3.45,2.4,3.5,2.25,2.06,1.92,3.35,1.96,1.98,2.05,1.91,3.35,1.97,2.13,3.64,2.5,3.66,2.32,2.03,1.86,1.93,1.97,1.99,1.9,1.8,2.13,3.3,3.01,3.42,2.49,3.46,2.29,3.0,2.88,3.3,2.25,3.4,2.15,3.0,2.9,3.4,2.3,3.4,2.25,1.0,15.0,0.0,8.0,2.0,0.0,12.0,10.0,0.0,18.0,9.0,1.0,0.0,5.0
12,2,2023-10-27,Kasimpasa,Istanbulspor,3,1,1,T1,T1,Kasimpasa,Istanbulspor,1.0,-0.5,-0.75,2.26,1.63,4.11,1.84,1.99,2.14,1.71,3.87,1.95,1.9,3.73,1.88,3.9,1.78,2.25,1.62,4.33,1.85,2.0,2.05,1.75,4.0,1.95,1.9,3.5,1.91,3.75,1.75,4.0,3.75,3.6,1.87,3.8,1.77,4.1,3.85,3.7,1.9,3.85,1.8,2.38,1.68,4.4,1.88,2.06,2.37,1.81,4.19,2.04,2.0,4.1,1.97,4.1,1.84,2.33,1.65,1.87,2.04,2.08,1.81,1.94,1.96,4.29,3.99,3.71,1.96,4.08,1.81,4.0,3.8,3.6,1.8,3.75,1.73,4.0,3.8,3.75,1.85,3.9,1.8,5.0,11.0,0.0,17.0,6.0,2.0,8.0,13.0,0.0,19.0,11.0,0.0,1.0,2.0
12,3,2023-10-28,Alanyaspor,Sivasspor,1,2,2,T1,T1,Alanyaspor,Sivasspor,1.0,-0.25,-0.25,1.98,1.82,3.27,1.98,1.85,1.88,1.9,3.26,1.94,1.87,3.39,2.17,3.52,2.13,2.03,1.83,3.4,2.0,1.85,1.85,2.0,3.25,1.95,1.9,3.4,2.15,3.5,2.1,3.1,3.2,3.4,2.15,3.5,2.15,3.25,3.25,3.45,2.2,3.5,2.15,2.06,1.88,3.45,2.04,1.9,2.02,2.04,3.49,2.03,1.93,3.64,2.26,3.68,2.2,2.05,1.85,2.03,1.88,1.88,2.0,1.97,1.93,3.43,3.49,3.34,2.26,3.63,2.17,3.2,3.2,3.3,2.1,3.4,2.05,3.2,3.2,3.4,2.15,3.5,2.1,2.0,12.0,0.0,15.0,4.0,1.0,7.0,13.0,0.0,12.0,5.0,0.0,0.0,3.0
12,4,2023-10-28,Ad. Demirspor,Konyaspor,3,0,1,T1,T1,Ad. Demirspor,Konyaspor,1.0,-0.75,-0.75,2.4,1.56,4.54,1.96,1.87,2.27,1.62,4.23,1.85,1.98,3.94,1.75,4.12,1.68,2.35,1.57,5.0,2.05,1.8,2.2,1.65,4.2,1.78,2.1,3.6,1.8,4.0,1.62,,,,,,,4.6,4.1,3.85,1.8,4.1,1.67,2.5,1.63,5.0,2.05,1.96,2.4,1.7,4.75,1.94,2.1,4.2,1.83,4.4,1.74,2.49,1.58,2.02,1.88,2.31,1.67,1.84,2.08,4.69,4.27,3.99,1.83,4.34,1.7,4.4,4.1,3.8,1.7,4.0,1.62,4.33,4.0,4.0,1.75,4.0,1.7,5.0,10.0,0.0,13.0,4.0,1.0,4.0,12.0,0.0,15.0,5.0,0.0,0.0,1.0
12,5,2023-10-28,Rizespor,Galatasaray,0,1,2,T1,T1,Rizespor,Galatasaray,1.0,1.5,1.0,2.48,1.52,1.53,1.87,1.95,2.66,1.46,1.37,1.98,1.85,5.13,7.38,4.44,5.54,2.4,1.53,1.53,1.85,2.0,2.7,1.44,1.33,1.98,1.88,5.25,8.5,4.33,6.0,1.55,1.35,5.25,7.75,4.33,5.0,1.55,1.35,5.5,7.75,4.5,5.5,2.6,1.56,1.59,1.94,2.04,2.8,1.52,1.52,2.29,1.94,5.62,8.5,4.75,6.1,2.57,1.55,1.88,2.03,2.71,1.49,2.03,1.88,1.54,1.39,5.37,7.86,4.68,5.88,1.5,1.3,5.25,7.5,4.2,5.25,1.53,1.33,5.5,8.0,4.33,5.5,5.0,11.0,0.0,20.0,5.0,2.0,6.0,14.0,0.0,11.0,3.0,0.0,0.0,2.0
12,6,2023-10-29,Ankaragucu,Samsunspor,2,0,1,T1,T1,Ankaragucu,Samsunspor,1.0,0.0,-0.25,1.98,1.81,2.92,1.82,2.01,1.82,1.96,2.66,1.94,1.88,3.28,2.58,3.48,2.32,2.0,1.85,2.88,1.83,2.03,1.83,2.03,2.63,1.95,1.9,3.25,2.6,3.4,2.3,2.8,2.65,3.25,2.55,3.5,2.3,2.95,2.65,3.3,2.65,3.5,2.3,2.07,1.89,3.09,1.87,2.08,1.89,2.1,2.9,2.03,1.95,3.4,2.7,3.64,2.41,2.01,1.88,1.85,2.06,1.88,2.02,2.0,1.91,3.07,2.82,3.32,2.7,3.51,2.39,2.88,2.55,3.2,2.55,3.3,2.25,2.88,2.6,3.3,2.6,3.6,2.25,6.0,14.0,0.0,3.0,2.0,2.0,4.0,8.0,0.0,12.0,5.0,0.0,0.0,0.0
12,7,2023-10-29,Karagumruk,Trabzonspor,0,0,0,T1,T1,Karagumruk,Trabzonspor,1.0,0.25,0.25,2.05,1.75,2.33,2.02,1.8,1.81,1.98,2.36,2.04,1.79,3.34,2.95,3.52,2.88,2.05,1.75,2.3,2.03,1.83,1.73,2.08,2.38,2.05,1.8,3.4,3.0,3.6,2.9,2.3,2.37,3.3,2.87,3.6,2.75,2.3,2.4,3.35,2.95,3.6,2.9,2.15,1.83,2.41,2.11,1.86,2.09,2.13,2.47,2.13,1.87,3.6,3.23,3.7,3.1,2.06,1.83,2.07,1.85,1.78,2.13,2.09,1.83,2.4,2.46,3.22,3.22,3.51,3.07,2.25,2.3,3.2,2.88,3.4,2.8,2.3,2.38,3.3,2.88,3.6,2.8,3.0,11.0,0.0,12.0,0.0,1.0,6.0,8.0,0.0,6.0,3.0,0.0,0.0,2.0
12,8,2023-10-29,Antalyaspor,Buyuksehyr,1,0,1,T1,T1,Antalyaspor,Buyuksehyr,1.0,-0.5,-0.25,1.75,2.05,3.29,1.94,1.88,1.74,2.07,3.68,1.8,2.03,3.37,2.03,3.32,2.2,1.73,2.08,3.25,1.98,1.88,1.7,2.1,3.6,1.8,2.05,3.4,2.05,3.4,2.2,3.2,3.6,3.3,2.05,3.3,2.15,3.2,3.6,3.4,2.05,3.4,2.2,1.81,2.14,3.5,2.01,1.93,1.81,2.32,3.97,1.86,2.11,3.51,2.11,3.5,2.27,1.78,2.11,1.97,1.93,1.77,2.13,1.81,2.11,3.47,3.89,3.35,2.11,3.35,2.25,3.2,3.5,3.25,2.0,3.2,2.15,3.25,3.6,3.4,2.0,3.3,2.2,5.0,19.0,0.0,8.0,3.0,5.0,7.0,20.0,0.0,11.0,1.0,0.0,1.0,3.0
12,9,2023-10-29,Pendikspor,Fenerbahce,0,5,2,T1,T1,Pendikspor,Fenerbahce,1.0,1.75,1.5,2.75,1.43,1.3,1.87,1.96,2.77,1.43,1.27,1.97,1.85,5.92,9.75,5.66,8.82,2.7,1.44,1.3,1.85,2.0,2.7,1.44,1.3,2.0,1.85,5.5,8.5,5.5,8.0,1.32,1.29,5.75,9.0,5.5,8.0,1.33,1.27,6.0,9.5,5.75,8.25,3.0,1.49,1.34,1.94,2.02,2.9,1.47,1.32,2.05,1.92,6.6,12.0,6.2,11.0,2.79,1.47,1.89,2.02,2.75,1.47,2.05,1.85,1.32,1.28,6.22,10.56,6.08,9.36,1.29,1.25,5.5,9.0,5.25,8.0,1.29,1.25,5.8,10.0,5.5,9.0,7.0,11.0,0.0,19.0,10.0,2.0,0.0,7.0,0.0,2.0,0.0,2.0,0.0,1.0
12,10,2023-10-30,Besiktas,Gaziantep,2,0,1,T1,T1,Besiktas,Gaziantep,1.0,-1.0,-1.5,2.38,1.57,7.55,1.79,2.05,2.24,1.63,5.92,1.95,1.87,4.32,1.52,5.03,1.37,2.35,1.57,7.5,1.78,2.03,2.2,1.65,5.5,1.93,1.93,4.33,1.55,4.5,1.4,7.5,5.5,4.33,1.52,5.0,1.36,7.5,6.5,4.4,1.5,5.0,1.4,2.47,1.62,8.4,1.85,2.1,2.34,1.71,6.5,2.06,1.96,4.55,1.57,5.5,1.41,2.47,1.58,1.81,2.08,2.27,1.68,1.95,1.95,8.18,6.25,4.38,1.56,5.21,1.38,7.5,5.5,4.1,1.5,4.75,1.33,7.5,5.8,4.4,1.5,5.0,1.35,3.0,16.0,1.0,12.0,6.0,5.0,7.0,15.0,1.0,13.0,6.0,0.0,0.0,2.0
12,11,2023-10-29,Lille,Monaco,2,0,1,F1,F1,Lille,Monaco,1.0,-0.25,-0.25,2.41,1.57,2.93,1.86,1.98,2.34,1.61,2.76,1.76,2.1,3.66,2.45,3.8,2.28,2.35,1.57,2.9,1.89,2.04,2.3,1.6,2.75,1.7,2.1,3.6,2.38,3.75,2.25,2.9,2.75,3.6,2.4,3.7,2.25,2.9,2.75,3.65,2.45,3.7,2.3,2.47,1.61,3.06,1.93,2.05,2.47,1.65,2.95,1.84,2.18,3.85,2.58,4.0,2.36,2.41,1.61,1.86,2.05,2.36,1.65,1.77,2.18,2.95,2.79,3.7,2.5,3.82,2.34,2.88,2.7,3.6,2.45,3.5,2.2,2.88,2.7,3.6,2.4,3.9,2.2,8.0,13.0,0.0,16.0,6.0,2.0,2.0,17.0,0.0,7.0,5.0,0.0,2.0,1.0
12,12,2023-10-29,Man United,Man City,0,3,2,E0,E0,Man United,Man City,1.0,1.0,0.75,2.15,1.73,1.69,1.85,2.0,2.23,1.68,1.62,2.02,1.86,4.25,5.48,4.04,4.99,2.1,1.7,1.67,1.87,2.06,2.2,1.65,1.57,2.02,1.91,4.2,5.5,3.8,5.0,1.68,1.61,4.1,5.25,4.0,4.75,1.67,1.6,4.2,5.25,4.0,4.9,2.2,1.79,1.74,1.91,2.07,2.4,1.74,1.73,2.12,1.97,4.55,6.0,4.22,5.3,2.15,1.75,1.88,2.03,2.26,1.7,2.05,1.88,1.69,1.61,4.3,5.6,4.07,5.16,1.65,1.55,4.2,6.0,3.9,5.0,1.65,1.57,4.2,5.5,4.0,4.8,12.0,4.0,0.0,21.0,10.0,1.0,7.0,9.0,0.0,7.0,3.0,1.0,0.0,4.0
12,13,2023-10-28,Barcelona,Real Madrid,1,2,2,SP1,SP1,Barcelona,Real Madrid,1.0,0.0,0.0,2.4,1.6,2.68,1.97,1.9,2.16,1.7,2.7,1.96,1.91,3.53,2.59,3.66,2.55,2.35,1.57,2.6,2.02,1.91,2.1,1.7,2.7,2.05,1.88,3.4,2.5,3.6,2.55,2.6,2.7,3.4,2.5,3.6,2.5,2.55,2.6,3.45,2.6,3.6,2.6,2.49,1.67,2.78,2.03,1.98,2.32,1.82,2.84,2.06,1.96,3.68,2.7,3.78,2.69,2.41,1.61,2.03,1.88,2.13,1.79,2.06,1.87,2.76,2.83,3.49,2.58,3.66,2.55,2.63,2.7,3.5,2.55,3.6,2.55,2.6,2.62,3.6,2.5,3.6,2.5,3.0,15.0,0.0,13.0,4.0,1.0,6.0,15.0,0.0,15.0,3.0,0.0,1.0,2.0
12,14,2023-10-29,Inter,Roma,1,0,1,I1,I1,Inter,Roma,1.0,-1.0,-0.75,1.86,1.98,5.56,2.05,1.8,1.91,1.91,6.45,1.94,1.91,4.13,1.54,3.94,1.64,1.87,2.03,5.5,2.11,1.82,1.9,2.0,6.5,1.99,1.94,4.0,1.53,4.0,1.62,5.5,6.25,4.0,1.55,4.0,1.6,5.5,6.5,3.95,1.55,3.95,1.63,1.91,2.04,5.8,2.12,1.87,2.03,2.01,7.5,2.04,2.04,4.35,1.62,4.1,1.7,1.88,2.02,2.1,1.83,1.92,1.99,1.97,1.95,5.78,6.83,4.21,1.54,4.0,1.65,5.75,6.5,4.1,1.5,3.5,1.57,5.5,6.0,4.2,1.53,3.9,1.6,0.0,9.0,0.0,3.0,1.0,4.0,8.0,14.0,0.0,19.0,3.0,0.0,0.0,3.0
12,15,2023-10-29,Napoli,Milan,2,2,0,I1,I1,Napoli,Milan,1.0,-0.25,-0.25,1.85,1.99,3.31,1.93,1.91,1.89,1.94,3.28,1.92,1.92,3.37,2.26,3.37,2.25,1.86,2.04,3.3,1.98,1.95,1.95,1.95,3.3,1.96,1.97,3.4,2.2,3.4,2.2,3.2,3.25,3.3,2.2,3.4,2.2,3.25,3.2,3.4,2.25,3.4,2.25,1.91,2.05,3.5,1.99,1.98,2.03,2.04,3.4,1.97,2.03,3.47,2.37,3.5,2.32,1.85,2.05,1.93,1.97,1.93,1.97,1.97,1.95,3.38,3.39,3.43,2.27,3.37,2.3,3.25,3.4,3.25,2.2,3.1,2.15,3.4,3.2,3.4,2.2,3.3,2.15,4.0,10.0,0.0,20.0,6.0,3.0,6.0,14.0,1.0,17.0,4.0,2.0,0.0,4.0
13,1,2023-11-03,Galatasaray,Kasimpasa,2,1,1,T1,T1,Galatasaray,Kasimpasa,1.0,-2.0,-2.25,3.93,1.24,11.65,1.84,1.98,3.89,1.24,11.13,1.99,1.83,7.54,1.2,7.73,1.18,4.0,1.25,11.0,1.85,2.0,4.0,1.25,10.0,2.0,1.85,7.5,1.2,8.0,1.18,11.5,11.0,7.25,1.2,7.75,1.18,10.0,10.0,7.5,1.22,7.5,1.22,4.2,1.29,14.4,1.9,2.04,4.25,1.29,14.0,2.09,1.91,8.75,1.23,8.8,1.22,4.13,1.25,1.86,2.03,3.91,1.27,2.03,1.87,11.86,12.12,7.69,1.21,7.89,1.21,12.0,11.0,7.0,1.17,7.0,1.15,10.0,10.0,7.5,1.17,8.0,1.15,3.0,12.0,0.0,12.0,5.0,3.0,5.0,11.0,0.0,13.0,3.0,0.0,1.0,2.0
13,2,2023-11-04,Istanbulspor,Pendikspor,2,4,2,T1,T1,Istanbulspor,Pendikspor,1.0,0.0,-0.25,2.13,1.71,2.81,1.78,2.06,1.98,1.82,2.69,1.97,1.86,3.43,2.52,3.51,2.38,2.1,1.7,2.75,1.73,2.08,2.0,1.85,2.63,1.93,1.93,3.25,2.63,3.4,2.5,2.85,2.65,3.4,2.5,3.5,2.3,2.75,2.7,3.4,2.55,3.5,2.45,2.23,1.77,2.93,1.83,2.13,2.15,1.89,2.85,2.17,2.0,3.65,2.67,3.73,2.5,2.15,1.76,1.81,2.13,2.02,1.88,1.96,1.94,2.93,2.7,3.53,2.67,3.58,2.46,2.7,2.6,3.3,2.45,3.5,2.3,2.75,2.6,3.4,2.38,3.5,2.25,7.0,8.0,0.0,22.0,11.0,3.0,4.0,14.0,0.0,15.0,4.0,2.0,1.0,2.0
13,3,2023-11-04,Samsunspor,Hatayspor,2,1,1,T1,T1,Samsunspor,Hatayspor,1.0,-0.5,-0.25,1.85,1.95,3.35,1.97,1.86,1.86,1.94,3.67,1.84,2.01,3.46,2.01,3.36,2.15,1.88,1.98,3.2,1.98,1.88,1.88,1.98,3.8,1.93,1.93,3.5,1.95,3.4,2.2,3.3,3.75,3.4,1.95,3.3,2.1,3.25,3.65,3.5,2.0,3.4,2.2,1.93,2.02,3.6,2.06,1.93,1.92,2.02,4.0,1.99,2.14,3.67,2.2,3.58,2.23,1.89,2.0,2.01,1.89,1.9,1.99,1.93,1.97,3.54,4.0,3.67,1.97,3.41,2.21,3.2,3.6,3.4,1.93,3.3,2.1,3.2,3.0,3.4,2.2,3.3,2.1,4.0,16.0,1.0,10.0,3.0,7.0,12.0,7.0,0.0,15.0,6.0,1.0,0.0,3.0
13,4,2023-11-04,Fenerbahce,Trabzonspor,2,3,2,T1,T1,Fenerbahce,Trabzonspor,1.0,-1.5,-1.5,2.5,1.51,8.13,1.85,1.98,2.52,1.51,8.2,1.87,1.95,5.2,1.34,5.21,1.34,2.4,1.53,8.5,1.88,1.98,2.4,1.53,8.5,1.88,1.98,4.75,1.36,4.75,1.33,7.5,7.75,5.25,1.35,5.0,1.36,8.0,8.0,5.25,1.35,5.25,1.35,2.6,1.56,9.1,1.92,2.07,2.69,1.57,9.75,2.0,2.04,5.6,1.4,5.7,1.39,2.6,1.54,1.92,1.99,2.55,1.56,1.88,2.03,9.05,7.93,5.3,1.4,5.58,1.35,8.0,8.0,5.0,1.3,5.0,1.3,8.0,8.0,5.5,1.29,5.0,1.3,4.0,27.0,0.0,6.0,4.0,4.0,10.0,14.0,1.0,12.0,4.0,1.0,0.0,5.0
13,5,2023-11-05,Sivasspor,Ad. Demirspor,1,1,0,T1,T1,Sivasspor,Ad. Demirspor,1.0,0.0,0.25,2.32,1.6,2.27,1.98,1.84,2.31,1.6,2.65,2.02,1.82,3.56,2.5,3.61,2.91,2.3,1.6,2.3,2.0,1.85,2.35,1.57,2.9,2.15,1.68,3.4,2.38,3.4,3.0,2.25,2.7,3.6,2.35,3.7,2.85,2.3,2.8,3.55,2.4,3.6,2.9,2.41,1.66,2.36,2.05,1.9,2.45,1.67,2.92,2.15,2.02,3.86,2.94,3.83,3.06,2.37,1.63,2.02,1.89,2.29,1.67,1.89,2.02,2.31,2.56,3.7,2.73,3.75,3.04,2.2,2.55,3.5,2.4,3.5,2.8,2.2,2.5,3.6,2.38,3.6,2.8,6.0,15.0,0.0,14.0,4.0,3.0,5.0,14.0,0.0,19.0,10.0,0.0,1.0,1.0
13,6,2023-11-05,Buyuksehyr,Ankaragucu,3,3,0,T1,T1,Buyuksehyr,Ankaragucu,1.0,-0.25,-0.25,1.79,1.98,3.4,1.99,1.84,1.79,2.01,3.33,1.96,1.87,3.33,2.17,3.38,2.13,1.83,2.03,3.3,2.0,1.85,1.8,2.05,3.2,1.98,1.88,3.5,2.15,3.5,2.05,3.4,3.2,3.3,2.15,3.3,2.1,3.4,3.2,3.4,2.2,3.45,2.1,1.87,2.09,3.58,2.05,1.91,1.85,2.13,3.6,2.02,1.94,3.59,2.25,3.56,2.22,1.81,2.08,2.03,1.88,1.83,2.07,2.02,1.89,3.58,3.59,3.36,2.21,3.41,2.2,3.3,3.2,3.25,2.1,3.3,2.05,3.25,3.2,3.25,2.1,3.3,2.05,3.0,12.0,0.0,10.0,5.0,0.0,1.0,7.0,0.0,9.0,4.0,2.0,2.0,2.0
13,7,2023-11-05,Konyaspor,Karagumruk,1,1,0,T1,T1,Konyaspor,Karagumruk,1.0,-0.5,-0.25,1.86,1.93,3.39,2.01,1.82,1.77,2.03,3.71,1.83,2.02,3.4,2.01,3.43,2.11,1.88,1.98,3.3,2.03,1.83,1.73,2.08,3.75,1.83,2.03,3.4,2.0,3.4,2.1,3.3,3.6,3.4,1.98,3.4,2.1,3.35,3.65,3.45,2.05,3.45,2.15,1.94,2.02,3.58,2.07,1.89,1.84,2.21,4.01,1.89,2.06,3.51,2.12,3.62,2.17,1.9,1.99,2.06,1.85,1.79,2.11,1.85,2.06,3.58,3.98,3.42,2.06,3.53,2.15,3.3,3.6,3.3,1.95,3.3,2.05,3.2,3.5,3.4,1.95,3.4,2.05,8.0,19.0,0.0,9.0,2.0,4.0,2.0,13.0,0.0,10.0,3.0,0.0,0.0,2.0
13,8,2023-11-05,Antalyaspor,Besiktas,3,2,1,T1,T1,Antalyaspor,Besiktas,1.0,0.0,0.25,1.99,1.81,2.19,1.89,1.91,1.93,1.86,2.68,2.0,1.84,3.4,2.54,3.49,3.16,1.98,1.88,2.15,1.95,1.9,1.98,1.88,2.8,2.05,1.8,3.3,2.45,3.4,3.2,2.2,2.6,3.4,2.55,3.5,3.0,2.2,2.8,3.4,2.5,3.5,3.2,2.06,1.91,2.29,1.99,1.98,2.02,1.94,2.86,2.08,1.9,3.52,2.79,3.69,3.3,2.05,1.85,1.96,1.94,1.98,1.91,2.07,1.85,2.27,2.85,3.52,2.55,3.56,3.26,2.15,2.63,3.25,2.45,3.4,3.0,2.15,2.6,3.4,2.4,3.4,3.0,6.0,13.0,0.0,17.0,5.0,3.0,3.0,13.0,0.0,5.0,3.0,1.0,0.0,1.0
13,9,2023-11-06,Gaziantep,Rizespor,2,0,1,T1,T1,Gaziantep,Rizespor,1.0,-0.25,-0.25,1.91,1.88,3.07,1.85,1.97,1.8,1.99,3.41,1.99,1.83,3.33,2.14,3.38,2.27,1.93,1.93,3.1,1.85,2.0,1.83,2.03,3.4,2.03,1.83,3.3,2.15,3.3,2.25,3.0,3.3,3.3,2.15,3.4,2.2,3.15,3.3,3.35,2.2,3.4,2.25,2.0,1.96,3.23,1.9,2.05,1.88,2.08,3.66,2.09,1.92,3.45,2.26,3.53,2.37,1.92,1.95,1.89,1.99,1.82,2.08,2.03,1.88,3.2,3.66,3.33,2.2,3.47,2.31,2.9,3.4,3.25,2.05,3.3,2.25,3.0,3.3,3.25,2.05,3.3,2.2,5.0,8.0,0.0,14.0,2.0,1.0,3.0,8.0,0.0,9.0,5.0,0.0,1.0,3.0
13,10,2023-11-06,Kayserispor,Alanyaspor,1,0,1,T1,T1,Kayserispor,Alanyaspor,1.0,-0.5,-0.25,2.08,1.74,3.35,2.02,1.82,2.06,1.75,3.79,1.88,1.95,3.51,1.94,3.5,2.1,2.05,1.75,3.5,2.05,1.8,2.05,1.75,3.8,1.9,1.95,3.5,1.95,3.5,2.05,3.3,3.7,3.5,1.93,3.5,2.05,3.3,3.7,3.55,1.97,3.6,2.1,2.16,1.79,3.55,2.12,1.87,2.16,1.82,4.15,1.96,2.0,3.63,2.03,3.7,2.17,2.11,1.78,2.04,1.86,2.09,1.8,1.94,1.96,3.52,4.15,3.6,1.96,3.49,2.16,3.25,3.6,3.5,1.87,3.5,2.0,3.2,3.7,3.5,1.85,3.5,2.0,5.0,9.0,0.0,9.0,6.0,3.0,8.0,17.0,0.0,12.0,4.0,0.0,0.0,1.0
13,11,2023-11-04,Dortmund,Bayern Munich,0,4,2,D1,D1,Dortmund,Bayern Munich,1.0,0.75,0.5,3.32,1.34,1.82,1.82,2.04,3.36,1.33,1.81,1.98,1.87,4.42,3.85,4.39,3.81,3.4,1.33,1.75,1.78,2.03,3.5,1.3,1.75,2.0,1.93,4.33,4.0,4.33,4.0,1.8,1.77,4.33,3.8,4.33,3.75,1.8,1.9,4.0,3.65,4.3,3.8,3.5,1.37,1.88,1.85,2.11,3.5,1.36,1.9,2.05,1.95,4.76,4.08,4.61,4.05,3.23,1.37,1.85,2.07,3.46,1.34,2.02,1.91,1.84,1.81,4.53,3.91,4.42,3.77,1.8,1.8,4.4,3.75,4.4,3.7,1.75,1.73,4.33,3.75,4.2,3.7,2.0,6.0,0.0,14.0,8.0,2.0,3.0,14.0,0.0,15.0,1.0,2.0,0.0,3.0
13,12,2023-11-04,Newcastle,Arsenal,1,0,1,E0,E0,Newcastle,Arsenal,1.0,0.0,0.0,1.91,1.92,2.56,1.84,2.02,1.75,2.12,2.68,1.91,1.97,3.23,2.8,3.39,2.82,1.95,1.95,2.6,1.87,2.06,1.7,2.1,2.7,1.9,2.03,3.0,2.8,3.2,2.8,2.45,2.6,3.2,2.75,3.4,2.8,2.55,2.7,3.2,2.75,3.35,2.8,1.96,2.0,2.65,1.88,2.08,1.81,2.24,2.83,2.0,2.07,3.35,2.94,3.5,2.89,1.93,1.95,1.87,2.04,1.76,2.17,1.93,2.0,2.59,2.73,3.23,2.84,3.41,2.83,2.5,2.7,3.2,2.7,3.3,2.75,2.45,2.5,3.2,2.75,3.4,2.7,11.0,9.0,0.0,14.0,1.0,1.0,0.0,14.0,0.0,9.0,2.0,0.0,0.0,5.0
13,13,2023-11-04,Sociedad,Barcelona,0,1,2,SP1,SP1,Sociedad,Barcelona,1.0,0.25,0.25,1.93,1.9,2.23,1.89,1.94,1.8,2.05,2.26,1.93,1.92,3.36,3.33,3.5,3.26,1.97,1.93,2.25,1.94,1.99,1.73,2.08,2.2,2.01,1.92,3.4,3.25,3.5,3.1,2.2,2.25,3.25,3.3,3.5,3.1,2.25,2.25,3.35,3.3,3.5,3.1,1.98,1.96,2.29,1.95,2.0,1.95,2.19,2.35,2.02,2.06,3.49,3.74,3.68,3.41,1.95,1.93,1.91,2.0,1.79,2.13,2.0,1.93,2.2,2.33,3.29,3.38,3.55,3.37,2.2,2.2,3.3,3.4,3.5,3.25,2.15,2.15,3.3,3.25,3.5,3.1,3.0,8.0,0.0,12.0,4.0,3.0,8.0,16.0,0.0,13.0,6.0,0.0,0.0,3.0
13,14,2023-11-04,Atalanta,Inter,1,2,2,I1,I1,Atalanta,Inter,1.0,0.25,0.25,2.03,1.81,2.17,1.85,1.99,1.97,1.86,2.12,1.82,2.04,3.49,3.53,3.5,3.35,2.07,1.83,2.15,1.89,2.04,2.0,1.9,2.1,1.86,2.07,3.5,3.5,3.5,3.3,2.15,2.1,3.5,3.4,3.5,3.2,2.2,2.1,3.5,3.45,3.5,3.2,2.09,1.85,2.23,1.9,2.05,2.05,2.0,2.17,1.87,2.09,3.6,3.75,3.6,3.51,2.04,1.85,1.89,2.01,2.0,1.91,1.86,2.07,2.19,2.15,3.48,3.62,3.47,3.46,2.15,2.1,3.3,3.6,3.3,3.5,2.1,2.05,3.4,3.4,3.4,3.25,1.0,9.0,0.0,10.0,4.0,1.0,6.0,13.0,1.0,14.0,4.0,1.0,0.0,4.0
13,15,2023-11-05,Fiorentina,Juventus,0,1,2,I1,I1,Fiorentina,Juventus,1.0,0.0,0.0,1.81,2.03,2.54,1.81,2.08,1.67,2.24,2.66,1.86,2.03,3.14,2.88,3.3,2.88,1.84,2.06,2.55,1.83,2.1,1.65,2.2,2.6,1.86,2.07,3.1,2.9,3.2,2.9,2.55,2.65,3.1,2.8,3.3,2.75,2.5,2.6,3.15,2.85,3.3,2.9,1.89,2.11,2.62,1.85,2.16,1.75,2.36,2.81,1.97,2.1,3.26,3.05,3.48,3.05,1.83,2.08,1.83,2.08,1.68,2.3,1.91,2.02,2.58,2.75,3.15,2.9,3.3,2.92,2.45,2.63,3.0,2.9,3.0,2.8,2.45,2.5,3.1,2.8,3.3,2.75,2.0,21.0,0.0,4.0,3.0,3.0,9.0,12.0,0.0,25.0,4.0,1.0,0.0,1.0
14,1,2023-11-10,Trabzonspor,Konyaspor,2,1,1,T1,T1,Trabzonspor,Konyaspor,1.0,-1.0,-0.75,1.93,1.86,5.11,1.99,1.84,1.9,1.88,5.41,1.79,2.07,3.91,1.59,3.83,1.66,1.98,1.88,5.0,2.03,1.83,1.9,1.95,5.5,1.8,2.05,3.75,1.57,3.75,1.65,5.0,5.25,3.9,1.6,3.75,1.66,5.0,5.5,3.9,1.63,3.8,1.7,2.0,1.95,5.5,2.06,1.9,1.99,2.0,6.11,1.84,2.16,4.1,1.67,4.08,1.72,1.98,1.91,2.05,1.87,1.94,1.94,1.81,2.09,5.48,6.11,4.04,1.62,3.99,1.68,5.0,5.5,3.75,1.55,3.7,1.6,4.8,5.0,4.0,1.55,3.8,1.6,4.0,14.0,0.0,13.0,3.0,3.0,6.0,16.0,0.0,13.0,5.0,0.0,0.0,1.0
14,2,2023-11-10,Ankaragucu,Antalyaspor,0,4,2,T1,T1,Ankaragucu,Antalyaspor,1.0,-0.25,-0.25,1.84,1.96,2.85,1.76,2.09,1.83,1.97,2.89,1.77,2.07,3.31,2.41,3.31,2.45,1.83,2.03,2.88,1.75,2.13,1.8,2.05,2.88,1.78,2.1,3.2,2.38,3.2,2.38,2.7,2.8,3.25,2.4,3.3,2.45,2.85,2.85,3.35,2.5,3.35,2.5,1.96,2.09,3.01,1.8,2.17,1.96,2.12,3.1,1.82,2.14,3.45,2.52,3.52,2.55,1.86,2.03,1.76,2.16,1.84,2.06,1.81,2.11,2.98,3.1,3.33,2.47,3.36,2.54,2.75,2.8,3.25,2.3,3.2,2.38,2.7,2.7,3.3,2.38,3.3,2.38,5.0,11.0,0.0,21.0,9.0,0.0,2.0,9.0,0.0,10.0,2.0,2.0,0.0,3.0
14,3,2023-11-11,Kasimpasa,Kayserispor,3,4,2,T1,T1,Kasimpasa,Kayserispor,1.0,-0.25,-0.25,2.11,1.72,2.99,1.87,1.95,2.31,1.61,2.96,1.88,1.96,3.64,2.23,3.57,2.23,2.08,1.73,2.8,1.85,2.0,2.35,1.57,2.8,1.85,2.0,3.75,2.1,3.6,2.15,2.95,2.85,3.6,2.25,3.6,2.2,3.0,2.9,3.75,2.25,3.7,2.2,2.2,1.77,3.15,1.95,2.04,2.4,1.67,3.16,1.92,2.05,3.98,2.33,3.8,2.34,2.16,1.76,1.89,2.01,2.37,1.64,1.88,2.02,3.09,3.04,3.71,2.33,3.66,2.32,2.9,2.88,3.5,2.15,3.4,2.2,2.9,2.88,3.6,2.15,3.6,2.1,4.0,15.0,0.0,8.0,5.0,1.0,6.0,4.0,0.0,19.0,9.0,3.0,1.0,0.0
14,4,2023-11-11,Alanyaspor,Gaziantep,0,3,2,T1,T1,Alanyaspor,Gaziantep,1.0,-0.25,-0.25,1.96,1.83,3.15,1.92,1.91,1.79,2.0,3.13,1.88,1.94,3.31,2.26,3.47,2.2,2.0,1.85,3.2,1.9,1.95,1.8,2.05,3.2,1.9,1.95,3.3,2.25,3.4,2.2,3.1,3.0,3.25,2.3,3.5,2.15,3.15,3.1,3.4,2.25,3.5,2.2,2.05,1.89,3.28,2.0,1.99,1.89,2.11,3.37,1.95,2.02,3.52,2.35,3.66,2.29,2.01,1.88,1.93,1.97,1.8,2.09,1.91,2.0,3.24,3.37,3.29,2.34,3.55,2.29,3.0,3.0,3.25,2.2,3.4,2.15,3.1,3.0,3.25,2.2,3.5,2.05,1.0,10.0,0.0,9.0,5.0,1.0,8.0,12.0,0.0,13.0,3.0,2.0,0.0,3.0
14,5,2023-11-11,Karagumruk,Sivasspor,3,0,1,T1,T1,Karagumruk,Sivasspor,1.0,-0.25,-0.25,1.8,1.99,3.22,1.9,1.92,1.79,2.01,3.25,1.93,1.89,3.33,2.19,3.35,2.21,1.8,2.05,3.25,1.95,1.9,1.83,2.03,3.2,1.98,1.88,3.3,2.15,3.3,2.15,3.1,3.2,3.3,2.15,3.3,2.2,3.25,3.2,3.35,2.25,3.35,2.25,1.87,2.09,3.45,1.99,1.97,1.87,2.12,3.51,2.02,1.96,3.52,2.26,3.52,2.29,1.83,2.06,1.97,1.93,1.83,2.08,2.0,1.9,3.44,3.51,3.42,2.22,3.4,2.25,3.1,3.2,3.25,2.1,3.25,2.15,3.0,3.1,3.3,2.15,3.4,2.15,4.0,4.0,0.0,11.0,3.0,2.0,5.0,16.0,0.0,13.0,7.0,0.0,1.0,2.0
14,6,2023-11-11,Hatayspor,Galatasaray,2,1,1,T1,T1,Hatayspor,Galatasaray,1.0,1.25,1.25,2.57,1.49,1.42,1.89,1.93,2.75,1.44,1.42,1.9,1.92,4.96,6.28,4.93,6.57,2.5,1.5,1.4,1.9,1.95,2.7,1.44,1.44,1.95,1.9,5.0,5.25,5.0,6.0,1.42,1.43,4.8,6.25,4.8,6.25,1.43,1.43,5.25,6.5,5.0,6.5,2.69,1.53,1.47,1.95,1.98,2.95,1.5,1.49,2.0,2.0,5.3,6.7,5.3,7.0,2.6,1.53,1.93,1.98,2.83,1.46,1.97,1.93,1.44,1.46,5.14,6.54,5.17,6.95,1.4,1.4,4.6,6.0,4.6,6.5,1.36,1.36,4.8,6.5,4.75,6.5,9.0,11.0,0.0,18.0,6.0,1.0,2.0,16.0,0.0,6.0,4.0,1.0,1.0,2.0
14,7,2023-11-12,Pendikspor,Samsunspor,1,0,1,T1,T1,Pendikspor,Samsunspor,1.0,0.25,0.25,1.95,1.84,2.34,2.02,1.8,1.93,1.86,2.4,2.08,1.77,3.4,2.85,3.41,2.93,1.95,1.9,2.25,2.03,1.83,1.98,1.88,2.38,2.13,1.75,3.25,2.8,3.25,2.9,2.35,2.35,3.4,2.8,3.4,2.85,2.35,2.4,3.4,2.9,3.45,2.9,2.04,1.94,2.42,2.09,1.88,2.02,1.94,2.54,2.19,1.85,3.6,3.06,3.61,3.11,1.98,1.91,2.05,1.86,2.02,1.87,2.14,1.78,2.38,2.49,3.51,2.93,3.51,3.1,2.25,2.3,3.3,2.75,3.3,2.88,2.25,2.3,3.4,2.7,3.4,2.8,3.0,18.0,0.0,16.0,8.0,3.0,4.0,10.0,0.0,10.0,4.0,0.0,0.0,1.0
14,8,2023-11-12,Besiktas,Buyuksehyr,1,0,1,T1,T1,Besiktas,Buyuksehyr,1.0,-0.75,-0.75,1.96,1.84,4.34,1.83,2.0,1.93,1.86,4.47,1.86,1.97,3.75,1.75,3.76,1.77,1.98,1.88,4.2,1.83,2.03,1.9,1.95,4.33,1.93,1.93,3.6,1.7,3.6,1.75,4.33,4.5,3.6,1.73,3.7,1.75,4.3,4.5,3.75,1.77,3.7,1.8,2.05,1.92,4.89,1.95,2.07,2.07,2.02,5.16,2.01,2.09,3.98,1.84,3.98,1.84,1.97,1.92,1.88,2.03,1.93,1.95,1.95,1.95,4.58,5.16,3.84,1.74,3.93,1.79,4.2,4.5,3.6,1.67,3.6,1.73,4.2,4.2,3.7,1.7,3.6,1.73,6.0,17.0,0.0,7.0,2.0,3.0,5.0,18.0,0.0,12.0,4.0,0.0,0.0,2.0
14,9,2023-11-12,Rizespor,Istanbulspor,1,0,1,T1,T1,Rizespor,Istanbulspor,1.0,-0.75,-0.75,2.11,1.72,4.51,1.89,1.93,2.08,1.74,4.92,1.99,1.84,3.9,1.66,3.84,1.73,2.1,1.7,5.0,1.9,1.95,2.08,1.73,5.5,2.03,1.83,3.75,1.62,3.6,1.7,4.33,4.75,3.9,1.65,3.8,1.75,4.6,4.9,3.9,1.67,3.8,1.73,2.2,1.79,5.0,1.95,1.99,2.19,1.89,6.03,2.11,1.88,4.1,1.73,4.1,1.79,2.17,1.74,1.93,1.97,2.12,1.78,2.04,1.88,4.72,5.3,4.01,1.69,3.99,1.76,4.33,4.75,3.75,1.62,3.75,1.67,4.2,4.5,3.9,1.62,3.75,1.7,6.0,7.0,0.0,7.0,0.0,0.0,6.0,17.0,0.0,8.0,3.0,0.0,1.0,1.0
14,10,2023-11-12,Ad. Demirspor,Fenerbahce,0,0,0,T1,T1,Ad. Demirspor,Fenerbahce,1.0,0.5,0.5,2.82,1.42,1.91,1.91,1.92,3.02,1.37,1.9,1.9,1.94,4.14,3.43,4.03,3.46,2.88,1.4,1.91,1.9,1.95,2.88,1.4,1.91,1.88,1.98,4.0,3.4,3.8,3.4,1.88,1.88,4.0,3.4,3.9,3.5,1.95,1.95,4.1,3.35,3.95,3.45,2.95,1.46,1.98,1.96,1.99,3.25,1.46,1.95,1.95,2.02,4.5,3.73,4.5,3.64,2.89,1.44,1.94,1.96,3.12,1.39,1.92,1.98,1.94,1.92,4.42,3.54,4.21,3.6,1.85,1.83,3.9,3.4,3.9,3.4,1.85,1.91,4.0,3.2,4.0,3.25,5.0,15.0,0.0,18.0,9.0,3.0,3.0,13.0,0.0,4.0,0.0,0.0,0.0,3.0
14,11,2023-11-11,Stuttgart,Dortmund,2,1,1,D1,D1,Stuttgart,Dortmund,1.0,0.0,0.0,2.7,1.47,2.56,1.92,1.95,2.6,1.49,2.71,2.03,1.85,3.8,2.44,3.79,2.59,2.75,1.44,2.55,1.93,1.97,2.63,1.5,2.63,2.06,1.87,3.8,2.45,3.75,2.55,2.45,2.7,3.7,2.4,3.8,2.55,2.55,2.5,3.75,2.6,3.75,2.55,2.8,1.5,2.67,2.0,2.01,2.79,1.55,2.85,2.11,1.9,4.11,2.6,3.91,2.7,2.72,1.49,1.93,1.97,2.6,1.55,2.06,1.87,2.56,2.74,3.84,2.49,3.85,2.61,2.55,2.7,3.8,2.4,3.8,2.55,2.45,2.6,3.75,2.38,3.7,2.5,1.0,16.0,0.0,5.0,1.0,3.0,6.0,13.0,0.0,22.0,10.0,1.0,1.0,2.0
14,12,2023-11-11,Reims,Paris SG,0,3,2,F1,F1,Reims,Paris SG,1.0,1.0,1.0,2.36,1.59,1.6,1.99,1.87,2.38,1.57,1.62,2.04,1.82,4.27,5.02,4.35,5.21,2.3,1.6,1.6,2.01,1.89,2.35,1.57,1.65,2.13,1.81,4.2,4.75,4.33,5.0,1.58,1.63,4.2,4.8,4.33,5.0,1.6,1.63,4.3,4.9,4.4,5.0,2.48,1.64,1.64,2.03,1.9,2.49,1.61,1.67,2.13,1.91,4.4,5.5,4.5,5.7,2.38,1.63,2.02,1.89,2.47,1.6,2.11,1.85,1.6,1.67,4.35,4.98,4.35,5.46,1.57,1.6,4.1,5.25,4.2,5.5,1.55,1.57,4.2,5.0,4.2,5.5,4.0,6.0,0.0,14.0,6.0,0.0,8.0,14.0,0.0,19.0,6.0,1.0,0.0,1.0
14,13,2023-11-12,Liverpool,Brentford,3,0,1,E0,E0,Liverpool,Brentford,1.0,-1.5,-1.25,2.73,1.46,7.05,1.97,1.88,2.83,1.44,7.57,1.85,2.03,5.42,1.38,5.16,1.42,2.7,1.44,6.5,2.01,1.89,2.7,1.44,7.5,1.85,2.05,5.5,1.36,5.0,1.4,7.0,7.25,5.25,1.38,5.0,1.4,6.5,7.0,5.5,1.4,5.25,1.43,2.86,1.48,7.6,2.04,1.92,3.0,1.48,8.5,1.9,2.1,5.77,1.41,5.5,1.45,2.77,1.47,2.01,1.9,2.92,1.44,1.85,2.08,7.17,7.48,5.51,1.4,5.26,1.41,7.0,8.0,5.25,1.36,4.8,1.4,7.0,7.5,5.5,1.33,5.0,1.36,8.0,12.0,0.0,16.0,3.0,2.0,6.0,16.0,0.0,17.0,10.0,0.0,1.0,1.0
14,14,2023-11-11,Real Madrid,Valencia,5,1,1,SP1,SP1,Real Madrid,Valencia,1.0,-1.5,-1.5,2.31,1.63,9.41,1.92,1.95,2.33,1.62,9.08,1.89,1.98,5.46,1.34,5.48,1.33,2.3,1.6,8.5,1.94,1.96,2.35,1.57,7.5,1.99,1.94,5.75,1.33,5.5,1.33,8.5,9.0,5.25,1.33,5.25,1.34,8.75,8.25,5.5,1.35,5.5,1.33,2.41,1.7,10.25,1.98,2.01,2.49,1.71,10.75,1.99,2.11,6.1,1.37,5.8,1.36,2.35,1.65,1.93,1.96,2.44,1.62,1.99,1.93,9.7,10.11,5.79,1.32,5.6,1.32,10.0,9.5,5.5,1.3,5.5,1.3,9.5,9.0,5.5,1.29,5.5,1.29,4.0,26.0,0.0,10.0,4.0,3.0,4.0,7.0,0.0,16.0,7.0,0.0,2.0,1.0
14,15,2023-11-12,Udinese,Atalanta,1,1,0,I1,I1,Udinese,Atalanta,1.0,0.25,0.5,1.88,1.94,2.03,2.04,1.83,1.88,1.95,2.15,1.85,2.01,3.43,3.48,3.49,3.73,1.91,1.99,2.0,2.04,1.86,1.92,1.98,2.1,1.89,2.01,3.4,3.4,3.5,3.75,2.0,2.15,3.4,3.3,3.4,3.7,2.05,2.15,3.45,3.4,3.5,3.7,1.92,2.0,2.08,2.06,1.88,1.96,2.01,2.23,1.95,2.15,3.54,3.87,3.64,3.82,1.9,1.99,2.06,1.85,1.9,2.01,1.9,2.03,2.05,2.2,3.46,3.53,3.53,3.8,1.95,2.15,3.25,3.5,3.13,3.75,1.95,2.1,3.4,3.25,3.5,3.6,7.0,13.0,0.0,8.0,2.0,3.0,7.0,13.0,0.0,13.0,4.0,0.0,1.0,2.0
16,1,2023-11-25,Istanbulspor,Hatayspor,2,1,1,T1,T1,Istanbulspor,Hatayspor,1.0,0.25,0.25,2.01,1.8,2.2,1.91,1.92,1.87,1.92,2.34,2.01,1.82,3.35,3.0,3.49,3.12,2.0,1.85,2.15,1.93,1.93,1.88,1.98,2.38,2.05,1.8,3.3,3.0,3.4,3.25,2.15,2.3,3.3,2.95,3.5,3.0,2.2,2.35,3.35,2.95,3.55,3.1,2.11,1.87,2.27,1.98,1.96,1.99,2.06,2.47,2.12,1.9,3.5,3.26,3.65,3.29,2.07,1.82,1.95,1.95,1.9,1.99,2.09,1.83,2.25,2.44,3.36,3.12,3.61,3.26,2.15,2.25,3.3,2.9,3.4,3.0,2.1,2.15,3.5,2.9,3.5,3.0,6.0,14.0,0.0,10.0,3.0,3.0,8.0,9.0,0.0,15.0,10.0,0.0,1.0,2.0
16,2,2023-11-25,Gaziantep,Ankaragucu,0,1,2,T1,T1,Gaziantep,Ankaragucu,1.0,-0.25,-0.25,1.86,1.94,3.34,1.97,1.86,1.79,2.02,3.56,2.05,1.79,3.38,2.08,3.37,2.14,1.85,2.0,3.4,1.98,1.88,1.8,2.05,3.6,2.08,1.73,3.4,2.05,3.4,2.15,3.2,3.4,3.3,2.05,3.4,2.15,3.3,3.5,3.4,2.1,3.4,2.15,1.91,2.04,3.61,2.03,1.95,1.84,2.16,3.91,2.14,1.9,3.52,2.18,3.5,2.21,1.88,2.0,2.03,1.88,1.81,2.08,2.13,1.79,3.6,3.89,3.4,2.09,3.39,2.19,3.2,3.4,3.3,2.0,3.25,2.1,3.1,3.25,3.5,2.0,3.5,2.05,4.0,19.0,0.0,12.0,5.0,5.0,2.0,8.0,0.0,9.0,2.0,1.0,0.0,4.0
16,3,2023-11-25,Konyaspor,Kasimpasa,2,0,1,T1,T1,Konyaspor,Kasimpasa,1.0,-0.25,-0.5,1.96,1.82,3.61,1.85,2.01,2.01,1.79,3.41,2.04,1.79,3.53,2.07,3.56,1.99,2.0,1.85,4.0,1.9,1.95,2.05,1.75,3.6,2.05,1.75,3.5,2.05,3.5,1.91,3.5,3.3,3.5,2.05,3.6,1.95,3.6,3.35,3.55,2.1,3.55,2.0,2.05,1.91,4.0,1.9,2.1,2.1,1.91,3.68,2.14,1.85,3.73,2.15,3.77,2.05,2.0,1.89,1.9,2.01,2.08,1.81,2.11,1.8,3.82,3.62,3.68,2.08,3.71,2.01,3.5,3.2,3.4,2.05,3.4,1.95,3.25,3.2,3.5,2.0,3.5,2.0,9.0,12.0,0.0,8.0,1.0,1.0,2.0,11.0,0.0,17.0,7.0,0.0,0.0,0.0
16,4,2023-11-25,Galatasaray,Alanyaspor,4,0,1,T1,T1,Galatasaray,Alanyaspor,1.0,-2.0,-2.0,2.94,1.38,12.05,1.88,1.95,3.07,1.36,11.35,1.84,2.01,6.96,1.21,7.13,1.19,2.88,1.4,11.0,1.9,1.95,3.1,1.36,11.0,1.9,1.95,7.0,1.2,7.0,1.2,11.5,11.5,6.75,1.21,6.75,1.21,12.0,11.0,6.75,1.22,7.0,1.22,3.07,1.43,14.0,1.95,2.05,3.25,1.4,13.5,1.96,2.11,7.67,1.25,8.6,1.23,2.89,1.35,1.88,1.85,3.17,1.37,1.88,2.01,11.19,13.33,7.57,1.21,7.14,1.15,12.0,11.0,6.5,1.18,6.5,1.17,11.0,11.0,6.5,1.18,6.5,1.18,3.0,8.0,0.0,4.0,1.0,1.0,9.0,12.0,0.0,26.0,11.0,0.0,2.0,1.0
16,5,2023-11-26,Kayserispor,Ad. Demirspor,1,1,0,T1,T1,Kayserispor,Ad. Demirspor,1.0,-0.25,0.0,2.46,1.54,2.39,1.82,2.0,2.49,1.52,2.9,1.87,1.96,3.75,2.23,3.76,2.64,2.4,1.53,2.45,1.83,2.03,2.4,1.53,3.1,1.88,1.98,3.5,2.2,3.5,2.7,2.3,2.8,3.7,2.25,3.75,2.7,2.45,2.95,3.65,2.25,3.65,2.7,2.55,1.58,2.5,1.88,2.09,2.62,1.57,3.2,1.95,2.05,4.0,2.39,4.03,2.8,2.5,1.58,1.88,2.03,2.53,1.57,1.9,2.0,2.47,3.0,3.88,2.29,4.03,2.67,2.38,2.75,3.7,2.15,3.6,2.55,2.3,2.75,3.75,2.15,3.7,2.6,4.0,8.0,0.0,9.0,3.0,3.0,9.0,23.0,0.0,14.0,4.0,1.0,0.0,3.0
16,6,2023-11-26,Antalyaspor,Rizespor,0,0,0,T1,T1,Antalyaspor,Rizespor,1.0,-0.75,-0.5,1.86,1.93,4.36,2.05,1.81,1.97,1.83,5.0,1.98,1.85,3.82,1.66,3.63,1.79,1.88,1.98,4.33,2.05,1.8,2.0,1.85,5.0,2.03,1.83,3.8,1.65,3.6,1.8,4.33,4.75,3.8,1.66,3.6,1.78,4.4,5.0,3.85,1.67,3.65,1.8,1.95,2.01,4.5,2.1,1.86,2.06,1.97,5.6,2.11,1.88,4.0,1.76,3.82,1.87,1.88,2.0,2.05,1.86,2.04,1.86,2.04,1.88,4.5,5.55,3.88,1.68,3.7,1.86,4.33,4.8,3.75,1.62,3.5,1.73,4.5,4.6,3.8,1.62,3.5,1.7,4.0,17.0,0.0,8.0,3.0,5.0,6.0,12.0,0.0,16.0,10.0,0.0,0.0,1.0
16,7,2023-11-26,Samsunspor,Besiktas,1,2,2,T1,T1,Samsunspor,Besiktas,1.0,0.25,0.25,1.96,1.84,2.14,1.85,1.98,1.89,1.91,2.23,1.92,1.9,3.4,3.16,3.47,3.27,1.98,1.88,2.15,1.85,2.0,1.93,1.93,2.25,1.93,1.93,3.3,3.25,3.4,3.3,2.15,2.3,3.3,2.95,3.5,3.1,2.2,2.3,3.4,3.05,3.45,3.25,2.07,1.91,2.22,1.9,2.04,1.97,2.05,2.36,2.02,2.0,3.56,3.56,3.65,3.45,1.99,1.9,1.9,2.01,1.93,1.95,1.95,1.95,2.19,2.27,3.5,3.31,3.56,3.41,2.05,2.15,3.3,3.1,3.4,3.2,2.1,2.15,3.5,2.88,3.5,3.0,5.0,9.0,0.0,16.0,5.0,1.0,9.0,17.0,0.0,13.0,5.0,1.0,1.0,2.0
16,8,2023-11-26,Fenerbahce,Karagumruk,2,1,1,T1,T1,Fenerbahce,Karagumruk,1.0,-1.75,-1.75,2.74,1.43,10.83,1.97,1.86,2.63,1.47,10.77,1.94,1.87,6.44,1.23,6.46,1.23,2.7,1.44,9.5,1.98,1.88,2.6,1.48,9.0,1.93,1.93,6.5,1.25,6.5,1.25,10.5,11.5,6.25,1.23,6.25,1.24,11.0,10.0,6.5,1.25,6.5,1.25,2.88,1.47,12.0,2.04,1.93,2.79,1.5,12.0,2.03,1.99,7.3,1.26,7.2,1.26,2.76,1.47,1.99,1.89,2.65,1.5,1.94,1.94,11.63,11.72,6.7,1.25,6.94,1.24,10.5,11.0,5.75,1.2,6.0,1.2,11.0,11.0,6.0,1.2,6.0,1.2,2.0,17.0,0.0,9.0,2.0,4.0,1.0,20.0,0.0,9.0,3.0,1.0,0.0,5.0
16,9,2023-11-27,Buyuksehyr,Pendikspor,4,1,1,T1,T1,Buyuksehyr,Pendikspor,1.0,-0.5,-0.75,1.91,1.88,4.45,1.83,2.0,1.91,1.87,3.61,1.82,2.02,3.48,2.01,3.69,1.76,1.93,1.93,4.75,1.83,2.03,1.93,1.93,3.6,1.73,2.08,3.3,2.05,3.6,1.73,4.33,3.4,3.5,2.05,3.7,1.75,4.5,4.0,3.55,1.9,3.7,1.77,2.05,1.97,4.8,1.86,2.08,1.99,1.95,4.45,2.11,2.17,3.7,2.16,3.84,1.83,1.93,1.93,1.85,2.04,1.94,1.94,1.77,2.15,4.62,3.58,3.49,2.16,3.78,1.8,4.33,3.25,3.3,2.05,3.5,1.73,4.2,3.2,3.7,1.95,3.75,1.7,4.0,14.0,0.0,12.0,3.0,2.0,7.0,13.0,0.0,10.0,5.0,1.0,1.0,1.0
16,10,2023-11-27,Sivasspor,Trabzonspor,3,3,0,T1,T1,Sivasspor,Trabzonspor,1.0,0.25,0.25,1.89,1.89,2.12,1.83,1.99,1.85,1.94,2.27,1.96,1.86,3.36,3.06,3.39,3.35,1.9,1.95,2.05,1.83,2.03,1.83,2.03,2.25,1.98,1.88,3.4,3.1,3.5,3.3,2.1,2.3,3.3,2.95,3.4,3.3,2.1,2.35,3.4,2.95,3.5,3.35,2.02,1.98,2.22,1.9,2.05,1.93,2.06,2.45,2.02,1.96,3.48,3.42,3.55,3.57,1.88,1.9,1.83,1.97,1.86,2.03,2.0,1.91,2.18,2.33,3.38,3.3,3.35,3.51,2.05,2.2,3.25,3.0,3.3,3.3,2.1,2.2,3.4,2.88,3.4,3.1,2.0,10.0,0.0,13.0,6.0,1.0,5.0,11.0,0.0,17.0,9.0,2.0,2.0,1.0
16,11,2023-11-25,Ein Frankfurt,Stuttgart,1,2,2,D1,D1,Ein Frankfurt,Stuttgart,1.0,0.25,0.0,2.19,1.7,2.6,1.92,1.94,2.0,1.83,2.48,2.1,1.76,3.51,2.84,3.67,2.62,2.1,1.73,2.6,1.93,2.0,1.97,1.93,2.4,2.08,1.73,3.5,2.88,3.6,2.6,2.55,2.5,3.4,2.7,3.5,2.6,2.6,2.45,3.5,2.8,3.6,2.55,2.32,1.74,2.65,1.95,2.0,2.1,1.95,2.6,2.16,1.81,3.66,3.05,3.82,2.68,2.22,1.71,1.93,1.97,1.99,1.81,2.15,1.78,2.6,2.5,3.52,2.89,3.7,2.65,2.55,2.45,3.5,2.8,3.6,2.63,2.45,2.4,3.6,2.62,3.6,2.6,2.0,8.0,0.0,11.0,5.0,1.0,4.0,14.0,0.0,14.0,1.0,2.0,1.0,0.0
16,12,2023-11-25,Man City,Liverpool,1,1,0,E0,E0,Man City,Liverpool,1.0,-0.75,-0.75,2.62,1.5,4.29,1.94,1.92,2.61,1.49,4.54,1.98,1.87,4.31,1.71,4.31,1.75,2.6,1.48,4.2,1.96,1.97,2.6,1.48,4.33,2.05,1.88,4.2,1.7,4.2,1.73,4.2,4.33,4.2,1.71,4.2,1.72,4.1,4.4,4.2,1.7,4.2,1.75,2.75,1.53,4.51,2.0,2.01,2.79,1.58,4.9,2.06,1.97,4.6,1.83,4.5,1.8,2.59,1.53,1.95,1.95,2.71,1.5,2.04,1.88,4.24,4.61,4.42,1.7,4.37,1.75,4.4,4.75,4.2,1.67,4.0,1.7,4.2,4.4,4.2,1.65,4.33,1.65,6.0,11.0,0.0,8.0,3.0,3.0,9.0,9.0,0.0,16.0,5.0,0.0,1.0,1.0
16,13,2023-11-25,Newcastle,Chelsea,4,1,1,E0,E0,Newcastle,Chelsea,1.0,0.0,0.0,2.01,1.84,2.68,1.96,1.91,2.12,1.74,2.59,1.9,1.96,3.54,2.68,3.5,2.62,2.04,1.86,2.63,2.0,1.93,2.1,1.7,2.5,1.88,2.05,3.6,2.63,3.5,2.55,2.65,2.55,3.5,2.6,3.5,2.5,2.6,2.6,3.55,2.6,3.5,2.6,2.07,1.9,2.76,2.03,1.94,2.21,1.83,2.76,2.02,2.07,3.74,2.78,3.66,2.72,2.04,1.85,1.98,1.93,2.15,1.77,2.02,1.9,2.73,2.76,3.55,2.6,3.46,2.65,2.63,2.5,3.5,2.7,3.4,2.55,2.6,2.6,3.5,2.5,3.5,2.45,2.0,19.0,1.0,7.0,4.0,4.0,4.0,13.0,0.0,14.0,5.0,1.0,1.0,4.0
16,14,2023-11-25,Atalanta,Napoli,1,2,2,I1,I1,Atalanta,Napoli,1.0,0.0,0.0,2.02,1.81,2.66,1.92,1.95,2.05,1.79,2.8,2.05,1.83,3.43,2.55,3.43,2.68,2.02,1.88,2.63,1.94,1.99,2.05,1.75,2.8,2.14,1.8,3.5,2.4,3.4,2.7,2.55,2.75,3.3,2.5,3.5,2.6,2.65,2.8,3.4,2.55,3.4,2.65,2.07,1.89,2.73,1.95,1.99,2.13,1.86,2.95,2.14,1.95,3.58,2.76,3.66,2.77,2.03,1.87,1.93,1.97,2.1,1.81,2.13,1.82,2.68,2.94,3.42,2.53,3.42,2.72,2.63,2.8,3.3,2.5,3.25,2.7,2.6,2.75,3.3,2.45,3.4,2.5,4.0,9.0,0.0,11.0,4.0,2.0,5.0,15.0,0.0,16.0,5.0,1.0,0.0,2.0
16,15,2023-11-26,Juventus,Inter,1,1,0,I1,I1,Juventus,Inter,1.0,0.25,0.25,1.74,2.13,2.28,1.92,1.92,1.64,2.3,2.28,1.92,1.92,3.17,3.45,3.26,3.38,1.7,2.1,2.25,1.97,1.96,1.62,2.25,2.25,1.96,1.97,3.2,3.4,3.25,3.3,2.2,2.25,3.1,3.4,3.3,3.3,2.3,2.25,3.2,3.4,3.25,3.25,1.8,2.23,2.38,1.97,1.98,1.69,2.43,2.34,1.97,1.99,3.35,3.62,3.36,3.54,1.76,2.15,1.96,1.94,1.65,2.36,1.96,1.96,2.29,2.31,3.16,3.6,3.21,3.5,2.15,2.25,3.0,3.5,3.0,3.3,2.15,2.2,3.2,3.3,3.25,3.3,0.0,13.0,0.0,8.0,4.0,1.0,1.0,12.0,0.0,4.0,1.0,1.0,1.0,2.0
17,1,2023-12-01,Hatayspor,Antalyaspor,3,3,0,T1,T1,Hatayspor,Antalyaspor,1.0,0.25,0.25,1.79,2.0,2.37,2.03,1.79,1.81,1.98,2.29,1.95,1.87,3.32,3.12,3.32,2.98,1.8,2.05,2.3,2.05,1.8,1.83,2.03,2.25,1.93,1.93,3.3,3.2,3.25,3.1,2.4,2.3,3.25,3.0,3.25,2.87,2.4,2.3,3.3,3.15,3.25,3.05,1.85,2.08,2.46,2.12,1.83,1.9,2.07,2.43,2.04,1.98,3.5,3.5,3.5,3.12,1.83,2.07,2.09,1.83,1.83,2.07,1.93,1.98,2.44,2.25,3.39,3.47,3.4,3.08,2.3,2.2,3.25,3.0,3.2,2.88,2.25,2.15,3.5,2.88,3.5,2.75,5.0,5.0,0.0,13.0,7.0,2.0,6.0,14.0,0.0,14.0,8.0,1.0,1.0,2.0
17,2,2023-12-01,Karagumruk,Istanbulspor,3,0,1,T1,T1,Karagumruk,Istanbulspor,1.0,-0.75,-0.75,1.88,1.91,5.1,1.96,1.86,1.88,1.91,5.26,1.99,1.83,3.83,1.64,3.8,1.66,1.88,1.98,5.25,1.98,1.88,1.85,2.0,5.0,1.93,1.93,3.6,1.67,3.75,1.65,5.25,5.25,3.8,1.6,3.7,1.65,5.25,5.25,3.75,1.67,3.8,1.65,1.98,2.02,5.4,2.05,1.92,1.95,2.05,6.27,2.17,1.97,4.0,1.75,3.99,1.72,1.91,1.97,2.0,1.9,1.88,2.0,1.97,1.93,5.36,5.26,3.86,1.72,3.89,1.7,5.0,5.25,3.7,1.57,3.6,1.62,4.75,5.0,3.8,1.57,3.8,1.6,5.0,9.0,0.0,6.0,0.0,1.0,3.0,12.0,0.0,15.0,5.0,0.0,1.0,3.0
17,3,2023-12-02,Alanyaspor,Konyaspor,2,2,0,T1,T1,Alanyaspor,Konyaspor,1.0,0.0,-0.25,1.82,1.97,3.02,1.83,1.99,1.81,1.97,2.68,1.93,1.89,3.32,2.59,3.36,2.31,1.85,2.0,3.0,1.85,2.0,1.83,2.03,2.63,1.95,1.9,3.3,2.6,3.3,2.3,2.9,2.6,3.25,2.6,3.3,2.3,3.05,2.65,3.35,2.65,3.35,2.35,1.92,2.08,3.25,1.9,2.07,1.9,2.26,3.2,2.0,2.06,3.5,2.97,3.5,2.47,1.79,2.03,1.86,1.96,1.85,2.04,1.97,1.93,3.15,2.75,3.41,2.7,3.36,2.27,2.9,2.5,3.2,2.6,3.25,2.25,2.8,2.5,3.5,2.45,3.4,2.25,6.0,20.0,0.0,13.0,6.0,2.0,4.0,10.0,0.0,19.0,5.0,1.0,2.0,2.0
17,4,2023-12-02,Rizespor,Buyuksehyr,3,2,1,T1,T1,Rizespor,Buyuksehyr,1.0,0.0,-0.25,1.8,2.0,2.91,1.77,2.07,1.8,1.99,2.84,2.06,1.78,3.32,2.46,3.33,2.4,1.78,2.1,2.88,1.78,2.1,1.83,2.03,2.8,2.1,1.78,3.4,2.4,3.4,2.38,2.8,2.85,3.25,2.4,3.25,2.4,2.9,2.85,3.35,2.45,3.4,2.4,1.9,2.16,3.13,1.82,2.16,1.9,2.13,3.01,2.13,1.84,3.5,2.61,3.5,2.5,1.79,2.1,1.79,2.14,1.85,2.05,2.11,1.81,3.05,2.97,3.33,2.56,3.34,2.5,2.88,2.75,3.2,2.38,3.2,2.3,2.7,2.62,3.4,2.38,3.4,2.3,5.0,13.0,0.0,16.0,9.0,3.0,6.0,10.0,0.0,19.0,7.0,2.0,2.0,2.0
17,5,2023-12-02,Ad. Demirspor,Samsunspor,2,3,2,T1,T1,Ad. Demirspor,Samsunspor,1.0,-0.75,-0.75,2.49,1.52,4.24,1.93,1.88,2.2,1.66,4.07,1.81,2.03,3.84,1.8,4.24,1.7,2.4,1.53,4.25,1.95,1.9,2.15,1.67,4.0,1.8,2.0,4.0,1.8,4.2,1.7,4.2,4.0,3.75,1.8,4.1,1.7,4.3,3.95,3.9,1.83,4.2,1.7,2.62,1.57,4.51,1.99,1.96,2.35,1.8,4.49,1.88,2.1,4.07,1.89,4.6,1.75,2.54,1.56,1.97,1.93,2.22,1.71,1.86,2.05,4.34,4.49,3.9,1.82,4.44,1.74,4.2,3.9,3.7,1.75,3.9,1.67,4.2,3.7,4.0,1.73,4.2,1.62,4.0,13.0,0.0,11.0,6.0,2.0,7.0,9.0,0.0,11.0,4.0,2.0,1.0,2.0
17,6,2023-12-02,Pendikspor,Galatasaray,0,2,2,T1,T1,Pendikspor,Galatasaray,1.0,1.5,1.5,2.78,1.42,1.31,1.88,1.95,2.96,1.38,1.29,1.81,2.02,5.82,8.81,5.61,8.52,2.7,1.44,1.33,1.88,1.98,3.1,1.36,1.3,1.78,2.03,5.75,8.0,5.5,7.5,1.32,1.31,5.5,8.0,5.5,8.0,1.33,1.3,6.0,8.5,5.5,8.0,2.93,1.47,1.35,1.93,2.01,3.1,1.45,1.33,1.9,2.1,6.31,10.0,6.01,10.5,2.86,1.45,1.89,2.01,3.09,1.39,1.8,2.09,1.32,1.28,6.31,9.94,6.01,9.28,1.29,1.25,5.5,9.0,5.25,8.0,1.29,1.25,5.5,8.5,5.5,7.5,6.0,11.0,0.0,18.0,6.0,3.0,2.0,8.0,0.0,9.0,0.0,0.0,0.0,2.0
17,7,2023-12-03,Kasimpasa,Gaziantep,4,2,1,T1,T1,Kasimpasa,Gaziantep,1.0,-0.25,-0.25,2.07,1.75,3.1,1.91,1.92,2.03,1.76,3.08,1.87,1.95,3.41,2.25,3.52,2.21,2.05,1.75,3.1,1.93,1.93,2.05,1.75,3.1,1.85,2.0,3.4,2.25,3.5,2.2,3.1,3.0,3.4,2.25,3.5,2.15,3.1,3.1,3.4,2.25,3.55,2.2,2.2,1.81,3.22,1.98,1.99,2.13,1.88,3.38,1.97,2.04,3.6,2.39,3.73,2.33,2.09,1.81,1.92,1.99,2.07,1.82,1.88,2.03,3.22,3.15,3.5,2.36,3.53,2.31,3.0,2.88,3.4,2.2,3.4,2.15,2.9,2.9,3.6,2.1,3.6,2.1,6.0,13.0,0.0,15.0,4.0,5.0,5.0,19.0,1.0,24.0,7.0,0.0,3.0,5.0
17,8,2023-12-03,Trabzonspor,Kayserispor,0,1,2,T1,T1,Trabzonspor,Kayserispor,1.0,-1.0,-0.75,2.14,1.7,4.31,1.86,1.97,2.28,1.62,5.09,1.82,2.02,4.14,1.61,3.83,1.76,2.1,1.7,4.33,1.88,1.98,2.3,1.6,5.25,1.85,2.0,4.2,1.6,3.8,1.75,4.2,4.8,4.0,1.62,3.7,1.77,4.3,5.25,4.2,1.6,3.85,1.77,2.22,1.75,4.6,1.9,2.06,2.39,1.67,5.72,1.9,2.12,4.35,1.67,4.06,1.83,2.19,1.74,1.88,2.02,2.38,1.63,1.88,2.03,4.58,5.69,4.29,1.61,3.92,1.79,4.1,5.0,4.0,1.55,3.7,1.73,4.0,4.75,4.0,1.57,3.75,1.73,2.0,15.0,0.0,9.0,4.0,2.0,4.0,7.0,0.0,15.0,2.0,0.0,0.0,3.0
17,9,2023-12-03,Ankaragucu,Besiktas,1,1,0,T1,T1,Ankaragucu,Besiktas,1.0,0.25,0.25,2.03,1.78,2.09,1.82,2.0,2.01,1.79,2.16,1.88,1.94,3.49,3.2,3.53,3.35,2.0,1.8,2.05,1.85,2.0,2.0,1.8,2.15,1.88,1.98,3.4,3.25,3.5,3.4,2.05,2.2,3.5,3.0,3.5,3.3,2.1,2.2,3.5,3.15,3.55,3.4,2.18,1.89,2.19,1.9,2.06,2.12,1.89,2.27,1.94,2.08,3.65,3.56,3.7,3.53,2.02,1.88,1.87,2.04,2.05,1.83,1.88,2.02,2.16,2.18,3.65,3.39,3.61,3.47,2.05,2.1,3.4,3.1,3.4,3.2,2.0,2.1,3.6,2.9,3.5,3.2,5.0,10.0,0.0,9.0,4.0,1.0,1.0,19.0,0.0,11.0,4.0,0.0,1.0,1.0
17,10,2023-12-04,Fenerbahce,Sivasspor,4,1,1,T1,T1,Fenerbahce,Sivasspor,1.0,-2.0,-1.75,2.83,1.41,11.01,1.97,1.85,2.87,1.4,12.15,1.85,1.98,6.84,1.2,6.5,1.22,2.88,1.4,10.0,1.98,1.88,3.1,1.36,10.0,1.9,1.95,7.0,1.2,6.0,1.25,10.5,11.5,6.75,1.21,6.25,1.24,11.0,12.0,6.5,1.22,6.25,1.25,3.0,1.47,12.3,2.04,1.95,3.13,1.5,15.12,1.93,2.19,7.74,1.26,7.3,1.26,2.96,1.41,2.01,1.86,3.13,1.37,1.93,1.95,11.81,15.12,7.74,1.19,6.95,1.23,10.5,12.0,6.5,1.17,6.0,1.2,11.0,12.0,6.5,1.17,6.5,1.18,2.0,12.0,0.0,9.0,3.0,1.0,4.0,18.0,0.0,8.0,5.0,0.0,2.0,1.0
17,11,2023-12-03,Leverkusen,Dortmund,1,1,0,D1,D1,Leverkusen,Dortmund,1.0,-1.0,-0.75,3.07,1.38,4.57,2.04,1.81,2.83,1.43,4.87,1.85,2.01,4.47,1.63,4.5,1.67,3.2,1.36,4.75,2.03,1.78,2.75,1.44,5.0,1.89,2.04,4.5,1.6,4.5,1.62,4.6,4.8,4.33,1.61,4.2,1.66,4.2,4.2,4.4,1.7,4.4,1.7,3.22,1.4,4.75,2.08,1.88,3.0,1.48,5.3,1.94,2.1,4.65,1.7,4.75,1.73,3.07,1.4,2.06,1.85,2.82,1.46,1.88,2.04,4.59,4.93,4.55,1.65,4.46,1.68,4.4,4.8,4.5,1.62,4.5,1.67,4.4,4.6,4.5,1.57,4.4,1.6,1.0,12.0,0.0,6.0,2.0,2.0,16.0,12.0,0.0,22.0,6.0,1.0,0.0,3.0
17,12,2023-12-02,Newcastle,Man United,1,0,1,E0,E0,Newcastle,Man United,1.0,-0.5,-0.5,2.19,1.71,3.84,1.94,1.93,2.15,1.73,3.68,1.88,2.0,3.76,2.0,3.84,1.94,2.15,1.67,3.8,1.98,1.95,2.08,1.73,3.6,1.92,2.01,3.75,1.95,3.75,1.91,3.7,3.5,3.7,2.0,3.75,1.9,3.7,3.65,3.75,1.95,3.75,1.95,2.32,1.75,4.05,2.03,1.97,2.34,1.81,3.95,1.93,2.07,3.92,2.08,4.01,2.0,2.21,1.72,2.0,1.91,2.16,1.77,1.92,2.01,4.0,3.79,3.78,2.0,3.87,1.9,3.8,3.75,3.7,1.95,3.6,1.9,3.7,3.6,3.75,1.91,3.8,1.85,3.0,13.0,0.0,8.0,1.0,2.0,7.0,6.0,0.0,22.0,4.0,0.0,0.0,1.0
17,13,2023-12-03,Man City,Tottenham,3,3,0,E0,E0,Man City,Tottenham,1.0,-2.0,-1.75,3.14,1.36,9.27,1.9,1.95,3.47,1.32,10.56,1.82,2.06,6.97,1.25,6.18,1.3,3.1,1.36,9.0,1.94,1.99,3.6,1.29,10.0,1.82,2.11,6.5,1.25,6.0,1.29,8.75,10.0,6.75,1.25,6.0,1.3,8.75,9.5,6.25,1.27,6.25,1.3,3.33,1.38,10.5,2.0,2.03,3.65,1.35,11.5,1.89,2.12,7.6,1.29,6.5,1.34,3.22,1.36,1.97,1.92,3.52,1.32,1.82,2.07,9.75,10.75,7.6,1.23,6.42,1.27,9.5,11.0,7.0,1.22,6.0,1.25,9.0,11.0,6.5,1.2,6.0,1.25,8.0,14.0,0.0,8.0,4.0,4.0,10.0,14.0,0.0,18.0,4.0,1.0,2.0,4.0
17,14,2023-12-03,Barcelona,Ath Madrid,1,0,1,SP1,SP1,Barcelona,Ath Madrid,1.0,-0.5,-0.5,2.1,1.76,3.6,1.84,2.03,2.22,1.67,3.78,1.92,1.93,3.82,1.94,3.7,2.03,2.08,1.73,3.5,1.88,2.05,2.2,1.65,3.75,1.98,1.95,4.0,1.91,3.75,2.0,3.6,3.7,3.75,1.93,3.6,2.0,3.55,3.6,3.65,2.0,3.65,2.0,2.15,1.86,3.78,1.88,2.07,2.36,1.79,4.1,2.0,2.0,4.04,2.01,3.84,2.1,2.11,1.79,1.85,2.06,2.31,1.68,1.96,1.93,3.57,3.83,3.92,1.95,3.76,2.05,3.5,3.75,3.9,1.9,3.6,2.05,3.5,3.5,3.75,1.91,3.7,1.95,2.0,12.0,0.0,9.0,4.0,4.0,7.0,17.0,0.0,13.0,2.0,0.0,1.0,5.0
17,15,2023-12-03,Napoli,Inter,0,3,2,I1,I1,Napoli,Inter,1.0,0.25,0.25,2.06,1.79,2.44,2.07,1.78,2.06,1.79,2.4,2.05,1.81,3.46,2.97,3.49,2.89,2.05,1.75,2.4,2.13,1.81,2.05,1.75,2.3,2.08,1.85,3.4,2.88,3.5,2.8,2.4,2.37,3.4,2.87,3.4,2.85,2.45,2.4,3.45,2.9,3.45,2.85,2.15,1.88,2.53,2.13,1.81,2.15,1.86,2.49,2.11,1.9,3.58,3.23,3.66,3.0,2.07,1.82,2.12,1.81,2.11,1.8,2.07,1.86,2.44,2.38,3.56,3.06,3.51,2.95,2.3,2.3,3.3,3.1,3.13,2.88,2.38,2.38,3.4,2.8,3.4,2.75,4.0,13.0,0.0,11.0,4.0,2.0,6.0,2.0,0.0,15.0,4.0,1.0,0.0,2.0
18,1,2023-12-08,Galatasaray,Ad. Demirspor,3,1,1,T1,T1,Galatasaray,Ad. Demirspor,1.0,-1.75,-1.75,3.5,1.28,8.93,1.92,1.9,3.5,1.29,9.0,1.91,1.91,6.21,1.27,6.24,1.27,3.5,1.3,8.5,1.93,1.93,3.5,1.3,8.5,1.9,1.95,5.75,1.29,5.75,1.29,8.75,8.25,6.25,1.28,6.25,1.27,8.0,8.0,6.0,1.3,6.0,1.3,3.74,1.32,10.0,1.98,2.0,3.72,1.33,10.1,2.0,1.99,6.9,1.3,6.8,1.3,3.57,1.31,1.93,1.95,3.56,1.31,1.94,1.94,9.99,10.1,6.71,1.27,6.64,1.27,8.5,8.5,5.75,1.25,5.75,1.25,8.5,8.5,6.5,1.22,6.5,1.22,4.0,9.0,0.0,13.0,5.0,0.0,7.0,15.0,0.0,22.0,7.0,1.0,2.0,2.0
18,2,2023-12-09,Samsunspor,Kasimpasa,4,2,1,T1,T1,Samsunspor,Kasimpasa,1.0,-0.5,-0.25,2.06,1.74,3.28,2.02,1.8,2.35,1.58,3.9,2.02,1.82,3.95,1.81,3.62,2.07,2.08,1.73,3.4,2.03,1.83,2.35,1.57,3.8,2.03,1.78,4.0,1.83,3.6,2.05,3.2,3.9,3.9,1.8,3.6,2.1,3.3,3.85,3.95,1.83,3.6,2.1,2.14,1.83,3.47,2.09,1.87,2.44,1.64,4.1,2.12,1.9,4.13,1.9,3.82,2.13,2.08,1.74,1.99,1.83,2.44,1.61,2.08,1.84,3.23,4.08,4.13,1.84,3.71,2.1,3.2,3.8,3.8,1.75,3.5,2.0,3.1,3.8,3.8,1.75,3.6,2.05,4.0,9.0,0.0,13.0,6.0,0.0,3.0,15.0,0.0,12.0,7.0,0.0,2.0,1.0
18,3,2023-12-09,Besiktas,Fenerbahce,1,3,2,T1,T1,Besiktas,Fenerbahce,1.0,0.5,0.5,2.02,1.78,1.88,1.88,1.94,2.04,1.77,1.83,1.84,2.0,3.72,4.08,3.65,3.88,2.05,1.75,1.85,1.88,1.98,2.0,1.8,1.8,1.8,2.05,3.6,4.33,3.6,4.0,1.87,1.85,3.7,3.9,3.6,3.9,1.9,1.85,3.65,4.1,3.6,3.95,2.11,1.84,1.95,1.91,2.02,2.14,1.84,1.9,1.89,2.09,3.94,4.45,3.85,4.01,2.02,1.78,1.89,1.93,2.07,1.81,1.84,2.08,1.89,1.84,3.92,4.33,3.61,3.95,1.83,1.75,3.6,4.1,3.5,3.75,1.85,1.8,3.7,3.75,3.7,3.5,6.0,13.0,0.0,23.0,10.0,4.0,1.0,18.0,0.0,4.0,1.0,1.0,1.0,5.0
18,4,2023-12-09,Antalyaspor,Karagumruk,2,1,1,T1,T1,Antalyaspor,Karagumruk,1.0,-0.5,-0.5,1.8,1.99,4.14,1.99,1.85,1.81,1.98,3.99,1.93,1.9,3.53,1.9,3.6,1.84,1.83,2.03,4.0,2.0,1.85,1.85,2.0,4.0,1.95,1.9,3.75,1.85,3.6,1.85,4.0,3.8,3.4,1.93,3.5,1.85,4.1,4.0,3.6,1.9,3.6,1.9,1.87,2.05,4.4,2.07,1.9,1.92,2.07,4.3,2.0,1.96,3.83,1.97,3.81,1.91,1.85,2.05,2.07,1.85,1.85,2.05,1.97,1.93,4.4,4.23,3.62,1.93,3.81,1.85,4.1,3.9,3.4,1.83,3.4,1.8,4.0,4.0,3.5,1.8,3.6,1.75,4.0,17.0,0.0,11.0,2.0,7.0,2.0,15.0,1.0,2.0,2.0,1.0,2.0,4.0
18,5,2023-12-10,Istanbulspor,Alanyaspor,0,1,2,T1,T1,Istanbulspor,Alanyaspor,1.0,0.25,0.0,1.88,1.91,2.56,1.88,1.95,1.95,1.84,2.26,1.96,1.88,3.48,3.04,3.39,2.65,1.9,1.95,2.55,1.88,1.98,2.0,1.85,2.15,1.88,1.98,3.5,3.2,3.4,2.63,2.6,2.25,3.4,2.95,3.4,2.55,2.55,2.25,3.5,3.1,3.4,2.7,1.96,1.98,2.63,1.93,2.01,2.09,1.94,2.6,2.17,2.0,3.7,3.4,3.52,2.77,1.94,1.94,1.91,2.0,2.03,1.86,1.9,2.0,2.63,2.19,3.7,3.32,3.5,2.76,2.5,2.15,3.4,3.0,3.25,2.6,2.5,2.15,3.4,3.0,3.4,2.5,9.0,10.0,0.0,18.0,7.0,2.0,1.0,23.0,0.0,11.0,2.0,0.0,0.0,1.0
18,6,2023-12-10,Buyuksehyr,Hatayspor,1,0,1,T1,T1,Buyuksehyr,Hatayspor,1.0,-0.5,-0.5,1.86,1.93,3.83,1.89,1.94,1.9,1.89,3.93,1.91,1.92,3.52,1.91,3.54,1.93,1.88,1.98,4.0,1.9,1.95,1.95,1.9,4.2,1.93,1.93,3.5,1.85,3.5,1.91,3.75,3.7,3.5,1.93,3.6,1.9,3.85,3.9,3.55,1.9,3.55,1.95,1.95,2.01,4.06,1.95,2.0,2.02,2.06,4.31,2.0,1.98,3.68,1.99,3.73,1.99,1.88,2.01,1.91,1.99,1.96,1.93,2.0,1.91,4.06,4.31,3.65,1.91,3.56,1.99,3.75,3.8,3.4,1.85,3.4,1.87,3.75,3.75,3.6,1.83,3.6,1.83,7.0,18.0,0.0,16.0,3.0,3.0,1.0,19.0,1.0,9.0,4.0,0.0,1.0,3.0
18,7,2023-12-10,Kayserispor,Pendikspor,2,0,1,T1,T1,Kayserispor,Pendikspor,1.0,-0.75,-0.5,2.18,1.67,3.82,1.95,1.88,2.33,1.59,4.65,1.98,1.84,4.05,1.66,3.76,1.87,2.15,1.67,4.0,2.0,1.85,2.35,1.57,5.0,2.03,1.83,4.0,1.65,3.6,1.85,3.7,4.33,4.0,1.7,3.75,1.87,3.75,4.6,4.1,1.67,3.7,1.9,2.29,1.72,4.05,2.02,1.95,2.42,1.66,5.42,2.11,1.89,4.25,1.72,3.97,1.94,2.26,1.69,2.02,1.89,2.42,1.61,2.03,1.88,4.05,4.9,4.23,1.69,3.93,1.89,3.75,4.6,4.0,1.6,3.6,1.8,3.6,4.4,4.0,1.62,3.7,1.83,5.0,9.0,0.0,11.0,4.0,1.0,4.0,9.0,0.0,11.0,5.0,0.0,0.0,0.0
18,8,2023-12-10,Gaziantep,Trabzonspor,1,3,2,T1,T1,Gaziantep,Trabzonspor,1.0,0.5,0.25,1.89,1.89,2.32,1.99,1.82,1.9,1.89,2.05,2.06,1.8,3.4,3.59,3.33,3.02,1.88,1.98,2.38,2.0,1.85,1.9,1.95,2.0,2.03,1.83,3.25,3.75,3.1,3.1,2.35,2.0,3.4,3.5,3.4,2.8,2.4,2.05,3.4,3.6,3.3,3.0,1.94,1.98,2.43,2.06,1.88,2.0,1.95,2.18,2.17,1.88,3.58,4.14,3.56,3.23,1.94,1.94,2.03,1.88,1.96,1.93,2.04,1.87,2.39,2.04,3.51,3.92,3.34,3.23,2.25,1.95,3.4,3.5,3.25,2.9,2.25,1.95,3.5,3.4,3.4,2.8,3.0,11.0,0.0,20.0,11.0,2.0,2.0,6.0,0.0,8.0,4.0,0.0,0.0,1.0
18,9,2023-12-11,Ankaragucu,Rizespor,1,1,0,T1,T1,Ankaragucu,Rizespor,1.0,-0.5,-0.25,1.87,1.92,3.46,2.05,1.78,2.04,1.77,3.53,1.82,2.04,3.53,2.02,3.45,2.06,1.88,1.98,3.5,2.05,1.8,2.08,1.73,3.5,1.83,2.03,3.6,2.0,3.5,2.05,3.4,3.4,3.5,2.0,3.4,2.05,3.5,3.45,3.6,2.05,3.45,2.1,1.96,2.0,3.71,2.12,1.85,2.16,1.92,3.84,1.88,2.1,3.69,2.11,3.66,2.17,1.9,1.97,2.08,1.82,2.12,1.78,1.87,2.04,3.71,3.8,3.62,2.04,3.41,2.12,3.4,3.4,3.5,1.95,3.3,2.0,3.3,3.4,3.5,1.95,3.4,2.0,1.0,19.0,1.0,13.0,2.0,6.0,2.0,11.0,1.0,15.0,7.0,0.0,1.0,4.0
18,10,2023-12-11,Konyaspor,Sivasspor,0,1,2,T1,T1,Konyaspor,Sivasspor,1.0,-0.25,-0.25,1.89,1.89,3.33,2.0,1.83,1.8,2.0,3.61,2.08,1.77,3.41,2.04,3.43,2.12,1.9,1.95,3.2,2.03,1.83,1.75,2.05,3.5,2.05,1.75,3.5,2.05,3.5,2.15,3.2,3.5,3.3,2.05,3.4,2.15,3.25,3.45,3.5,2.1,3.5,2.15,1.98,1.97,3.64,2.07,1.9,1.9,2.12,3.95,2.19,1.86,3.58,2.22,3.62,2.19,1.9,1.97,2.06,1.84,1.83,2.07,2.13,1.78,3.64,3.9,3.41,2.09,3.43,2.14,3.25,3.5,3.25,2.0,3.3,2.05,3.1,3.4,3.5,1.95,3.5,2.05,2.0,13.0,0.0,10.0,3.0,4.0,7.0,8.0,0.0,13.0,1.0,1.0,0.0,3.0
18,11,2023-12-09,Dortmund,RB Leipzig,2,3,2,D1,D1,Dortmund,RB Leipzig,1.0,0.0,0.0,2.81,1.43,2.54,1.92,1.94,2.79,1.44,2.48,1.86,2.01,3.83,2.65,3.89,2.55,2.75,1.44,2.55,1.95,1.95,2.75,1.44,2.4,1.89,2.04,4.0,2.6,3.6,2.6,2.5,2.4,3.75,2.65,3.9,2.5,2.6,2.45,3.75,2.65,3.55,2.6,2.95,1.47,2.8,1.97,2.0,3.0,1.48,2.8,1.94,2.07,4.08,2.81,4.11,2.65,2.78,1.47,1.94,1.96,2.85,1.47,1.89,2.04,2.57,2.5,3.9,2.69,3.87,2.59,2.55,2.45,3.9,2.6,3.8,2.55,2.45,2.45,3.8,2.45,4.0,2.4,6.0,11.0,0.0,24.0,8.0,3.0,6.0,6.0,1.0,18.0,6.0,1.0,1.0,1.0
18,12,2023-12-09,Aston Villa,Arsenal,1,0,1,E0,E0,Aston Villa,Arsenal,1.0,0.5,0.25,2.15,1.72,2.11,1.82,2.03,2.12,1.75,2.03,2.02,1.86,3.72,3.62,3.66,3.41,2.1,1.7,2.1,1.85,2.05,2.08,1.73,2.0,2.03,1.9,3.75,3.6,3.6,3.3,2.05,2.0,3.6,3.5,3.7,3.4,2.15,2.0,3.65,3.55,3.6,3.25,2.21,1.79,2.17,1.87,2.09,2.21,1.86,2.12,2.07,1.91,3.89,3.8,3.84,3.55,2.16,1.75,1.85,2.06,2.17,1.76,2.03,1.9,2.12,2.02,3.87,3.65,3.69,3.43,2.05,2.0,3.6,3.7,3.5,3.3,2.0,1.95,3.7,3.4,3.75,3.2,3.0,11.0,0.0,12.0,5.0,2.0,3.0,16.0,0.0,10.0,3.0,0.0,1.0,4.0
18,13,2023-12-10,Tottenham,Newcastle,4,1,1,E0,E0,Tottenham,Newcastle,1.0,-0.25,-0.25,2.49,1.53,3.05,1.92,1.92,2.62,1.5,3.34,2.06,1.81,3.88,2.08,3.84,2.2,2.4,1.53,3.1,1.95,1.95,2.5,1.5,3.4,2.08,1.73,3.75,2.0,3.8,2.15,3.0,3.25,3.8,2.05,3.8,2.15,3.0,3.4,3.7,2.05,3.8,2.2,2.57,1.57,3.22,1.98,1.96,2.85,1.55,3.5,2.16,1.89,4.12,2.16,3.99,2.3,2.55,1.56,1.94,1.96,2.65,1.52,2.12,1.81,3.08,3.41,4.0,2.06,3.84,2.23,3.0,3.4,3.9,2.0,3.6,2.15,2.88,3.1,3.9,2.0,3.8,2.15,6.0,12.0,0.0,9.0,3.0,3.0,3.0,10.0,0.0,23.0,12.0,0.0,2.0,1.0
18,14,2023-12-10,Barcelona,Girona,2,4,2,SP1,SP1,Barcelona,Girona,1.0,-1.25,-1.0,2.64,1.48,5.6,2.05,1.82,3.15,1.37,5.93,1.91,1.94,5.09,1.48,4.79,1.53,2.6,1.48,5.5,2.08,1.82,3.4,1.33,5.5,2.0,1.9,5.25,1.45,5.0,1.53,5.5,5.75,5.0,1.47,4.5,1.53,5.5,5.25,5.0,1.5,4.7,1.53,2.75,1.53,6.05,2.11,1.89,3.4,1.42,6.5,2.04,2.03,5.5,1.59,5.0,1.59,2.71,1.49,2.09,1.83,3.25,1.37,2.0,1.93,5.7,6.27,5.35,1.46,4.9,1.52,6.0,6.5,4.8,1.45,4.6,1.5,5.5,5.8,5.0,1.4,4.75,1.44,3.0,10.0,0.0,15.0,7.0,2.0,8.0,7.0,0.0,31.0,11.0,2.0,1.0,1.0
18,15,2023-12-08,Juventus,Napoli,1,0,1,I1,I1,Juventus,Napoli,1.0,-0.25,-0.25,1.74,2.12,3.3,1.9,1.95,1.71,2.16,3.39,1.93,1.92,3.25,2.28,3.26,2.31,1.7,2.1,3.25,1.95,1.98,1.67,2.15,3.4,1.98,1.95,3.3,2.2,3.25,2.25,3.2,3.4,3.2,2.2,3.1,2.3,3.3,3.35,3.25,2.25,3.25,2.3,1.8,2.2,3.45,1.97,2.0,1.78,2.23,3.71,2.01,1.97,3.37,2.5,3.42,2.5,1.76,2.17,1.93,1.98,1.72,2.23,1.96,1.96,3.4,3.47,3.29,2.29,3.32,2.31,3.4,3.4,3.1,2.25,3.1,2.25,3.1,3.1,3.2,2.25,3.2,2.25,6.0,12.0,0.0,13.0,1.0,4.0,3.0,11.0,0.0,11.0,2.0,0.0,0.0,2.0
20,1,2023-12-16,RB Leipzig,Hoffenheim,3,1,1,D1,D1,RB Leipzig,Hoffenheim,1.0,-1.5,-1.25,3.1,1.37,6.14,1.94,1.91,3.29,1.34,8.1,2.0,1.87,5.86,1.34,5.21,1.45,3.2,1.36,6.0,1.99,1.94,3.4,1.33,8.0,2.06,1.87,5.75,1.33,5.0,1.45,5.75,8.0,5.75,1.32,5.0,1.46,6.0,7.0,5.5,1.37,5.25,1.45,3.22,1.4,6.8,1.99,1.97,3.45,1.38,9.2,2.09,1.95,6.55,1.65,5.6,1.48,3.15,1.38,1.99,1.92,3.29,1.36,2.06,1.87,6.22,8.64,6.1,1.33,5.3,1.45,6.0,9.0,6.0,1.3,5.25,1.44,6.0,8.5,5.5,1.29,5.5,1.4,2.0,9.0,0.0,10.0,4.0,2.0,9.0,11.0,0.0,23.0,11.0,1.0,1.0,3.0
20,2,2023-12-17,Freiburg,FC Koln,2,0,1,D1,D1,Freiburg,FC Koln,1.0,-0.5,-0.5,1.96,1.87,4.36,2.04,1.82,1.92,1.91,4.13,1.96,1.91,3.68,1.9,3.77,1.83,1.99,1.91,4.2,2.03,1.78,1.95,1.95,4.2,1.98,1.95,3.6,1.85,3.8,1.8,4.1,4.1,3.6,1.87,3.7,1.85,4.2,4.0,3.65,1.9,3.75,1.83,2.06,1.93,4.7,2.11,1.85,1.97,1.99,4.32,2.01,1.96,3.81,1.95,3.93,1.87,1.96,1.93,2.09,1.82,1.96,1.94,2.0,1.93,4.57,4.18,3.72,1.92,3.75,1.82,4.33,3.9,3.7,1.91,3.7,1.83,4.0,4.0,3.7,1.8,3.7,1.8,2.0,10.0,1.0,7.0,1.0,4.0,5.0,13.0,0.0,23.0,7.0,0.0,0.0,1.0
20,3,2023-12-17,Leverkusen,Ein Frankfurt,3,0,1,D1,D1,Leverkusen,Ein Frankfurt,1.0,-1.75,-1.5,2.69,1.47,8.06,1.91,1.95,2.73,1.47,10.53,1.9,1.95,6.14,1.28,5.48,1.35,2.63,1.5,8.5,1.94,1.99,2.75,1.44,10.0,1.98,1.95,6.0,1.25,5.0,1.36,7.5,10.5,6.25,1.26,5.25,1.37,7.5,8.25,5.75,1.33,5.25,1.37,2.8,1.51,8.5,1.98,2.0,2.93,1.55,12.0,1.99,2.04,6.6,1.53,6.0,1.39,2.73,1.48,1.93,1.98,2.78,1.46,1.96,1.94,7.93,11.03,6.43,1.26,5.67,1.36,8.5,11.5,6.0,1.25,5.5,1.33,8.0,10.0,6.0,1.25,5.5,1.3,5.0,13.0,0.0,4.0,2.0,1.0,5.0,4.0,0.0,14.0,6.0,0.0,1.0,1.0
20,4,2023-12-17,Toulouse,Rennes,0,0,0,F1,F1,Toulouse,Rennes,1.0,0.25,0.25,1.99,1.84,2.22,1.92,1.91,1.8,2.02,2.24,1.91,1.92,3.36,3.27,3.55,3.19,2.01,1.89,2.2,1.99,1.94,1.75,2.05,2.25,1.98,1.95,3.4,3.2,3.5,3.2,2.2,2.25,3.3,3.25,3.6,3.1,2.25,2.25,3.35,3.2,3.5,3.15,2.04,1.91,2.3,1.99,1.96,1.85,2.24,2.39,1.98,1.98,3.5,3.47,3.68,3.31,2.02,1.87,1.95,1.95,1.83,2.09,1.96,1.96,2.24,2.28,3.35,3.43,3.57,3.26,2.15,2.2,3.3,3.3,3.3,3.1,2.1,2.15,3.4,3.2,3.6,3.1,4.0,14.0,0.0,11.0,4.0,2.0,4.0,17.0,0.0,15.0,6.0,0.0,0.0,3.0
20,5,2023-12-17,Marseille,Clermont,2,1,1,F1,F1,Marseille,Clermont,1.0,-1.0,-1.25,2.09,1.76,7.61,1.89,1.95,1.95,1.87,7.1,2.08,1.78,4.39,1.47,4.73,1.42,2.08,1.73,7.0,1.93,1.97,1.95,1.95,6.5,2.05,1.75,4.5,1.45,5.0,1.4,7.0,7.0,4.33,1.47,4.6,1.44,7.25,6.75,4.3,1.5,4.7,1.43,2.15,1.82,8.3,1.96,2.0,2.05,1.96,7.52,2.18,1.85,4.65,1.53,5.0,1.47,2.09,1.79,1.91,2.0,1.94,1.96,2.11,1.83,7.84,7.52,4.4,1.49,4.79,1.43,7.5,7.5,4.33,1.44,4.4,1.36,7.5,7.0,4.5,1.4,4.75,1.36,1.0,14.0,0.0,5.0,2.0,3.0,4.0,12.0,0.0,15.0,6.0,0.0,2.0,0.0
20,6,2023-12-16,Burnley,Everton,0,2,2,E0,E0,Burnley,Everton,1.0,0.25,0.25,1.81,2.02,2.14,1.82,2.03,1.89,1.93,2.22,1.9,1.94,3.48,3.3,3.45,3.55,1.75,2.05,2.1,1.86,2.07,1.91,1.99,2.25,1.98,1.95,3.5,3.2,3.4,3.6,2.1,2.2,3.4,3.2,3.4,3.4,2.15,2.25,3.45,3.2,3.4,3.45,1.86,2.1,2.19,1.87,2.09,2.03,2.06,2.28,1.98,2.03,3.57,3.63,3.62,3.74,1.83,2.08,1.84,2.08,1.95,1.95,1.96,1.96,2.13,2.26,3.57,3.28,3.44,3.66,2.1,2.2,3.4,3.3,3.25,3.5,2.05,2.1,3.4,3.3,3.5,3.3,6.0,8.0,0.0,9.0,6.0,1.0,8.0,9.0,0.0,14.0,2.0,2.0,0.0,0.0
20,7,2023-12-17,Arsenal,Brighton,2,0,1,E0,E0,Arsenal,Brighton,1.0,-1.25,-1.25,2.36,1.58,6.5,1.83,2.03,2.3,1.64,6.66,1.85,2.03,4.76,1.48,4.73,1.48,2.4,1.53,6.0,1.85,2.08,2.35,1.57,6.0,1.87,2.06,5.0,1.45,5.0,1.44,6.25,6.5,4.6,1.47,4.6,1.47,6.0,6.5,4.7,1.47,4.7,1.5,2.44,1.66,7.0,1.89,2.09,2.45,1.71,7.3,1.94,2.13,5.12,1.54,5.0,1.53,2.44,1.6,1.86,2.05,2.38,1.63,1.88,2.04,6.67,6.82,4.88,1.47,4.76,1.48,6.5,6.5,4.8,1.45,4.4,1.44,6.0,6.5,4.5,1.44,4.6,1.44,1.0,9.0,0.0,6.0,1.0,3.0,10.0,11.0,0.0,26.0,9.0,0.0,0.0,1.0
20,8,2023-12-17,Brentford,Aston Villa,1,2,2,E0,E0,Brentford,Aston Villa,1.0,0.25,0.25,2.18,1.69,2.16,1.87,1.97,1.92,1.92,2.29,1.97,1.89,3.46,3.18,3.71,3.26,2.1,1.7,2.1,1.93,2.0,1.92,1.98,2.25,2.05,1.88,3.4,3.0,3.75,3.2,2.15,2.25,3.4,3.1,3.6,3.1,2.15,2.3,3.45,3.1,3.7,3.2,2.26,1.77,2.23,1.94,2.02,2.06,1.99,2.44,2.05,1.98,3.7,3.5,3.85,3.5,2.21,1.72,1.92,1.99,1.93,1.97,2.04,1.89,2.19,2.36,3.46,3.18,3.73,3.24,2.1,2.3,3.4,3.13,3.5,3.2,2.05,2.2,3.4,3.1,3.7,3.2,12.0,6.0,1.0,15.0,5.0,4.0,7.0,19.0,1.0,4.0,3.0,0.0,1.0,6.0
20,9,2023-12-17,West Ham,Wolves,3,0,1,E0,E0,West Ham,Wolves,1.0,-0.5,-0.25,1.93,1.9,3.4,2.0,1.85,1.87,1.97,4.0,1.94,1.94,3.6,1.96,3.55,2.16,1.95,1.95,3.3,2.05,1.88,1.87,2.03,4.0,2.0,1.93,3.6,1.91,3.5,2.15,3.2,3.9,3.5,1.95,3.5,2.2,3.3,3.95,3.55,1.95,3.5,2.15,2.02,1.96,3.62,2.08,1.91,1.96,2.04,4.34,2.01,1.99,3.78,2.27,3.68,2.27,1.99,1.9,2.07,1.85,1.89,2.02,2.01,1.91,3.5,4.34,3.65,1.9,3.62,2.12,3.4,4.2,3.5,1.91,3.3,2.1,3.2,3.8,3.6,1.91,3.5,2.1,6.0,15.0,0.0,14.0,3.0,1.0,6.0,12.0,0.0,13.0,4.0,0.0,2.0,3.0
20,10,2023-12-16,Sevilla,Getafe,0,3,2,SP1,SP1,Sevilla,Getafe,1.0,-0.75,-0.5,1.66,2.25,4.25,1.9,1.96,1.6,2.37,4.97,1.8,2.06,3.46,1.81,3.42,1.95,1.62,2.25,4.2,1.92,2.01,1.53,2.4,4.75,1.83,2.1,3.5,1.75,3.4,1.95,4.0,5.0,3.4,1.78,3.3,1.95,4.1,4.7,3.45,1.8,3.35,1.95,1.72,2.34,5.0,1.96,2.01,1.67,2.52,5.3,1.9,2.17,3.62,1.89,3.6,2.0,1.66,2.32,1.93,1.98,1.59,2.51,1.83,2.11,4.32,5.24,3.45,1.82,3.39,1.97,4.1,5.0,3.5,1.75,3.4,1.95,4.0,4.6,3.5,1.75,3.5,1.85,2.0,18.0,0.0,14.0,7.0,3.0,4.0,18.0,0.0,12.0,4.0,2.0,0.0,3.0
20,11,2023-12-17,Sociedad,Betis,0,0,0,SP1,SP1,Sociedad,Betis,1.0,-1.0,-0.75,1.8,2.04,5.08,1.95,1.9,1.87,1.97,5.96,1.86,2.01,4.09,1.59,3.87,1.71,1.75,2.05,5.0,2.01,1.92,1.89,2.01,5.5,1.93,2.0,4.2,1.57,4.0,1.7,5.0,6.0,3.9,1.57,3.75,1.7,5.0,5.5,3.85,1.63,3.8,1.7,1.86,2.13,5.3,2.01,1.96,2.03,2.06,6.5,1.94,2.06,4.3,1.69,4.0,1.75,1.81,2.07,1.99,1.92,1.92,1.99,1.89,2.03,5.17,6.12,4.18,1.59,3.9,1.7,5.25,6.5,4.0,1.55,3.75,1.7,4.8,5.8,4.0,1.53,3.8,1.65,7.0,12.0,0.0,12.0,3.0,4.0,3.0,12.0,0.0,12.0,4.0,0.0,0.0,3.0
20,12,2023-12-17,Real Madrid,Villarreal,4,1,1,SP1,SP1,Real Madrid,Villarreal,1.0,-2.0,-1.75,3.06,1.38,9.4,1.87,1.98,3.26,1.35,11.49,1.84,2.03,6.96,1.24,6.29,1.29,2.88,1.4,9.0,1.9,2.03,3.4,1.33,10.0,1.85,2.08,6.5,1.25,6.0,1.29,8.75,10.5,6.75,1.24,6.0,1.3,8.5,9.5,6.25,1.27,6.0,1.3,3.25,1.42,10.5,1.92,2.05,3.41,1.38,13.75,1.89,2.13,7.6,1.29,6.6,1.32,3.01,1.4,1.87,2.03,3.37,1.34,1.88,2.03,9.21,12.24,7.29,1.22,6.3,1.29,9.5,11.5,7.0,1.22,6.0,1.29,9.5,11.0,6.5,1.2,6.5,1.22,0.0,12.0,0.0,3.0,1.0,3.0,11.0,14.0,0.0,22.0,9.0,0.0,2.0,2.0
20,13,2023-12-16,Napoli,Cagliari,2,1,1,I1,I1,Napoli,Cagliari,1.0,-1.25,-1.5,2.4,1.58,9.2,1.91,1.95,2.43,1.56,7.64,1.99,1.88,5.13,1.39,5.51,1.33,2.35,1.57,9.5,1.93,2.0,2.35,1.57,6.5,1.89,2.04,5.25,1.4,5.0,1.33,8.75,6.75,5.0,1.43,5.5,1.33,8.5,7.25,5.0,1.4,5.5,1.33,2.48,1.63,11.0,1.95,2.01,2.55,1.61,9.3,2.19,2.04,5.7,1.46,5.9,1.37,2.45,1.59,1.9,2.01,2.47,1.6,1.9,2.03,9.17,7.1,4.98,1.45,5.63,1.33,11.0,8.0,4.75,1.36,5.25,1.29,9.5,8.0,5.0,1.33,5.5,1.29,3.0,10.0,0.0,9.0,3.0,3.0,5.0,9.0,0.0,21.0,5.0,0.0,0.0,5.0
20,14,2023-12-17,Bologna,Roma,2,0,1,I1,I1,Bologna,Roma,1.0,-0.25,-0.25,1.53,2.55,3.28,1.81,2.04,1.44,2.82,3.37,1.81,2.04,2.89,2.47,3.04,2.44,1.5,2.5,3.25,1.83,2.1,1.4,2.88,3.25,1.81,2.13,2.9,2.45,3.0,2.38,3.2,3.3,2.87,2.45,3.0,2.45,3.25,3.3,2.9,2.45,3.0,2.45,1.57,2.64,3.41,1.9,2.1,1.48,3.08,3.64,1.87,2.16,3.0,2.59,3.27,2.5,1.53,2.62,1.84,2.08,1.41,3.08,1.81,2.14,3.35,3.46,2.87,2.56,3.05,2.46,3.2,3.4,2.75,2.5,2.75,2.38,3.2,3.25,2.75,2.45,3.1,2.3,4.0,16.0,0.0,8.0,3.0,4.0,0.0,16.0,0.0,8.0,2.0,0.0,1.0,4.0
20,15,2023-12-18,Atalanta,Salernitana,4,1,1,I1,I1,Atalanta,Salernitana,1.0,-1.75,-1.5,2.35,1.6,9.8,1.96,1.9,2.39,1.57,11.69,1.88,1.96,6.02,1.26,5.61,1.31,2.35,1.57,10.0,2.0,1.93,2.35,1.57,11.0,1.91,2.02,6.0,1.25,5.5,1.3,9.25,11.5,6.0,1.25,5.5,1.31,9.0,11.0,6.0,1.27,5.5,1.33,2.45,1.67,10.6,2.01,1.95,2.53,1.62,13.0,1.93,2.02,6.6,1.31,6.0,1.33,2.38,1.63,2.01,1.9,2.43,1.6,1.9,2.0,9.99,11.77,6.31,1.26,5.82,1.3,10.0,13.0,6.0,1.22,5.0,1.25,10.0,13.0,6.0,1.2,5.5,1.25,7.0,11.0,0.0,10.0,3.0,2.0,10.0,9.0,0.0,20.0,11.0,1.0,0.0,1.0
21,1,2023-12-23,Sivasspor,Istanbulspor,1,0,1,T1,T1,Sivasspor,Istanbulspor,1.0,-1.0,-0.75,2.0,1.79,4.75,1.97,1.85,2.1,1.73,6.6,2.09,1.76,4.47,1.45,3.97,1.66,2.05,1.75,4.5,2.0,1.85,2.1,1.7,6.0,2.08,1.73,4.33,1.45,3.8,1.65,4.6,6.5,4.4,1.44,3.9,1.66,4.7,6.5,4.5,1.47,3.95,1.7,2.06,1.85,5.02,2.04,1.91,2.19,1.8,7.66,2.22,1.97,4.7,1.57,4.3,1.72,2.06,1.83,2.04,1.88,2.16,1.75,2.22,1.72,4.99,7.66,4.66,1.46,4.22,1.68,4.8,6.5,4.4,1.4,3.75,1.62,4.6,6.5,4.4,1.4,3.9,1.6,7.0,12.0,0.0,6.0,0.0,2.0,9.0,7.0,0.0,16.0,6.0,0.0,0.0,0.0
21,2,2023-12-23,Karagumruk,Gaziantep,0,3,2,T1,T1,Karagumruk,Gaziantep,1.0,-0.75,-0.5,1.86,1.93,3.66,1.83,2.0,1.88,1.91,4.61,1.86,1.97,3.68,1.74,3.48,1.99,1.88,1.98,3.6,1.83,2.03,1.93,1.93,4.75,1.93,1.93,3.75,1.67,3.5,1.91,3.6,4.6,3.6,1.73,3.5,1.95,3.65,4.4,3.65,1.8,3.6,1.97,1.94,2.02,3.92,1.88,2.08,1.97,1.99,5.04,2.0,2.11,3.91,1.86,3.7,2.09,1.87,2.02,1.83,2.08,1.97,1.92,1.96,1.94,3.92,5.04,3.91,1.74,3.4,2.08,3.5,4.75,3.6,1.65,3.4,1.95,3.5,4.2,3.7,1.7,3.5,1.91,3.0,9.0,0.0,7.0,3.0,1.0,2.0,15.0,0.0,9.0,3.0,1.0,0.0,3.0
21,3,2023-12-23,Trabzonspor,Buyuksehyr,1,1,0,T1,T1,Trabzonspor,Buyuksehyr,1.0,-0.75,-0.75,1.9,1.89,4.94,1.95,1.86,2.02,1.79,5.15,2.03,1.8,3.97,1.62,3.8,1.67,1.93,1.93,4.5,1.98,1.88,2.05,1.8,4.75,2.05,1.8,4.0,1.6,3.75,1.65,4.8,5.0,3.9,1.65,3.75,1.66,4.8,5.0,4.0,1.65,3.85,1.7,1.95,1.95,5.4,2.02,1.91,2.13,1.85,5.7,2.14,1.86,4.2,1.71,4.0,1.73,1.95,1.93,2.02,1.89,2.1,1.8,2.09,1.83,5.39,5.54,4.09,1.65,3.93,1.69,4.8,5.0,3.9,1.57,3.7,1.62,4.6,4.75,3.9,1.6,3.8,1.62,6.0,18.0,0.0,6.0,1.0,2.0,5.0,13.0,0.0,18.0,4.0,1.0,1.0,0.0
21,4,2023-12-24,Konyaspor,Kayserispor,2,0,1,T1,T1,Konyaspor,Kayserispor,1.0,-0.25,-0.25,1.94,1.84,2.81,1.76,2.07,1.77,2.03,2.94,1.79,2.05,3.29,2.39,3.42,2.41,1.93,1.93,2.75,1.73,2.08,1.73,2.08,3.0,1.83,2.03,3.2,2.3,3.3,2.38,2.75,2.9,3.25,2.37,3.4,2.4,2.8,2.9,3.3,2.45,3.4,2.45,2.01,1.93,2.97,1.82,2.12,1.91,2.13,3.26,1.87,2.14,3.4,2.52,3.6,2.5,2.01,1.88,1.81,2.11,1.77,2.13,1.85,2.07,2.95,3.19,3.31,2.43,3.57,2.44,2.7,3.0,3.2,2.25,3.3,2.38,2.7,2.7,3.4,2.3,3.4,2.3,5.0,19.0,0.0,13.0,4.0,4.0,2.0,6.0,0.0,11.0,4.0,0.0,0.0,1.0
21,5,2023-12-24,Ad. Demirspor,Antalyaspor,2,1,1,T1,T1,Ad. Demirspor,Antalyaspor,1.0,-0.5,-0.25,2.29,1.6,3.19,2.02,1.81,2.22,1.64,3.41,1.84,2.0,3.72,1.99,3.76,2.07,2.25,1.62,3.1,2.05,1.8,2.15,1.67,3.4,1.88,1.98,3.6,1.95,3.6,2.05,3.2,3.3,3.6,2.0,3.7,2.05,3.2,3.4,3.7,2.05,3.7,2.1,2.39,1.66,3.34,2.08,1.86,2.36,1.74,3.79,1.91,2.05,3.87,2.06,4.1,2.14,2.35,1.65,2.08,1.84,2.2,1.72,1.88,2.01,3.31,3.67,3.86,2.01,4.02,2.09,3.13,3.4,3.6,1.91,3.6,2.0,3.1,3.25,3.6,1.95,3.7,2.0,10.0,10.0,0.0,22.0,3.0,2.0,1.0,17.0,0.0,6.0,2.0,0.0,2.0,4.0
21,6,2023-12-24,Fenerbahce,Galatasaray,0,0,0,T1,T1,Fenerbahce,Galatasaray,1.0,-0.25,-0.25,2.3,1.61,3.02,1.91,1.9,2.31,1.6,3.09,1.94,1.89,3.63,2.16,3.68,2.17,2.3,1.6,3.0,1.98,1.88,2.35,1.57,3.0,1.95,1.9,3.6,2.1,3.6,2.1,2.9,3.0,3.6,2.15,3.7,2.2,3.05,3.0,3.6,2.25,3.75,2.15,2.45,1.68,3.2,1.98,1.96,2.48,1.66,3.26,2.0,1.99,3.8,2.25,3.85,2.27,2.29,1.68,1.95,1.95,2.42,1.61,1.98,1.92,3.19,3.22,3.8,2.2,3.71,2.25,2.9,3.0,3.6,2.05,3.6,2.1,2.9,3.0,3.5,2.1,3.6,2.1,6.0,26.0,0.0,8.0,1.0,4.0,2.0,19.0,0.0,6.0,0.0,0.0,0.0,3.0
21,7,2023-12-25,Alanyaspor,Samsunspor,3,1,1,T1,T1,Alanyaspor,Samsunspor,1.0,0.0,-0.25,1.88,1.88,2.98,1.82,2.0,1.71,2.12,2.75,1.97,1.86,3.22,2.58,3.37,2.31,1.93,1.93,3.1,1.93,1.93,1.67,2.15,2.7,1.98,1.88,3.2,2.55,3.4,2.15,2.95,2.7,3.2,2.55,3.3,2.3,3.0,2.75,3.25,2.6,3.45,2.3,1.94,1.97,3.11,1.93,2.09,1.78,2.2,3.1,2.03,1.95,3.42,2.74,3.56,2.46,1.93,1.94,1.82,2.09,1.74,2.18,1.98,1.93,3.06,2.83,3.24,2.74,3.39,2.43,2.9,2.75,3.1,2.45,3.3,2.25,2.8,2.62,3.25,2.45,3.4,2.25,4.0,19.0,0.0,17.0,3.0,4.0,3.0,9.0,0.0,15.0,7.0,0.0,2.0,1.0
21,8,2023-12-25,Kasimpasa,Rizespor,2,2,0,T1,T1,Kasimpasa,Rizespor,1.0,0.0,-0.25,2.22,1.65,3.4,2.08,1.76,2.35,1.58,2.79,2.08,1.77,3.58,2.35,3.62,2.02,2.15,1.67,3.25,2.05,1.8,2.35,1.57,2.7,2.1,1.78,3.5,2.3,3.5,2.0,3.3,2.75,3.6,2.3,3.5,2.05,,2.75,3.65,2.4,,,2.34,1.7,3.67,2.17,1.81,2.43,1.63,3.05,2.16,1.83,3.7,2.45,3.91,2.08,2.3,1.66,2.12,1.78,2.43,1.61,2.12,1.81,3.66,2.87,3.68,2.45,3.63,2.06,3.25,2.55,3.6,2.3,3.6,1.95,3.3,2.62,3.6,2.3,3.7,1.91,4.0,16.0,0.0,11.0,3.0,1.0,3.0,9.0,0.0,21.0,9.0,1.0,1.0,0.0
21,9,2023-12-25,Hatayspor,Besiktas,1,2,2,T1,T1,Hatayspor,Besiktas,1.0,0.0,0.25,2.07,1.74,2.14,1.86,1.94,1.9,1.89,2.54,1.88,1.94,3.45,2.65,3.57,3.14,2.15,1.67,2.0,1.78,2.03,1.88,1.98,2.5,1.9,1.95,3.25,2.55,3.5,3.25,2.1,2.55,3.3,2.6,3.5,3.1,2.15,2.7,3.25,2.6,3.6,3.2,2.2,1.83,2.25,1.94,2.03,2.0,1.98,2.7,1.96,2.05,3.67,2.98,3.73,3.3,2.06,1.81,1.94,1.94,1.93,1.95,1.93,1.97,2.24,2.64,3.61,2.7,3.67,3.18,2.05,2.45,3.25,2.63,3.4,3.1,2.15,2.5,3.4,2.5,3.6,2.8,8.0,9.0,0.0,15.0,7.0,1.0,5.0,11.0,0.0,7.0,2.0,1.0,0.0,1.0
21,10,2023-12-25,Pendikspor,Ankaragucu,1,1,0,T1,T1,Pendikspor,Ankaragucu,1.0,0.25,0.25,2.04,1.76,2.34,2.02,1.79,1.86,1.93,2.33,2.0,1.83,3.35,3.0,3.48,2.86,2.08,1.73,2.3,2.1,1.78,1.85,2.0,2.3,2.0,1.85,3.2,3.0,3.4,2.75,2.35,2.3,3.3,2.95,3.5,2.75,2.35,2.35,3.35,3.0,3.5,2.9,2.1,1.82,2.45,2.12,1.83,1.96,2.02,2.41,2.1,1.91,3.5,3.2,3.68,3.03,2.07,1.8,2.07,1.83,1.9,1.99,2.06,1.85,2.4,2.4,3.42,3.13,3.52,3.01,2.25,2.25,3.25,2.9,3.4,2.8,2.2,2.25,3.3,2.9,3.6,2.75,3.0,12.0,0.0,8.0,1.0,3.0,5.0,10.0,0.0,14.0,4.0,1.0,0.0,0.0
21,11,2023-12-23,West Ham,Man United,2,0,1,E0,E0,West Ham,Man United,1.0,-0.25,0.0,2.22,1.68,2.6,1.92,1.95,2.34,1.62,3.16,1.97,1.89,3.77,2.19,3.65,2.61,2.1,1.7,2.6,1.93,1.97,2.3,1.6,3.25,2.09,1.84,3.8,2.1,3.6,2.6,2.55,3.1,3.7,2.15,3.6,2.55,2.6,3.1,3.6,2.25,3.6,2.55,2.28,1.75,2.7,1.96,2.0,2.45,1.69,3.39,2.11,2.14,3.91,2.6,3.81,2.72,2.23,1.71,1.94,1.96,2.41,1.62,2.09,1.85,2.62,3.39,3.89,2.1,3.65,2.65,2.6,3.3,3.7,2.1,3.5,2.63,2.5,3.0,3.6,2.15,3.6,2.5,4.0,15.0,0.0,11.0,3.0,3.0,4.0,13.0,0.0,12.0,5.0,0.0,0.0,2.0
21,12,2023-12-23,Tottenham,Everton,2,1,1,E0,E0,Tottenham,Everton,1.0,-0.75,-0.75,2.48,1.54,4.08,1.86,1.99,2.49,1.55,4.57,2.0,1.86,4.25,1.71,4.16,1.8,2.4,1.53,4.0,1.89,2.01,2.4,1.53,4.33,2.04,1.89,4.2,1.7,4.2,1.75,3.9,4.5,4.1,1.7,4.0,1.8,4.0,4.4,4.2,1.73,4.1,1.8,2.55,1.58,4.34,1.91,2.06,2.66,1.59,4.98,2.12,1.95,4.45,1.87,4.4,1.87,2.54,1.56,1.88,2.03,2.5,1.58,2.03,1.89,4.05,4.76,4.29,1.7,4.29,1.8,4.2,4.5,4.2,1.7,3.9,1.73,4.0,4.6,4.2,1.62,4.0,1.73,8.0,18.0,0.0,18.0,8.0,4.0,3.0,6.0,0.0,13.0,6.0,0.0,2.0,1.0
21,13,2023-12-23,Liverpool,Arsenal,1,1,0,E0,E0,Liverpool,Arsenal,1.0,0.0,-0.25,2.2,1.69,2.83,1.79,2.08,2.3,1.63,2.79,2.07,1.82,3.63,2.47,3.63,2.43,2.1,1.7,2.8,1.8,2.1,2.3,1.6,2.63,2.07,1.86,3.75,2.45,3.6,2.38,2.8,2.7,3.5,2.45,3.6,2.35,2.75,2.8,3.5,2.45,3.6,2.45,2.28,1.77,3.05,1.83,2.14,2.5,1.71,3.03,2.17,1.89,3.83,2.56,3.78,2.53,2.23,1.71,1.78,2.14,2.37,1.64,2.07,1.86,2.84,2.8,3.66,2.52,3.63,2.47,2.8,2.75,3.6,2.45,3.4,2.3,2.75,2.7,3.6,2.38,3.6,2.3,5.0,14.0,0.0,13.0,2.0,5.0,4.0,13.0,0.0,13.0,3.0,1.0,1.0,2.0
21,14,2023-12-23,Ath Madrid,Sevilla,1,0,1,SP1,SP1,Ath Madrid,Sevilla,1.0,-1.0,-1.0,2.18,1.71,6.04,1.99,1.87,2.08,1.77,5.73,1.87,1.99,4.22,1.58,4.46,1.53,2.1,1.7,5.75,2.01,1.89,2.05,1.75,5.75,1.88,2.05,4.2,1.57,4.33,1.53,6.0,5.5,4.1,1.58,4.4,1.5,5.75,5.5,4.2,1.6,4.4,1.55,2.26,1.75,6.5,2.02,1.9,2.14,1.83,6.22,1.94,2.06,4.35,1.6,4.63,1.56,2.18,1.73,2.01,1.9,2.08,1.81,1.89,2.04,6.05,5.99,4.27,1.59,4.51,1.54,6.5,5.75,4.2,1.57,4.33,1.5,5.8,5.5,4.2,1.53,4.33,1.5,5.0,19.0,0.0,8.0,2.0,3.0,6.0,12.0,1.0,12.0,4.0,0.0,0.0,7.0
21,15,2023-12-23,Roma,Napoli,2,0,1,I1,I1,Roma,Napoli,1.0,0.0,0.0,1.73,2.13,2.52,1.78,2.11,1.69,2.2,2.64,1.85,2.04,3.1,2.91,3.18,3.01,1.67,2.15,2.5,1.79,2.11,1.62,2.25,2.6,1.81,2.13,3.0,2.9,3.1,3.0,2.5,2.6,3.1,2.87,3.2,2.87,2.5,2.7,3.05,2.8,3.2,2.95,1.81,2.22,2.63,1.84,2.18,1.77,2.3,2.86,1.91,2.23,3.2,3.29,3.3,3.15,1.74,2.18,1.79,2.14,1.7,2.27,1.82,2.13,2.57,2.64,3.09,3.08,3.17,3.05,2.55,2.55,3.1,2.9,3.0,3.0,2.4,2.6,3.0,2.8,3.2,2.9,0.0,12.0,2.0,7.0,2.0,4.0,4.0,19.0,0.0,17.0,4.0,0.0,0.0,7.0
23,1,2024-01-05,Gaziantep,Pendikspor,2,2,0,T1,T1,Gaziantep,Pendikspor,1.0,-0.5,-0.5,2.02,1.78,3.58,1.84,2.0,1.97,1.82,3.74,1.91,1.93,3.59,1.92,3.58,1.98,2.0,1.8,3.4,1.85,2.0,2.0,1.85,3.4,1.93,1.93,3.6,1.85,3.5,1.91,3.5,3.7,3.5,1.93,3.6,1.98,,,,,,,2.11,1.85,3.89,1.88,2.05,2.08,1.9,4.1,1.98,1.97,3.86,1.97,3.79,2.06,2.06,1.83,1.88,2.03,2.0,1.89,1.95,1.95,3.82,4.1,3.67,1.95,3.63,2.03,3.4,3.75,3.4,1.87,3.5,1.95,3.25,3.4,3.6,1.91,3.6,1.95,5.0,16.0,0.0,8.0,4.0,6.0,1.0,7.0,0.0,9.0,2.0,0.0,1.0,2.0
23,2,2024-01-05,Antalyaspor,Alanyaspor,0,0,0,T1,T1,Antalyaspor,Alanyaspor,1.0,-0.25,-0.25,1.86,1.93,3.44,2.02,1.81,1.71,2.12,3.69,2.07,1.77,3.28,2.06,3.38,2.1,1.85,2.0,3.4,2.05,1.8,1.65,2.2,3.75,2.05,1.75,3.0,2.0,3.2,2.0,3.4,3.6,3.25,2.05,3.4,2.05,,,,,,,1.94,2.05,3.67,2.11,1.86,1.9,2.25,4.19,2.18,1.83,3.5,2.14,3.6,2.2,1.91,1.98,2.06,1.85,1.72,2.21,2.12,1.79,3.67,4.01,3.26,2.12,3.42,2.16,3.3,3.5,3.25,2.0,3.3,2.05,3.4,3.4,3.5,1.95,3.5,1.95,5.0,12.0,0.0,8.0,2.0,0.0,9.0,15.0,0.0,11.0,2.0,0.0,0.0,2.0
23,3,2024-01-05,Besiktas,Kasimpasa,1,3,2,T1,T1,Besiktas,Kasimpasa,1.0,-1.0,-1.0,2.57,1.49,5.14,1.92,1.9,2.71,1.44,4.51,1.82,2.03,4.33,1.63,4.43,1.55,2.5,1.5,4.75,1.98,1.88,2.7,1.44,4.2,1.85,2.0,4.2,1.6,4.2,1.53,5.0,4.5,4.33,1.61,4.4,1.55,,,,,,,2.85,1.56,5.5,2.01,1.97,2.84,1.51,5.03,1.92,2.12,4.61,1.68,4.7,1.62,2.64,1.52,1.97,1.93,2.84,1.46,1.86,2.05,5.47,4.85,4.61,1.65,4.66,1.58,5.25,4.4,4.1,1.6,4.2,1.5,5.0,4.2,4.33,1.6,4.33,1.5,3.0,13.0,0.0,14.0,7.0,2.0,4.0,20.0,0.0,10.0,3.0,1.0,1.0,2.0
23,4,2024-01-06,Rizespor,Hatayspor,2,0,1,T1,T1,Rizespor,Hatayspor,1.0,-0.5,-0.25,2.01,1.79,3.35,2.03,1.8,1.9,1.89,4.15,1.98,1.86,3.52,1.85,3.51,2.08,2.03,1.83,3.2,2.03,1.83,1.88,1.98,4.0,2.0,1.85,3.5,1.8,3.4,2.05,3.25,4.1,3.5,1.85,3.5,2.1,,,,,,,2.07,1.84,3.62,2.1,1.86,2.0,2.0,4.62,2.05,1.9,3.79,2.01,3.75,2.17,2.06,1.84,2.09,1.83,1.93,1.96,2.03,1.88,3.62,4.62,3.57,1.88,3.57,2.12,3.25,4.0,3.5,1.8,3.4,2.0,3.2,3.9,3.5,1.8,3.5,2.0,4.0,10.0,0.0,16.0,0.0,2.0,3.0,11.0,0.0,10.0,3.0,0.0,1.0,0.0
23,5,2024-01-06,Buyuksehyr,Ad. Demirspor,0,0,0,T1,T1,Buyuksehyr,Ad. Demirspor,1.0,-0.5,-0.5,2.14,1.69,3.49,1.86,1.97,2.17,1.67,3.48,1.86,1.99,3.67,1.99,3.72,1.96,2.1,1.7,3.4,1.88,1.98,2.15,1.67,3.4,1.9,1.95,3.75,1.91,3.6,1.91,3.5,3.4,3.7,1.98,3.7,1.93,,,,,,,2.22,1.74,3.68,1.91,2.03,2.26,1.72,3.83,1.94,2.06,3.8,2.08,3.9,2.03,2.2,1.73,1.88,2.03,2.25,1.7,1.93,1.98,3.66,3.83,3.8,1.98,3.8,2.03,3.4,3.3,3.6,1.95,3.6,1.93,3.3,3.3,3.6,1.95,3.7,1.91,6.0,12.0,0.0,11.0,4.0,0.0,6.0,11.0,0.0,8.0,1.0,0.0,0.0,3.0
23,6,2024-01-06,Ankaragucu,Trabzonspor,0,1,2,T1,T1,Ankaragucu,Trabzonspor,1.0,0.25,0.25,1.94,1.85,2.17,1.88,1.93,1.67,2.18,2.14,1.84,1.99,3.28,3.45,3.45,3.2,1.93,1.93,2.1,1.93,1.93,1.65,2.2,2.05,1.8,2.05,3.4,3.5,3.4,3.1,2.15,2.15,3.2,3.4,3.5,3.1,,,,,,,2.01,1.94,2.25,1.96,1.98,1.9,2.33,2.28,1.91,2.11,3.51,3.8,3.65,3.4,1.95,1.93,1.93,1.98,1.68,2.28,1.83,2.08,2.23,2.15,3.34,3.8,3.5,3.4,2.15,2.05,3.2,3.4,3.3,3.1,2.05,2.05,3.4,3.2,3.5,3.1,3.0,8.0,0.0,10.0,2.0,1.0,4.0,18.0,0.0,16.0,2.0,1.0,0.0,1.0
23,7,2024-01-06,Samsunspor,Karagumruk,1,0,1,T1,T1,Samsunspor,Karagumruk,1.0,-0.25,-0.25,1.84,1.95,3.43,2.03,1.8,1.65,2.21,3.03,1.8,2.04,3.17,2.38,3.45,2.08,1.85,2.0,3.4,2.05,1.8,1.62,2.25,2.9,1.8,2.05,3.2,2.38,3.3,2.0,3.4,2.95,3.1,2.37,3.4,2.05,,,,,,,1.9,2.02,3.61,2.08,1.85,1.78,2.38,3.27,1.89,2.23,3.33,2.52,3.6,2.18,1.88,2.01,2.08,1.84,1.64,2.36,1.83,2.09,3.61,3.26,3.17,2.47,3.54,2.13,3.4,2.9,3.1,2.38,3.3,2.0,3.3,2.88,3.2,2.3,3.4,2.0,5.0,14.0,0.0,7.0,1.0,3.0,3.0,22.0,0.0,12.0,4.0,0.0,0.0,2.0
23,8,2024-01-07,Kayserispor,Sivasspor,1,3,2,T1,T1,Kayserispor,Sivasspor,1.0,-0.25,-0.5,2.01,1.79,3.64,1.86,1.97,1.9,1.89,3.4,2.01,1.82,3.4,2.1,3.59,1.96,2.0,1.8,3.5,1.85,2.0,1.93,1.93,3.1,2.0,1.85,3.6,2.1,3.6,1.91,3.5,3.3,3.4,2.1,3.6,1.98,,,,,,,2.07,1.85,3.91,1.9,2.06,1.99,2.0,3.74,2.08,1.9,3.74,2.22,3.81,2.03,2.07,1.82,1.89,2.02,1.94,1.94,2.04,1.88,3.91,3.57,3.45,2.18,3.61,2.02,3.5,3.3,3.3,2.05,3.5,1.93,3.5,3.2,3.4,2.05,3.6,1.91,7.0,11.0,0.0,10.0,5.0,3.0,7.0,8.0,0.0,15.0,3.0,1.0,1.0,4.0
23,9,2024-01-07,Istanbulspor,Fenerbahce,1,5,2,T1,T1,Istanbulspor,Fenerbahce,1.0,2.0,1.75,2.81,1.42,1.21,1.78,2.05,2.96,1.38,1.16,1.81,2.02,7.52,14.55,6.64,11.88,2.7,1.44,1.2,1.78,2.03,2.88,1.4,1.17,1.78,2.03,7.5,13.0,6.0,11.0,1.23,1.17,7.75,13.5,6.5,11.0,,,,,,,2.95,1.45,1.25,1.89,2.1,3.23,1.41,1.2,1.9,2.12,8.64,18.97,7.3,13.5,2.94,1.42,1.79,2.1,3.01,1.41,1.83,2.07,1.22,1.16,8.48,18.74,7.23,12.53,1.18,1.13,7.0,15.0,6.0,11.5,1.17,1.12,7.0,15.0,6.5,12.0,8.0,13.0,0.0,23.0,15.0,1.0,4.0,12.0,0.0,15.0,8.0,4.0,1.0,3.0
23,10,2024-01-07,Galatasaray,Konyaspor,3,0,1,T1,T1,Galatasaray,Konyaspor,1.0,-1.5,-1.75,2.42,1.54,10.44,1.85,1.98,2.4,1.56,9.35,1.99,1.84,5.67,1.28,5.89,1.25,2.4,1.53,8.0,1.88,1.98,2.4,1.53,8.0,2.0,1.85,6.0,1.29,5.75,1.25,10.0,9.0,5.5,1.29,5.75,1.26,,,,,,,2.51,1.58,11.68,1.91,2.08,2.66,1.63,10.41,2.08,1.91,6.35,1.32,6.42,1.29,2.51,1.56,1.91,1.98,2.5,1.59,2.02,1.89,11.68,10.39,6.08,1.3,6.42,1.26,10.5,9.5,5.25,1.25,5.5,1.22,9.5,9.5,5.5,1.25,5.8,1.22,3.0,14.0,0.0,7.0,4.0,3.0,13.0,20.0,0.0,27.0,9.0,0.0,0.0,3.0
23,11,2024-01-06,Frosinone,Monza,2,3,2,I1,I1,Frosinone,Monza,1.0,0.0,0.0,1.96,1.87,2.68,1.94,1.93,2.02,1.82,2.84,2.08,1.82,3.4,2.49,3.38,2.66,1.97,1.93,2.7,1.95,1.95,2.0,1.8,2.88,2.14,1.8,3.4,2.4,3.3,2.63,2.6,2.85,3.4,2.4,3.5,2.55,,,,,,,2.01,1.93,2.77,1.99,1.97,2.13,1.97,2.95,2.16,1.87,3.5,2.63,3.5,2.75,1.98,1.91,1.96,1.94,2.06,1.83,2.14,1.81,2.73,2.95,3.48,2.49,3.36,2.71,2.7,2.88,3.3,2.45,3.2,2.63,2.5,2.7,3.3,2.5,3.4,2.62,1.0,16.0,0.0,7.0,2.0,5.0,5.0,11.0,0.0,10.0,5.0,2.0,0.0,3.0
23,12,2024-01-06,Sassuolo,Fiorentina,1,0,1,I1,I1,Sassuolo,Fiorentina,1.0,0.25,0.25,2.13,1.74,2.2,1.89,1.94,2.1,1.76,2.13,1.84,2.01,3.6,3.35,3.55,3.24,2.08,1.73,2.15,1.93,1.97,2.08,1.73,2.1,1.83,2.1,3.6,3.3,3.5,3.25,2.2,2.1,3.6,3.3,3.6,3.1,,,,,,,2.18,1.8,2.27,1.94,1.98,2.16,1.82,2.23,1.93,2.12,3.75,3.68,3.75,3.38,2.15,1.76,1.93,1.98,2.15,1.78,1.86,2.08,2.22,2.13,3.64,3.51,3.49,3.37,2.2,2.1,3.4,3.5,3.4,3.25,2.15,2.1,3.5,3.2,3.5,3.1,8.0,14.0,0.0,9.0,3.0,2.0,1.0,10.0,0.0,7.0,1.0,0.0,1.0,3.0
23,13,2024-01-07,Empoli,Milan,0,3,2,I1,I1,Empoli,Milan,1.0,0.75,0.75,2.08,1.77,1.65,1.82,2.02,2.1,1.75,1.64,1.81,2.05,4.06,5.26,4.07,5.1,2.05,1.75,1.67,1.86,2.04,2.08,1.73,1.65,1.85,2.08,4.0,5.0,3.8,5.25,1.66,1.65,4.0,5.0,4.0,4.8,,,,,,,2.14,1.83,1.7,1.88,2.08,2.19,1.84,1.68,1.86,2.17,4.2,5.75,4.26,5.5,2.1,1.79,1.83,2.08,2.18,1.75,1.85,2.09,1.65,1.65,4.1,5.6,4.13,5.3,1.57,1.6,3.8,5.75,3.6,5.25,1.57,1.6,4.0,5.0,4.2,5.0,6.0,13.0,0.0,13.0,6.0,2.0,6.0,9.0,0.0,17.0,2.0,2.0,0.0,1.0
23,14,2024-01-07,Torino,Napoli,3,0,1,I1,I1,Torino,Napoli,1.0,0.0,0.0,1.69,2.19,2.51,1.79,2.1,1.62,2.32,2.9,2.03,1.85,3.1,2.64,3.23,2.96,1.65,2.2,2.5,1.81,2.09,1.6,2.3,3.0,2.11,1.82,3.1,2.5,3.2,2.9,2.45,2.85,3.0,2.65,3.2,2.9,,,,,,,1.75,2.29,2.62,1.84,2.16,1.69,2.43,3.05,2.14,1.94,3.2,2.9,3.41,3.05,1.68,2.28,1.83,2.09,1.63,2.4,2.11,1.83,2.61,3.04,3.11,2.65,3.19,2.98,2.45,2.9,3.0,2.63,2.9,2.88,2.4,2.6,3.2,2.62,3.2,2.88,5.0,10.0,1.0,10.0,3.0,2.0,2.0,7.0,0.0,10.0,6.0,0.0,1.0,0.0
23,15,2024-01-07,Udinese,Lazio,1,2,2,I1,I1,Udinese,Lazio,1.0,0.25,0.25,1.66,2.24,2.23,1.89,1.93,1.63,2.3,2.27,1.92,1.93,3.18,3.46,3.22,3.48,1.65,2.2,2.2,1.92,1.98,1.57,2.35,2.25,1.94,1.99,3.1,3.5,3.2,3.5,2.2,2.25,3.1,3.4,3.2,3.4,,,,,,,1.71,2.33,2.33,1.93,2.0,1.69,2.38,2.39,2.0,2.02,3.27,3.84,3.32,3.64,1.69,2.26,1.9,2.0,1.65,2.35,1.94,1.98,2.22,2.25,3.23,3.63,3.25,3.62,2.15,2.25,3.0,3.6,2.9,3.4,2.15,2.15,3.2,3.4,3.2,3.4,4.0,22.0,0.0,7.0,2.0,3.0,4.0,16.0,0.0,13.0,2.0,1.0,0.0,5.0
24,1,2024-01-13,Ankaragucu,Kasimpasa,3,1,1,T1,T1,Ankaragucu,Kasimpasa,1.0,-0.25,-0.25,2.04,1.76,3.13,1.95,1.87,1.94,1.85,3.0,1.85,1.99,3.4,2.3,3.55,2.14,2.05,1.75,3.2,1.98,1.88,1.98,1.88,3.0,1.85,2.0,3.4,2.3,3.5,2.15,3.1,2.95,3.4,2.3,3.5,2.15,,,,,,,2.13,1.8,3.36,2.04,1.95,2.06,1.94,3.33,1.97,2.11,3.5,2.47,3.74,2.24,2.13,1.78,2.03,1.88,2.01,1.88,1.89,2.05,3.36,3.18,3.49,2.34,3.74,2.16,3.1,2.88,3.3,2.25,3.4,2.1,3.0,2.8,3.5,2.2,3.6,2.05,5.0,15.0,0.0,16.0,2.0,1.0,2.0,14.0,0.0,12.0,8.0,1.0,1.0,1.0
24,2,2024-01-13,Hatayspor,Pendikspor,1,1,0,T1,T1,Hatayspor,Pendikspor,1.0,-0.5,-0.25,1.95,1.84,3.27,1.99,1.84,1.78,2.02,3.61,1.8,2.07,3.33,2.07,3.51,2.11,1.95,1.9,3.3,2.03,1.83,1.8,2.05,3.6,1.83,2.03,3.5,2.0,3.6,2.1,3.25,3.5,3.3,2.05,3.5,2.05,,,,,,,2.0,1.91,3.42,2.05,1.9,1.91,2.11,4.1,1.88,2.15,3.5,2.15,3.66,2.2,1.99,1.9,2.01,1.9,1.83,2.07,1.88,2.04,3.42,4.1,3.4,2.04,3.56,2.2,3.2,3.5,3.25,2.0,3.4,2.05,3.1,3.25,3.5,2.0,3.5,2.05,6.0,10.0,0.0,12.0,2.0,1.0,4.0,8.0,0.0,8.0,4.0,0.0,0.0,4.0
24,3,2024-01-13,Buyuksehyr,Alanyaspor,3,2,1,T1,T1,Buyuksehyr,Alanyaspor,1.0,-0.5,-0.5,1.84,1.95,3.98,1.92,1.91,1.78,2.02,3.67,1.79,2.06,3.32,2.04,3.48,1.91,1.83,2.03,4.0,1.95,1.9,1.8,2.05,3.6,1.8,2.05,3.4,2.05,3.5,1.91,3.75,3.6,3.3,2.0,3.5,1.93,,,,,,,1.91,2.04,4.35,2.0,1.96,1.86,2.14,4.08,1.88,2.15,3.5,2.13,3.73,1.97,1.87,2.03,1.94,1.96,1.84,2.06,1.85,2.06,4.35,4.04,3.37,2.06,3.46,1.96,3.8,3.5,3.25,2.0,3.4,1.85,3.7,3.5,3.5,1.91,3.6,1.83,3.0,12.0,0.0,13.0,3.0,1.0,4.0,19.0,0.0,11.0,6.0,1.0,2.0,1.0
24,4,2024-01-13,Besiktas,Karagumruk,3,0,1,T1,T1,Besiktas,Karagumruk,1.0,-0.5,-0.75,1.99,1.81,4.97,2.02,1.82,2.02,1.78,3.91,1.95,1.88,3.7,1.86,3.96,1.64,2.03,1.83,4.75,2.05,1.8,2.05,1.75,4.0,2.0,1.85,3.8,1.85,4.0,1.67,4.75,3.75,3.6,1.88,3.8,1.66,,,,,,,2.08,1.86,5.33,2.08,1.9,2.12,1.89,4.23,2.04,1.92,3.86,1.93,4.17,1.7,2.04,1.86,2.08,1.84,2.11,1.79,2.03,1.88,5.28,4.23,3.84,1.88,4.17,1.66,5.0,3.8,3.6,1.8,3.75,1.6,4.6,3.6,3.8,1.8,3.9,1.6,4.0,9.0,0.0,7.0,3.0,0.0,6.0,17.0,0.0,19.0,6.0,0.0,0.0,3.0
24,5,2024-01-13,Rizespor,Ad. Demirspor,1,0,1,T1,T1,Rizespor,Ad. Demirspor,1.0,-0.5,-0.25,2.38,1.57,2.98,1.92,1.91,2.25,1.63,3.84,1.98,1.85,3.83,1.85,3.78,2.16,2.35,1.57,3.0,1.93,1.93,2.1,1.7,4.0,2.0,1.85,3.6,1.83,3.6,2.15,2.95,3.8,3.7,1.85,3.75,2.15,,,,,,,2.48,1.63,3.11,1.96,1.99,2.48,1.76,4.26,2.08,1.89,4.0,1.91,3.95,2.24,2.46,1.6,1.96,1.94,2.14,1.76,2.03,1.88,3.1,4.26,3.79,1.88,3.92,2.22,2.88,3.75,3.7,1.8,3.6,2.15,2.9,3.5,3.8,1.83,3.7,2.1,4.0,11.0,0.0,15.0,3.0,0.0,9.0,19.0,0.0,15.0,6.0,0.0,0.0,1.0
24,6,2024-01-14,Istanbulspor,Konyaspor,0,0,0,T1,T1,Istanbulspor,Konyaspor,1.0,0.25,0.25,1.89,1.89,2.06,1.79,2.04,1.8,2.0,2.35,2.04,1.79,3.33,2.95,3.53,3.39,1.9,1.95,2.05,1.8,2.05,1.75,2.05,2.45,2.08,1.73,3.3,2.8,3.5,3.4,2.05,2.35,3.3,2.9,3.5,3.3,,,,,,,1.98,1.98,2.14,1.86,2.12,1.9,2.11,2.49,2.16,1.84,3.5,3.26,3.7,3.63,1.93,1.95,1.86,2.06,1.85,2.05,2.14,1.79,2.14,2.49,3.43,2.99,3.67,3.47,2.0,2.3,3.2,2.88,3.4,3.3,1.95,2.2,3.5,2.8,3.5,3.4,3.0,7.0,0.0,8.0,1.0,1.0,8.0,14.0,0.0,19.0,7.0,0.0,0.0,2.0
24,7,2024-01-14,Antalyaspor,Trabzonspor,1,1,0,T1,T1,Antalyaspor,Trabzonspor,1.0,0.0,0.25,1.82,1.98,2.37,2.06,1.78,1.65,2.22,2.98,2.15,1.73,3.17,2.45,3.39,2.89,1.83,2.03,2.4,2.13,1.75,1.6,2.3,3.0,2.15,1.68,3.1,2.4,3.3,2.88,2.35,3.0,3.1,2.37,3.3,2.87,,,,,,,1.9,2.08,2.46,2.16,1.83,1.76,2.4,3.25,2.29,1.93,3.27,2.68,3.53,3.05,1.83,2.07,2.1,1.83,1.66,2.31,2.26,1.7,2.43,3.25,3.18,2.46,3.5,3.02,2.3,2.9,3.1,2.38,3.2,2.8,2.3,2.88,3.2,2.3,3.4,2.7,2.0,9.0,0.0,4.0,2.0,0.0,6.0,17.0,0.0,14.0,3.0,1.0,0.0,1.0
24,8,2024-01-14,Samsunspor,Sivasspor,2,0,1,T1,T1,Samsunspor,Sivasspor,1.0,-0.5,-0.25,1.75,2.06,3.28,1.93,1.89,1.74,2.07,4.42,2.01,1.83,3.49,1.82,3.33,2.19,1.8,2.05,3.3,1.95,1.9,1.75,2.05,5.0,2.08,1.73,3.5,1.73,3.4,2.2,3.2,4.4,3.5,1.77,3.3,2.2,,,,,,,1.81,2.16,3.54,2.0,1.95,1.83,2.17,5.0,2.12,1.95,3.68,1.95,3.5,2.29,1.76,2.15,1.99,1.92,1.79,2.1,2.12,1.88,3.54,4.93,3.68,1.88,3.34,2.24,3.2,4.33,3.4,1.75,3.2,2.15,3.0,4.0,3.4,1.8,3.4,2.15,2.0,10.0,1.0,6.0,2.0,0.0,5.0,22.0,1.0,16.0,10.0,0.0,2.0,5.0
24,9,2024-01-14,Gaziantep,Fenerbahce,0,1,2,T1,T1,Gaziantep,Fenerbahce,1.0,1.5,1.5,2.39,1.57,1.33,1.97,1.86,2.45,1.54,1.32,1.95,1.88,5.34,8.17,5.24,8.13,2.35,1.57,1.33,1.98,1.88,2.4,1.53,1.33,1.93,1.93,5.5,7.5,5.5,7.5,1.33,1.34,5.25,7.5,5.25,8.0,,,,,,,2.48,1.62,1.36,2.04,1.93,2.66,1.6,1.39,2.04,1.98,5.69,9.26,5.6,8.9,2.48,1.59,1.98,1.93,2.56,1.56,1.99,1.91,1.36,1.34,5.66,9.26,5.57,8.7,1.3,1.3,5.0,8.0,5.0,8.0,1.3,1.25,5.5,8.5,5.0,8.0,10.0,8.0,0.0,17.0,6.0,2.0,4.0,14.0,0.0,5.0,4.0,0.0,0.0,3.0
24,10,2024-01-15,Galatasaray,Kayserispor,2,1,1,T1,T1,Galatasaray,Kayserispor,1.0,-2.0,-1.75,2.88,1.39,9.02,1.88,1.94,3.34,1.32,12.77,2.0,1.84,7.45,1.18,6.12,1.26,2.88,1.4,8.5,1.93,1.93,3.5,1.3,13.0,2.05,1.75,7.5,1.18,6.5,1.25,9.0,13.0,7.5,1.18,6.0,1.27,,,,,,,3.0,1.47,10.1,1.93,2.05,3.62,1.38,15.62,2.17,2.23,8.49,1.26,6.7,1.3,3.0,1.4,1.9,1.97,3.55,1.31,2.14,1.77,8.88,15.62,8.49,1.17,6.67,1.28,9.0,13.0,7.0,1.14,5.5,1.25,9.0,13.0,7.5,1.12,5.8,1.25,5.0,17.0,0.0,10.0,3.0,6.0,8.0,7.0,0.0,29.0,8.0,0.0,1.0,1.0
24,11,2024-01-13,Augsburg,Leverkusen,0,1,2,D1,D1,Augsburg,Leverkusen,1.0,1.25,1.0,2.49,1.54,1.54,1.86,1.99,2.55,1.52,1.5,2.04,1.81,4.77,5.92,4.63,5.67,2.5,1.53,1.5,1.88,2.02,2.5,1.53,1.5,2.05,1.75,4.75,5.25,4.75,5.25,1.52,1.49,4.6,6.0,4.5,5.75,,,,,,,2.63,1.59,1.58,1.91,2.04,2.75,1.57,1.53,2.14,1.94,5.21,6.85,4.8,6.0,2.5,1.57,1.89,2.01,2.54,1.56,2.1,1.82,1.54,1.52,4.8,5.89,4.65,5.74,1.53,1.5,4.75,5.75,4.5,5.75,1.5,1.5,4.5,5.5,4.5,5.5,12.0,4.0,0.0,25.0,6.0,1.0,0.0,11.0,0.0,2.0,0.0,0.0,0.0,3.0
24,12,2024-01-14,Lens,Paris SG,0,2,2,F1,F1,Lens,Paris SG,1.0,0.5,0.5,2.34,1.62,1.91,1.91,1.95,2.25,1.65,1.96,1.97,1.91,3.8,3.68,3.96,3.7,2.3,1.6,1.85,1.91,1.99,2.2,1.65,1.95,2.01,1.92,4.0,3.4,4.0,3.6,1.93,1.95,3.75,3.5,3.9,3.6,,,,,,,2.43,1.66,1.95,1.96,2.0,2.34,1.7,2.02,2.02,1.94,4.1,4.11,4.1,3.96,2.39,1.63,1.91,2.0,2.27,1.7,2.0,1.93,1.9,1.99,3.77,3.83,4.06,3.81,1.85,1.95,3.7,3.6,3.6,3.7,1.83,1.83,3.8,3.7,3.9,3.6,6.0,8.0,0.0,15.0,7.0,1.0,5.0,10.0,1.0,17.0,5.0,1.0,0.0,0.0
24,13,2024-01-13,Newcastle,Man City,2,3,2,E0,E0,Newcastle,Man City,1.0,0.75,1.0,2.35,1.61,1.57,1.94,1.92,2.2,1.7,1.68,1.85,2.01,4.13,4.89,4.47,5.5,2.3,1.6,1.55,1.98,1.92,2.15,1.67,1.7,1.89,2.04,4.0,4.5,4.33,5.5,1.57,1.68,4.0,4.6,4.33,5.25,,,,,,,2.48,1.65,1.6,1.99,1.95,2.33,1.84,1.72,1.91,2.08,4.35,5.25,4.63,5.75,2.39,1.62,1.96,1.94,2.25,1.7,1.87,2.06,1.56,1.67,4.25,5.1,4.53,5.63,1.53,1.65,4.0,5.25,4.1,5.5,1.53,1.62,4.0,4.75,4.33,5.5,13.0,7.0,0.0,27.0,11.0,2.0,3.0,7.0,0.0,12.0,5.0,1.0,2.0,1.0
24,14,2024-01-14,Man United,Tottenham,2,2,0,E0,E0,Man United,Tottenham,1.0,-0.5,-0.25,2.72,1.47,3.0,1.92,1.92,2.72,1.47,3.34,1.85,2.04,3.97,2.04,3.93,2.2,2.6,1.48,3.0,1.95,1.95,2.6,1.48,3.25,1.89,2.04,4.0,2.05,3.75,2.2,2.95,3.3,3.8,2.0,3.9,2.15,,,,,,,2.82,1.49,3.08,1.97,1.97,2.97,1.51,3.59,1.92,2.07,4.15,2.15,4.1,2.26,2.76,1.48,1.94,1.96,2.71,1.51,1.92,2.0,3.01,3.59,4.02,1.99,3.97,2.22,2.9,3.4,3.9,2.0,3.75,2.15,2.88,3.1,4.0,2.0,3.9,2.15,13.0,5.0,0.0,16.0,6.0,1.0,8.0,8.0,0.0,9.0,2.0,1.0,2.0,2.0
24,15,2024-01-14,Milan,Roma,3,1,1,I1,I1,Milan,Roma,1.0,-0.25,-0.25,1.69,2.19,3.63,2.02,1.83,1.67,2.23,3.84,2.07,1.79,3.22,2.12,3.24,2.16,1.67,2.15,3.5,2.05,1.85,1.62,2.25,3.8,2.13,1.81,3.2,2.05,3.2,2.2,3.5,3.75,3.2,2.1,3.25,2.15,,,,,,,1.73,2.29,3.83,2.08,1.88,1.74,2.35,4.26,2.2,1.83,3.3,2.24,3.35,2.21,1.7,2.24,2.04,1.87,1.66,2.35,2.13,1.81,3.76,4.04,3.21,2.13,3.21,2.19,3.6,3.8,3.13,2.1,3.0,2.05,3.6,3.6,3.1,2.1,3.25,2.05,5.0,9.0,0.0,12.0,5.0,3.0,2.0,12.0,0.0,17.0,5.0,0.0,1.0,2.0
25,1,2024-01-20,Ad. Demirspor,Ankaragucu,1,1,0,T1,T1,Ad. Demirspor,Ankaragucu,1.0,-0.25,-0.25,2.05,1.75,3.38,2.03,1.8,1.78,2.02,3.52,2.02,1.81,3.3,2.1,3.49,2.08,2.05,1.75,3.5,2.03,1.83,1.67,2.15,3.8,2.03,1.83,3.2,2.1,3.5,2.1,3.4,3.4,3.3,2.1,3.6,2.0,,,,,,,2.15,1.83,3.58,2.09,1.87,1.99,2.21,3.92,2.11,1.87,3.6,2.18,3.65,2.18,2.06,1.83,2.04,1.87,1.72,2.21,2.07,1.85,3.58,3.89,3.21,2.18,3.45,2.18,3.25,3.3,3.3,2.05,3.5,2.0,3.25,3.25,3.6,1.95,3.5,2.0,5.0,13.0,0.0,9.0,3.0,1.0,6.0,11.0,0.0,12.0,4.0,0.0,0.0,0.0
25,2,2024-01-20,Alanyaspor,Rizespor,2,1,1,T1,T1,Alanyaspor,Rizespor,1.0,-0.25,-0.25,1.96,1.83,2.98,1.84,1.98,1.95,1.84,3.36,2.0,1.83,3.43,2.11,3.42,2.29,1.98,1.88,3.0,1.85,2.0,1.98,1.88,3.5,2.0,1.85,3.4,2.1,3.3,2.4,2.9,3.3,3.4,2.1,3.4,2.3,,,,,,,2.05,1.88,3.16,1.91,2.03,2.03,1.94,3.79,2.11,1.88,3.52,2.19,3.64,2.4,2.05,1.85,1.9,2.01,2.01,1.88,2.04,1.88,3.16,3.52,3.52,2.17,3.55,2.33,2.9,3.3,3.4,2.0,3.3,2.25,2.8,3.1,3.5,2.05,3.5,2.2,4.0,9.0,0.0,17.0,3.0,0.0,8.0,9.0,0.0,23.0,5.0,0.0,0.0,4.0
25,3,2024-01-20,Karagumruk,Buyuksehyr,1,1,0,T1,T1,Karagumruk,Buyuksehyr,1.0,0.0,-0.25,1.83,1.96,3.06,1.85,1.97,1.69,2.12,2.8,2.01,1.82,3.19,2.54,3.35,2.28,1.85,2.0,3.2,1.85,2.0,1.65,2.2,2.75,1.95,1.9,3.2,2.63,3.4,2.25,3.0,2.8,3.2,2.45,3.3,2.25,,,,,,,1.93,2.08,3.2,1.89,2.02,1.78,2.26,2.98,2.12,1.91,3.3,2.66,3.54,2.36,1.89,1.99,1.89,2.02,1.72,2.2,2.04,1.87,3.19,2.91,3.25,2.66,3.48,2.34,2.9,2.7,3.13,2.45,3.25,2.25,3.0,2.7,3.3,2.38,3.3,2.2,3.0,13.0,0.0,16.0,6.0,2.0,4.0,16.0,1.0,14.0,5.0,1.0,0.0,3.0
25,4,2024-01-21,Fenerbahce,Samsunspor,1,1,0,T1,T1,Fenerbahce,Samsunspor,1.0,-2.0,-2.0,2.67,1.45,12.04,1.79,2.04,2.81,1.42,12.17,1.81,2.03,6.85,1.2,6.58,1.21,2.7,1.44,12.0,1.78,2.03,2.88,1.4,12.0,1.8,2.05,7.0,1.2,6.5,1.22,11.0,11.5,6.75,1.21,6.25,1.23,,,,,,,2.8,1.48,13.6,1.82,2.17,2.96,1.47,14.5,1.88,2.11,7.52,1.25,7.15,1.24,2.73,1.48,1.8,2.09,2.95,1.42,1.83,2.06,13.56,13.48,7.52,1.21,7.08,1.22,12.0,11.5,6.0,1.18,6.0,1.18,11.0,12.0,6.5,1.17,6.5,1.18,1.0,14.0,0.0,6.0,4.0,3.0,8.0,7.0,0.0,21.0,7.0,0.0,1.0,1.0
25,5,2024-01-20,Kasimpasa,Hatayspor,3,0,1,T1,T1,Kasimpasa,Hatayspor,1.0,-0.25,-0.5,2.27,1.62,3.59,1.88,1.94,2.2,1.65,3.34,2.04,1.79,3.61,2.05,3.73,1.94,2.25,1.62,3.75,1.9,1.95,2.15,1.67,3.5,2.05,1.8,3.6,2.05,3.75,1.95,3.5,3.2,3.6,2.05,3.75,1.93,,,,,,,2.37,1.67,3.82,1.95,2.0,2.27,1.7,3.78,2.17,1.85,3.75,2.14,3.95,2.01,2.34,1.65,1.91,1.99,2.26,1.69,2.06,1.85,3.82,3.46,3.71,2.13,3.77,1.99,3.4,3.2,3.5,2.0,3.6,1.9,3.4,3.1,3.75,2.0,3.8,1.85,7.0,10.0,0.0,5.0,2.0,2.0,5.0,5.0,0.0,16.0,4.0,0.0,0.0,1.0
25,6,2024-01-22,Kayserispor,Istanbulspor,0,1,2,T1,T1,Kayserispor,Istanbulspor,1.0,-0.75,-1.0,2.23,1.64,5.23,1.85,1.97,2.24,1.64,4.65,1.98,1.85,3.98,1.66,4.21,1.58,2.2,1.65,5.75,1.85,2.0,2.1,1.7,4.75,1.93,1.93,4.0,1.7,4.2,1.57,5.0,4.5,3.9,1.68,4.1,1.6,,,,,,,2.31,1.7,5.75,1.89,2.04,2.48,1.73,5.09,2.08,1.94,4.25,1.75,4.5,1.64,2.29,1.66,1.89,2.0,2.35,1.73,2.06,1.85,5.24,4.83,3.94,1.68,4.49,1.6,5.25,4.5,3.9,1.62,4.0,1.53,5.5,4.6,4.2,1.57,4.2,1.5,7.0,11.0,0.0,16.0,8.0,3.0,5.0,15.0,0.0,10.0,4.0,0.0,0.0,2.0
25,7,2024-01-21,Konyaspor,Antalyaspor,1,1,0,T1,T1,Konyaspor,Antalyaspor,1.0,0.0,0.0,1.68,2.16,2.69,1.92,1.9,1.65,2.21,2.5,1.76,2.08,3.13,2.92,3.22,2.63,1.65,2.2,2.8,1.93,1.93,1.62,2.25,2.5,1.75,2.13,3.1,3.1,3.1,2.7,2.7,2.45,3.1,2.9,3.2,2.6,,,,,,,1.73,2.23,2.85,1.98,1.96,1.69,2.32,2.61,1.8,2.2,3.25,3.1,3.37,2.76,1.72,2.22,1.94,1.96,1.66,2.32,1.8,2.13,2.73,2.61,3.13,3.09,3.35,2.75,2.6,2.4,3.1,2.8,3.1,2.6,2.5,2.5,3.0,2.75,3.2,2.6,4.0,11.0,0.0,12.0,1.0,3.0,5.0,8.0,0.0,8.0,2.0,0.0,1.0,2.0
25,8,2024-01-20,Pendikspor,Besiktas,4,0,1,T1,T1,Pendikspor,Besiktas,1.0,0.5,0.5,2.14,1.69,1.88,1.88,1.94,2.26,1.62,1.97,1.97,1.83,3.71,3.47,3.76,3.77,2.1,1.7,1.95,1.95,1.9,2.25,1.62,2.0,2.03,1.83,3.75,3.6,3.6,3.8,1.88,1.95,3.7,3.4,3.7,3.7,,,,,,,2.26,1.74,1.96,1.95,2.03,2.36,1.67,2.07,2.07,1.87,3.95,3.9,3.94,3.99,2.23,1.71,1.91,2.0,2.31,1.67,2.06,1.85,1.91,2.06,3.76,3.61,3.94,3.99,1.85,1.95,3.6,3.3,3.6,3.6,1.85,1.95,3.7,3.25,3.7,3.5,6.0,11.0,0.0,17.0,4.0,2.0,1.0,10.0,0.0,9.0,5.0,0.0,1.0,1.0
25,9,2024-01-21,Sivasspor,Gaziantep,2,2,0,T1,T1,Sivasspor,Gaziantep,1.0,-0.5,-0.5,1.82,1.96,3.77,1.84,1.99,1.79,2.0,3.76,1.82,2.02,3.33,2.02,3.38,1.99,1.83,2.03,3.8,1.85,2.0,1.75,2.05,3.75,1.8,2.05,3.4,2.05,3.5,2.0,3.6,3.7,3.3,2.0,3.4,2.0,,,,,,,1.89,2.03,4.21,1.88,2.05,1.84,2.09,4.1,1.87,2.1,3.55,2.1,3.55,2.06,1.88,2.01,1.88,2.02,1.83,2.06,1.83,2.1,4.21,3.88,3.4,2.1,3.38,2.02,3.6,3.6,3.3,1.95,3.4,1.93,3.6,3.5,3.5,1.91,3.5,1.91,5.0,15.0,1.0,15.0,7.0,5.0,3.0,9.0,0.0,14.0,5.0,2.0,2.0,3.0
25,10,2024-01-21,Trabzonspor,Galatasaray,1,5,2,T1,T1,Trabzonspor,Galatasaray,1.0,0.75,0.5,2.11,1.71,1.89,1.9,1.89,2.03,1.77,1.77,2.0,1.82,3.81,4.24,3.82,3.68,2.1,1.7,1.91,1.93,1.93,2.0,1.8,1.8,2.0,1.85,3.8,4.2,3.75,3.75,1.9,1.8,3.7,4.1,3.7,3.6,,,,,,,2.21,1.75,1.98,1.98,1.93,2.15,1.84,1.85,2.09,1.9,4.01,4.75,4.14,4.16,2.19,1.73,1.97,1.93,2.09,1.81,2.03,1.88,1.97,1.8,4.01,4.44,4.14,3.58,1.85,1.73,3.7,4.1,3.6,3.6,1.83,1.75,3.8,3.8,3.75,3.5,6.0,17.0,0.0,16.0,10.0,4.0,11.0,14.0,0.0,16.0,1.0,1.0,0.0,1.0
25,11,2024-01-20,FC Koln,Dortmund,0,4,2,D1,D1,FC Koln,Dortmund,1.0,0.5,0.75,2.49,1.54,1.75,1.91,1.91,2.72,1.46,1.86,1.85,2.02,4.1,3.83,4.22,4.32,2.5,1.53,1.73,1.95,1.95,2.75,1.44,1.85,1.89,2.01,4.0,3.6,4.0,4.5,1.75,1.87,4.0,3.7,4.1,4.2,,,,,,,2.55,1.58,1.79,1.98,1.95,2.99,1.54,1.91,1.9,2.1,4.2,4.27,4.4,4.5,2.52,1.56,1.97,1.93,2.82,1.47,1.9,2.03,1.76,1.89,4.18,3.83,4.29,4.27,1.73,1.9,4.0,3.7,4.2,4.33,1.67,1.8,4.2,3.6,4.2,4.2,4.0,7.0,0.0,11.0,7.0,2.0,13.0,16.0,0.0,16.0,5.0,1.0,0.0,2.0
25,12,2024-01-20,RB Leipzig,Leverkusen,2,3,2,D1,D1,RB Leipzig,Leverkusen,1.0,0.0,0.0,2.38,1.6,2.74,2.05,1.82,2.51,1.54,2.68,2.02,1.85,3.76,2.47,3.75,2.44,2.3,1.62,2.7,2.08,1.82,2.5,1.53,2.6,2.06,1.84,4.0,2.4,3.8,2.4,2.7,2.65,3.7,2.45,3.75,2.37,,,,,,,2.45,1.65,2.83,2.09,1.87,2.75,1.59,2.79,2.11,1.94,4.08,2.62,3.85,2.5,2.41,1.62,2.09,1.83,2.52,1.58,2.06,1.87,2.79,2.76,3.77,2.5,3.78,2.44,2.75,2.7,3.75,2.45,3.6,2.45,2.62,2.62,3.7,2.38,3.7,2.38,9.0,11.0,0.0,18.0,5.0,3.0,1.0,11.0,0.0,11.0,6.0,0.0,1.0,2.0
25,13,2024-01-21,Bournemouth,Liverpool,0,4,2,E0,E0,Bournemouth,Liverpool,1.0,0.75,0.75,2.68,1.47,1.71,1.87,1.95,2.9,1.42,1.7,1.86,1.99,4.4,4.38,4.37,4.38,2.7,1.44,1.7,1.91,1.99,2.88,1.4,1.67,1.9,2.03,4.5,4.33,4.5,4.2,1.68,1.68,4.33,4.33,4.2,4.4,,,,,,,2.75,1.51,1.77,1.92,1.99,3.19,1.48,1.78,1.91,2.09,4.65,4.81,4.5,4.5,2.68,1.5,1.92,1.99,2.94,1.44,1.89,2.03,1.72,1.71,4.46,4.49,4.36,4.41,1.67,1.67,4.33,4.6,4.0,4.4,1.67,1.65,4.33,4.2,4.2,4.2,5.0,12.0,0.0,14.0,7.0,2.0,8.0,9.0,0.0,11.0,1.0,0.0,0.0,1.0
25,14,2024-01-20,Valencia,Ath Bilbao,1,0,1,SP1,SP1,Valencia,Ath Bilbao,1.0,0.25,0.25,1.71,2.17,2.21,1.88,1.95,1.61,2.35,2.25,1.91,1.93,3.22,3.47,3.39,3.38,1.67,2.15,2.25,1.91,1.99,1.57,2.35,2.25,1.95,1.95,3.25,3.4,3.3,3.3,2.15,2.2,3.2,3.4,3.3,3.3,,,,,,,1.77,2.27,2.29,1.92,2.01,1.65,2.45,2.3,1.96,2.02,3.3,3.71,3.5,3.52,1.71,2.22,1.89,2.01,1.62,2.43,1.96,1.96,2.19,2.29,3.22,3.55,3.46,3.47,2.2,2.25,3.2,3.4,3.3,3.4,2.1,2.2,3.2,3.3,3.4,3.25,2.0,14.0,0.0,6.0,3.0,3.0,4.0,11.0,0.0,6.0,1.0,0.0,0.0,0.0
25,15,2024-01-21,Betis,Barcelona,2,4,2,SP1,SP1,Betis,Barcelona,1.0,0.75,0.75,2.18,1.7,1.81,2.0,1.82,2.47,1.56,1.85,2.06,1.79,4.0,3.94,3.92,4.24,2.15,1.67,1.8,2.05,1.85,2.4,1.53,1.8,2.03,1.78,4.0,4.0,3.8,4.33,1.83,1.83,3.9,3.9,3.75,4.0,,,,,,,2.27,1.75,1.84,2.07,1.86,2.63,1.6,1.91,2.14,1.93,4.12,4.55,4.1,4.5,2.24,1.7,2.06,1.86,2.52,1.58,2.08,1.85,1.81,1.84,4.12,4.1,4.01,4.29,1.8,1.83,4.0,3.9,3.9,4.2,1.75,1.75,3.9,4.0,3.8,4.2,4.0,9.0,0.0,11.0,4.0,2.0,3.0,12.0,0.0,14.0,5.0,1.0,0.0,1.0
26,1,2024-01-27,Alanyaspor,Pendikspor,1,1,0,T1,T1,Alanyaspor,Pendikspor,1.0,-0.5,-0.5,2.03,1.77,3.87,1.96,1.87,1.93,1.86,3.99,1.95,1.88,3.59,1.88,3.7,1.85,2.05,1.75,4.2,2.0,1.85,1.95,1.9,4.2,2.03,1.83,3.6,1.85,3.75,1.83,3.75,3.9,3.6,1.85,3.6,1.88,,,,,,,2.11,1.82,4.22,2.03,1.9,2.02,1.94,4.33,2.07,1.93,3.79,1.96,3.91,1.91,2.09,1.8,2.03,1.88,2.02,1.87,2.04,1.87,4.22,4.33,3.79,1.87,3.84,1.88,3.8,3.8,3.5,1.83,3.6,1.8,3.6,3.6,3.6,1.85,3.7,1.83,5.0,15.0,0.0,10.0,3.0,1.0,5.0,9.0,0.0,8.0,2.0,0.0,0.0,2.0
26,2,2024-01-27,Ad. Demirspor,Hatayspor,0,1,2,T1,T1,Ad. Demirspor,Hatayspor,1.0,-0.5,-0.5,2.0,1.79,3.62,1.89,1.95,1.9,1.89,3.69,1.87,1.97,3.55,1.95,3.66,1.93,2.0,1.8,3.8,1.9,1.95,1.93,1.93,3.8,1.88,1.98,3.75,1.91,3.8,1.91,3.6,3.6,3.5,1.98,3.6,1.93,,,,,,,2.08,1.85,3.91,1.98,2.0,2.0,2.0,4.12,1.92,2.02,3.81,2.01,3.8,2.0,2.07,1.82,1.93,1.97,1.93,1.96,1.92,1.99,3.91,4.12,3.53,1.99,3.77,1.97,3.6,3.6,3.4,1.91,3.5,1.87,3.4,3.4,3.6,1.91,3.6,1.91,3.0,24.0,0.0,4.0,2.0,4.0,5.0,12.0,1.0,13.0,0.0,1.0,0.0,5.0
26,3,2024-01-28,Konyaspor,Buyuksehyr,2,3,2,T1,T1,Konyaspor,Buyuksehyr,1.0,0.0,-0.25,1.73,2.08,2.9,1.77,2.07,1.65,2.23,2.59,1.83,2.0,3.14,2.8,3.29,2.4,1.7,2.1,2.9,1.78,2.1,1.62,2.25,2.5,1.83,2.03,3.25,2.88,3.3,2.45,2.8,2.55,3.1,2.8,3.25,2.4,,,,,,,1.79,2.17,3.09,1.83,2.14,1.74,2.46,2.83,1.92,2.08,3.32,2.98,3.45,2.51,1.75,2.17,1.79,2.14,1.67,2.3,1.84,2.08,3.09,2.65,3.17,2.98,3.27,2.51,2.88,2.5,3.1,2.7,3.2,2.3,2.8,2.5,3.1,2.7,3.3,2.3,4.0,12.0,0.0,15.0,5.0,2.0,1.0,6.0,0.0,12.0,3.0,0.0,2.0,3.0
26,4,2024-01-28,Karagumruk,Rizespor,4,0,1,T1,T1,Karagumruk,Rizespor,1.0,-0.25,-0.25,1.87,1.91,2.81,1.76,2.09,1.81,1.98,3.11,1.88,1.94,3.33,2.26,3.41,2.4,1.88,1.98,2.9,1.75,2.13,1.8,2.05,3.25,1.9,1.95,3.3,2.25,3.3,2.45,2.75,3.0,3.3,2.3,3.4,2.4,,,,,,,2.02,1.98,2.99,1.82,2.17,1.88,2.21,3.35,1.94,2.03,3.45,2.4,3.55,2.48,1.91,1.98,1.82,2.1,1.86,2.03,1.92,1.99,2.99,3.31,3.4,2.32,3.55,2.43,2.8,3.0,3.25,2.2,3.3,2.3,2.6,2.88,3.4,2.2,3.5,2.38,7.0,15.0,0.0,5.0,3.0,2.0,5.0,13.0,0.0,17.0,5.0,0.0,1.0,2.0
26,5,2024-01-28,Sivasspor,Besiktas,1,0,1,T1,T1,Sivasspor,Besiktas,1.0,0.25,0.5,2.03,1.76,1.97,1.98,1.85,1.85,1.95,2.24,1.94,1.88,3.37,3.11,3.65,3.53,2.05,1.75,1.95,1.98,1.88,1.83,2.03,2.25,1.98,1.88,3.3,3.2,3.6,3.8,2.0,2.25,3.4,3.0,3.5,3.4,,,,,,,2.12,1.8,2.01,2.05,1.93,2.02,2.24,2.35,2.02,1.94,3.57,3.48,3.89,3.8,2.12,1.78,1.98,1.93,1.88,2.02,1.99,1.92,1.98,2.32,3.39,3.32,3.89,3.74,1.91,2.2,3.25,3.0,3.5,3.5,1.95,2.15,3.5,2.88,3.6,3.3,10.0,9.0,0.0,14.0,3.0,4.0,3.0,22.0,0.0,8.0,4.0,0.0,1.0,6.0
26,6,2024-01-28,Fenerbahce,Ankaragucu,2,1,1,T1,T1,Fenerbahce,Ankaragucu,1.0,-2.0,-2.0,2.59,1.47,13.66,1.89,1.93,2.63,1.47,13.99,1.85,1.99,6.79,1.19,7.06,1.18,2.6,1.48,15.0,1.9,1.95,2.6,1.48,15.0,1.83,2.03,6.0,1.22,6.5,1.2,13.0,12.5,6.75,1.21,7.0,1.19,,,,,,,2.72,1.5,15.93,1.94,2.0,2.79,1.52,17.0,2.09,2.08,7.85,1.25,7.9,1.21,2.72,1.48,1.94,1.94,2.68,1.49,1.84,2.06,15.93,14.86,7.45,1.2,7.9,1.18,13.0,12.0,6.5,1.17,6.5,1.15,13.0,13.0,7.0,1.14,7.0,1.14,0.0,13.0,0.0,4.0,2.0,0.0,9.0,17.0,0.0,22.0,10.0,1.0,2.0,0.0
26,7,2024-01-29,Istanbulspor,Samsunspor,1,1,0,T1,T1,Istanbulspor,Samsunspor,1.0,0.25,0.25,1.89,1.88,2.08,1.82,2.0,1.66,2.21,2.17,1.88,1.95,3.27,3.36,3.47,3.31,1.88,1.98,2.1,1.83,2.03,1.62,2.25,2.2,1.9,1.95,3.25,3.4,3.5,3.4,2.05,2.15,3.2,3.3,3.5,3.3,,,,,,,2.0,1.98,2.16,1.88,2.05,1.79,2.35,2.27,1.98,2.03,3.46,3.69,3.64,3.48,1.92,1.95,1.85,2.05,1.67,2.31,1.93,1.97,2.13,2.26,3.35,3.48,3.63,3.47,2.05,2.1,3.13,3.3,3.3,3.3,2.0,2.1,3.25,3.2,3.5,3.2,4.0,13.0,0.0,12.0,3.0,1.0,4.0,15.0,0.0,9.0,5.0,0.0,0.0,3.0
26,8,2024-01-29,Kayserispor,Antalyaspor,1,1,0,T1,T1,Kayserispor,Antalyaspor,1.0,0.25,0.25,1.94,1.83,2.32,2.02,1.8,1.88,1.91,2.34,2.05,1.79,3.35,2.96,3.41,2.89,1.95,1.9,2.38,2.05,1.8,1.85,2.0,2.45,2.1,1.78,3.3,2.9,3.4,3.0,2.3,2.3,3.3,2.9,3.4,2.9,,,,,,,2.05,1.94,2.4,2.06,1.88,1.95,2.0,2.49,2.17,1.85,3.45,3.14,3.62,3.02,1.99,1.88,2.06,1.84,1.9,1.98,2.14,1.8,2.39,2.49,3.35,3.05,3.53,3.02,2.25,2.3,3.3,2.8,3.3,2.88,2.3,2.25,3.4,2.8,3.4,2.7,7.0,12.0,0.0,13.0,3.0,1.0,6.0,13.0,0.0,15.0,5.0,1.0,0.0,2.0
26,9,2024-01-29,Galatasaray,Gaziantep,2,1,1,T1,T1,Galatasaray,Gaziantep,1.0,-2.25,-2.0,2.74,1.43,13.15,1.92,1.9,3.11,1.35,15.35,1.86,1.97,8.07,1.15,7.11,1.17,2.88,1.4,11.0,1.93,1.93,3.4,1.33,15.0,1.88,1.98,9.0,1.14,8.0,1.2,13.5,13.5,7.75,1.17,7.0,1.19,,,,,,,2.88,1.46,17.0,1.98,1.94,3.46,1.4,18.0,1.94,2.03,9.29,1.18,8.0,1.2,2.77,1.46,1.93,1.93,3.3,1.35,1.91,1.97,14.1,17.82,9.02,1.15,7.78,1.19,13.0,15.0,7.5,1.12,6.5,1.15,13.0,15.0,8.0,1.11,7.0,1.14,2.0,10.0,0.0,6.0,4.0,5.0,13.0,7.0,0.0,33.0,9.0,1.0,0.0,1.0
26,10,2024-01-29,Trabzonspor,Kasimpasa,2,3,2,T1,T1,Trabzonspor,Kasimpasa,1.0,-0.75,-0.75,2.24,1.63,4.54,1.97,1.85,2.32,1.59,4.29,1.92,1.9,4.09,1.71,4.01,1.67,2.3,1.6,4.5,2.0,1.85,2.35,1.57,4.2,1.9,1.95,4.33,1.7,4.33,1.67,4.4,4.33,4.0,1.68,3.9,1.7,,,,,,,2.34,1.68,4.85,2.05,1.91,2.47,1.65,4.56,2.0,2.0,4.42,1.78,4.33,1.72,2.34,1.64,1.99,1.9,2.4,1.62,1.91,2.0,4.68,4.32,4.23,1.78,4.21,1.71,4.4,4.33,3.9,1.65,3.9,1.62,4.5,4.2,4.0,1.65,3.9,1.62,3.0,11.0,0.0,15.0,6.0,2.0,7.0,15.0,0.0,21.0,8.0,0.0,1.0,1.0
26,11,2024-01-27,Stuttgart,RB Leipzig,5,2,1,D1,D1,Stuttgart,RB Leipzig,1.0,0.0,0.0,2.4,1.57,2.45,1.84,2.03,2.37,1.6,2.63,1.98,1.89,3.71,2.55,3.77,2.71,2.38,1.57,2.4,1.85,2.05,2.3,1.62,2.6,2.02,1.88,3.75,2.55,3.8,2.63,2.45,2.6,3.6,2.5,3.6,2.65,,,,,,,2.48,1.6,2.5,1.88,2.07,2.48,1.65,2.74,2.05,1.94,3.83,2.77,3.98,2.79,2.46,1.6,1.85,2.07,2.42,1.62,2.02,1.9,2.45,2.7,3.79,2.54,3.82,2.75,2.45,2.6,3.7,2.55,3.7,2.7,2.38,2.5,3.7,2.45,3.8,2.6,3.0,11.0,0.0,4.0,2.0,4.0,9.0,9.0,0.0,19.0,11.0,1.0,2.0,1.0
26,12,2024-01-28,Paris SG,Brest,2,2,0,F1,F1,Paris SG,Brest,1.0,-1.25,-1.25,2.41,1.56,7.12,1.97,1.86,2.41,1.57,7.06,1.95,1.9,4.96,1.42,5.12,1.4,2.4,1.53,7.5,2.01,1.89,2.35,1.57,6.0,1.93,2.0,5.0,1.44,5.5,1.36,6.75,6.75,4.75,1.44,5.0,1.42,,,,,,,2.5,1.61,7.75,2.05,1.91,2.53,1.62,8.0,2.05,2.01,5.32,1.46,5.6,1.44,2.48,1.58,2.05,1.87,2.46,1.6,1.93,2.0,6.98,7.17,4.96,1.45,5.45,1.4,7.5,7.5,4.75,1.4,4.6,1.36,7.0,7.0,5.0,1.36,5.0,1.36,0.0,10.0,0.0,9.0,6.0,3.0,7.0,12.0,1.0,10.0,4.0,0.0,2.0,5.0
26,13,2024-01-28,Ath Madrid,Valencia,2,0,1,SP1,SP1,Ath Madrid,Valencia,1.0,-1.0,-1.0,2.02,1.81,6.51,2.02,1.84,1.88,1.95,6.24,1.88,1.99,4.07,1.57,4.42,1.5,2.05,1.85,7.0,2.06,1.84,1.88,2.02,6.0,1.85,2.08,4.0,1.57,4.33,1.45,6.5,5.75,4.0,1.58,4.4,1.49,,,,,,,2.07,1.88,7.0,2.09,1.88,1.94,2.07,7.0,2.02,2.09,4.35,1.61,4.6,1.53,2.05,1.85,2.06,1.85,1.89,2.02,1.86,2.07,6.63,6.33,4.04,1.6,4.47,1.51,6.5,6.5,4.1,1.53,4.33,1.5,6.5,6.0,4.0,1.53,4.4,1.44,6.0,9.0,0.0,10.0,3.0,0.0,3.0,9.0,0.0,12.0,8.0,0.0,1.0,2.0
26,14,2024-01-28,Lazio,Napoli,0,0,0,I1,I1,Lazio,Napoli,1.0,-0.25,-0.25,1.64,2.28,3.36,1.9,1.92,1.54,2.46,3.37,1.86,1.99,3.07,2.36,3.21,2.28,1.62,2.25,3.3,1.95,1.95,1.5,2.5,3.4,1.89,2.04,3.1,2.38,3.3,2.25,3.2,3.3,3.0,2.35,3.2,2.3,,,,,,,1.69,2.38,3.53,1.99,1.99,1.6,2.64,3.49,1.91,2.05,3.2,2.44,3.35,2.38,1.65,2.35,1.94,1.96,1.54,2.64,1.88,2.04,3.52,3.49,3.05,2.42,3.18,2.3,3.3,3.4,2.9,2.38,2.9,2.2,3.2,3.4,2.88,2.3,3.2,2.2,3.0,11.0,0.0,5.0,0.0,2.0,4.0,11.0,0.0,10.0,1.0,0.0,0.0,3.0
26,15,2024-01-28,Fiorentina,Inter,0,1,2,I1,I1,Fiorentina,Inter,1.0,0.5,0.5,1.91,1.91,1.9,1.9,1.96,1.71,2.17,1.87,1.88,2.0,3.46,4.51,3.65,4.06,1.93,1.97,1.85,1.92,1.98,1.67,2.15,1.85,1.93,2.0,3.4,4.75,3.6,4.2,1.95,1.85,3.4,4.4,3.5,3.75,,,,,,,1.97,1.98,1.96,1.94,2.0,1.75,2.26,1.94,1.95,2.05,3.58,5.23,3.81,4.3,1.93,1.95,1.93,1.98,1.74,2.2,1.92,2.05,1.92,1.87,3.55,4.68,3.69,4.13,1.83,1.87,3.3,4.5,3.25,4.1,1.83,1.83,3.3,4.33,3.7,3.9,6.0,12.0,0.0,8.0,4.0,3.0,7.0,6.0,0.0,14.0,4.0,1.0,0.0,2.0
27,1,2024-02-02,Ankaragucu,Sivasspor,0,0,0,T1,T1,Ankaragucu,Sivasspor,1.0,-0.5,-0.5,1.72,2.11,3.87,1.87,1.97,1.69,2.16,4.06,1.91,1.93,3.36,1.93,3.38,1.97,1.67,2.15,4.0,1.9,1.95,1.67,2.15,4.0,1.93,1.93,3.5,1.91,3.5,1.91,3.9,4.0,3.3,1.9,3.3,1.93,,,,,,,1.79,2.21,4.35,1.93,2.05,1.79,2.28,4.59,2.0,1.98,3.58,2.07,3.58,2.1,1.74,2.19,1.92,1.99,1.7,2.25,1.98,1.93,4.35,4.59,3.42,1.93,3.43,1.97,3.9,4.0,3.3,1.85,3.3,1.87,3.6,3.6,3.4,1.91,3.4,1.91,1.0,10.0,0.0,9.0,5.0,2.0,7.0,7.0,0.0,10.0,2.0,0.0,0.0,2.0
27,2,2024-02-03,Antalyaspor,Fenerbahce,0,2,2,T1,T1,Antalyaspor,Fenerbahce,1.0,1.0,1.0,2.1,1.72,1.56,1.98,1.85,2.2,1.66,1.54,1.92,1.92,4.22,5.69,4.11,5.5,2.08,1.73,1.55,2.0,1.85,2.25,1.62,1.57,2.0,1.85,4.2,5.5,4.0,5.75,1.57,1.52,4.2,5.5,4.0,5.5,,,,,,,2.2,1.78,1.61,2.03,1.92,2.29,1.75,1.65,2.1,2.06,4.5,6.31,4.4,5.82,2.14,1.76,2.03,1.88,2.29,1.68,2.1,1.81,1.61,1.65,4.21,5.3,4.22,5.82,1.53,1.5,4.0,5.5,4.0,5.25,1.53,1.44,4.33,5.8,4.2,5.0,7.0,17.0,0.0,14.0,7.0,0.0,6.0,13.0,0.0,16.0,5.0,1.0,0.0,1.0
27,3,2024-02-03,Buyuksehyr,Istanbulspor,2,0,1,T1,T1,Buyuksehyr,Istanbulspor,1.0,-1.0,-1.0,2.05,1.76,6.0,1.91,1.92,1.84,1.96,5.87,1.82,2.02,3.98,1.56,4.25,1.52,2.05,1.75,5.5,1.93,1.93,1.88,1.98,5.25,1.8,2.05,4.33,1.57,4.33,1.53,5.5,5.5,3.9,1.58,4.2,1.53,,,,,,,2.11,1.81,8.5,1.98,1.97,1.91,2.07,7.8,1.86,2.11,4.33,1.63,4.5,1.59,2.09,1.81,1.96,1.94,1.87,2.02,1.85,2.06,6.0,6.07,4.13,1.6,4.41,1.57,5.5,5.5,3.75,1.55,4.0,1.5,5.5,5.5,4.0,1.5,4.0,1.5,3.0,9.0,0.0,7.0,3.0,1.0,8.0,8.0,0.0,22.0,9.0,0.0,1.0,1.0
27,4,2024-02-04,Besiktas,Trabzonspor,2,0,1,T1,T1,Besiktas,Trabzonspor,1.0,-0.5,-0.5,1.96,1.84,3.72,1.88,1.95,1.78,2.03,3.96,1.89,1.95,3.37,1.94,3.54,1.95,1.98,1.88,3.6,1.9,1.95,1.85,2.0,4.0,1.98,1.88,3.6,1.91,3.6,1.95,3.6,3.75,3.4,1.93,3.5,1.95,,,,,,,2.05,1.93,4.11,1.96,2.0,1.91,2.22,4.5,2.0,2.03,3.6,2.07,3.76,2.0,1.96,1.93,1.9,2.0,1.86,2.03,1.98,1.93,4.11,4.5,3.47,1.93,3.49,2.0,3.6,3.8,3.3,1.9,3.4,1.9,3.6,3.6,3.6,1.85,3.6,1.85,6.0,11.0,0.0,13.0,2.0,0.0,6.0,22.0,0.0,9.0,3.0,0.0,1.0,3.0
27,5,2024-02-03,Gaziantep,Kayserispor,1,1,0,T1,T1,Gaziantep,Kayserispor,1.0,-0.25,-0.25,1.91,1.88,3.23,1.95,1.88,1.9,1.89,3.3,1.98,1.87,3.44,2.13,3.44,2.16,1.93,1.93,3.25,1.98,1.88,1.93,1.93,3.5,2.05,1.8,3.5,2.05,3.5,2.15,3.1,3.25,3.4,2.1,3.4,2.2,,,,,,,1.99,1.96,3.41,2.0,1.93,2.0,2.06,3.63,2.1,1.93,3.6,2.26,3.64,2.24,1.96,1.93,1.97,1.93,1.96,1.93,2.08,1.84,3.41,3.62,3.54,2.13,3.46,2.24,3.2,3.13,3.3,2.1,3.3,2.1,3.1,3.1,3.5,2.05,3.5,2.05,4.0,12.0,0.0,15.0,4.0,4.0,9.0,10.0,0.0,12.0,3.0,1.0,0.0,2.0
27,6,2024-02-02,Hatayspor,Karagumruk,3,1,1,T1,T1,Hatayspor,Karagumruk,1.0,0.0,0.0,1.63,2.26,2.6,1.86,1.99,1.62,2.28,2.62,1.86,1.98,3.1,2.76,3.11,2.79,1.62,2.25,2.5,1.78,2.1,1.62,2.25,2.6,1.85,2.0,3.1,2.7,3.1,2.8,2.6,2.65,3.1,2.7,3.1,2.75,,,,,,,1.68,2.4,3.05,2.17,2.13,1.66,2.42,2.79,1.9,2.04,3.25,2.94,3.2,3.06,1.66,2.32,1.83,2.1,1.64,2.36,1.88,2.03,2.65,2.72,3.13,2.93,3.12,3.04,2.55,2.6,3.1,2.6,3.0,2.7,2.5,2.6,3.25,2.5,3.2,2.6,5.0,7.0,0.0,18.0,4.0,2.0,4.0,14.0,0.0,5.0,3.0,0.0,1.0,0.0
27,7,2024-02-04,Kasimpasa,Alanyaspor,2,1,1,T1,T1,Kasimpasa,Alanyaspor,1.0,0.0,-0.25,2.25,1.63,2.81,1.82,2.02,2.22,1.65,2.7,2.01,1.83,3.56,2.43,3.62,2.31,2.2,1.65,2.8,1.85,2.0,2.1,1.7,2.63,1.98,1.88,3.5,2.55,3.6,2.25,2.75,2.65,3.6,2.4,3.5,2.35,,,,,,,2.35,1.68,2.98,1.88,2.1,2.35,1.71,2.9,2.11,1.95,3.68,2.58,3.81,2.38,2.34,1.65,1.88,2.03,2.22,1.71,2.01,1.89,2.98,2.74,3.62,2.58,3.81,2.33,2.75,2.63,3.5,2.3,3.5,2.25,2.6,2.7,3.6,2.25,3.6,2.3,9.0,8.0,0.0,7.0,3.0,4.0,7.0,10.0,0.0,19.0,7.0,1.0,1.0,0.0
27,8,2024-02-04,Pendikspor,Ad. Demirspor,2,1,1,T1,T1,Pendikspor,Ad. Demirspor,1.0,-0.5,-0.25,2.15,1.69,2.96,1.88,1.96,2.13,1.7,3.45,1.82,2.04,3.61,2.02,3.57,2.23,2.1,1.7,2.9,1.88,1.98,2.15,1.67,3.5,1.83,2.03,3.8,2.0,3.6,2.25,2.9,3.4,3.6,1.98,3.5,2.25,,,,,,,2.3,1.74,3.15,1.94,2.02,2.26,1.76,3.74,1.86,2.1,3.85,2.08,3.77,2.31,2.18,1.74,1.93,1.98,2.18,1.74,1.85,2.07,3.15,3.74,3.62,2.07,3.68,2.28,2.88,3.3,3.5,1.95,3.5,2.15,2.88,3.25,3.6,1.95,3.6,2.15,6.0,7.0,0.0,16.0,6.0,1.0,7.0,20.0,1.0,16.0,5.0,0.0,2.0,3.0
27,9,2024-02-03,Rizespor,Konyaspor,0,0,0,T1,T1,Rizespor,Konyaspor,1.0,-0.75,-0.5,1.84,1.96,3.94,1.92,1.91,1.9,1.89,4.6,1.86,1.98,3.68,1.74,3.5,1.91,1.85,2.0,4.0,1.93,1.93,1.93,1.93,4.75,1.93,1.93,3.8,1.73,3.6,1.85,3.8,4.4,3.7,1.73,3.4,1.9,,,,,,,1.9,2.06,4.32,1.97,1.95,2.02,2.0,5.08,1.97,2.1,3.86,1.87,3.7,1.97,1.87,2.02,1.95,1.95,1.95,1.93,1.93,1.98,4.32,5.08,3.77,1.76,3.5,1.95,3.8,4.4,3.6,1.7,3.4,1.85,3.7,4.2,3.6,1.73,3.6,1.83,4.0,10.0,0.0,19.0,6.0,1.0,12.0,9.0,0.0,24.0,3.0,0.0,0.0,1.0
27,10,2024-02-02,Samsunspor,Galatasaray,0,2,2,T1,T1,Samsunspor,Galatasaray,1.0,0.75,0.75,2.21,1.66,1.66,1.84,1.98,2.2,1.66,1.66,1.84,1.99,3.99,4.76,4.03,4.68,2.15,1.67,1.67,1.85,2.0,2.15,1.67,1.67,1.85,2.0,4.0,4.75,3.75,4.75,1.66,1.63,4.0,4.6,4.0,4.6,,,,,,,2.28,1.72,1.72,1.91,2.04,2.28,1.73,1.75,1.93,2.07,4.2,5.35,4.26,5.0,2.23,1.71,1.88,2.03,2.22,1.71,1.89,2.02,1.69,1.7,3.98,5.21,4.12,5.08,1.62,1.6,3.9,4.75,3.9,4.6,1.6,1.57,4.2,4.5,4.2,4.33,4.0,5.0,0.0,16.0,5.0,1.0,4.0,14.0,0.0,17.0,5.0,2.0,0.0,2.0
27,11,2024-02-03,Freiburg,Stuttgart,1,3,2,D1,D1,Freiburg,Stuttgart,1.0,0.25,0.25,2.13,1.74,2.21,1.9,1.92,1.94,1.9,2.25,1.93,1.91,3.5,3.21,3.71,3.12,2.1,1.73,2.2,1.93,2.0,1.91,1.99,2.2,2.02,1.91,3.5,3.2,3.6,3.1,2.2,2.25,3.4,3.1,3.7,3.0,,,,,,,2.2,1.8,2.26,1.96,2.0,2.04,2.01,2.33,2.03,1.96,3.61,3.4,3.85,3.27,2.16,1.75,1.94,1.96,1.92,1.99,2.02,1.91,2.21,2.33,3.47,3.22,3.79,3.15,2.2,2.25,3.5,3.13,3.6,3.13,2.15,2.15,3.6,3.0,3.6,3.0,6.0,7.0,0.0,17.0,9.0,2.0,1.0,10.0,1.0,7.0,4.0,2.0,1.0,4.0
27,12,2024-02-04,Brest,Nice,0,0,0,F1,F1,Brest,Nice,1.0,0.0,-0.25,1.59,2.37,3.03,1.76,2.09,1.41,2.91,2.89,1.96,1.91,2.87,2.81,3.17,2.48,1.57,2.35,3.0,1.8,2.14,1.4,2.88,2.8,1.95,1.98,3.0,2.8,3.25,2.45,2.9,2.87,2.85,2.8,3.25,2.45,,,,,,,1.66,2.5,3.2,1.82,2.15,1.49,3.1,3.05,2.05,1.99,3.05,2.98,3.26,2.57,1.58,2.49,1.79,2.14,1.41,3.1,1.95,1.97,3.15,2.95,2.84,2.98,3.15,2.51,3.0,2.88,2.8,2.8,3.0,2.38,2.9,2.9,2.88,2.62,3.2,2.4,5.0,12.0,0.0,13.0,1.0,1.0,3.0,12.0,0.0,17.0,2.0,0.0,0.0,3.0
27,13,2024-02-04,Arsenal,Liverpool,3,1,1,E0,E0,Arsenal,Liverpool,1.0,-0.25,-0.25,2.23,1.67,3.07,1.91,1.93,2.2,1.7,3.2,1.95,1.91,3.65,2.21,3.67,2.25,2.15,1.67,3.1,1.98,1.95,2.15,1.67,3.25,2.01,1.92,3.6,2.1,3.6,2.2,2.95,3.2,3.6,2.15,3.6,2.25,,,,,,,2.33,1.73,3.24,1.98,1.98,2.38,1.76,3.3,2.01,2.0,3.78,2.3,3.8,2.32,2.26,1.69,1.95,1.95,2.25,1.71,2.0,1.93,3.15,3.26,3.75,2.2,3.72,2.24,3.1,3.25,3.6,2.15,3.5,2.15,2.9,2.9,3.5,2.25,3.75,2.15,4.0,11.0,1.0,10.0,1.0,2.0,2.0,11.0,0.0,15.0,7.0,1.0,1.0,6.0
27,14,2024-02-04,Real Madrid,Ath Madrid,1,1,0,SP1,SP1,Real Madrid,Ath Madrid,1.0,-0.75,-0.75,2.24,1.67,4.39,1.88,1.95,2.35,1.61,4.69,1.98,1.87,4.19,1.69,4.04,1.76,2.2,1.65,4.5,1.89,2.01,2.3,1.6,4.75,2.02,1.91,4.2,1.67,4.0,1.73,4.2,4.5,4.1,1.68,4.0,1.75,,,,,,,2.3,1.73,4.84,1.96,2.02,2.5,1.68,5.1,2.05,1.92,4.39,1.79,4.2,1.81,2.26,1.68,1.9,2.0,2.35,1.65,2.0,1.9,4.36,4.81,4.15,1.72,4.06,1.78,4.4,4.6,4.2,1.67,4.0,1.75,4.4,4.5,4.0,1.65,4.0,1.67,8.0,15.0,0.0,10.0,5.0,5.0,2.0,6.0,0.0,17.0,4.0,0.0,1.0,0.0
27,15,2024-02-04,Inter,Juventus,1,0,1,I1,I1,Inter,Juventus,1.0,-0.5,-0.5,1.65,2.26,4.77,2.06,1.8,1.58,2.4,4.99,2.06,1.82,3.42,1.82,3.51,1.81,1.65,2.2,4.75,2.03,1.78,1.53,2.4,5.0,2.07,1.86,3.4,1.8,3.5,1.8,4.6,4.8,3.3,1.82,3.4,1.82,,,,,,,1.71,2.33,5.2,2.1,1.83,1.65,2.54,5.4,2.14,1.88,3.56,1.89,3.68,1.84,1.66,2.32,2.09,1.83,1.57,2.54,2.08,1.85,4.77,5.11,3.42,1.85,3.59,1.83,4.8,5.25,3.2,1.8,3.13,1.75,4.6,4.75,3.4,1.75,3.5,1.75,4.0,8.0,0.0,12.0,1.0,2.0,6.0,8.0,0.0,15.0,3.0,0.0,1.0,2.0
28,1,2024-02-09,Ad. Demirspor,Kasimpasa,1,3,2,T1,T1,Ad. Demirspor,Kasimpasa,1.0,-0.25,-0.25,2.49,1.52,2.89,1.86,1.97,2.39,1.56,3.02,1.93,1.89,3.72,2.15,3.72,2.24,2.4,1.53,2.9,1.85,2.0,2.3,1.6,3.2,1.95,1.9,3.8,2.1,4.0,2.2,2.85,2.95,3.7,2.15,3.7,2.25,,,,,,,2.72,1.58,3.09,1.92,2.05,2.63,1.63,3.23,2.02,1.95,3.85,2.31,4.0,2.33,2.49,1.58,1.89,2.01,2.4,1.63,1.99,1.92,3.07,3.23,3.8,2.2,3.7,2.31,2.8,3.0,3.6,2.05,3.7,2.15,2.7,2.9,3.8,2.05,3.8,2.15,4.0,11.0,0.0,13.0,7.0,3.0,7.0,15.0,0.0,23.0,4.0,2.0,0.0,5.0
28,2,2024-02-10,Karagumruk,Pendikspor,2,0,1,T1,T1,Karagumruk,Pendikspor,1.0,-0.5,-0.25,1.9,1.89,3.13,1.93,1.89,1.98,1.82,3.58,1.84,2.01,3.45,2.03,3.43,2.21,1.9,1.95,3.3,1.98,1.88,2.03,1.83,3.75,1.88,1.98,3.6,1.95,3.4,2.15,3.1,3.4,3.5,2.0,3.4,2.15,,,,,,,1.96,1.96,3.35,1.99,1.99,2.06,1.92,3.96,1.92,2.07,3.6,2.4,3.6,2.4,1.95,1.93,1.94,1.96,2.04,1.85,1.85,2.07,3.28,3.95,3.42,2.07,3.55,2.27,3.1,3.5,3.4,1.95,3.3,2.15,3.0,3.25,3.6,1.95,3.6,2.05,9.0,17.0,0.0,8.0,1.0,0.0,6.0,11.0,0.0,12.0,6.0,0.0,1.0,1.0
28,3,2024-02-10,Galatasaray,Buyuksehyr,2,0,1,T1,T1,Galatasaray,Buyuksehyr,1.0,-1.5,-1.5,2.4,1.55,9.55,1.96,1.87,2.74,1.43,8.53,1.97,1.87,5.64,1.3,5.53,1.28,2.35,1.57,10.0,1.98,1.88,2.7,1.44,9.0,1.93,1.93,5.75,1.3,5.5,1.3,9.5,7.5,5.5,1.33,5.5,1.28,,,,,,,2.47,1.63,10.5,2.02,1.93,2.9,1.46,9.9,2.08,1.95,6.11,1.35,5.92,1.32,2.47,1.59,2.02,1.89,2.83,1.46,1.95,1.95,10.36,9.54,5.87,1.32,5.86,1.31,9.5,8.0,5.25,1.29,5.25,1.25,9.0,9.5,5.8,1.22,5.5,1.25,3.0,11.0,0.0,9.0,1.0,2.0,7.0,13.0,0.0,18.0,7.0,0.0,2.0,2.0
28,4,2024-02-11,Sivasspor,Rizespor,1,0,1,T1,T1,Sivasspor,Rizespor,1.0,-0.25,-0.25,1.86,1.93,2.9,1.8,2.04,1.85,1.93,2.83,1.75,2.11,3.34,2.43,3.39,2.36,1.88,1.98,3.1,1.83,2.03,1.85,2.0,2.88,1.7,2.1,3.3,2.5,3.3,2.38,2.8,2.8,3.3,2.4,3.4,2.37,,,,,,,1.93,2.02,3.1,1.85,2.13,1.94,2.0,3.11,1.86,2.21,3.5,2.59,3.54,2.44,1.93,1.96,1.85,2.06,1.89,2.0,1.74,2.21,3.07,2.87,3.46,2.59,3.53,2.39,2.88,2.7,3.25,2.4,3.25,2.3,2.7,2.7,3.4,2.3,3.4,2.3,6.0,10.0,0.0,17.0,5.0,1.0,0.0,15.0,0.0,7.0,2.0,0.0,1.0,1.0
28,5,2024-02-11,Konyaspor,Ankaragucu,1,0,1,T1,T1,Konyaspor,Ankaragucu,1.0,0.0,0.0,1.66,2.2,2.82,2.0,1.83,1.53,2.46,2.76,1.91,1.92,2.96,2.76,3.13,2.57,1.65,2.2,2.8,2.03,1.83,1.53,2.4,2.7,1.88,1.98,3.1,2.8,3.3,2.55,2.75,2.7,2.95,2.75,3.2,2.5,,,,,,,1.75,2.3,2.98,2.07,1.89,1.7,2.63,2.92,1.98,2.04,3.15,2.95,3.3,2.7,1.68,2.29,2.07,1.85,1.55,2.56,1.89,2.01,2.98,2.79,3.03,2.95,3.15,2.67,2.7,2.63,3.0,2.63,3.1,2.5,2.7,2.7,3.0,2.6,3.1,2.5,2.0,6.0,0.0,9.0,1.0,1.0,4.0,15.0,0.0,14.0,1.0,0.0,1.0,3.0
28,6,2024-02-11,Istanbulspor,Gaziantep,1,3,2,T1,T1,Istanbulspor,Gaziantep,1.0,0.25,0.0,1.8,1.99,2.47,1.8,2.04,1.72,2.11,2.39,2.06,1.79,3.2,3.02,3.3,2.8,1.75,2.05,2.55,1.78,2.1,1.67,2.15,2.3,2.0,1.85,3.1,3.4,3.1,3.0,2.45,2.35,3.2,2.95,3.3,2.75,,,,,,,1.88,2.08,2.58,1.87,2.14,1.8,2.25,2.54,2.18,1.9,3.3,3.56,3.46,3.0,1.81,2.08,1.85,2.07,1.74,2.19,2.02,1.89,2.58,2.37,3.28,3.33,3.41,2.88,2.38,2.3,3.2,2.9,3.2,2.75,2.3,2.38,3.2,2.8,3.4,2.75,3.0,12.0,0.0,8.0,5.0,2.0,3.0,14.0,1.0,3.0,1.0,1.0,1.0,4.0
28,7,2024-02-12,Samsunspor,Antalyaspor,2,0,1,T1,T1,Samsunspor,Antalyaspor,1.0,-0.25,-0.25,1.74,2.07,2.97,1.8,2.04,1.76,2.04,3.55,2.04,1.79,3.31,2.07,3.25,2.38,1.73,2.08,3.1,1.83,2.03,1.75,2.05,3.75,2.05,1.75,3.3,2.0,3.3,2.38,2.85,3.6,3.3,2.0,3.25,2.37,,,,,,,1.83,2.14,3.16,1.86,2.13,1.82,2.15,3.85,2.19,1.84,3.45,2.23,3.43,2.46,1.75,2.14,1.83,2.07,1.79,2.1,2.09,1.83,3.16,3.79,3.37,2.14,3.29,2.42,2.9,3.4,3.3,2.0,3.2,2.3,2.75,3.2,3.4,2.05,3.3,2.38,2.0,8.0,0.0,11.0,2.0,2.0,3.0,18.0,0.0,11.0,6.0,0.0,0.0,2.0
28,8,2024-02-11,Fenerbahce,Alanyaspor,2,2,0,T1,T1,Fenerbahce,Alanyaspor,1.0,-2.0,-2.0,2.87,1.4,12.05,1.84,1.99,3.06,1.36,13.43,1.97,1.86,7.35,1.17,6.71,1.2,2.88,1.4,13.0,1.83,2.03,3.1,1.36,13.0,1.98,1.88,7.0,1.2,6.5,1.22,11.0,12.5,7.25,1.19,6.75,1.22,,,,,,,3.05,1.44,13.5,1.92,2.09,3.2,1.4,15.83,2.02,1.92,8.3,1.22,7.5,1.23,2.97,1.42,1.89,1.99,3.07,1.39,1.98,1.91,12.98,15.83,8.09,1.18,7.5,1.21,11.5,13.0,7.0,1.14,6.0,1.18,11.0,15.0,7.0,1.12,6.5,1.18,0.0,20.0,0.0,5.0,3.0,5.0,9.0,10.0,0.0,21.0,8.0,1.0,0.0,3.0
28,9,2024-02-12,Trabzonspor,Hatayspor,2,0,1,T1,T1,Trabzonspor,Hatayspor,1.0,-1.0,-0.75,1.85,1.93,4.66,1.88,1.94,1.87,1.92,5.66,1.83,2.05,3.84,1.59,3.66,1.73,1.85,2.0,5.0,1.85,2.0,1.93,1.93,6.0,1.83,2.03,4.0,1.57,3.6,1.75,4.75,5.25,3.8,1.6,3.7,1.7,,,,,,,1.97,2.03,5.0,1.98,2.04,1.98,1.98,6.32,1.9,2.19,4.06,1.74,3.8,1.8,1.85,2.03,1.85,2.04,1.91,1.98,1.83,2.09,4.91,6.25,3.95,1.62,3.63,1.79,4.5,5.5,3.8,1.53,3.5,1.7,4.6,5.5,3.7,1.55,3.8,1.62,5.0,9.0,0.0,11.0,2.0,1.0,10.0,10.0,0.0,23.0,11.0,0.0,0.0,2.0
28,10,2024-02-12,Kayserispor,Besiktas,0,0,0,T1,T1,Kayserispor,Besiktas,1.0,0.25,0.5,2.06,1.74,1.99,2.0,1.84,2.06,1.75,2.06,1.83,1.99,3.63,3.29,3.63,3.48,2.08,1.73,1.95,1.98,1.88,2.08,1.73,2.15,1.85,2.0,3.6,3.2,3.75,3.6,2.0,2.1,3.5,3.2,3.6,3.3,,,,,,,2.14,1.79,2.11,2.11,1.9,2.17,1.83,2.16,1.94,2.06,4.05,3.6,3.82,3.76,2.12,1.76,1.98,1.9,2.16,1.75,1.89,2.03,1.98,2.16,3.78,3.36,3.78,3.76,1.95,2.05,3.5,3.13,3.5,3.4,1.95,2.0,3.7,3.1,3.6,3.25,3.0,9.0,0.0,6.0,1.0,0.0,7.0,17.0,0.0,14.0,4.0,0.0,0.0,3.0
28,11,2024-02-10,Leverkusen,Bayern Munich,3,0,1,D1,D1,Leverkusen,Bayern Munich,1.0,-0.25,0.0,2.66,1.48,2.48,1.87,2.01,2.1,1.75,2.88,1.81,2.04,3.54,2.39,3.84,2.63,2.63,1.5,2.4,1.87,2.06,2.0,1.8,2.88,1.85,2.08,3.5,2.3,3.8,2.63,2.45,2.9,3.5,2.35,3.8,2.6,,,,,,,2.75,1.51,2.53,1.9,2.06,2.48,1.83,3.07,1.86,2.13,3.73,2.55,4.01,2.73,2.71,1.49,1.88,2.04,2.08,1.82,1.86,2.07,2.47,3.07,3.53,2.39,3.9,2.68,2.45,2.8,3.6,2.4,3.8,2.63,2.38,2.62,3.6,2.38,3.9,2.5,6.0,13.0,0.0,8.0,1.0,2.0,4.0,13.0,0.0,14.0,8.0,0.0,1.0,3.0
28,12,2024-02-11,Aston Villa,Man United,1,2,2,E0,E0,Aston Villa,Man United,1.0,-0.25,-0.25,2.46,1.55,3.11,1.95,1.89,2.62,1.5,3.13,1.98,1.88,3.89,2.16,3.83,2.17,2.4,1.53,3.1,2.01,1.92,2.5,1.5,3.1,2.03,1.9,3.8,2.15,3.75,2.15,3.1,3.1,3.8,2.1,3.75,2.15,,,,,,,2.55,1.58,3.25,2.01,1.97,2.74,1.53,3.25,2.03,1.94,4.0,2.27,4.01,2.22,2.52,1.57,2.0,1.9,2.66,1.52,2.01,1.92,3.18,3.18,3.93,2.18,3.91,2.16,3.1,3.1,3.8,2.15,3.6,2.1,3.0,3.2,3.8,2.0,3.8,2.1,8.0,7.0,0.0,17.0,5.0,2.0,10.0,9.0,0.0,23.0,10.0,1.0,0.0,3.0
28,13,2024-02-10,Real Madrid,Girona,4,0,1,SP1,SP1,Real Madrid,Girona,1.0,-1.25,-1.25,2.8,1.44,6.42,1.91,1.93,3.3,1.34,6.39,1.99,1.85,5.3,1.42,5.04,1.45,2.7,1.44,6.0,1.95,1.98,3.5,1.3,6.0,2.05,1.88,5.5,1.4,5.0,1.45,6.25,6.25,5.0,1.44,5.0,1.44,,,,,,,2.9,1.47,7.21,1.97,1.99,3.6,1.4,7.0,2.08,1.9,5.68,1.46,5.3,1.51,2.86,1.45,1.93,1.97,3.48,1.34,2.05,1.88,6.54,6.55,5.48,1.43,5.12,1.45,6.5,6.5,5.25,1.4,5.0,1.44,6.5,6.5,5.0,1.4,4.8,1.4,2.0,12.0,0.0,5.0,0.0,2.0,0.0,9.0,0.0,16.0,6.0,0.0,2.0,1.0
28,14,2024-02-10,Roma,Inter,2,4,2,I1,I1,Roma,Inter,1.0,0.5,0.5,1.69,2.2,1.9,1.9,1.96,1.86,1.94,1.85,1.86,2.02,3.59,4.39,3.47,4.34,1.67,2.15,1.91,1.91,2.02,1.9,2.0,1.85,1.86,2.07,3.5,4.33,3.5,4.2,1.9,1.85,3.5,4.2,3.4,4.2,,,,,,,1.74,2.27,1.97,1.92,2.02,1.98,2.11,1.9,1.93,2.09,3.69,4.67,3.61,4.75,1.7,2.24,1.9,2.01,1.92,1.99,1.86,2.07,1.89,1.85,3.65,4.62,3.52,4.49,1.85,1.8,3.5,4.5,3.25,4.75,1.83,1.8,3.5,4.2,3.4,4.2,8.0,14.0,0.0,10.0,6.0,0.0,3.0,9.0,0.0,8.0,3.0,1.0,2.0,2.0
28,15,2024-02-11,Milan,Napoli,1,0,1,I1,I1,Milan,Napoli,1.0,-0.5,-0.5,2.04,1.79,3.78,1.9,1.96,1.86,1.97,4.0,1.9,1.96,3.51,1.96,3.69,1.95,2.0,1.8,3.8,1.94,1.99,1.89,2.01,4.0,1.95,1.98,3.5,1.91,3.6,1.95,3.75,3.9,3.5,1.93,3.75,1.9,,,,,,,2.12,1.84,3.96,1.94,2.0,1.98,2.1,4.3,1.97,2.0,3.6,2.01,3.89,2.0,2.06,1.82,1.94,1.96,1.89,2.01,1.93,1.99,3.94,4.1,3.58,1.98,3.74,1.95,3.8,4.1,3.3,1.95,3.3,1.87,3.7,4.0,3.5,1.85,3.75,1.85,2.0,12.0,0.0,12.0,2.0,1.0,1.0,9.0,0.0,10.0,6.0,0.0,1.0,1.0
29,1,2024-02-18,Alanyaspor,Ad. Demirspor,3,3,0,T1,T1,Alanyaspor,Ad. Demirspor,1.0,-0.25,-0.5,2.02,1.78,3.56,1.84,2.0,2.08,1.74,3.19,1.93,1.9,3.47,2.17,3.58,1.99,2.0,1.8,3.6,1.85,2.0,2.08,1.73,3.3,1.93,1.93,3.6,2.15,3.6,2.0,3.6,3.1,3.4,2.15,3.5,1.95,,,,,,,2.12,1.85,3.75,1.89,2.05,2.2,1.83,3.88,2.2,1.99,3.7,2.28,3.78,2.04,2.07,1.81,1.88,2.04,2.13,1.77,1.94,1.96,3.71,3.27,3.55,2.27,3.73,2.04,3.5,3.0,3.5,2.1,3.5,1.93,3.4,2.88,3.7,2.1,3.5,1.95,6.0,15.0,0.0,19.0,9.0,1.0,3.0,12.0,0.0,8.0,6.0,0.0,2.0,4.0
29,2,2024-02-18,Ankaragucu,Galatasaray,0,3,2,T1,T1,Ankaragucu,Galatasaray,1.0,0.75,1.0,2.15,1.7,1.48,1.8,2.03,2.02,1.78,1.71,1.92,1.92,3.85,4.57,4.37,6.16,2.1,1.7,1.5,1.8,2.05,2.08,1.73,1.75,1.98,1.88,4.0,4.33,4.5,6.0,1.49,1.72,3.8,4.33,4.33,6.0,,,,,,,2.3,1.77,1.53,1.85,2.09,2.11,1.88,1.8,2.02,2.38,4.35,6.1,4.58,6.74,2.18,1.74,1.83,2.09,2.09,1.85,1.99,1.92,1.51,1.77,3.97,4.68,4.51,6.74,1.45,1.7,3.6,4.33,4.2,6.0,1.4,1.67,3.8,4.33,4.4,6.0,16.0,14.0,0.0,24.0,10.0,1.0,3.0,6.0,0.0,8.0,3.0,3.0,0.0,1.0
29,3,2024-02-17,Antalyaspor,Istanbulspor,2,2,0,T1,T1,Antalyaspor,Istanbulspor,1.0,-1.25,-1.0,2.05,1.75,6.59,2.08,1.77,2.14,1.69,7.38,1.91,1.92,4.65,1.4,4.36,1.47,2.05,1.75,6.5,2.05,1.75,2.1,1.7,7.5,1.9,1.95,4.75,1.44,4.33,1.5,6.25,7.0,4.75,1.41,4.33,1.47,,,,,,,2.11,1.81,7.1,2.17,1.86,2.28,1.77,7.9,1.95,2.0,4.96,1.45,4.57,1.52,2.1,1.79,2.12,1.79,2.26,1.69,1.94,1.96,6.89,7.82,4.96,1.43,4.48,1.51,6.5,7.0,4.5,1.36,4.1,1.44,6.5,7.5,4.6,1.35,4.33,1.4,6.0,16.0,0.0,12.0,8.0,2.0,6.0,11.0,0.0,14.0,5.0,0.0,2.0,2.0
29,4,2024-02-19,Buyuksehyr,Kayserispor,2,3,2,T1,T1,Buyuksehyr,Kayserispor,1.0,-0.5,-0.75,1.98,1.81,4.54,1.87,1.96,1.94,1.85,3.8,1.89,1.95,3.53,1.94,3.7,1.74,2.0,1.85,4.5,1.88,1.98,1.93,1.93,3.75,1.88,1.98,3.5,2.0,3.75,1.8,4.4,3.7,3.5,1.93,3.7,1.73,,,,,,,2.06,1.89,5.26,1.93,2.02,2.03,2.0,4.3,1.95,2.05,3.8,2.04,3.99,1.8,2.0,1.88,1.93,1.96,1.98,1.91,1.91,2.0,5.26,4.13,3.48,2.0,3.63,1.75,4.4,3.6,3.4,1.91,3.6,1.7,4.2,3.4,3.8,1.85,3.75,1.7,3.0,26.0,0.0,14.0,7.0,4.0,7.0,7.0,0.0,18.0,8.0,2.0,0.0,2.0
29,5,2024-02-19,Besiktas,Konyaspor,2,0,1,T1,T1,Besiktas,Konyaspor,1.0,-1.0,-1.0,2.1,1.72,5.55,1.89,1.94,2.03,1.76,5.84,1.92,1.91,4.19,1.53,4.16,1.55,2.08,1.73,5.75,1.93,1.93,2.08,1.73,6.0,1.93,1.93,4.2,1.53,4.2,1.57,5.25,5.5,4.1,1.55,4.0,1.57,,,,,,,2.2,1.79,5.93,1.94,2.05,2.21,1.85,6.4,1.98,1.96,4.36,1.57,4.4,1.63,2.17,1.74,1.94,1.94,2.12,1.78,1.97,1.93,5.93,6.37,4.32,1.56,4.38,1.56,5.5,5.5,4.0,1.5,4.0,1.5,5.5,5.8,4.2,1.5,4.0,1.5,4.0,8.0,0.0,4.0,2.0,0.0,6.0,8.0,0.0,19.0,6.0,0.0,0.0,2.0
29,6,2024-02-18,Gaziantep,Samsunspor,1,1,0,T1,T1,Gaziantep,Samsunspor,1.0,0.25,0.0,1.75,2.06,2.82,2.05,1.8,1.65,2.23,2.5,2.14,1.73,3.09,2.95,3.24,2.5,1.73,2.08,3.0,2.1,1.78,1.62,2.25,2.5,2.1,1.78,3.0,3.1,3.1,2.55,2.65,2.45,3.1,2.95,3.25,2.55,,,,,,,1.83,2.15,3.0,2.12,1.89,1.7,2.44,2.65,2.23,1.8,3.2,3.16,3.45,2.58,1.76,2.15,2.12,1.81,1.68,2.29,2.17,1.76,2.98,2.57,3.17,3.1,3.32,2.56,2.75,2.38,3.1,2.88,3.2,2.4,2.7,2.38,2.9,3.0,3.4,2.3,4.0,17.0,0.0,10.0,5.0,3.0,2.0,13.0,0.0,12.0,2.0,0.0,0.0,3.0
29,7,2024-02-17,Hatayspor,Sivasspor,1,1,0,T1,T1,Hatayspor,Sivasspor,1.0,-0.25,-0.25,1.74,2.08,3.12,1.86,1.97,1.72,2.11,3.25,1.9,1.93,3.22,2.24,3.3,2.27,1.7,2.1,3.3,1.85,2.0,1.73,2.08,3.25,1.93,1.93,3.3,2.25,3.25,2.25,3.0,3.2,3.2,2.25,3.3,2.25,,,,,,,1.81,2.16,3.3,1.93,2.06,1.79,2.21,3.49,1.98,1.99,3.4,2.32,3.5,2.38,1.75,2.16,1.88,2.04,1.75,2.17,1.95,1.95,3.26,3.49,3.29,2.29,3.32,2.38,3.0,3.1,3.2,2.15,3.2,2.25,2.9,3.0,3.4,2.15,3.5,2.15,2.0,10.0,0.0,4.0,2.0,1.0,6.0,14.0,0.0,15.0,6.0,1.0,0.0,1.0
29,8,2024-02-16,Kasimpasa,Karagumruk,1,1,0,T1,T1,Kasimpasa,Karagumruk,1.0,0.25,0.0,2.31,1.6,2.59,1.93,1.9,2.15,1.7,2.34,2.05,1.81,3.54,2.83,3.6,2.51,2.3,1.6,2.6,1.93,1.93,2.1,1.7,2.3,2.03,1.83,3.6,2.9,3.75,2.55,2.5,2.3,3.5,2.8,3.6,2.5,,,,,,,2.39,1.66,2.88,1.99,1.97,2.37,1.83,2.57,2.18,1.86,3.68,3.04,3.81,2.63,2.36,1.64,1.95,1.95,2.17,1.75,2.08,1.84,2.64,2.4,3.65,2.97,3.72,2.63,2.5,2.25,3.5,2.75,3.5,2.45,2.5,2.3,3.6,2.62,3.6,2.38,11.0,12.0,0.0,16.0,5.0,1.0,3.0,17.0,0.0,7.0,4.0,1.0,1.0,2.0
29,9,2024-02-18,Pendikspor,Trabzonspor,0,2,2,T1,T1,Pendikspor,Trabzonspor,1.0,0.25,0.25,2.01,1.79,2.17,1.89,1.93,2.05,1.76,2.17,1.89,1.94,3.55,3.12,3.54,3.13,2.05,1.75,2.2,1.93,1.93,2.05,1.75,2.25,1.93,1.93,3.6,3.1,3.6,3.1,2.15,2.2,3.4,3.1,3.5,3.1,,,,,,,2.08,1.85,2.23,1.95,1.99,2.12,1.89,2.25,1.98,1.98,3.72,3.3,3.68,3.3,2.04,1.85,1.92,1.99,2.07,1.81,1.94,1.96,2.21,2.24,3.68,3.23,3.68,3.3,2.1,2.1,3.4,3.1,3.4,3.1,2.1,2.1,3.7,2.9,3.5,3.0,6.0,12.0,0.0,11.0,3.0,1.0,4.0,12.0,0.0,7.0,1.0,0.0,0.0,0.0
29,10,2024-02-17,Rizespor,Fenerbahce,1,3,2,T1,T1,Rizespor,Fenerbahce,1.0,1.25,1.25,2.37,1.57,1.45,2.0,1.83,2.51,1.51,1.42,1.93,1.89,4.79,6.51,4.62,6.32,2.35,1.57,1.45,2.03,1.83,2.5,1.5,1.44,1.95,1.9,5.0,6.5,4.75,6.0,1.46,1.43,4.75,6.25,4.5,6.25,,,,,,,2.5,1.64,1.5,2.06,1.87,2.62,1.56,1.47,1.98,1.95,5.1,7.06,4.84,6.91,2.43,1.61,2.05,1.86,2.56,1.56,1.97,1.93,1.48,1.44,5.07,7.06,4.78,6.91,1.44,1.4,4.5,6.5,4.4,6.0,1.4,1.36,4.8,6.5,4.6,6.0,6.0,18.0,0.0,13.0,5.0,2.0,3.0,16.0,0.0,8.0,4.0,0.0,1.0,4.0
29,11,2024-02-18,Freiburg,Ein Frankfurt,3,3,0,D1,D1,Freiburg,Ein Frankfurt,1.0,-0.25,-0.25,1.83,2.0,3.13,1.85,1.98,1.86,1.98,2.91,1.76,2.12,3.37,2.48,3.4,2.32,1.84,2.06,3.1,1.88,2.02,1.89,2.01,2.9,1.8,2.14,3.4,2.45,3.4,2.3,3.0,2.87,3.3,2.45,3.4,2.3,,,,,,,1.88,2.07,3.25,1.93,2.05,1.97,2.06,3.03,1.81,2.19,3.46,2.56,3.56,2.38,1.85,2.05,1.9,2.01,1.91,2.0,1.78,2.16,3.24,2.97,3.41,2.52,3.38,2.33,3.13,2.9,3.3,2.5,3.4,2.3,2.9,2.8,3.4,2.38,3.4,2.3,1.0,10.0,0.0,10.0,6.0,0.0,6.0,8.0,0.0,13.0,8.0,2.0,2.0,0.0
29,12,2024-02-17,Nantes,Paris SG,0,2,2,F1,F1,Nantes,Paris SG,1.0,1.25,1.25,2.38,1.59,1.49,2.04,1.81,2.09,1.76,1.47,2.05,1.82,4.49,6.93,4.66,6.2,2.35,1.57,1.5,2.07,1.83,2.04,1.86,1.45,2.07,1.83,4.33,7.0,4.5,6.0,1.52,1.47,4.33,6.75,4.4,5.75,,,,,,,2.48,1.64,1.53,2.11,1.87,2.6,1.9,1.51,2.12,2.01,5.18,7.89,4.82,6.6,2.46,1.59,2.06,1.85,2.05,1.86,2.07,1.86,1.49,1.46,4.55,7.89,4.77,6.4,1.45,1.45,4.6,6.0,4.6,6.5,1.44,1.44,4.5,6.5,4.5,6.0,8.0,12.0,0.0,12.0,2.0,0.0,3.0,10.0,0.0,12.0,7.0,0.0,0.0,1.0
29,13,2024-02-17,Man City,Chelsea,1,1,0,E0,E0,Man City,Chelsea,1.0,-1.5,-1.5,2.73,1.46,8.22,1.92,1.94,3.28,1.35,8.28,1.99,1.88,6.01,1.33,5.64,1.35,2.7,1.44,8.0,1.92,1.98,3.4,1.33,7.5,2.03,1.87,6.0,1.33,5.5,1.33,7.75,7.75,5.75,1.33,5.5,1.35,,,,,,,2.84,1.49,9.05,1.95,2.0,3.48,1.39,9.5,2.16,1.97,6.6,1.36,6.0,1.37,2.84,1.45,1.93,1.97,3.48,1.35,2.06,1.87,8.37,8.75,6.6,1.31,5.71,1.34,8.5,9.5,6.0,1.29,5.25,1.3,8.0,8.0,5.8,1.29,5.5,1.3,1.0,12.0,0.0,9.0,6.0,3.0,12.0,7.0,0.0,31.0,5.0,1.0,0.0,1.0
29,14,2024-02-17,Valencia,Sevilla,0,0,0,SP1,SP1,Valencia,Sevilla,1.0,-0.25,-0.25,1.69,2.21,3.34,1.92,1.92,1.57,2.44,3.47,1.92,1.93,3.16,2.28,3.31,2.26,1.65,2.2,3.3,1.95,1.95,1.53,2.4,3.4,1.95,1.95,3.2,2.25,3.3,2.25,3.3,3.4,3.1,2.25,3.3,2.2,,,,,,,1.74,2.33,3.47,1.98,1.97,1.61,2.54,3.68,1.98,1.99,3.26,2.36,3.44,2.3,1.68,2.29,1.94,1.96,1.58,2.53,1.96,1.96,3.44,3.58,3.17,2.31,3.28,2.29,3.4,3.4,3.2,2.25,3.25,2.25,3.25,3.25,3.2,2.2,3.3,2.15,2.0,8.0,0.0,1.0,1.0,1.0,7.0,5.0,0.0,14.0,4.0,0.0,0.0,0.0
29,15,2024-02-18,Lazio,Bologna,1,2,2,I1,I1,Lazio,Bologna,1.0,-0.25,-0.25,1.53,2.47,3.36,1.87,1.98,1.52,2.57,3.2,1.78,2.09,3.01,2.51,3.11,2.33,1.5,2.5,3.4,1.89,2.01,1.48,2.6,3.2,1.78,2.16,2.9,2.5,3.1,2.3,3.4,3.1,2.95,2.5,3.1,2.25,,,,,,,1.59,2.59,3.45,1.92,2.05,1.56,2.7,3.44,1.84,2.2,3.1,2.63,3.29,2.43,1.55,2.58,1.88,2.03,1.52,2.7,1.79,2.17,3.4,3.25,3.03,2.57,3.12,2.39,3.3,3.2,2.88,2.5,2.8,2.25,3.2,3.0,3.0,2.45,3.1,2.25,3.0,11.0,0.0,11.0,3.0,3.0,8.0,5.0,0.0,12.0,7.0,1.0,1.0,2.0
30,1,2024-02-25,Karagumruk,Alanyaspor,1,1,0,T1,T1,Karagumruk,Alanyaspor,1.0,-0.5,-0.5,1.85,1.94,3.98,1.91,1.91,1.91,1.88,4.13,1.95,1.88,3.49,1.87,3.43,1.92,1.83,2.03,4.2,1.95,1.9,1.95,1.9,4.33,2.0,1.85,3.6,1.85,3.5,1.91,3.9,4.1,3.5,1.83,3.4,1.9,,,,,,,1.95,2.04,4.38,1.99,1.96,2.0,1.99,4.61,2.11,1.96,3.6,1.94,3.7,1.97,1.86,2.04,1.95,1.95,1.99,1.9,2.03,1.88,4.38,4.61,3.56,1.88,3.47,1.95,3.8,3.8,3.4,1.85,3.4,1.85,3.7,3.8,3.6,1.8,3.6,1.83,11.0,14.0,0.0,19.0,3.0,2.0,1.0,10.0,1.0,6.0,1.0,0.0,1.0,3.0
30,2,2024-02-24,Fenerbahce,Kasimpasa,2,1,1,T1,T1,Fenerbahce,Kasimpasa,1.0,-2.0,-2.0,3.74,1.26,11.52,2.03,1.8,3.36,1.31,11.91,1.94,1.89,7.23,1.19,7.47,1.19,4.0,1.25,12.0,2.0,1.8,3.1,1.36,11.0,1.95,1.9,7.5,1.2,7.5,1.2,12.0,12.0,7.0,1.2,7.5,1.19,,,,,,,4.0,1.28,13.0,2.1,1.86,3.9,1.39,14.0,1.99,1.97,7.8,1.22,8.1,1.22,3.81,1.28,2.05,1.85,3.09,1.39,1.93,1.95,12.05,13.46,7.65,1.2,7.95,1.21,11.5,11.5,7.0,1.15,7.0,1.15,12.0,12.0,7.5,1.14,7.5,1.14,3.0,23.0,0.0,10.0,2.0,3.0,4.0,10.0,0.0,18.0,5.0,0.0,0.0,2.0
30,3,2024-02-26,Galatasaray,Antalyaspor,2,1,1,T1,T1,Galatasaray,Antalyaspor,1.0,-1.5,-1.5,2.55,1.49,8.57,1.96,1.86,2.86,1.41,8.6,1.98,1.86,5.67,1.3,5.56,1.3,2.6,1.48,8.0,2.0,1.85,2.7,1.44,9.0,1.98,1.88,5.75,1.3,5.75,1.33,8.75,8.0,5.5,1.32,5.75,1.3,,,,,,,2.65,1.52,9.35,2.06,1.92,3.0,1.45,10.0,2.05,1.94,6.07,1.35,5.91,1.34,2.65,1.5,2.0,1.89,2.88,1.45,2.01,1.9,9.18,9.29,6.07,1.32,5.91,1.32,8.5,8.0,5.25,1.29,5.25,1.29,8.5,8.5,5.5,1.25,5.5,1.25,6.0,14.0,0.0,15.0,4.0,4.0,5.0,14.0,0.0,14.0,8.0,1.0,2.0,2.0
30,4,2024-02-24,Gaziantep,Buyuksehyr,0,2,2,T1,T1,Gaziantep,Buyuksehyr,1.0,0.0,0.0,1.77,2.03,2.62,1.89,1.94,1.9,1.89,2.51,1.83,2.01,3.29,2.76,3.2,2.7,1.75,2.05,2.7,1.9,1.95,1.93,1.93,2.63,1.85,2.0,3.3,2.75,3.2,2.75,2.6,2.5,3.2,2.7,3.2,2.7,,,,,,,1.81,2.12,2.76,1.94,2.0,2.02,2.0,2.66,1.92,2.05,3.47,2.98,3.43,2.81,1.8,2.09,1.93,1.97,1.96,1.93,1.9,2.01,2.76,2.66,3.37,2.8,3.23,2.81,2.55,2.4,3.3,2.7,3.2,2.6,2.38,2.3,3.4,2.7,3.4,2.62,0.0,12.0,0.0,4.0,4.0,3.0,5.0,13.0,0.0,13.0,6.0,0.0,0.0,1.0
30,5,2024-02-24,Kayserispor,Ankaragucu,3,2,1,T1,T1,Kayserispor,Ankaragucu,1.0,-0.25,-0.25,1.85,1.94,3.1,1.88,1.94,1.71,2.12,3.37,1.96,1.86,3.26,2.18,3.38,2.24,1.85,2.0,3.25,1.93,1.93,1.7,2.1,3.5,2.0,1.85,3.3,2.15,3.4,2.2,3.0,3.4,3.2,2.15,3.3,2.25,,,,,,,1.91,2.04,3.37,1.96,2.05,1.75,2.25,3.7,2.06,1.91,3.36,2.3,3.55,2.4,1.88,2.01,1.96,1.94,1.74,2.18,2.02,1.89,3.37,3.7,3.25,2.22,3.47,2.26,3.1,3.3,3.2,2.1,3.25,2.15,2.9,3.2,3.3,2.1,3.5,2.15,3.0,13.0,0.0,9.0,5.0,3.0,4.0,10.0,0.0,10.0,4.0,2.0,0.0,4.0
30,6,2024-02-24,Konyaspor,Hatayspor,2,0,1,T1,T1,Konyaspor,Hatayspor,1.0,-0.25,-0.25,1.67,2.18,3.18,1.87,1.95,1.64,2.22,3.36,1.91,1.91,3.15,2.22,3.22,2.28,1.65,2.2,3.25,1.9,1.95,1.65,2.2,3.4,1.95,1.9,3.25,2.25,3.25,2.3,3.1,3.25,3.1,2.2,3.2,2.3,,,,,,,1.73,2.29,3.43,1.92,2.02,1.7,2.34,3.65,2.0,1.98,3.29,2.29,3.4,2.34,1.68,2.29,1.92,1.99,1.7,2.25,1.97,1.93,3.43,3.65,3.16,2.29,3.23,2.34,3.13,3.2,3.1,2.15,3.13,2.2,3.0,3.2,3.25,2.1,3.4,2.15,3.0,15.0,0.0,7.0,4.0,3.0,4.0,8.0,0.0,13.0,4.0,0.0,0.0,6.0
30,7,2024-02-23,Samsunspor,Rizespor,3,0,1,T1,T1,Samsunspor,Rizespor,1.0,-0.75,-0.5,1.89,1.89,3.92,1.9,1.93,2.04,1.76,4.25,1.82,2.03,3.69,1.79,3.51,1.91,1.93,1.93,4.0,1.93,1.93,2.08,1.73,4.5,1.88,1.98,3.8,1.75,3.6,1.91,3.75,4.1,3.7,1.78,3.5,1.93,,,,,,,1.97,1.96,4.3,1.98,2.0,2.12,1.83,4.83,1.9,2.11,3.85,1.86,3.76,1.96,1.95,1.93,1.94,1.96,2.1,1.79,1.89,2.01,4.24,4.83,3.81,1.79,3.53,1.96,3.75,4.1,3.6,1.75,3.4,1.87,3.75,4.0,3.7,1.73,3.5,1.83,8.0,8.0,0.0,11.0,4.0,1.0,2.0,19.0,0.0,15.0,3.0,0.0,1.0,2.0
30,8,2024-02-25,Sivasspor,Pendikspor,4,1,1,T1,T1,Sivasspor,Pendikspor,1.0,-0.25,-0.25,1.94,1.85,3.3,1.99,1.84,1.97,1.82,2.88,1.79,2.06,3.37,2.38,3.43,2.13,1.95,1.9,3.4,2.03,1.83,2.0,1.85,2.9,1.78,2.1,3.4,2.4,3.4,2.15,3.25,2.8,3.3,2.37,3.5,2.1,,,,,,,2.02,1.93,3.51,2.04,1.89,2.06,1.88,3.2,1.89,2.21,3.64,2.53,3.68,2.21,1.95,1.93,2.01,1.89,2.03,1.87,1.77,2.15,3.51,2.93,3.47,2.51,3.44,2.21,3.2,3.2,3.3,2.1,3.4,2.05,3.1,2.75,3.5,2.25,3.5,2.05,3.0,14.0,0.0,12.0,6.0,4.0,3.0,10.0,0.0,12.0,5.0,1.0,1.0,2.0
30,9,2024-02-25,Trabzonspor,Ad. Demirspor,1,0,1,T1,T1,Trabzonspor,Ad. Demirspor,1.0,-0.5,-0.75,2.13,1.7,4.41,1.87,1.95,2.24,1.64,4.16,2.07,1.79,3.79,1.79,3.81,1.74,2.1,1.7,4.75,1.88,1.98,2.2,1.65,4.0,2.0,1.85,3.8,1.85,4.0,1.73,4.33,3.9,3.75,1.82,3.75,1.75,,,,,,,2.2,1.75,5.0,1.94,2.02,2.35,1.7,4.9,2.22,1.91,4.0,1.91,4.11,1.79,2.17,1.75,1.89,2.02,2.29,1.68,2.03,1.88,4.65,4.19,3.88,1.88,3.88,1.79,4.2,4.2,3.7,1.7,3.7,1.7,4.0,3.9,3.8,1.73,3.8,1.73,5.0,16.0,1.0,12.0,3.0,3.0,4.0,16.0,0.0,19.0,7.0,0.0,1.0,2.0
30,10,2024-02-25,Istanbulspor,Besiktas,0,2,2,T1,T1,Istanbulspor,Besiktas,1.0,1.25,1.0,2.2,1.66,1.53,1.89,1.93,2.25,1.63,1.47,2.04,1.8,4.44,6.28,4.26,5.6,2.2,1.65,1.55,1.93,1.93,2.25,1.62,1.5,2.0,1.85,4.33,6.5,4.2,6.0,1.53,1.49,4.4,6.0,4.2,5.5,,,,,,,2.25,1.72,1.57,1.94,1.98,2.35,1.67,1.51,2.12,1.9,4.78,6.92,4.53,6.04,2.25,1.7,1.93,1.98,2.35,1.67,2.04,1.88,1.56,1.47,4.78,6.92,4.41,6.04,1.5,1.44,4.2,6.0,4.1,5.5,1.5,1.44,4.33,5.8,4.2,5.5,7.0,16.0,0.0,15.0,6.0,3.0,4.0,9.0,0.0,14.0,6.0,1.0,0.0,1.0
30,11,2024-02-24,Bayern Munich,RB Leipzig,2,1,1,D1,D1,Bayern Munich,RB Leipzig,1.0,-0.75,-0.75,2.9,1.42,4.46,2.01,1.84,3.07,1.39,4.08,1.92,1.92,4.38,1.76,4.41,1.69,2.75,1.44,4.5,2.03,1.87,3.2,1.36,3.8,1.9,2.0,4.5,1.8,4.33,1.67,4.33,3.9,4.33,1.77,4.33,1.68,,,,,,,3.07,1.45,4.74,2.06,1.9,3.35,1.46,4.8,2.03,2.02,4.7,1.81,4.64,1.72,2.92,1.43,2.03,1.88,3.17,1.39,1.9,2.02,4.53,4.02,4.39,1.81,4.4,1.7,4.33,4.5,4.4,1.67,4.4,1.7,4.33,4.2,4.33,1.65,4.4,1.62,4.0,10.0,0.0,11.0,5.0,3.0,6.0,11.0,0.0,16.0,4.0,0.0,0.0,3.0
30,12,2024-02-25,Paris SG,Rennes,1,1,0,F1,F1,Paris SG,Rennes,1.0,-1.5,-1.25,2.35,1.6,6.73,1.85,1.98,2.88,1.42,8.64,1.98,1.88,5.54,1.33,4.69,1.46,2.3,1.6,7.0,1.88,2.02,2.88,1.4,8.5,2.04,1.89,5.5,1.33,4.75,1.45,6.25,8.5,5.5,1.33,4.6,1.47,,,,,,,2.44,1.65,7.1,1.92,2.04,3.0,1.48,9.15,2.06,1.95,5.9,1.37,4.92,1.5,2.36,1.63,1.88,2.03,2.98,1.43,2.03,1.89,6.94,9.15,5.71,1.34,4.65,1.47,6.5,9.0,5.75,1.29,4.4,1.4,6.5,8.5,5.5,1.29,4.75,1.4,0.0,16.0,0.0,3.0,1.0,3.0,4.0,13.0,0.0,15.0,3.0,1.0,0.0,5.0
30,13,2024-02-24,Arsenal,Newcastle,4,1,1,E0,E0,Arsenal,Newcastle,1.0,-1.5,-1.5,2.67,1.48,7.53,1.84,2.04,2.76,1.46,8.17,1.9,1.97,5.63,1.35,5.34,1.38,2.6,1.48,8.0,1.84,2.06,2.7,1.44,7.5,1.89,2.01,5.5,1.36,5.25,1.36,7.25,7.5,5.5,1.36,5.25,1.38,,,,,,,2.78,1.53,8.0,1.88,2.08,2.96,1.5,9.1,1.94,2.04,5.9,1.4,5.53,1.42,2.67,1.5,1.85,2.06,2.87,1.45,1.91,2.02,7.33,8.2,5.75,1.36,5.32,1.4,8.0,8.0,5.5,1.33,5.0,1.33,7.0,7.5,5.5,1.33,5.5,1.33,0.0,6.0,0.0,3.0,2.0,0.0,9.0,15.0,0.0,18.0,8.0,0.0,2.0,1.0
30,14,2024-02-25,Real Madrid,Sevilla,1,0,1,SP1,SP1,Real Madrid,Sevilla,1.0,-1.75,-1.5,2.55,1.51,9.43,2.01,1.84,2.64,1.48,10.15,1.85,1.99,6.0,1.28,5.85,1.3,2.5,1.5,9.0,2.04,1.86,2.6,1.48,9.5,1.87,2.06,6.0,1.29,6.0,1.29,9.25,9.5,6.0,1.29,5.5,1.31,,,,,,,2.63,1.55,10.1,2.05,1.9,2.75,1.54,11.5,1.89,2.09,6.32,1.3,6.2,1.33,2.6,1.53,2.03,1.88,2.69,1.5,1.86,2.06,8.92,10.02,6.17,1.29,6.02,1.32,10.0,11.5,6.0,1.25,5.75,1.29,9.5,10.0,5.8,1.25,5.8,1.25,2.0,13.0,0.0,4.0,1.0,3.0,7.0,10.0,0.0,16.0,6.0,0.0,0.0,1.0
30,15,2024-02-25,Milan,Atalanta,1,1,0,I1,I1,Milan,Atalanta,1.0,-0.25,-0.25,2.07,1.77,2.95,1.81,2.03,2.05,1.77,3.01,1.84,2.01,3.46,2.33,3.5,2.36,2.05,1.75,3.0,1.84,2.06,2.05,1.75,3.0,1.9,2.03,3.4,2.3,3.4,2.38,2.9,3.0,3.4,2.3,3.5,2.3,,,,,,,2.14,1.84,3.04,1.88,2.09,2.13,1.84,3.16,1.91,2.1,3.6,2.43,3.73,2.43,2.12,1.78,1.83,2.09,2.09,1.81,1.88,2.05,3.01,3.13,3.5,2.37,3.51,2.41,2.9,3.1,3.3,2.3,3.13,2.3,2.75,2.9,3.4,2.3,3.6,2.3,3.0,16.0,0.0,8.0,3.0,4.0,5.0,12.0,0.0,20.0,7.0,1.0,1.0,1.0
31,1,2024-03-01,Kasimpasa,Sivasspor,0,0,0,T1,T1,Kasimpasa,Sivasspor,1.0,-0.5,-0.25,2.19,1.66,3.4,2.07,1.79,2.04,1.76,3.83,1.93,1.91,3.59,1.92,3.55,2.06,2.15,1.67,3.3,2.0,1.85,2.03,1.83,4.0,1.98,1.88,3.6,1.85,3.8,2.05,3.2,3.6,3.6,1.93,3.6,2.05,,,,,,,2.28,1.72,4.0,2.3,1.9,2.23,1.83,4.3,2.02,1.98,3.75,2.1,3.8,2.18,2.24,1.7,2.03,1.88,2.07,1.81,1.99,1.92,3.48,4.24,3.68,1.92,3.55,2.18,3.2,3.6,3.5,1.87,3.5,2.0,3.3,3.5,3.7,1.95,3.7,2.0,1.0,10.0,0.0,7.0,3.0,1.0,5.0,16.0,0.0,17.0,3.0,0.0,0.0,2.0
31,2,2024-03-02,Ankaragucu,Istanbulspor,1,1,0,T1,T1,Ankaragucu,Istanbulspor,1.0,-1.0,-1.0,1.89,1.9,7.14,2.08,1.77,1.91,1.87,5.73,1.86,1.98,4.02,1.56,4.32,1.44,1.93,1.93,8.0,2.08,1.73,1.95,1.9,5.75,1.83,2.03,4.2,1.55,4.2,1.45,6.5,5.5,3.9,1.57,4.2,1.47,,,,,,,1.95,1.98,8.0,2.15,1.83,2.0,2.0,6.25,1.93,2.08,4.28,1.6,4.55,1.49,1.94,1.94,2.15,1.76,1.95,1.93,1.87,2.04,7.58,5.97,4.19,1.6,4.55,1.47,7.0,5.5,3.8,1.53,4.2,1.4,7.0,5.8,4.0,1.53,4.2,1.44,2.0,12.0,1.0,14.0,6.0,4.0,10.0,4.0,1.0,15.0,5.0,1.0,0.0,3.0
31,3,2024-03-02,Rizespor,Kayserispor,3,0,1,T1,T1,Rizespor,Kayserispor,1.0,-0.5,-0.5,2.05,1.76,3.6,1.84,1.99,2.12,1.7,3.5,1.8,2.06,3.47,2.05,3.54,1.99,2.08,1.73,3.6,1.85,2.0,2.15,1.67,3.5,1.85,2.0,3.6,2.05,3.6,2.0,3.4,3.5,3.5,2.0,3.6,1.98,,,,,,,2.14,1.81,3.97,1.89,2.05,2.29,1.78,3.85,1.89,2.12,3.65,2.15,3.8,2.06,2.1,1.79,1.89,2.01,2.21,1.72,1.85,2.06,3.97,3.85,3.52,2.06,3.57,2.01,3.4,3.25,3.5,2.0,3.5,1.95,3.6,3.25,3.6,2.05,3.6,1.95,2.0,13.0,0.0,14.0,6.0,3.0,3.0,11.0,0.0,21.0,8.0,0.0,0.0,1.0
31,4,2024-03-02,Hatayspor,Fenerbahce,0,2,2,T1,T1,Hatayspor,Fenerbahce,1.0,1.5,1.5,2.35,1.58,1.31,1.9,1.92,2.32,1.59,1.33,2.0,1.84,5.15,8.32,5.36,8.99,2.35,1.57,1.33,1.9,1.95,2.35,1.57,1.33,2.0,1.85,5.5,8.0,5.5,8.0,1.32,1.36,5.0,7.5,5.25,8.5,,,,,,,2.45,1.64,1.34,1.96,2.0,2.41,1.64,1.37,2.07,1.9,5.62,10.04,6.0,10.4,2.4,1.62,1.92,1.99,2.41,1.62,2.02,1.89,1.32,1.33,5.62,10.04,5.7,10.4,1.29,1.3,4.8,8.0,5.0,9.0,1.3,1.3,5.5,8.5,5.5,8.5,4.0,14.0,0.0,14.0,6.0,5.0,3.0,14.0,0.0,10.0,1.0,2.0,0.0,1.0
31,5,2024-03-03,Buyuksehyr,Samsunspor,1,0,1,T1,T1,Buyuksehyr,Samsunspor,1.0,-0.25,-0.25,1.8,2.0,3.08,1.87,1.95,1.72,2.1,3.26,1.9,1.92,3.26,2.23,3.37,2.26,1.83,2.03,3.2,1.93,1.93,1.7,2.1,3.4,1.98,1.88,3.3,2.2,3.4,2.25,2.95,3.1,3.2,2.25,3.3,2.3,,,,,,,1.87,2.08,3.28,1.96,2.04,1.78,2.25,3.47,2.0,1.98,3.36,2.36,3.54,2.32,1.86,2.03,1.94,1.96,1.75,2.15,1.97,1.93,3.28,3.47,3.35,2.27,3.54,2.27,3.1,3.13,3.2,2.15,3.25,2.15,2.9,3.1,3.3,2.25,3.4,2.3,5.0,13.0,1.0,8.0,2.0,3.0,5.0,6.0,0.0,10.0,6.0,0.0,0.0,0.0
31,6,2024-03-03,Pendikspor,Konyaspor,0,2,2,T1,T1,Pendikspor,Konyaspor,1.0,-0.25,-0.25,1.96,1.84,3.17,1.94,1.88,1.84,1.95,3.41,2.0,1.83,3.34,2.13,3.49,2.17,1.98,1.88,3.3,1.98,1.88,1.85,2.0,3.4,2.05,1.8,3.4,2.15,3.4,2.2,3.0,3.3,3.25,2.15,3.5,2.2,,,,,,,2.02,1.9,3.34,1.99,1.95,1.97,2.04,3.75,2.12,1.9,3.5,2.23,3.66,2.25,1.99,1.9,1.98,1.93,1.87,2.02,2.06,1.85,3.34,3.75,3.33,2.17,3.57,2.23,3.1,3.3,3.3,2.05,3.4,2.1,3.1,3.2,3.5,2.1,3.6,2.15,4.0,20.0,0.0,13.0,5.0,5.0,4.0,16.0,0.0,9.0,0.0,1.0,0.0,5.0
31,7,2024-03-03,Besiktas,Galatasaray,0,1,2,T1,T1,Besiktas,Galatasaray,1.0,0.25,0.5,2.4,1.55,1.95,1.95,1.87,2.31,1.59,2.07,1.83,1.99,3.69,3.22,3.8,3.46,2.35,1.57,1.91,1.98,1.88,2.3,1.6,2.05,1.85,2.0,3.6,3.4,3.75,3.75,1.88,2.05,3.6,3.2,3.8,3.6,,,,,,,2.55,1.61,2.03,2.02,1.93,2.42,1.65,2.18,1.92,2.02,3.8,3.48,4.01,3.75,2.43,1.61,2.02,1.89,2.38,1.64,1.9,2.01,2.02,2.18,3.79,3.28,3.85,3.65,1.91,2.0,3.6,3.1,3.7,3.3,1.85,1.95,3.75,3.4,4.0,3.5,11.0,14.0,0.0,13.0,3.0,0.0,4.0,7.0,1.0,12.0,3.0,1.0,0.0,2.0
31,8,2024-03-04,Ad. Demirspor,Karagumruk,1,0,1,T1,T1,Ad. Demirspor,Karagumruk,1.0,-0.25,-0.25,2.09,1.73,3.03,1.89,1.93,1.91,1.88,3.04,1.85,1.97,3.35,2.29,3.52,2.22,2.08,1.73,3.1,1.93,1.93,1.85,2.0,3.25,1.93,1.93,3.3,2.25,3.5,2.25,2.95,3.1,3.3,2.25,3.5,2.2,,,,,,,2.17,1.78,3.21,1.95,2.02,2.09,2.06,3.34,1.95,2.05,3.6,2.38,3.75,2.32,2.13,1.76,1.91,2.0,1.84,2.06,1.9,2.0,3.21,3.34,3.32,2.35,3.5,2.32,2.9,2.9,3.3,2.25,3.5,2.15,3.0,2.8,3.6,2.3,3.75,2.15,7.0,12.0,1.0,12.0,1.0,4.0,7.0,17.0,0.0,13.0,5.0,0.0,1.0,4.0
31,9,2024-03-04,Antalyaspor,Gaziantep,1,0,1,T1,T1,Antalyaspor,Gaziantep,1.0,-0.5,-0.5,1.94,1.84,4.05,1.99,1.84,1.81,1.98,4.06,1.96,1.87,3.55,1.88,3.67,1.83,1.98,1.88,4.2,2.03,1.83,1.83,2.03,4.2,1.95,1.9,3.6,1.85,3.75,1.83,4.0,4.0,3.5,1.85,3.6,1.82,,,,,,,2.0,1.92,4.27,2.05,1.9,1.88,2.07,4.62,2.06,1.96,3.72,1.96,3.85,1.88,1.99,1.88,2.03,1.86,1.87,2.03,2.06,1.85,4.24,4.62,3.64,1.85,3.82,1.86,4.0,3.9,3.4,1.85,3.5,1.8,4.0,3.9,3.7,1.83,3.75,1.8,5.0,11.0,0.0,8.0,3.0,2.0,11.0,12.0,0.0,20.0,10.0,0.0,1.0,1.0
31,10,2024-03-04,Alanyaspor,Trabzonspor,3,1,1,T1,T1,Alanyaspor,Trabzonspor,1.0,0.25,0.25,1.99,1.8,2.36,2.03,1.79,1.85,1.95,2.4,2.07,1.77,3.41,2.84,3.46,2.85,2.03,1.83,2.38,2.05,1.8,1.88,1.98,2.4,2.05,1.8,3.4,2.9,3.5,2.88,2.4,2.37,3.3,2.8,3.5,2.7,,,,,,,2.06,1.86,2.43,2.11,1.83,1.92,2.04,2.57,2.19,1.85,3.62,3.02,3.64,3.0,2.02,1.85,2.07,1.83,1.89,2.0,2.19,1.75,2.4,2.57,3.4,2.91,3.53,3.0,2.3,2.3,3.25,2.8,3.3,2.8,2.4,2.4,3.5,2.7,3.5,2.7,9.0,8.0,0.0,24.0,7.0,0.0,1.0,17.0,0.0,11.0,5.0,0.0,2.0,3.0
31,11,2024-03-01,Monaco,Paris SG,0,0,0,F1,F1,Monaco,Paris SG,1.0,0.5,0.5,2.53,1.52,2.03,2.03,1.84,2.9,1.42,2.02,2.03,1.85,4.0,3.33,3.88,3.41,2.4,1.53,2.0,2.06,1.84,2.88,1.4,1.95,2.01,1.89,4.0,3.4,3.8,3.4,2.0,2.0,3.9,3.2,3.8,3.3,,,,,,,2.62,1.56,2.1,2.09,1.88,3.1,1.5,2.16,2.13,1.92,4.2,3.49,4.0,3.6,2.6,1.55,2.06,1.88,3.05,1.43,2.01,1.92,2.05,2.0,4.12,3.49,3.93,3.51,2.0,1.95,4.0,3.4,3.8,3.4,2.0,2.05,3.9,3.2,3.9,3.3,6.0,13.0,0.0,14.0,7.0,0.0,5.0,10.0,0.0,14.0,6.0,0.0,0.0,0.0
31,12,2024-03-03,Man City,Man United,3,1,1,E0,E0,Man City,Man United,1.0,-1.75,-1.75,3.04,1.38,10.06,1.93,1.9,3.17,1.36,10.21,1.97,1.89,6.76,1.26,6.33,1.27,3.1,1.36,11.0,1.98,1.92,3.1,1.36,9.5,1.95,1.98,6.5,1.25,5.75,1.25,10.0,9.25,6.25,1.28,6.25,1.26,,,,,,,3.17,1.41,11.3,2.0,1.97,3.3,1.38,12.0,2.05,2.02,7.5,1.29,6.72,1.29,3.08,1.39,1.97,1.92,3.28,1.35,2.05,1.88,10.06,10.75,7.2,1.24,6.39,1.27,11.0,11.0,6.5,1.25,6.0,1.22,10.0,9.0,6.0,1.25,6.5,1.25,2.0,10.0,0.0,3.0,1.0,1.0,15.0,5.0,0.0,27.0,8.0,1.0,0.0,0.0
31,13,2024-03-03,Ath Bilbao,Barcelona,0,0,0,SP1,SP1,Ath Bilbao,Barcelona,1.0,0.25,0.0,2.12,1.74,2.42,1.77,2.11,2.0,1.84,2.26,1.93,1.92,3.5,3.2,3.54,2.86,2.08,1.73,2.4,1.73,2.08,1.95,1.95,2.25,1.94,1.99,3.5,3.2,3.5,2.88,2.5,2.25,3.4,3.1,3.5,2.65,,,,,,,2.17,1.81,2.5,1.83,2.16,2.08,1.97,2.31,2.0,2.02,3.7,3.41,3.75,2.97,2.12,1.78,1.78,2.15,2.06,1.83,1.98,1.95,2.43,2.28,3.57,3.31,3.54,2.94,2.4,2.2,3.5,3.2,3.5,2.88,2.38,2.2,3.7,3.0,3.6,2.75,4.0,11.0,0.0,8.0,2.0,3.0,4.0,14.0,0.0,8.0,2.0,0.0,0.0,3.0
31,14,2024-03-01,Lazio,Milan,0,1,2,I1,I1,Lazio,Milan,1.0,0.25,0.25,1.73,2.14,2.22,1.88,1.95,1.76,2.09,2.34,1.99,1.86,3.22,3.27,3.27,3.49,1.7,2.1,2.2,1.87,2.03,1.7,2.1,2.25,2.03,1.87,3.1,3.4,3.2,3.5,2.2,2.3,3.2,3.2,3.2,3.4,,,,,,,1.78,2.21,2.35,1.96,2.05,1.81,2.18,2.44,2.09,1.94,3.3,3.65,3.52,3.74,1.76,2.17,1.89,2.03,1.77,2.16,2.06,1.88,2.21,2.41,3.25,3.29,3.3,3.67,2.15,2.3,3.13,3.25,3.13,3.6,2.2,2.3,3.3,3.1,3.3,3.3,5.0,19.0,0.0,14.0,5.0,6.0,2.0,17.0,3.0,11.0,3.0,0.0,0.0,5.0
31,15,2024-03-03,Napoli,Juventus,2,1,1,I1,I1,Napoli,Juventus,1.0,-0.25,-0.25,1.6,2.35,3.22,1.83,2.01,1.61,2.33,3.42,1.91,1.93,3.17,2.29,3.13,2.39,1.57,2.35,3.3,1.87,2.03,1.57,2.35,3.5,2.0,1.93,3.1,2.25,3.1,2.38,3.1,3.4,3.1,2.3,3.1,2.37,,,,,,,1.64,2.46,3.33,1.9,2.07,1.68,2.41,3.61,2.0,2.0,3.28,2.38,3.32,2.45,1.61,2.42,1.85,2.07,1.63,2.41,1.93,1.97,3.3,3.54,3.2,2.31,3.14,2.43,3.2,3.5,3.0,2.25,2.88,2.3,3.0,3.25,3.25,2.25,3.2,2.4,1.0,16.0,0.0,18.0,4.0,4.0,2.0,6.0,0.0,14.0,7.0,0.0,1.0,1.0
32,1,2024-03-08,Galatasaray,Rizespor,6,2,1,T1,T1,Galatasaray,Rizespor,1.0,-1.75,-1.75,3.22,1.33,9.84,1.96,1.87,3.27,1.33,9.86,1.96,1.87,6.33,1.25,6.27,1.25,3.4,1.33,9.5,1.98,1.88,3.4,1.33,10.0,1.98,1.88,6.5,1.25,6.0,1.25,9.0,8.75,6.25,1.27,6.25,1.26,,,,,,,3.4,1.36,11.0,2.02,1.92,3.4,1.36,11.87,2.06,1.94,6.83,1.27,6.7,1.29,3.27,1.35,1.97,1.92,3.34,1.34,2.0,1.89,10.98,11.87,6.83,1.25,6.65,1.26,9.0,9.0,6.0,1.22,6.0,1.22,9.5,9.5,6.0,1.25,6.5,1.25,3.0,13.0,0.0,10.0,4.0,1.0,3.0,18.0,0.0,14.0,10.0,1.0,4.0,1.0
32,2,2024-03-09,Sivasspor,Alanyaspor,1,2,2,T1,T1,Sivasspor,Alanyaspor,1.0,0.0,0.0,1.87,1.93,2.8,2.04,1.8,1.75,2.07,2.87,2.04,1.79,3.26,2.48,3.37,2.47,1.88,1.98,2.88,2.1,1.78,1.7,2.1,3.0,2.1,1.7,3.3,2.4,3.4,2.45,2.75,2.87,3.2,2.4,3.4,2.4,,,,,,,1.93,2.0,2.93,2.12,1.85,1.85,2.17,3.02,2.16,1.84,3.4,2.6,3.54,2.57,1.89,2.0,2.09,1.83,1.77,2.14,2.14,1.79,2.93,3.02,3.3,2.54,3.36,2.57,2.7,2.75,3.2,2.4,3.25,2.4,2.75,2.62,3.4,2.6,3.4,2.4,4.0,17.0,0.0,5.0,4.0,2.0,5.0,9.0,0.0,16.0,5.0,0.0,0.0,3.0
32,3,2024-03-09,Konyaspor,Ad. Demirspor,2,2,0,T1,T1,Konyaspor,Ad. Demirspor,1.0,0.0,-0.25,1.86,1.93,2.87,1.77,2.08,1.59,2.33,2.88,2.04,1.8,3.08,2.58,3.36,2.42,1.88,1.98,2.88,1.8,2.05,1.57,2.35,2.8,2.0,1.85,3.2,2.63,3.5,2.4,2.7,2.87,3.0,2.55,3.4,2.45,,,,,,,1.95,2.02,3.06,1.82,2.17,1.66,2.43,3.07,2.11,1.91,3.3,2.75,3.52,2.49,1.88,2.0,1.8,2.13,1.62,2.41,2.02,1.88,3.06,2.94,3.11,2.74,3.34,2.49,2.8,2.75,3.0,2.5,3.25,2.3,2.75,2.9,3.1,2.5,3.4,2.4,6.0,12.0,0.0,13.0,3.0,3.0,3.0,12.0,0.0,13.0,5.0,1.0,2.0,0.0
32,4,2024-03-09,Trabzonspor,Karagumruk,5,1,1,T1,T1,Trabzonspor,Karagumruk,1.0,-0.75,-0.75,1.92,1.87,4.44,1.84,1.99,2.05,1.76,4.31,1.84,2.0,3.76,1.78,3.7,1.76,1.93,1.93,4.5,1.85,2.0,2.05,1.75,4.2,1.85,2.0,3.8,1.8,3.8,1.75,4.33,4.2,3.75,1.77,3.7,1.75,,,,,,,1.99,1.94,4.75,1.93,2.03,2.17,1.89,4.73,1.89,2.07,3.9,1.81,3.9,1.81,1.89,1.91,1.82,2.01,2.1,1.79,1.87,2.04,4.67,4.59,3.87,1.81,3.56,1.78,4.4,4.2,3.6,1.73,3.6,1.7,4.4,4.4,3.75,1.73,3.75,1.73,2.0,13.0,0.0,6.0,2.0,3.0,8.0,10.0,0.0,27.0,12.0,1.0,1.0,0.0
32,5,2024-03-09,Buyuksehyr,Antalyaspor,1,0,1,T1,T1,Buyuksehyr,Antalyaspor,1.0,-0.25,-0.25,1.83,1.97,3.19,1.89,1.93,1.81,1.99,3.19,1.9,1.94,3.33,2.24,3.35,2.23,1.83,2.03,3.3,1.93,1.93,1.83,2.03,3.25,1.88,1.98,3.5,2.25,3.4,2.2,3.0,3.2,3.3,2.2,3.4,2.25,,,,,,,1.9,2.04,3.38,2.0,1.98,1.89,2.1,3.38,1.94,2.02,3.5,2.35,3.52,2.32,1.85,2.04,1.93,1.97,1.85,2.04,1.92,1.99,3.38,3.3,3.41,2.32,3.37,2.3,3.1,3.13,3.25,2.15,3.25,2.15,3.1,3.2,3.5,2.1,3.4,2.2,3.0,10.0,0.0,9.0,0.0,1.0,10.0,11.0,0.0,12.0,4.0,0.0,0.0,1.0
32,6,2024-03-10,Kayserispor,Hatayspor,1,1,0,T1,T1,Kayserispor,Hatayspor,1.0,-0.5,-0.5,1.94,1.85,3.72,1.88,1.95,1.94,1.86,3.98,1.93,1.9,3.57,1.88,3.56,1.94,1.95,1.9,3.8,1.9,1.95,1.93,1.93,4.0,1.95,1.9,3.6,1.91,3.6,1.95,3.6,3.9,3.6,1.85,3.5,1.95,,,,,,,2.0,1.92,3.93,1.98,2.0,2.01,2.0,4.3,2.0,1.98,3.7,1.98,3.78,2.0,1.97,1.84,1.85,1.97,1.99,1.9,1.93,1.98,3.75,4.11,3.58,1.98,3.52,1.97,3.6,3.9,3.5,1.8,3.4,1.9,3.6,3.8,3.7,1.85,3.7,1.91,2.0,13.0,0.0,5.0,1.0,3.0,3.0,10.0,1.0,18.0,3.0,1.0,1.0,3.0
32,7,2024-03-10,Samsunspor,Ankaragucu,2,1,1,T1,T1,Samsunspor,Ankaragucu,1.0,-0.5,-0.5,1.66,2.21,3.93,1.83,2.0,1.63,2.25,3.83,1.8,2.07,3.18,2.05,3.27,2.0,1.65,2.2,3.8,1.85,2.0,1.62,2.25,3.8,1.8,2.05,3.2,2.1,3.4,2.0,3.7,3.7,3.2,2.0,3.2,2.0,,,,,,,1.72,2.3,4.35,1.88,2.05,1.67,2.34,4.2,1.84,2.15,3.4,2.14,3.54,2.05,1.67,2.3,1.86,2.05,1.66,2.31,1.84,2.08,4.35,4.2,3.23,2.08,3.22,2.05,3.75,3.6,3.13,2.0,3.2,1.95,3.8,3.75,3.4,1.95,3.4,1.95,2.0,14.0,0.0,7.0,2.0,3.0,2.0,13.0,0.0,22.0,4.0,1.0,1.0,1.0
32,8,2024-03-10,Istanbulspor,Kasimpasa,1,2,2,T1,T1,Istanbulspor,Kasimpasa,1.0,0.5,0.75,2.2,1.64,1.8,2.02,1.81,2.23,1.64,1.91,1.92,1.92,3.78,3.68,3.83,4.07,2.15,1.67,1.8,2.03,1.83,2.25,1.62,1.85,1.9,1.95,4.0,3.75,4.0,4.2,1.78,1.9,3.7,3.6,3.8,4.0,,,,,,,2.27,1.71,1.86,2.06,1.85,2.3,1.69,2.01,2.01,2.02,4.0,3.99,4.03,4.36,2.27,1.68,2.06,1.85,2.3,1.67,1.9,2.01,1.83,1.9,3.97,3.99,3.97,4.36,1.75,1.87,3.6,3.5,3.7,3.9,1.8,1.91,3.8,3.6,3.9,3.9,9.0,6.0,0.0,24.0,9.0,0.0,4.0,10.0,0.0,8.0,2.0,0.0,1.0,2.0
32,9,2024-03-10,Fenerbahce,Pendikspor,4,1,1,T1,T1,Fenerbahce,Pendikspor,1.0,-2.0,-2.0,3.28,1.32,13.13,2.04,1.79,3.28,1.33,12.04,1.93,1.9,7.44,1.19,7.65,1.17,3.4,1.33,12.0,2.03,1.78,3.5,1.3,12.0,1.95,1.9,8.0,1.18,8.0,1.18,13.0,11.0,7.0,1.21,7.75,1.17,,,,,,,3.4,1.35,15.0,2.1,1.85,3.5,1.36,13.5,2.0,1.95,8.24,1.22,8.58,1.21,3.39,1.34,2.09,1.8,3.44,1.33,1.97,1.92,14.14,13.21,8.24,1.19,8.58,1.18,13.0,12.0,6.5,1.17,7.0,1.14,12.0,12.0,7.0,1.18,7.5,1.17,1.0,29.0,2.0,4.0,1.0,8.0,8.0,15.0,0.0,20.0,7.0,1.0,0.0,7.0
32,10,2024-03-11,Gaziantep,Besiktas,2,0,1,T1,T1,Gaziantep,Besiktas,1.0,0.25,0.5,1.95,1.84,1.97,1.98,1.86,1.79,2.01,2.08,1.8,2.03,3.38,3.49,3.55,3.67,1.95,1.9,1.95,1.98,1.88,1.8,2.05,2.1,1.85,2.0,3.4,3.4,3.6,3.75,1.95,2.1,3.3,3.4,3.6,3.5,,,,,,,2.04,1.93,2.02,2.05,1.89,1.85,2.09,2.18,1.89,2.07,3.6,3.72,3.79,3.91,1.94,1.93,2.0,1.89,1.81,2.08,1.88,2.04,2.0,2.18,3.43,3.59,3.6,3.91,1.91,2.05,3.25,3.3,3.4,3.6,1.91,2.05,3.5,3.4,3.7,3.6,3.0,12.0,0.0,13.0,5.0,3.0,2.0,10.0,0.0,8.0,4.0,0.0,1.0,3.0
32,11,2024-03-09,Werder Bremen,Dortmund,1,2,2,D1,D1,Werder Bremen,Dortmund,1.0,0.75,0.5,2.72,1.46,1.88,1.87,1.99,2.88,1.43,1.83,2.02,1.84,4.27,3.82,4.08,3.77,2.75,1.44,1.85,1.9,2.03,2.75,1.44,1.8,2.05,1.88,4.5,3.6,4.33,3.5,1.87,1.8,4.1,3.9,4.0,3.7,,,,,,,2.82,1.49,1.97,1.9,2.04,3.1,1.46,1.88,2.08,1.9,4.61,4.04,4.33,4.06,2.71,1.49,1.89,2.01,2.87,1.45,2.04,1.88,1.88,1.82,4.28,4.04,4.06,3.87,1.87,1.8,4.2,3.9,4.1,3.7,1.83,1.8,4.2,3.7,4.0,3.8,4.0,8.0,1.0,13.0,6.0,2.0,10.0,6.0,0.0,15.0,5.0,2.0,0.0,1.0
32,12,2024-03-10,Lille,Rennes,2,2,0,F1,F1,Lille,Rennes,1.0,-0.5,-0.5,1.83,1.99,3.66,1.82,2.04,1.72,2.14,4.23,1.92,1.94,3.43,1.93,3.49,2.04,1.85,2.05,3.6,1.85,2.08,1.7,2.1,4.2,1.99,1.94,3.4,1.91,3.4,2.05,3.6,4.1,3.3,1.93,3.4,2.05,,,,,,,1.9,2.06,3.88,1.86,2.08,1.78,2.23,4.45,2.0,1.97,3.59,1.98,3.67,2.09,1.88,2.02,1.86,2.06,1.77,2.16,2.0,1.93,3.84,4.45,3.53,1.92,3.5,2.05,3.6,4.1,3.4,1.91,3.3,1.95,3.5,4.33,3.25,1.91,3.5,2.05,3.0,20.0,0.0,11.0,3.0,2.0,6.0,17.0,0.0,15.0,8.0,2.0,0.0,5.0
32,13,2024-03-10,Liverpool,Man City,1,1,0,E0,E0,Liverpool,Man City,1.0,0.5,0.25,2.59,1.5,2.25,1.95,1.88,2.71,1.47,2.05,2.06,1.83,3.88,3.4,3.83,2.95,2.5,1.5,2.2,2.0,1.93,2.6,1.48,2.05,2.07,1.86,3.8,3.4,3.75,3.0,2.2,2.05,3.8,3.25,3.75,2.9,,,,,,,2.75,1.54,2.34,2.02,1.93,2.88,1.52,2.2,2.15,1.88,4.05,3.63,4.0,3.15,2.59,1.54,2.0,1.91,2.77,1.47,2.07,1.86,2.28,2.06,3.9,3.48,3.8,3.02,2.2,2.0,3.9,3.4,3.7,2.88,2.2,2.1,3.8,3.4,3.8,2.9,4.0,10.0,0.0,10.0,6.0,3.0,7.0,6.0,0.0,19.0,6.0,1.0,0.0,0.0
32,14,2024-03-10,Juventus,Atalanta,2,2,0,I1,I1,Juventus,Atalanta,1.0,-0.25,-0.25,1.72,2.13,3.31,1.9,1.93,1.64,2.28,3.44,1.93,1.9,3.19,2.27,3.31,2.25,1.7,2.1,3.3,1.95,1.98,1.62,2.25,3.4,1.99,1.94,3.2,2.25,3.3,2.2,3.3,3.4,3.1,2.25,3.3,2.2,,,,,,,1.78,2.21,3.5,1.97,1.99,1.67,2.36,3.6,2.0,1.99,3.3,2.34,3.45,2.33,1.72,2.2,1.92,1.99,1.66,2.34,1.96,1.96,3.37,3.46,3.27,2.28,3.27,2.32,3.25,3.5,3.0,2.25,3.0,2.2,3.25,3.6,2.9,2.3,3.4,2.2,3.0,10.0,0.0,7.0,3.0,1.0,4.0,12.0,0.0,18.0,5.0,1.0,0.0,0.0
32,15,2024-03-10,Fiorentina,Roma,2,2,0,I1,I1,Fiorentina,Roma,1.0,0.0,0.0,1.8,2.01,2.79,1.99,1.87,1.76,2.1,2.91,2.09,1.8,3.26,2.55,3.3,2.58,1.83,2.07,2.75,2.03,1.9,1.7,2.1,2.8,2.09,1.84,3.3,2.5,3.3,2.55,2.75,2.87,3.2,2.55,3.3,2.55,,,,,,,1.87,2.08,3.0,2.03,1.92,1.85,2.21,3.1,2.18,1.88,3.39,2.68,3.52,2.7,1.83,2.07,1.99,1.91,1.74,2.21,2.1,1.84,2.81,2.98,3.24,2.61,3.27,2.69,2.7,2.9,3.1,2.55,3.0,2.55,2.7,2.8,3.3,2.5,3.4,2.5,2.0,15.0,0.0,10.0,5.0,5.0,8.0,10.0,0.0,15.0,5.0,0.0,1.0,2.0
35,1,2024-03-30,Leverkusen,Hoffenheim,2,1,1,D1,D1,Leverkusen,Hoffenheim,1.0,-2.0,-2.0,3.47,1.31,11.77,1.91,1.94,3.77,1.27,12.62,2.01,1.86,7.84,1.2,7.36,1.22,3.5,1.3,12.0,1.92,1.98,4.0,1.25,12.0,2.04,1.89,8.0,1.18,7.5,1.2,10.5,11.5,7.5,1.21,7.25,1.22,,,,,,,3.65,1.33,13.0,1.95,2.0,4.0,1.3,14.0,2.06,1.91,8.5,1.22,8.0,1.25,3.33,1.33,1.95,1.93,3.33,1.33,2.04,1.87,11.72,12.98,7.96,1.2,7.55,1.21,12.0,13.0,8.0,1.18,7.5,1.2,12.0,13.0,7.5,1.18,7.0,1.2,2.0,8.0,0.0,6.0,2.0,1.0,9.0,9.0,0.0,36.0,12.0,1.0,0.0,0.0
35,2,2024-03-30,Bayern Munich,Dortmund,0,2,2,D1,D1,Bayern Munich,Dortmund,1.0,-1.5,-1.5,4.08,1.24,6.47,1.89,1.97,4.23,1.22,7.04,2.0,1.86,6.09,1.35,5.71,1.4,4.0,1.25,6.0,1.95,1.95,4.33,1.22,6.5,2.06,1.87,6.5,1.33,5.75,1.4,6.0,6.75,5.75,1.36,5.5,1.43,,,,,,,4.3,1.26,7.0,1.97,2.05,4.75,1.25,7.6,2.09,1.91,6.69,1.38,6.02,1.43,,,1.95,1.95,,,2.06,1.87,6.7,7.45,6.4,1.35,5.92,1.39,6.5,7.0,6.0,1.36,5.5,1.4,6.5,7.0,5.8,1.35,5.8,1.36,4.0,7.0,0.0,11.0,5.0,0.0,7.0,7.0,0.0,16.0,3.0,1.0,0.0,0.0
35,3,2024-03-31,Nice,Nantes,1,2,2,F1,F1,Nice,Nantes,1.0,-0.75,-0.75,1.65,2.26,5.09,1.86,1.97,1.59,2.37,4.97,1.77,2.09,3.34,1.83,3.56,1.76,1.65,2.2,5.25,1.9,2.0,1.57,2.35,5.0,1.82,2.11,3.4,1.8,3.5,1.75,4.8,4.8,3.3,1.82,3.6,1.75,,,,,,,1.71,2.33,5.5,1.92,2.02,1.63,2.47,5.33,1.83,2.17,3.46,1.92,3.73,1.81,1.68,2.28,1.9,2.01,1.62,2.43,1.81,2.1,5.25,5.33,3.38,1.83,3.6,1.76,5.0,5.0,3.3,1.8,3.3,1.7,5.0,5.0,3.25,1.8,3.6,1.73,3.0,19.0,0.0,13.0,4.0,5.0,9.0,7.0,0.0,12.0,3.0,1.0,0.0,2.0
35,4,2024-03-31,Marseille,Paris SG,0,2,2,F1,F1,Marseille,Paris SG,1.0,0.5,0.25,2.35,1.6,2.08,1.8,2.02,2.15,1.7,1.99,2.0,1.86,3.69,3.61,3.81,3.29,2.3,1.6,2.05,1.83,2.07,2.1,1.7,1.95,2.04,1.89,3.75,3.6,3.8,3.25,2.1,2.0,3.6,3.5,3.75,3.2,,,,,,,2.45,1.65,2.12,1.85,2.09,2.26,1.75,2.02,2.05,1.91,3.85,3.89,3.98,3.47,2.38,1.63,1.82,2.08,2.18,1.75,2.03,1.89,2.08,2.02,3.72,3.76,3.91,3.37,2.0,1.95,3.7,3.7,3.5,3.25,2.0,1.95,3.7,3.6,3.9,3.3,3.0,8.0,1.0,8.0,3.0,4.0,5.0,10.0,0.0,22.0,10.0,0.0,0.0,0.0
35,5,2024-03-30,Newcastle,West Ham,4,3,1,E0,E0,Newcastle,West Ham,1.0,-0.75,-0.75,2.59,1.51,3.87,1.82,2.05,2.68,1.48,3.86,1.81,2.07,4.13,1.86,4.16,1.84,2.5,1.5,3.8,1.78,2.03,2.6,1.48,3.75,1.78,2.03,4.2,1.83,4.2,1.83,3.75,3.9,4.0,1.82,4.0,1.85,,,,,,,2.69,1.53,4.11,1.9,2.12,2.75,1.51,4.2,1.89,2.13,4.4,1.9,4.33,1.9,2.65,1.51,1.87,2.04,2.72,1.5,1.81,2.08,4.0,3.96,4.19,1.85,4.26,1.81,3.8,3.9,4.0,1.83,3.9,1.8,3.9,3.8,4.2,1.85,4.0,1.8,4.0,8.0,0.0,10.0,4.0,1.0,3.0,9.0,1.0,24.0,9.0,2.0,1.0,1.0
35,6,2024-03-30,Chelsea,Burnley,2,2,0,E0,E0,Chelsea,Burnley,1.0,-1.75,-1.75,2.67,1.48,9.44,1.8,2.07,3.02,1.4,10.45,1.95,1.92,6.53,1.27,5.96,1.3,2.6,1.48,9.5,1.78,2.03,3.1,1.36,9.0,1.98,1.95,6.5,1.29,6.0,1.29,9.0,10.0,6.0,1.27,5.75,1.3,,,,,,,2.75,1.51,10.5,1.86,2.11,3.25,1.44,11.5,2.0,1.97,7.0,1.3,6.3,1.34,2.72,1.49,1.81,2.09,3.07,1.4,1.95,1.95,9.34,11.18,6.66,1.25,6.12,1.3,10.0,11.0,6.5,1.25,5.75,1.25,9.5,10.0,6.5,1.29,5.8,1.29,4.0,7.0,1.0,18.0,7.0,2.0,12.0,12.0,0.0,33.0,13.0,0.0,1.0,2.0
35,7,2024-03-30,Aston Villa,Wolves,2,0,1,E0,E0,Aston Villa,Wolves,1.0,-1.0,-1.0,2.44,1.56,4.86,1.8,2.07,2.28,1.64,6.24,1.99,1.89,4.41,1.54,4.38,1.64,2.35,1.57,5.0,1.83,2.07,2.25,1.62,5.75,2.05,1.88,4.5,1.53,4.33,1.6,4.75,5.75,4.33,1.53,4.2,1.65,,,,,,,2.55,1.61,5.08,1.83,2.14,2.33,1.69,6.74,2.06,1.94,4.5,1.58,4.6,1.68,2.44,1.6,1.83,2.09,2.33,1.66,2.06,1.88,4.9,6.66,4.41,1.53,4.46,1.64,5.0,6.0,4.4,1.53,4.0,1.6,4.75,6.5,4.5,1.55,4.33,1.62,4.0,19.0,0.0,13.0,3.0,4.0,5.0,11.0,0.0,11.0,5.0,0.0,1.0,3.0
35,8,2024-03-30,Brentford,Man United,1,1,0,E0,E0,Brentford,Man United,1.0,0.5,0.25,2.48,1.54,2.2,1.91,1.93,2.84,1.44,2.06,2.06,1.84,3.98,3.31,3.83,3.06,2.4,1.53,2.2,1.93,1.97,2.7,1.44,2.05,2.05,1.88,4.0,3.25,3.8,3.0,2.15,2.05,3.9,3.25,3.8,3.0,,,,,,,2.57,1.57,2.24,1.96,1.99,2.93,1.46,2.16,2.13,1.9,4.08,3.47,3.99,3.25,2.57,1.55,1.95,1.95,2.89,1.45,2.07,1.87,2.22,2.06,4.06,3.39,3.86,3.09,2.15,2.0,4.0,3.3,3.6,3.0,2.15,2.1,4.0,3.2,3.8,3.0,4.0,14.0,0.0,11.0,5.0,2.0,14.0,7.0,0.0,31.0,5.0,0.0,0.0,2.0
35,9,2024-03-31,Liverpool,Brighton,2,1,1,E0,E0,Liverpool,Brighton,1.0,-1.75,-1.5,3.16,1.36,7.37,1.89,1.97,3.61,1.3,8.95,1.89,1.97,6.29,1.3,5.63,1.37,3.1,1.36,7.5,1.91,1.99,3.5,1.3,8.5,1.91,2.02,6.0,1.3,5.5,1.36,6.75,8.0,6.0,1.31,5.5,1.39,,,,,,,3.3,1.39,7.8,1.94,2.01,3.8,1.33,9.65,1.94,2.04,6.7,1.33,6.0,1.42,3.14,1.38,1.9,2.01,3.44,1.33,1.93,2.01,7.57,9.25,6.6,1.29,5.71,1.37,7.5,9.5,6.0,1.29,5.25,1.33,7.0,8.5,6.0,1.33,5.5,1.36,4.0,6.0,0.0,9.0,3.0,3.0,8.0,20.0,0.0,30.0,8.0,1.0,1.0,5.0
35,10,2024-03-31,Man City,Arsenal,0,0,0,E0,E0,Man City,Arsenal,1.0,-0.5,-0.5,2.12,1.74,3.86,1.95,1.92,2.04,1.81,3.61,1.83,2.06,3.62,2.06,3.8,1.92,2.1,1.7,3.8,1.98,1.92,2.0,1.8,3.5,1.86,2.07,3.75,2.0,3.8,1.91,3.75,3.5,3.5,2.0,3.6,1.93,,,,,,,2.19,1.8,4.01,2.0,1.97,2.16,1.94,3.8,1.88,2.13,3.83,2.12,3.97,1.97,2.15,1.76,1.98,1.93,2.07,1.82,1.85,2.1,3.94,3.72,3.6,2.09,3.86,1.92,3.9,3.7,3.6,2.0,3.6,1.85,3.7,3.5,3.6,2.1,3.8,1.91,4.0,20.0,0.0,6.0,2.0,2.0,7.0,9.0,0.0,12.0,1.0,0.0,0.0,0.0
35,11,2024-03-30,Barcelona,Las Palmas,1,0,1,SP1,SP1,Barcelona,Las Palmas,1.0,-1.75,-1.75,2.74,1.46,10.15,1.86,1.98,2.88,1.43,10.51,1.9,1.94,6.44,1.26,6.34,1.27,2.7,1.44,10.0,1.88,2.02,2.88,1.4,10.0,1.94,1.99,6.5,1.29,6.5,1.25,9.75,10.0,6.0,1.28,6.0,1.28,,,,,,,2.8,1.5,11.5,1.92,2.04,3.0,1.48,11.0,1.95,2.0,6.9,1.29,6.8,1.31,2.76,1.47,1.89,2.0,2.92,1.43,1.93,1.99,10.02,10.65,6.67,1.26,6.49,1.27,11.5,10.5,6.5,1.25,6.0,1.25,10.0,10.0,6.5,1.25,6.0,1.25,1.0,9.0,1.0,8.0,0.0,1.0,6.0,11.0,0.0,14.0,2.0,0.0,0.0,5.0
35,12,2024-03-31,Real Madrid,Ath Bilbao,2,0,1,SP1,SP1,Real Madrid,Ath Bilbao,1.0,-1.0,-1.0,2.09,1.76,5.87,1.91,1.94,2.08,1.76,5.73,1.88,1.98,4.22,1.58,4.29,1.55,2.05,1.75,6.0,1.92,1.98,2.05,1.75,5.75,1.93,2.0,4.33,1.57,4.33,1.53,5.75,5.5,4.0,1.6,4.2,1.55,,,,,,,2.18,1.81,6.11,1.94,2.0,2.17,1.87,6.08,1.95,2.02,4.38,1.6,4.47,1.59,2.09,1.79,1.93,1.97,2.13,1.78,1.93,2.0,5.87,6.08,4.29,1.58,4.36,1.57,6.0,5.75,4.33,1.55,4.2,1.55,5.8,5.5,4.2,1.57,4.2,1.53,7.0,13.0,0.0,7.0,3.0,1.0,4.0,9.0,0.0,9.0,4.0,0.0,1.0,2.0
35,13,2024-03-30,Napoli,Atalanta,0,3,2,I1,I1,Napoli,Atalanta,1.0,-0.25,-0.25,2.04,1.8,3.43,2.03,1.81,1.96,1.87,3.43,2.0,1.85,3.5,2.15,3.59,2.11,2.0,1.8,3.4,2.05,1.85,1.99,1.91,3.5,2.05,1.75,3.6,2.05,3.6,2.1,3.4,3.3,3.4,2.15,3.6,2.05,,,,,,,2.12,1.86,3.53,2.1,1.86,2.02,1.93,3.61,2.12,1.92,3.6,2.2,3.77,2.15,2.05,1.83,2.06,1.85,2.01,1.9,2.1,1.83,3.48,3.61,3.59,2.11,3.61,2.13,3.5,3.5,3.25,2.15,3.4,2.1,3.3,3.25,3.6,2.1,3.7,2.05,5.0,13.0,0.0,12.0,6.0,2.0,7.0,6.0,0.0,20.0,6.0,2.0,0.0,2.0
35,14,2024-03-30,Lazio,Juventus,1,0,1,I1,I1,Lazio,Juventus,1.0,0.25,0.25,1.58,2.41,2.51,2.1,1.75,1.57,2.42,2.4,2.03,1.83,3.07,3.3,3.09,3.11,1.57,2.35,2.45,2.1,1.8,1.53,2.4,2.38,2.08,1.85,3.1,3.2,3.1,3.1,2.5,2.37,3.0,3.25,3.1,2.95,,,,,,,1.63,2.5,2.56,2.2,1.81,1.63,2.56,2.45,2.09,1.9,3.18,3.42,3.29,3.23,1.58,2.49,2.12,1.81,1.57,2.54,2.08,1.85,2.5,2.44,3.11,3.32,3.09,3.23,2.5,2.3,3.0,3.4,2.9,3.2,2.45,2.38,3.0,3.25,3.2,3.0,2.0,10.0,0.0,9.0,3.0,2.0,7.0,12.0,0.0,16.0,4.0,0.0,0.0,1.0
35,15,2024-03-30,Fiorentina,Milan,1,2,2,I1,I1,Fiorentina,Milan,1.0,0.25,0.0,1.87,1.94,2.53,1.81,2.06,1.94,1.89,2.4,2.07,1.79,3.4,3.0,3.35,2.85,1.89,2.01,2.5,1.83,2.07,1.95,1.95,2.45,2.08,1.73,3.4,2.9,3.3,2.88,2.55,2.35,3.3,3.0,3.4,2.7,,,,,,,1.94,2.02,2.61,1.85,2.12,2.03,1.96,2.5,2.16,1.88,3.5,3.21,3.5,2.98,1.88,2.01,1.85,2.07,1.96,1.94,2.1,1.84,2.58,2.43,3.44,3.08,3.34,2.89,2.55,2.4,3.2,3.0,3.13,2.88,2.5,2.38,3.25,3.0,3.25,2.8,5.0,12.0,0.0,14.0,10.0,3.0,7.0,8.0,0.0,17.0,7.0,0.0,0.0,2.0
38,1,2024-04-19,Besiktas,Ankaragucu,2,0,1,T1,T1,Besiktas,Ankaragucu,1.0,-0.5,-0.75,1.94,1.85,4.25,1.79,2.05,1.89,1.89,4.04,1.94,1.89,3.56,1.87,3.69,1.8,1.95,1.9,4.2,1.75,2.05,1.88,1.98,4.0,1.95,1.9,3.6,1.91,3.8,1.8,4.2,4.1,3.5,1.85,3.6,1.78,,,,,,,2.01,1.93,4.45,1.91,2.12,1.95,2.0,4.25,2.02,1.95,3.7,1.93,3.93,1.9,1.98,1.91,1.81,2.09,1.93,1.96,1.98,1.93,4.39,4.25,3.6,1.92,3.78,1.84,4.1,3.9,3.4,1.83,3.5,1.75,4.0,3.9,3.7,1.83,3.75,1.8,6.0,13.0,0.0,17.0,2.0,2.0,8.0,12.0,0.0,17.0,5.0,0.0,1.0,2.0
38,2,2024-04-20,Istanbulspor,Karagumruk,1,2,2,T1,T1,Istanbulspor,Karagumruk,1.0,1.0,0.75,2.01,1.79,1.63,1.8,2.02,2.38,1.56,1.59,1.97,1.87,4.34,5.01,4.0,5.0,2.0,1.8,1.65,1.83,2.03,2.35,1.57,1.57,1.95,1.9,4.75,5.0,3.8,5.0,1.65,1.58,4.2,5.0,3.8,5.0,,,,,,,2.12,1.85,1.7,1.88,2.09,2.47,1.6,1.63,2.09,1.97,4.8,5.3,4.33,5.2,2.06,1.83,1.83,2.09,2.45,1.6,1.98,1.93,1.65,1.59,4.57,5.29,4.23,5.13,1.6,1.53,4.1,5.0,3.75,4.8,1.62,1.62,4.2,4.6,4.0,5.0,7.0,15.0,0.0,24.0,5.0,3.0,1.0,11.0,0.0,13.0,5.0,0.0,0.0,3.0
38,3,2024-04-20,Konyaspor,Alanyaspor,0,2,2,T1,T1,Konyaspor,Alanyaspor,1.0,-0.25,-0.25,1.77,2.02,3.17,1.91,1.91,1.78,2.02,3.18,1.9,1.93,3.34,2.23,3.41,2.2,1.75,2.05,3.1,1.93,1.93,1.75,2.05,3.1,1.9,1.95,3.5,2.2,3.5,2.2,3.1,3.1,3.25,2.25,3.3,2.2,,,,,,,1.85,2.09,3.32,1.97,1.96,1.84,2.13,3.36,1.95,2.0,3.55,2.3,3.55,2.27,1.81,2.08,1.97,1.93,1.79,2.11,1.93,1.97,3.32,3.36,3.33,2.29,3.51,2.24,3.13,3.1,3.2,2.15,3.2,2.15,3.1,3.1,3.4,2.2,3.4,2.2,1.0,9.0,0.0,11.0,3.0,3.0,2.0,6.0,0.0,5.0,1.0,1.0,0.0,2.0
38,4,2024-04-20,Samsunspor,Ad. Demirspor,1,1,0,T1,T1,Samsunspor,Ad. Demirspor,1.0,-0.25,-0.25,1.89,1.9,3.15,1.89,1.92,1.88,1.91,3.14,1.87,1.96,3.3,2.26,3.39,2.21,1.93,1.93,3.2,1.9,1.95,1.9,1.95,3.1,1.88,1.98,3.3,2.3,3.3,2.2,3.1,3.0,3.3,2.25,3.4,2.2,,,,,,,1.95,1.97,3.34,1.96,2.0,1.95,2.06,3.32,1.93,2.04,3.42,2.35,3.55,2.27,1.94,1.94,1.95,1.95,1.94,1.94,1.93,1.97,3.26,3.3,3.42,2.28,3.53,2.25,3.0,3.0,3.25,2.2,3.3,2.2,3.1,3.1,3.4,2.2,3.4,2.2,4.0,6.0,0.0,8.0,3.0,3.0,7.0,18.0,0.0,14.0,5.0,1.0,0.0,2.0
38,5,2024-04-20,Kayserispor,Trabzonspor,1,2,2,T1,T1,Kayserispor,Trabzonspor,1.0,0.25,0.25,2.18,1.67,2.14,1.87,1.93,2.16,1.68,2.09,1.83,2.01,3.58,3.28,3.71,3.07,2.15,1.67,2.15,1.88,1.98,2.15,1.67,2.05,1.8,2.05,3.6,3.4,3.5,3.2,2.1,2.1,3.5,3.2,3.6,3.1,,,,,,,2.27,1.75,2.19,1.96,2.0,2.26,1.75,2.19,1.89,2.1,3.71,3.53,3.91,3.29,2.24,1.7,1.91,1.99,2.2,1.73,1.84,2.08,2.17,2.11,3.6,3.53,3.91,3.15,2.1,2.0,3.5,3.25,3.5,3.0,2.1,2.05,3.7,3.2,3.7,3.1,1.0,4.0,0.0,9.0,3.0,3.0,4.0,13.0,0.0,17.0,3.0,1.0,0.0,0.0
38,6,2024-04-21,Buyuksehyr,Rizespor,2,0,1,T1,T1,Buyuksehyr,Rizespor,1.0,-0.25,-0.25,2.09,1.71,3.25,1.98,1.83,2.14,1.69,3.33,2.0,1.83,3.48,2.11,3.56,2.11,2.08,1.73,3.4,2.0,1.85,2.15,1.67,3.5,2.05,1.8,3.6,2.1,3.6,2.1,3.2,3.25,3.5,2.1,3.6,2.1,,,,,,,2.2,1.78,3.4,2.04,1.9,2.26,1.75,3.56,2.07,1.88,3.61,2.22,3.76,2.18,2.13,1.78,2.01,1.9,2.22,1.71,2.07,1.84,3.37,3.56,3.55,2.12,3.59,2.18,3.13,3.13,3.6,2.0,3.4,2.1,3.25,3.25,3.6,2.05,3.7,2.05,4.0,12.0,1.0,11.0,2.0,1.0,1.0,10.0,0.0,12.0,4.0,0.0,1.0,1.0
38,7,2024-04-21,Antalyaspor,Hatayspor,2,1,1,T1,T1,Antalyaspor,Hatayspor,1.0,-0.5,-0.5,1.77,2.02,4.03,1.91,1.91,1.92,1.86,3.88,1.9,1.93,3.49,1.94,3.46,1.89,1.75,2.05,4.2,1.93,1.93,1.98,1.88,4.0,1.93,1.93,3.5,1.95,3.5,1.91,3.8,3.6,3.5,1.93,3.4,1.9,,,,,,,1.81,2.11,4.33,1.98,2.0,2.03,2.06,4.22,2.0,1.99,3.7,2.1,3.65,1.95,1.81,2.08,1.95,1.95,1.99,1.89,1.93,1.97,4.27,4.22,3.46,1.96,3.5,1.94,3.9,3.75,3.4,1.87,3.3,1.87,4.0,3.6,3.7,1.91,3.6,1.85,3.0,14.0,0.0,12.0,6.0,3.0,0.0,12.0,0.0,12.0,4.0,1.0,0.0,4.0
38,8,2024-04-21,Galatasaray,Pendikspor,4,1,1,T1,T1,Galatasaray,Pendikspor,1.0,-2.0,-2.0,3.1,1.35,10.63,1.79,2.04,3.57,1.29,11.05,1.86,1.99,6.61,1.22,6.62,1.22,3.1,1.36,11.0,1.75,2.05,3.6,1.29,11.0,1.83,2.03,6.5,1.25,6.25,1.25,10.5,10.0,6.5,1.24,6.25,1.24,,,,,,,3.3,1.38,12.0,1.87,2.1,3.96,1.32,13.0,1.94,2.06,7.2,1.29,7.6,1.29,3.23,1.36,1.81,2.08,3.61,1.3,1.87,2.02,11.65,12.5,6.92,1.22,7.41,1.22,10.5,10.0,6.0,1.2,6.0,1.2,10.0,10.0,7.0,1.2,6.5,1.22,3.0,8.0,0.0,7.0,4.0,2.0,4.0,15.0,0.0,19.0,8.0,0.0,2.0,1.0
38,9,2024-04-21,Gaziantep,Kasimpasa,2,0,1,T1,T1,Gaziantep,Kasimpasa,1.0,0.0,-0.25,2.12,1.7,2.91,1.82,2.0,2.08,1.73,2.55,1.9,1.94,3.41,2.64,3.51,2.29,2.1,1.7,3.0,1.83,2.03,2.05,1.75,2.63,1.95,1.9,3.5,2.6,3.5,2.3,2.85,2.45,3.4,2.7,3.5,2.3,,,,,,,2.2,1.77,3.03,1.88,2.07,2.17,1.89,2.71,1.99,2.01,3.6,2.75,3.72,2.37,2.2,1.72,1.87,2.04,2.1,1.79,1.97,1.93,3.03,2.71,3.49,2.65,3.63,2.34,2.8,2.5,3.4,2.5,3.4,2.25,2.88,2.38,3.6,2.7,3.6,2.25,8.0,10.0,0.0,13.0,1.0,1.0,5.0,11.0,0.0,12.0,5.0,0.0,2.0,0.0
38,10,2024-04-22,Sivasspor,Fenerbahce,2,2,0,T1,T1,Sivasspor,Fenerbahce,1.0,1.5,1.25,2.27,1.61,1.39,1.85,1.96,2.39,1.56,1.29,1.86,1.97,5.38,9.65,4.85,7.27,2.25,1.62,1.4,1.85,2.0,2.4,1.53,1.3,1.83,2.03,5.5,10.0,4.75,8.0,1.38,1.29,5.5,9.25,4.8,7.25,,,,,,,2.32,1.68,1.44,1.93,2.04,2.51,1.63,1.35,1.97,2.08,5.9,11.0,5.24,8.0,2.31,1.65,1.91,1.98,2.47,1.59,1.86,2.05,1.41,1.32,5.48,10.33,5.11,7.15,1.36,1.25,5.25,9.5,4.6,7.0,1.4,1.25,5.8,10.0,5.0,7.0,2.0,11.0,0.0,15.0,6.0,1.0,3.0,6.0,0.0,9.0,4.0,1.0,0.0,4.0
38,11,2024-04-21,Dortmund,Leverkusen,1,1,0,D1,D1,Dortmund,Leverkusen,1.0,0.0,0.0,2.58,1.48,2.55,1.92,1.93,2.2,1.7,2.59,1.89,1.98,3.54,2.67,3.84,2.55,2.63,1.5,2.55,1.95,1.95,2.1,1.73,2.6,1.93,2.0,3.5,2.63,3.8,2.55,2.6,2.55,3.5,2.6,3.8,2.4,,,,,,,2.7,1.52,2.6,1.97,2.0,2.41,1.78,2.67,1.96,2.02,3.68,2.78,4.03,2.66,2.54,1.52,1.9,1.95,2.15,1.78,1.93,1.99,2.5,2.66,3.48,2.75,3.84,2.56,2.5,2.55,3.6,2.63,3.9,2.55,2.5,2.5,3.6,2.62,3.8,2.5,6.0,11.0,0.0,13.0,5.0,3.0,2.0,14.0,0.0,9.0,2.0,0.0,0.0,4.0
38,12,2024-04-20,Wolves,Arsenal,0,2,2,E0,E0,Wolves,Arsenal,1.0,1.75,1.25,2.32,1.62,1.39,1.85,2.01,2.42,1.58,1.27,2.0,1.87,6.11,11.3,5.05,8.05,2.3,1.62,1.4,1.87,2.03,2.38,1.57,1.22,1.98,1.95,6.0,11.0,4.5,8.5,1.38,1.26,6.0,11.5,5.0,7.5,,,,,,,2.39,1.68,1.44,1.91,2.05,2.52,1.62,1.3,2.06,1.97,6.6,12.5,5.3,8.5,2.33,1.65,1.89,2.02,2.47,1.59,1.96,1.96,1.39,1.26,6.6,11.75,5.14,8.02,1.36,1.25,6.0,12.0,4.6,8.0,1.35,1.3,5.5,11.0,5.0,8.0,2.0,9.0,0.0,24.0,9.0,2.0,1.0,14.0,0.0,5.0,3.0,1.0,0.0,3.0
38,13,2024-04-20,Valencia,Betis,1,2,2,SP1,SP1,Valencia,Betis,1.0,0.0,-0.25,1.67,2.23,3.51,1.96,1.87,1.53,2.56,2.85,1.98,1.89,3.08,2.72,3.28,2.21,1.67,2.2,3.5,2.01,1.89,1.5,2.63,2.8,1.99,1.94,3.0,2.75,3.2,2.2,3.5,2.75,3.0,2.75,3.2,2.2,,,,,,,1.74,2.29,3.75,2.04,1.94,1.58,2.74,3.0,2.07,1.96,3.18,2.85,3.47,2.27,1.68,2.28,1.98,1.93,1.57,2.56,1.98,1.94,3.52,2.87,3.15,2.82,3.28,2.25,3.5,2.8,3.1,2.7,3.25,2.2,3.5,2.75,3.1,2.7,3.3,2.15,6.0,10.0,0.0,12.0,6.0,3.0,7.0,18.0,0.0,8.0,5.0,1.0,0.0,2.0
38,14,2024-04-21,Real Madrid,Barcelona,3,2,1,SP1,SP1,Real Madrid,Barcelona,1.0,-0.75,-0.5,2.48,1.54,3.89,1.99,1.87,2.77,1.46,4.23,1.93,1.92,4.3,1.75,3.96,1.87,2.5,1.53,4.0,2.02,1.88,2.63,1.5,4.33,1.98,1.95,4.2,1.73,3.8,1.85,3.9,4.33,4.1,1.73,3.8,1.85,,,,,,,2.55,1.58,4.1,2.04,1.93,3.07,1.5,4.51,2.01,2.0,4.6,1.8,4.16,1.93,2.49,1.58,2.02,1.88,2.76,1.49,2.01,1.93,3.99,4.51,4.4,1.73,3.96,1.88,3.9,4.2,4.33,1.73,3.9,1.87,3.75,4.0,4.2,1.75,4.0,1.83,8.0,12.0,0.0,14.0,6.0,2.0,2.0,11.0,0.0,14.0,8.0,1.0,1.0,3.0
38,15,2024-04-22,Roma,Bologna,1,3,2,I1,I1,Roma,Bologna,1.0,-0.25,-0.25,1.58,2.4,3.23,1.82,2.01,1.51,2.59,3.5,1.86,1.99,2.97,2.37,3.12,2.39,1.57,2.38,3.2,1.85,2.05,1.5,2.63,3.5,1.88,2.02,2.9,2.38,3.1,2.4,3.25,3.4,2.95,2.37,3.1,2.35,,,,,,,1.63,2.5,3.4,1.88,2.08,1.55,2.72,3.76,1.92,2.07,3.07,2.45,3.3,2.46,1.58,2.48,1.86,2.05,1.51,2.72,1.91,2.02,3.31,3.63,2.99,2.39,3.16,2.41,3.2,3.5,2.88,2.38,2.8,2.3,3.2,3.6,2.88,2.3,3.1,2.38,2.0,12.0,0.0,11.0,3.0,2.0,8.0,8.0,0.0,14.0,5.0,2.0,0.0,5.0
39,1,2024-04-26,Ad. Demirspor,Galatasaray,0,3,2,T1,T1,Ad. Demirspor,Galatasaray,1.0,1.25,1.25,2.83,1.41,1.47,1.99,1.84,2.89,1.4,1.46,1.95,1.87,4.82,5.88,4.76,5.8,2.88,1.4,1.45,2.0,1.85,2.88,1.4,1.45,2.0,1.85,5.0,6.0,5.0,6.0,1.47,1.46,4.8,5.5,4.6,5.75,,,,,,,3.0,1.45,1.52,2.15,1.91,3.1,1.44,1.52,2.15,1.94,5.1,6.4,5.04,6.26,2.86,1.45,2.01,1.89,2.89,1.44,2.04,1.87,1.48,1.5,4.97,5.96,4.95,6.26,1.44,1.4,4.6,5.75,4.5,5.5,1.44,1.44,4.8,6.0,4.8,5.8,6.0,9.0,0.0,25.0,9.0,0.0,5.0,8.0,0.0,18.0,8.0,0.0,0.0,2.0
39,2,2024-04-27,Kasimpasa,Samsunspor,1,0,1,T1,T1,Kasimpasa,Samsunspor,1.0,-0.25,-0.25,2.2,1.66,3.03,1.9,1.91,1.98,1.81,3.14,1.88,1.94,3.36,2.23,3.64,2.19,2.15,1.67,3.2,1.93,1.93,2.03,1.83,3.1,1.83,2.03,3.3,2.3,3.4,2.25,3.0,3.1,3.3,2.25,3.5,2.2,,,,,,,2.29,1.7,3.2,1.98,2.05,2.12,1.97,3.52,1.95,2.05,3.6,2.37,3.88,2.32,2.29,1.68,1.96,1.94,2.05,1.85,1.86,2.05,3.1,3.13,3.42,2.37,3.88,2.21,3.0,3.0,3.4,2.15,3.4,2.15,3.0,3.0,3.6,2.2,3.7,2.15,8.0,17.0,0.0,13.0,2.0,3.0,4.0,16.0,0.0,11.0,2.0,0.0,1.0,2.0
39,3,2024-04-27,Sivasspor,Konyaspor,1,0,1,T1,T1,Sivasspor,Konyaspor,1.0,0.0,-0.25,1.64,2.24,2.96,1.75,2.08,1.69,2.14,2.58,1.82,2.05,3.17,2.78,3.15,2.46,1.65,2.2,3.0,1.73,2.08,1.67,2.15,2.38,1.68,2.15,3.2,3.1,3.2,2.5,2.9,2.5,3.1,2.8,3.2,2.4,,,,,,,1.69,2.3,3.07,1.8,2.17,1.76,2.32,2.97,1.95,2.25,3.4,3.1,3.33,2.54,1.68,2.29,1.76,2.16,1.71,2.22,1.78,2.16,3.06,2.54,3.2,3.06,3.2,2.54,2.8,2.45,3.13,2.75,3.1,2.4,2.9,2.45,3.4,2.7,3.25,2.38,6.0,11.0,0.0,7.0,2.0,2.0,1.0,12.0,0.0,7.0,2.0,0.0,0.0,2.0
39,4,2024-04-27,Fenerbahce,Besiktas,2,1,1,T1,T1,Fenerbahce,Besiktas,1.0,-1.25,-1.25,2.45,1.53,6.35,1.88,1.93,2.27,1.62,6.9,1.92,1.9,4.81,1.41,4.77,1.43,2.4,1.53,6.0,1.9,1.95,2.2,1.65,6.5,1.95,1.9,5.25,1.4,4.75,1.45,6.25,6.75,4.8,1.4,4.75,1.44,,,,,,,2.55,1.57,7.0,1.95,2.0,2.55,1.7,7.55,2.02,1.95,5.36,1.46,5.0,1.47,2.54,1.56,1.94,1.96,2.24,1.7,1.97,1.93,6.51,7.51,4.92,1.43,5.0,1.46,6.5,7.0,4.6,1.36,4.5,1.4,6.5,7.0,4.75,1.4,5.0,1.4,2.0,18.0,1.0,6.0,4.0,3.0,4.0,14.0,0.0,13.0,6.0,0.0,1.0,1.0
39,5,2024-04-27,Hatayspor,Buyuksehyr,1,2,2,T1,T1,Hatayspor,Buyuksehyr,1.0,0.25,0.25,1.87,1.92,2.4,2.05,1.77,1.74,2.08,2.44,2.09,1.76,3.2,2.93,3.33,2.88,1.88,1.98,2.4,2.05,1.8,1.67,2.15,2.45,2.1,1.78,3.2,3.0,3.3,3.0,2.45,2.4,3.1,2.9,3.3,2.75,,,,,,,1.93,1.99,2.46,2.13,1.85,1.84,2.32,2.58,2.17,1.82,3.4,3.14,3.54,3.01,1.9,1.99,2.11,1.81,1.73,2.19,2.16,1.78,2.45,2.53,3.14,3.12,3.41,3.01,2.3,2.38,3.13,2.8,3.3,2.8,2.38,2.38,3.4,2.88,3.4,2.8,0.0,20.0,0.0,7.0,4.0,3.0,6.0,12.0,0.0,23.0,8.0,1.0,0.0,1.0
39,6,2024-04-28,Alanyaspor,Istanbulspor,6,0,1,T1,T1,Alanyaspor,Istanbulspor,1.0,-1.75,-1.25,2.44,1.53,7.71,2.03,1.78,3.11,1.36,9.47,1.89,1.94,5.97,1.26,4.99,1.36,2.4,1.53,8.5,2.05,1.75,3.4,1.33,11.0,1.98,1.88,6.0,1.29,5.0,1.36,7.75,9.5,6.0,1.26,4.75,1.37,,,,,,,2.55,1.56,8.5,2.09,1.85,3.4,1.43,11.0,2.0,2.11,6.61,1.31,5.35,1.4,2.55,1.55,2.08,1.84,3.28,1.35,1.97,1.92,8.09,9.71,6.61,1.27,5.31,1.38,7.5,9.5,5.75,1.22,4.75,1.33,7.5,9.5,6.0,1.25,5.0,1.35,3.0,10.0,0.0,10.0,5.0,4.0,4.0,12.0,0.0,18.0,7.0,0.0,3.0,1.0
39,7,2024-04-28,Pendikspor,Kayserispor,1,2,2,T1,T1,Pendikspor,Kayserispor,1.0,-0.5,-0.25,2.12,1.7,3.25,1.97,1.83,2.3,1.6,3.43,1.84,2.0,3.63,2.01,3.53,2.12,2.1,1.7,3.5,2.0,1.85,2.3,1.6,3.4,1.75,2.05,3.5,2.05,3.4,2.1,3.2,3.3,3.6,2.0,3.5,2.1,,,,,,,2.2,1.76,3.5,2.06,1.9,2.44,1.66,3.78,1.91,2.11,3.83,2.11,3.79,2.25,2.15,1.76,2.02,1.88,2.39,1.63,1.85,2.07,3.42,3.52,3.77,2.06,3.56,2.17,3.1,3.25,3.6,1.95,3.5,2.05,3.1,3.25,3.75,2.0,3.7,2.1,5.0,14.0,1.0,10.0,2.0,4.0,5.0,12.0,0.0,21.0,4.0,1.0,1.0,2.0
39,8,2024-04-28,Rizespor,Ankaragucu,2,2,0,T1,T1,Rizespor,Ankaragucu,1.0,-0.5,-0.25,1.92,1.87,3.44,2.01,1.8,1.96,1.84,3.7,1.84,2.0,3.45,1.99,3.39,2.09,1.95,1.9,3.6,2.05,1.8,1.98,1.88,3.6,1.8,2.05,3.3,2.05,3.4,2.1,3.4,3.5,3.4,2.0,3.3,2.1,,,,,,,1.98,1.94,3.7,2.09,1.86,2.04,1.9,4.1,1.97,2.11,3.8,2.11,3.65,2.14,1.96,1.93,2.08,1.84,1.99,1.9,1.83,2.09,3.7,3.72,3.5,2.08,3.37,2.14,3.3,3.5,3.4,1.95,3.4,2.0,3.4,3.5,3.7,1.95,3.6,2.0,3.0,11.0,0.0,20.0,8.0,5.0,2.0,12.0,0.0,13.0,3.0,0.0,2.0,3.0
39,9,2024-04-28,Trabzonspor,Gaziantep,4,2,1,T1,T1,Trabzonspor,Gaziantep,1.0,-1.0,-1.0,2.18,1.67,6.55,2.06,1.77,2.16,1.69,5.77,1.92,1.91,4.21,1.53,4.39,1.46,2.15,1.67,7.0,2.05,1.75,2.1,1.7,5.75,1.9,1.95,4.0,1.55,4.33,1.5,6.25,5.75,4.2,1.53,4.33,1.47,,,,,,,2.3,1.73,7.06,2.14,1.83,2.28,1.77,6.1,1.97,1.99,4.5,1.57,4.68,1.51,2.25,1.69,2.14,1.78,2.17,1.75,1.93,1.98,7.06,6.1,4.26,1.56,4.56,1.48,6.5,5.5,4.1,1.5,4.2,1.44,6.5,5.5,4.33,1.53,4.5,1.44,2.0,12.0,0.0,14.0,3.0,2.0,4.0,12.0,0.0,12.0,7.0,2.0,0.0,2.0
39,10,2024-04-29,Karagumruk,Antalyaspor,4,1,1,T1,T1,Karagumruk,Antalyaspor,1.0,-0.75,-0.25,1.91,1.86,3.31,1.94,1.86,2.23,1.64,4.8,2.0,1.84,3.95,1.65,3.32,2.17,1.95,1.9,3.4,1.98,1.88,2.2,1.65,5.0,2.03,1.83,4.0,1.65,3.4,2.15,3.2,4.6,4.0,1.63,3.4,2.15,,,,,,,1.99,1.93,3.51,2.0,1.95,2.37,1.7,5.27,2.08,1.9,4.1,1.7,3.64,2.23,1.94,1.93,1.98,1.91,2.27,1.68,2.05,1.87,3.51,5.27,4.02,1.67,3.27,2.23,3.2,4.6,3.9,1.62,3.3,2.1,,5.0,3.9,1.65,,,4.0,10.0,1.0,9.0,3.0,2.0,1.0,14.0,0.0,14.0,8.0,0.0,1.0,1.0
39,11,2024-04-28,Lyon,Monaco,3,2,1,F1,F1,Lyon,Monaco,1.0,-0.25,0.0,2.47,1.54,2.57,1.93,1.92,3.23,1.35,2.78,1.84,2.01,3.96,2.29,3.72,2.57,2.5,1.53,2.55,1.95,1.95,3.2,1.36,2.88,1.94,1.99,4.0,2.2,3.75,2.55,2.45,2.8,3.9,2.25,3.8,2.55,,,,,,,2.57,1.58,2.65,1.98,1.98,3.4,1.38,2.94,1.95,2.09,4.1,2.39,3.85,2.67,2.57,1.55,1.94,1.96,3.26,1.37,1.93,2.0,2.59,2.94,4.06,2.26,3.79,2.61,2.5,2.8,4.0,2.2,3.5,2.45,2.6,2.8,4.0,2.2,3.7,2.5,3.0,14.0,0.0,13.0,5.0,3.0,3.0,15.0,0.0,15.0,4.0,1.0,2.0,1.0
39,12,2024-04-28,Tottenham,Arsenal,2,3,2,E0,E0,Tottenham,Arsenal,1.0,0.75,0.75,2.63,1.48,1.8,1.98,1.86,2.58,1.52,1.74,1.93,1.93,4.17,4.42,4.07,4.12,2.63,1.5,1.75,2.01,1.89,2.5,1.53,1.73,2.01,1.92,4.0,4.33,4.2,4.2,1.73,1.71,4.1,4.33,4.1,4.2,,,,,,,2.72,1.52,1.86,2.05,1.94,2.69,1.55,1.81,2.01,2.01,4.33,4.63,4.27,4.3,2.65,1.51,2.04,1.87,2.63,1.53,1.99,1.93,1.81,1.78,4.21,4.35,4.07,4.19,1.73,1.7,4.1,4.6,4.0,4.1,1.8,1.75,4.2,4.2,4.0,3.9,6.0,16.0,0.0,9.0,3.0,1.0,8.0,12.0,0.0,14.0,2.0,3.0,0.0,2.0
39,13,2024-04-27,Ath Madrid,Ath Bilbao,3,1,1,SP1,SP1,Ath Madrid,Ath Bilbao,1.0,-0.5,-0.5,1.87,1.96,3.9,1.88,1.98,1.78,2.07,4.05,1.9,1.97,3.46,1.96,3.54,1.98,1.89,2.01,4.0,1.91,1.99,1.73,2.1,4.2,1.93,1.97,3.4,1.95,3.5,1.95,3.7,3.9,3.4,1.95,3.5,2.0,,,,,,,1.92,2.03,4.1,1.94,2.03,1.85,2.18,4.41,1.95,2.01,3.58,2.01,3.72,2.03,1.88,2.01,1.93,1.98,1.79,2.12,1.94,1.98,4.05,4.25,3.49,1.97,3.57,1.97,3.9,4.0,3.5,1.95,3.5,1.95,3.75,4.0,3.4,1.95,3.7,1.91,5.0,15.0,0.0,7.0,1.0,2.0,3.0,16.0,0.0,8.0,3.0,1.0,1.0,3.0
39,14,2024-04-28,Inter,Torino,2,0,1,I1,I1,Inter,Torino,1.0,-1.0,-1.0,1.81,2.03,6.8,1.93,1.92,1.81,2.01,6.38,1.86,1.99,3.94,1.56,4.07,1.53,1.8,2.0,7.0,1.95,1.98,1.83,2.07,5.75,1.85,2.08,4.0,1.57,3.8,1.53,6.75,6.0,3.9,1.58,4.2,1.5,,,,,,,1.87,2.12,7.5,2.0,1.98,1.87,2.09,7.0,1.91,2.08,4.09,1.6,4.3,1.58,1.8,2.08,1.96,1.94,1.81,2.09,1.86,2.08,6.94,6.6,4.05,1.58,4.12,1.54,7.5,7.0,3.75,1.53,3.8,1.5,7.0,6.5,3.9,1.53,4.0,1.5,4.0,8.0,1.0,11.0,3.0,0.0,5.0,6.0,0.0,17.0,5.0,0.0,0.0,0.0
39,15,2024-04-27,Juventus,Milan,0,0,0,I1,I1,Juventus,Milan,1.0,-0.25,-0.25,1.83,2.01,3.65,2.06,1.79,1.85,1.98,3.6,2.04,1.83,3.3,2.15,3.4,2.1,1.86,2.04,3.6,2.09,1.84,1.89,2.01,3.6,2.07,1.86,3.3,2.1,3.3,2.1,3.5,3.5,3.25,2.15,3.4,2.1,,,,,,,1.87,2.08,3.82,2.13,1.87,1.97,2.05,3.75,2.1,1.88,3.5,2.21,3.53,2.2,1.85,2.04,2.11,1.8,1.88,2.03,2.07,1.86,3.74,3.72,3.34,2.17,3.46,2.09,3.7,3.6,3.2,2.15,3.2,2.1,3.5,3.7,3.2,2.1,3.4,2.1,4.0,4.0,0.0,9.0,0.0,1.0,9.0,10.0,0.0,18.0,7.0,0.0,0.0,0.0
40,1,2024-05-03,Ankaragucu,Alanyaspor,1,1,0,T1,T1,Ankaragucu,Alanyaspor,1.0,-0.25,-0.25,1.98,1.81,3.33,1.99,1.83,1.98,1.8,3.25,1.95,1.87,3.43,2.16,3.43,2.13,2.05,1.8,3.4,2.03,1.83,2.0,1.85,3.25,1.93,1.93,3.4,2.2,3.4,2.15,3.25,3.2,3.4,2.15,3.4,2.1,,,,,,,2.06,1.93,3.51,2.05,1.88,2.05,1.97,3.74,2.08,1.95,3.6,2.26,3.68,2.19,2.06,1.84,2.04,1.87,2.05,1.85,1.95,1.95,3.51,3.34,3.44,2.26,3.49,2.16,3.2,3.0,3.4,2.15,3.4,2.05,3.25,3.1,3.6,2.15,3.5,2.1,2.0,8.0,1.0,14.0,6.0,3.0,5.0,12.0,0.0,11.0,5.0,0.0,1.0,3.0
40,2,2024-05-03,Besiktas,Rizespor,3,2,1,T1,T1,Besiktas,Rizespor,1.0,-0.75,-0.75,2.26,1.61,4.15,1.85,1.98,2.25,1.63,4.31,1.89,1.93,3.91,1.73,3.9,1.77,2.25,1.62,4.33,1.85,2.0,2.2,1.65,4.75,1.93,1.93,3.8,1.73,3.8,1.8,4.1,4.2,3.8,1.75,3.9,1.75,,,,,,,2.4,1.69,4.33,1.89,2.04,2.4,1.68,4.76,1.97,2.0,4.08,1.81,4.11,1.82,2.3,1.67,1.87,2.04,2.28,1.68,1.95,1.95,4.33,4.65,4.08,1.74,3.99,1.81,4.0,4.2,3.9,1.67,3.75,1.73,4.2,4.2,4.0,1.73,4.0,1.73,3.0,10.0,0.0,9.0,5.0,3.0,7.0,14.0,0.0,24.0,7.0,1.0,1.0,2.0
40,3,2024-05-04,Istanbulspor,Ad. Demirspor,0,1,2,T1,T1,Istanbulspor,Ad. Demirspor,1.0,0.75,1.0,2.68,1.44,1.55,1.94,1.88,2.88,1.4,1.86,2.1,1.75,4.11,3.54,4.49,5.15,2.6,1.48,1.57,1.95,1.9,2.88,1.4,1.95,2.15,1.68,4.0,3.3,4.5,5.0,1.6,1.93,4.0,3.3,4.33,4.6,,,,,,,2.8,1.48,1.64,2.0,1.93,3.15,1.46,2.04,2.26,1.89,4.55,4.0,5.25,6.6,2.6,1.44,1.98,1.93,2.91,1.44,2.26,1.7,1.59,1.98,4.07,3.5,4.53,5.29,1.55,1.87,4.0,3.2,4.2,4.8,1.57,1.95,4.0,3.3,4.4,4.8,5.0,15.0,0.0,14.0,4.0,2.0,7.0,9.0,0.0,14.0,5.0,1.0,0.0,3.0
40,4,2024-05-04,Kayserispor,Karagumruk,2,2,0,T1,T1,Kayserispor,Karagumruk,1.0,0.0,-0.25,2.15,1.69,2.92,1.81,2.0,2.04,1.76,2.56,1.88,1.97,3.34,2.66,3.46,2.31,2.1,1.7,3.1,1.85,2.0,2.0,1.8,2.63,1.88,1.98,3.2,2.75,3.25,2.38,2.8,2.55,3.4,2.55,3.5,2.3,,,,,,,2.22,1.75,3.1,1.88,2.08,2.12,1.89,2.76,1.95,2.05,3.5,2.89,3.64,2.38,2.22,1.71,1.88,2.03,2.09,1.8,1.88,2.02,3.07,2.59,3.49,2.78,3.57,2.34,2.8,2.45,3.4,2.55,3.4,2.25,2.8,2.5,3.5,2.6,3.6,2.3,3.0,7.0,1.0,14.0,5.0,3.0,3.0,14.0,0.0,12.0,5.0,0.0,1.0,1.0
40,5,2024-05-04,Samsunspor,Trabzonspor,3,1,1,T1,T1,Samsunspor,Trabzonspor,1.0,0.0,0.0,1.92,1.86,2.56,1.86,1.98,1.85,1.93,2.65,1.92,1.92,3.23,2.66,3.3,2.7,1.98,1.88,2.63,1.88,1.98,1.85,2.0,2.7,1.93,1.93,3.25,2.75,3.3,2.7,2.5,2.6,3.25,2.6,3.4,2.65,,,,,,,2.0,1.93,2.72,1.93,2.06,1.92,2.1,2.78,1.95,1.98,3.4,2.8,3.58,2.85,1.95,1.93,1.93,1.98,1.88,2.01,1.93,1.98,2.72,2.72,3.25,2.8,3.25,2.8,2.45,2.55,3.2,2.55,3.3,2.6,2.45,2.6,3.4,2.6,3.5,2.62,2.0,12.0,0.0,6.0,3.0,2.0,3.0,21.0,0.0,8.0,4.0,1.0,3.0,5.0
40,6,2024-05-05,Buyuksehyr,Kasimpasa,4,1,1,T1,T1,Buyuksehyr,Kasimpasa,1.0,-0.5,-0.5,2.14,1.68,3.55,1.84,1.98,2.03,1.78,3.7,1.83,2.0,3.44,1.99,3.6,1.97,2.1,1.7,4.0,1.83,2.03,2.03,1.83,4.0,1.85,2.0,3.5,2.0,3.5,1.95,3.3,3.5,3.4,2.05,3.6,2.0,,,,,,,2.2,1.75,4.0,1.9,2.06,2.17,1.92,4.12,1.9,2.05,3.7,2.09,3.85,2.05,2.19,1.74,1.85,2.06,2.05,1.85,1.88,2.03,3.74,3.91,3.51,2.02,3.58,2.05,3.3,3.5,3.5,1.93,3.6,1.95,3.4,3.5,3.7,1.95,3.75,1.95,4.0,8.0,0.0,6.0,1.0,0.0,5.0,16.0,0.0,15.0,7.0,0.0,2.0,2.0
40,7,2024-05-05,Galatasaray,Sivasspor,6,1,1,T1,T1,Galatasaray,Sivasspor,1.0,-2.25,-2.25,3.33,1.31,15.32,1.93,1.87,3.73,1.26,15.29,1.98,1.86,8.73,1.13,8.41,1.14,3.5,1.3,13.0,1.95,1.9,3.6,1.29,13.0,1.98,1.88,9.0,1.17,8.5,1.17,15.0,15.0,8.5,1.15,8.25,1.15,,,,,,,3.6,1.33,18.5,2.01,1.93,4.0,1.3,20.29,2.04,1.93,9.71,1.18,9.75,1.17,3.56,1.31,1.96,1.93,3.77,1.28,2.01,1.88,16.72,20.29,9.71,1.13,9.26,1.15,15.0,15.0,7.5,1.12,7.5,1.11,17.0,15.0,9.5,1.11,9.0,1.11,1.0,12.0,0.0,9.0,3.0,3.0,5.0,13.0,0.0,23.0,9.0,0.0,2.0,0.0
40,8,2024-05-05,Gaziantep,Hatayspor,1,1,0,T1,T1,Gaziantep,Hatayspor,1.0,-0.25,-0.25,1.75,2.04,3.28,1.92,1.88,1.78,2.01,3.22,1.88,1.94,3.2,2.26,3.27,2.19,1.75,2.05,3.4,1.98,1.88,1.75,2.05,3.3,1.88,1.98,3.3,2.25,3.3,2.2,3.1,3.2,3.25,2.2,3.3,2.2,,,,,,,1.81,2.11,3.5,2.03,1.98,1.85,2.21,3.45,1.93,2.0,3.4,2.36,3.49,2.28,1.78,2.1,1.97,1.93,1.82,2.09,1.92,1.99,3.49,3.45,3.18,2.33,3.29,2.25,3.2,3.1,3.25,2.15,3.2,2.1,3.2,3.1,3.4,2.2,3.4,2.15,3.0,13.0,0.0,17.0,5.0,5.0,8.0,15.0,0.0,14.0,5.0,1.0,1.0,2.0
40,9,2024-05-06,Antalyaspor,Pendikspor,1,2,2,T1,T1,Antalyaspor,Pendikspor,1.0,-0.25,-0.25,2.08,1.72,2.96,1.86,1.94,2.36,1.58,2.98,1.9,1.93,3.61,2.21,3.57,2.22,2.1,1.7,3.0,1.88,1.98,2.25,1.62,3.0,1.88,1.98,3.6,2.2,3.75,2.2,2.87,2.9,3.7,2.2,3.5,2.25,,,,,,,2.17,1.79,3.09,1.91,2.01,2.51,1.62,3.23,1.98,1.98,3.8,2.31,3.75,2.35,2.17,1.71,1.91,1.98,2.46,1.6,1.93,1.98,3.09,3.13,3.67,2.26,3.65,2.26,2.88,2.9,3.6,2.1,3.4,2.2,3.0,2.9,3.8,2.15,3.6,2.2,5.0,14.0,0.0,23.0,10.0,2.0,8.0,10.0,1.0,15.0,8.0,2.0,1.0,4.0
40,10,2024-05-06,Konyaspor,Fenerbahce,0,0,0,T1,T1,Konyaspor,Fenerbahce,1.0,1.25,1.25,2.24,1.63,1.37,1.83,1.97,2.1,1.71,1.41,1.96,1.86,4.71,6.9,5.11,7.13,2.2,1.65,1.4,1.83,2.03,2.05,1.75,1.4,1.95,1.9,4.75,7.0,5.5,6.5,1.38,1.42,4.6,6.75,5.0,7.0,,,,,,,2.35,1.67,1.42,1.88,2.04,2.21,1.83,1.46,2.01,1.93,5.02,7.86,5.7,8.0,2.32,1.65,1.85,2.04,2.07,1.82,1.97,1.93,1.38,1.4,5.02,7.86,5.57,7.07,1.33,1.4,4.2,7.0,4.75,7.5,1.36,1.4,4.6,7.0,5.0,7.5,11.0,8.0,0.0,19.0,6.0,1.0,2.0,16.0,0.0,6.0,1.0,0.0,0.0,4.0
40,11,2024-05-03,Hoffenheim,RB Leipzig,1,1,0,D1,D1,Hoffenheim,RB Leipzig,1.0,1.25,1.25,3.85,1.26,1.51,1.97,1.88,3.93,1.25,1.52,1.99,1.86,5.14,5.26,5.19,5.4,4.0,1.25,1.5,2.02,1.91,4.0,1.25,1.5,2.01,1.92,5.25,5.5,5.0,5.25,1.5,1.52,5.0,5.0,5.0,5.25,,,,,,,4.1,1.29,1.55,2.02,1.95,4.2,1.28,1.55,2.03,1.94,5.4,5.71,5.5,5.6,,,2.02,1.91,,,2.02,1.9,1.52,1.53,5.35,5.22,5.24,5.44,1.5,1.5,5.25,5.25,5.25,5.25,1.44,1.53,5.0,5.0,5.0,5.5,4.0,8.0,1.0,8.0,5.0,3.0,4.0,6.0,0.0,18.0,8.0,1.0,0.0,1.0
40,12,2024-05-03,Luton,Everton,1,1,0,E0,E0,Luton,Everton,1.0,0.0,0.0,2.12,1.74,2.62,1.91,1.95,2.19,1.69,2.48,1.83,2.04,3.62,2.77,3.58,2.66,2.1,1.73,2.55,1.94,1.99,2.1,1.73,2.45,1.86,2.07,3.6,2.7,3.6,2.6,2.6,2.45,3.5,2.75,3.5,2.6,,,,,,,2.2,1.79,2.7,1.96,2.01,2.31,1.76,2.55,1.87,2.08,3.83,2.86,3.75,2.74,2.13,1.78,1.92,1.98,2.22,1.72,1.87,2.07,2.63,2.52,3.7,2.78,3.52,2.71,2.6,2.45,3.6,2.75,3.5,2.63,2.62,2.45,3.75,2.62,3.7,2.6,7.0,12.0,0.0,10.0,3.0,3.0,8.0,14.0,0.0,18.0,5.0,1.0,1.0,1.0
40,13,2024-05-05,Chelsea,West Ham,5,0,1,E0,E0,Chelsea,West Ham,1.0,-1.25,-1.0,2.93,1.4,4.58,1.81,2.05,3.3,1.34,5.71,1.87,1.99,5.05,1.5,4.55,1.65,3.0,1.4,4.5,1.84,2.09,3.4,1.33,5.5,1.9,2.03,5.0,1.5,4.5,1.65,4.6,5.25,4.8,1.51,4.6,1.62,,,,,,,3.07,1.43,5.0,1.84,2.09,3.5,1.37,6.1,1.93,2.05,5.2,1.53,4.75,1.7,3.02,1.41,1.83,2.09,3.33,1.36,1.93,2.0,4.59,5.91,5.15,1.5,4.62,1.66,4.6,6.0,5.0,1.45,4.33,1.6,4.4,5.8,5.0,1.5,4.5,1.65,6.0,10.0,0.0,13.0,2.0,3.0,8.0,12.0,0.0,25.0,14.0,0.0,3.0,1.0
40,14,2024-05-05,Liverpool,Tottenham,4,2,1,E0,E0,Liverpool,Tottenham,1.0,-1.5,-1.25,3.82,1.26,5.61,1.91,1.94,3.97,1.25,6.13,1.85,2.01,5.69,1.43,5.26,1.48,4.0,1.25,5.0,1.95,1.98,4.0,1.25,5.5,1.8,2.0,5.75,1.44,5.75,1.5,5.5,6.0,5.5,1.42,5.25,1.47,,,,,,,4.0,1.29,6.0,1.95,2.0,4.33,1.29,6.9,1.89,2.06,5.9,1.48,5.75,1.54,,,1.95,1.95,,,1.89,2.05,5.73,6.4,5.9,1.42,5.3,1.48,5.5,5.75,5.75,1.44,5.0,1.44,5.5,5.8,5.5,1.44,5.0,1.5,3.0,12.0,0.0,11.0,6.0,4.0,8.0,14.0,0.0,25.0,13.0,0.0,2.0,1.0
40,15,2024-05-04,Girona,Barcelona,4,2,1,SP1,SP1,Girona,Barcelona,1.0,0.25,0.0,2.77,1.45,2.41,1.81,2.05,2.71,1.47,2.35,2.03,1.83,3.77,2.83,3.81,2.73,2.75,1.44,2.4,1.85,2.08,2.75,1.44,2.3,2.05,1.88,3.8,2.88,3.75,2.7,2.37,2.37,3.7,2.7,3.75,2.65,,,,,,,2.93,1.49,2.47,1.85,2.12,2.8,1.5,2.44,2.13,1.91,3.89,3.07,3.92,2.85,2.82,1.46,1.83,2.08,2.75,1.49,2.05,1.88,2.43,2.33,3.89,2.93,3.87,2.75,2.4,2.3,3.8,2.88,3.8,2.7,2.38,2.38,3.7,2.75,3.8,2.7,4.0,8.0,0.0,16.0,7.0,3.0,5.0,11.0,0.0,9.0,7.0,2.0,1.0,0.0
41,1,2024-05-12,Kasimpasa,Antalyaspor,3,1,1,T1,T1,Kasimpasa,Antalyaspor,1.0,-0.75,-0.5,2.41,1.55,3.34,1.81,2.03,2.53,1.5,4.21,1.88,1.95,3.95,1.74,3.7,2.01,2.4,1.53,3.4,1.83,2.03,2.5,1.5,4.0,1.88,1.98,4.0,1.75,3.75,2.0,3.3,4.2,3.9,1.72,3.7,2.0,,,,,,,2.51,1.62,3.55,1.85,2.1,2.63,1.53,4.75,1.94,2.02,4.2,1.79,3.99,2.07,2.51,1.57,1.85,2.07,2.63,1.52,1.9,2.01,3.55,4.41,4.01,1.79,3.75,2.06,3.2,4.0,3.9,1.7,3.6,2.0,3.4,4.2,4.2,1.7,3.75,1.95,5.0,6.0,1.0,9.0,1.0,1.0,4.0,21.0,0.0,14.0,8.0,0.0,2.0,1.0
41,2,2024-05-12,Sivasspor,Buyuksehyr,0,1,2,T1,T1,Sivasspor,Buyuksehyr,1.0,0.25,0.25,1.79,2.0,2.16,1.86,1.93,1.8,2.0,2.22,1.91,1.91,3.31,3.2,3.33,3.3,1.8,2.05,2.1,1.88,1.98,1.85,2.0,2.15,1.9,1.95,3.4,3.2,3.4,3.4,2.2,2.2,3.3,3.1,3.4,3.1,,,,,,,1.85,2.07,2.24,1.94,2.0,1.88,2.1,2.32,1.95,2.0,3.52,3.41,3.45,3.51,1.83,2.07,1.9,2.0,1.84,2.06,1.95,1.95,2.21,2.27,3.36,3.39,3.4,3.49,2.1,2.1,3.25,3.2,3.25,3.2,2.15,2.2,3.3,3.2,3.3,3.3,3.0,14.0,0.0,9.0,5.0,2.0,10.0,8.0,1.0,10.0,2.0,1.0,0.0,2.0
41,3,2024-05-12,Ad. Demirspor,Gaziantep,1,6,2,T1,T1,Ad. Demirspor,Gaziantep,1.0,-0.25,-0.25,2.09,1.73,3.27,2.0,1.8,2.45,1.53,2.71,1.79,2.04,3.63,2.36,3.61,2.07,2.08,1.73,3.25,2.0,1.85,2.4,1.53,2.7,1.75,2.05,3.8,2.38,3.6,2.1,3.25,2.7,3.6,2.3,3.7,2.0,,,,,,,2.17,1.78,3.45,2.1,1.89,2.55,1.56,2.83,1.93,2.14,3.87,2.49,3.77,2.16,2.13,1.78,2.02,1.89,2.54,1.56,1.78,2.14,3.31,2.8,3.73,2.45,3.71,2.16,3.13,2.6,3.6,2.3,3.5,2.05,3.25,2.7,3.6,2.38,3.6,2.05,2.0,13.0,0.0,15.0,9.0,3.0,0.0,8.0,1.0,6.0,4.0,3.0,1.0,4.0
41,4,2024-05-12,Alanyaspor,Besiktas,1,1,0,T1,T1,Alanyaspor,Besiktas,1.0,0.25,0.0,2.07,1.74,2.56,1.91,1.92,2.34,1.58,2.32,2.04,1.8,3.64,2.75,3.46,2.58,2.08,1.73,2.6,1.95,1.9,2.25,1.62,2.3,2.05,1.8,3.75,2.75,3.5,2.55,2.5,2.3,3.6,2.75,3.5,2.55,,,,,,,2.16,1.81,2.66,1.95,1.96,2.5,1.66,2.4,2.1,1.85,3.85,2.91,3.68,2.68,2.08,1.81,1.94,1.96,2.4,1.63,2.08,1.84,2.66,2.37,3.77,2.88,3.52,2.68,2.5,2.25,3.6,2.7,3.4,2.5,2.5,2.3,3.75,2.7,3.6,2.6,1.0,11.0,0.0,8.0,2.0,3.0,3.0,14.0,0.0,18.0,5.0,0.0,0.0,1.0
41,5,2024-05-12,Karagumruk,Galatasaray,2,3,2,T1,T1,Karagumruk,Galatasaray,1.0,1.25,1.25,2.5,1.5,1.45,1.97,1.84,2.72,1.44,1.42,1.89,1.93,4.85,6.49,4.61,6.26,2.5,1.5,1.45,1.98,1.88,2.7,1.44,1.44,1.93,1.93,4.75,6.5,4.5,6.5,1.49,1.43,4.8,6.25,4.6,5.5,,,,,,,2.63,1.55,1.5,2.1,1.89,3.0,1.48,1.46,1.94,2.01,5.1,6.9,4.94,7.06,2.58,1.55,2.01,1.89,2.82,1.46,1.94,1.96,1.46,1.44,5.02,6.9,4.71,7.06,1.4,1.36,4.75,6.5,4.6,6.0,1.44,1.4,5.0,6.5,4.75,6.0,10.0,9.0,0.0,25.0,6.0,0.0,5.0,11.0,0.0,15.0,5.0,1.0,1.0,0.0
41,6,2024-05-12,Fenerbahce,Kayserispor,3,0,1,T1,T1,Fenerbahce,Kayserispor,1.0,-2.25,-2.25,3.36,1.3,13.03,1.82,1.98,3.37,1.31,14.01,1.85,1.97,7.8,1.15,7.8,1.16,3.5,1.3,12.0,1.85,2.0,3.5,1.3,15.0,1.83,2.03,7.5,1.17,7.5,1.18,13.0,13.0,8.0,1.17,7.75,1.17,,,,,,,3.56,1.33,15.0,1.92,2.07,3.62,1.35,16.5,1.92,2.03,8.93,1.19,8.8,1.2,3.56,1.31,1.81,2.07,3.62,1.3,1.89,1.99,13.47,15.99,8.93,1.15,8.43,1.18,13.0,13.0,7.5,1.13,7.0,1.14,13.0,13.0,8.0,1.15,8.0,1.15,3.0,11.0,0.0,10.0,3.0,4.0,7.0,12.0,0.0,25.0,15.0,0.0,2.0,1.0
41,7,2024-05-12,Hatayspor,Ankaragucu,2,1,1,T1,T1,Hatayspor,Ankaragucu,1.0,0.0,0.0,1.91,1.86,2.73,2.01,1.82,1.92,1.87,2.72,2.0,1.85,3.32,2.52,3.4,2.46,1.98,1.88,2.75,2.03,1.83,1.98,1.88,2.63,2.0,1.85,3.4,2.55,3.4,2.45,2.7,2.7,3.3,2.45,3.5,2.4,,,,,,,2.0,1.92,2.85,2.07,1.86,1.99,2.06,2.85,2.03,1.89,3.5,2.66,3.6,2.55,1.97,1.92,2.07,1.85,1.98,1.91,2.02,1.88,2.85,2.85,3.28,2.66,3.47,2.54,2.7,2.6,3.3,2.45,3.3,2.4,2.7,2.7,3.5,2.4,3.5,2.4,6.0,5.0,0.0,12.0,5.0,2.0,2.0,10.0,0.0,16.0,5.0,0.0,0.0,6.0
41,8,2024-05-12,Konyaspor,Samsunspor,3,0,1,T1,T1,Konyaspor,Samsunspor,1.0,-0.25,-0.25,1.6,2.27,3.29,1.89,1.92,1.73,2.11,3.52,2.02,1.8,3.27,2.11,3.17,2.24,1.62,2.25,3.3,1.93,1.93,1.83,2.03,3.6,2.05,1.75,3.5,2.05,3.2,2.2,3.2,3.5,3.25,2.05,3.2,2.25,,,,,,,1.68,2.35,3.5,1.96,2.05,1.83,2.32,3.83,2.13,1.88,3.5,2.27,3.29,2.38,1.64,2.35,1.94,1.96,1.83,2.07,2.12,1.79,3.48,3.83,3.4,2.09,3.23,2.29,3.2,3.5,3.25,2.0,3.1,2.15,3.3,3.6,3.3,2.05,3.2,2.2,6.0,17.0,0.0,5.0,1.0,3.0,5.0,14.0,0.0,9.0,6.0,0.0,3.0,2.0
41,9,2024-05-12,Pendikspor,Rizespor,2,1,1,T1,T1,Pendikspor,Rizespor,1.0,-0.75,-0.5,2.31,1.59,3.37,1.84,1.98,2.74,1.44,3.9,1.87,1.96,4.15,1.77,3.8,1.97,2.3,1.6,3.4,1.85,2.0,2.7,1.44,4.0,1.95,1.9,4.33,1.73,3.8,1.95,3.3,4.0,4.2,1.71,3.7,1.98,,,,,,,2.39,1.65,3.55,1.9,2.04,2.86,1.47,4.3,1.98,2.1,4.43,1.91,3.95,2.04,2.37,1.64,1.87,2.04,2.86,1.45,1.96,1.94,3.49,4.3,4.32,1.75,3.9,2.03,3.3,3.9,4.0,1.7,3.6,1.95,3.4,3.9,4.2,1.73,3.8,1.95,3.0,15.0,0.0,14.0,4.0,5.0,7.0,14.0,0.0,15.0,6.0,1.0,0.0,3.0
41,10,2024-05-12,Trabzonspor,Istanbulspor,3,0,1,T1,T1,Trabzonspor,Istanbulspor,1.0,-2.25,-2.0,2.91,1.38,14.13,2.0,1.81,3.75,1.26,12.58,1.84,1.98,7.76,1.17,7.54,1.16,2.88,1.4,12.0,2.03,1.83,4.0,1.25,11.0,1.85,2.0,8.0,1.18,7.5,1.18,13.5,11.5,7.75,1.18,7.75,1.17,,,,,,,3.1,1.44,17.0,2.05,1.86,4.0,1.29,15.54,1.89,2.05,8.6,1.21,8.45,1.18,2.87,1.44,2.05,1.85,3.71,1.29,1.87,2.02,15.96,15.54,8.37,1.17,7.99,1.17,13.0,11.5,7.0,1.15,7.0,1.14,15.0,13.0,8.0,1.15,8.0,1.14,12.0,7.0,0.0,14.0,4.0,0.0,7.0,9.0,0.0,12.0,5.0,0.0,2.0,0.0
41,11,2024-05-12,Man United,Arsenal,0,1,2,E0,E0,Man United,Arsenal,1.0,1.75,1.5,3.09,1.37,1.39,1.99,1.87,3.06,1.37,1.3,1.95,1.89,6.14,9.06,5.5,7.08,3.2,1.36,1.36,1.99,1.91,3.0,1.4,1.29,1.92,1.92,6.0,9.5,5.5,7.0,1.4,1.27,6.25,9.75,5.25,6.75,,,,,,,3.22,1.4,1.43,2.03,1.92,3.4,1.4,1.36,2.04,1.99,7.05,9.81,5.8,7.5,3.21,1.37,1.99,1.92,3.03,1.4,1.93,1.99,1.38,1.26,7.05,9.75,5.68,7.2,1.33,1.29,6.5,8.5,5.25,7.5,1.36,1.3,5.8,8.5,5.5,7.0,7.0,6.0,0.0,11.0,5.0,2.0,4.0,5.0,0.0,14.0,2.0,1.0,0.0,0.0
41,12,2024-05-12,Cadiz,Getafe,1,0,1,SP1,SP1,Cadiz,Getafe,1.0,-0.25,-0.25,1.52,2.56,3.86,2.06,1.78,1.55,2.47,3.85,2.05,1.79,3.19,2.11,3.21,2.11,1.53,2.5,3.8,2.09,1.81,1.53,2.5,4.0,2.05,1.75,3.25,2.05,3.2,2.1,3.9,3.9,3.1,2.05,3.1,2.1,,,,,,,1.59,2.63,4.0,2.11,1.86,1.6,2.61,4.03,2.16,1.84,3.34,2.21,3.4,2.19,1.51,2.58,2.06,1.81,1.55,2.61,2.13,1.81,3.71,4.03,3.22,2.13,3.28,2.1,3.9,3.9,3.2,2.1,3.1,2.1,3.8,3.7,3.2,2.1,3.2,2.05,2.0,16.0,0.0,10.0,4.0,2.0,6.0,23.0,0.0,13.0,6.0,0.0,1.0,5.0
41,13,2024-05-12,Ath Madrid,Celta,1,0,1,SP1,SP1,Ath Madrid,Celta,1.0,-1.25,-1.25,2.37,1.59,7.42,1.88,1.93,2.43,1.57,7.92,1.97,1.86,4.92,1.4,4.64,1.44,2.3,1.62,7.0,1.91,1.99,2.38,1.57,8.0,2.04,1.89,4.5,1.4,4.75,1.42,6.75,7.25,4.75,1.41,4.75,1.44,,,,,,,2.46,1.64,8.8,1.96,2.0,2.5,1.61,8.7,2.05,1.92,5.1,1.43,5.0,1.49,2.33,1.61,1.89,1.96,2.46,1.6,2.03,1.9,8.29,8.63,5.09,1.39,4.22,1.43,7.0,8.0,5.0,1.36,4.75,1.44,7.0,7.5,5.0,1.4,4.75,1.44,7.0,9.0,0.0,6.0,2.0,1.0,4.0,7.0,0.0,21.0,8.0,0.0,0.0,1.0
41,14,2024-05-12,Genoa,Sassuolo,2,1,1,I1,I1,Genoa,Sassuolo,1.0,-0.25,-0.25,1.93,1.89,3.22,1.91,1.91,1.85,1.97,3.15,1.86,1.98,3.4,2.3,3.47,2.23,1.97,1.93,3.2,1.95,1.95,1.8,2.0,3.2,1.91,2.02,3.4,2.25,3.5,2.2,3.2,3.1,3.3,2.3,3.4,2.2,,,,,,,1.98,1.96,3.4,1.98,1.97,2.0,2.11,3.27,1.93,2.03,3.5,2.37,3.65,2.3,1.95,1.88,1.93,1.92,1.83,2.08,1.92,2.02,3.26,3.27,3.4,2.34,3.44,2.21,3.2,3.25,3.13,2.3,3.1,2.15,3.1,3.0,3.5,2.25,3.5,2.2,7.0,10.0,0.0,12.0,4.0,2.0,3.0,13.0,0.0,8.0,2.0,1.0,0.0,1.0
41,15,2024-05-12,Verona,Torino,1,2,2,I1,I1,Verona,Torino,1.0,0.0,0.0,1.56,2.45,2.59,1.77,2.08,1.49,2.64,2.61,1.75,2.13,2.89,3.17,3.02,3.03,1.53,2.5,2.55,1.8,2.1,1.5,2.63,2.55,1.79,2.15,2.9,3.1,3.0,3.0,2.6,2.55,2.85,3.1,3.0,2.9,,,,,,,1.61,2.55,2.64,1.83,2.14,1.53,2.78,2.7,1.82,2.2,3.0,3.3,3.16,3.15,1.55,2.49,1.76,2.12,1.49,2.75,1.75,2.2,2.56,2.63,2.91,3.3,3.01,3.07,2.5,2.6,2.8,3.13,2.8,2.9,2.6,2.5,2.88,3.2,2.9,3.1,4.0,15.0,0.0,6.0,2.0,2.0,7.0,19.0,1.0,13.0,5.0,0.0,0.0,3.0
42,1,2024-05-18,Ankaragucu,Pendikspor,0,0,0,T1,T1,Ankaragucu,Pendikspor,1.0,-0.5,-0.5,2.15,1.69,3.54,1.86,1.96,2.33,1.59,3.79,1.93,1.9,3.74,1.88,3.68,1.96,2.1,1.7,3.8,1.9,1.95,2.25,1.62,4.0,1.98,1.88,3.6,1.85,3.5,1.95,3.4,3.7,3.75,1.85,3.6,1.98,,,,,,,2.21,1.74,3.8,1.94,2.02,2.41,1.69,4.32,2.05,1.95,3.9,1.98,3.87,2.04,2.17,1.7,1.88,1.97,2.33,1.66,1.99,1.92,3.61,4.08,3.75,1.91,3.79,1.96,3.5,3.6,3.7,1.83,3.5,1.9,3.4,3.6,3.9,1.85,3.75,1.95,4.0,12.0,0.0,7.0,2.0,3.0,4.0,7.0,0.0,12.0,5.0,0.0,0.0,2.0
42,2,2024-05-17,Antalyaspor,Ad. Demirspor,2,1,1,T1,T1,Antalyaspor,Ad. Demirspor,1.0,-0.5,-0.25,2.72,1.44,3.02,1.91,1.92,3.04,1.37,3.66,2.01,1.83,3.99,1.85,3.68,2.18,2.7,1.44,3.1,1.9,1.95,2.88,1.4,3.9,2.03,1.83,3.9,1.8,3.6,2.2,2.95,3.5,3.9,1.85,3.75,2.15,,,,,,,2.85,1.48,3.16,1.98,2.0,3.2,1.41,3.98,2.09,1.91,4.15,2.1,3.95,2.26,2.72,1.48,1.93,1.96,2.99,1.41,2.02,1.87,3.16,3.84,4.08,1.86,3.58,2.26,2.8,3.6,3.8,1.8,3.75,2.1,3.0,3.6,4.0,1.83,3.8,2.1,8.0,14.0,0.0,15.0,6.0,1.0,3.0,11.0,0.0,11.0,5.0,0.0,1.0,1.0
42,3,2024-05-18,Buyuksehyr,Trabzonspor,0,1,2,T1,T1,Buyuksehyr,Trabzonspor,1.0,-0.25,0.0,2.05,1.75,2.59,1.91,1.93,1.9,1.89,3.13,1.87,1.95,3.32,2.26,3.39,2.61,2.08,1.73,2.6,1.93,1.93,1.93,1.93,3.2,1.93,1.93,3.4,2.2,3.4,2.6,2.6,3.0,3.3,2.25,3.4,2.5,,,,,,,2.16,1.82,2.69,1.95,2.0,1.97,2.06,3.42,1.97,2.04,3.48,2.33,3.55,2.7,2.03,1.77,1.93,1.93,1.93,1.95,1.95,1.95,2.66,3.42,3.34,2.27,3.39,2.65,2.5,3.0,3.3,2.2,3.4,2.5,2.5,2.9,3.4,2.3,3.5,2.6,4.0,14.0,0.0,11.0,2.0,2.0,6.0,16.0,0.0,12.0,3.0,1.0,0.0,3.0
42,4,2024-05-18,Besiktas,Hatayspor,2,2,0,T1,T1,Besiktas,Hatayspor,1.0,-1.0,-1.0,2.24,1.63,5.84,1.97,1.85,2.41,1.55,5.68,1.99,1.84,4.43,1.51,4.34,1.51,2.25,1.62,6.0,2.0,1.85,2.35,1.57,5.75,2.03,1.83,4.5,1.5,4.33,1.53,5.5,5.5,4.4,1.51,4.33,1.52,,,,,,,2.33,1.7,6.3,2.04,1.94,2.6,1.63,6.3,2.09,1.94,4.61,1.62,4.6,1.55,2.26,1.63,2.03,1.83,2.42,1.61,2.06,1.85,6.18,6.16,4.59,1.52,4.41,1.5,5.75,5.75,4.33,1.45,4.1,1.5,5.8,6.0,4.5,1.44,4.4,1.5,3.0,17.0,0.0,9.0,3.0,3.0,7.0,6.0,0.0,19.0,7.0,1.0,0.0,6.0
42,5,2024-05-19,Galatasaray,Fenerbahce,0,1,2,T1,T1,Galatasaray,Fenerbahce,1.0,-0.25,-0.25,2.42,1.54,2.84,1.84,1.97,2.88,1.4,2.83,1.85,1.98,3.79,2.24,3.69,2.25,2.4,1.53,2.8,1.85,2.0,2.88,1.4,2.8,1.88,1.98,3.9,2.2,3.75,2.25,2.8,2.75,3.8,2.2,3.7,2.25,,,,,,,2.55,1.59,2.98,1.9,2.05,3.0,1.45,3.04,1.94,2.07,4.05,2.32,3.9,2.35,2.48,1.59,1.86,2.05,2.97,1.42,1.91,1.99,2.9,3.0,3.86,2.27,3.85,2.33,2.75,2.7,3.8,2.15,3.6,2.2,2.8,2.8,3.9,2.2,3.7,2.25,5.0,10.0,1.0,11.0,1.0,7.0,1.0,18.0,0.0,11.0,0.0,0.0,0.0,4.0
42,6,2024-05-18,Gaziantep,Karagumruk,3,1,1,T1,T1,Gaziantep,Karagumruk,1.0,0.0,-0.25,1.96,1.84,2.86,1.76,2.07,2.1,1.73,2.48,1.83,2.03,3.45,2.7,3.33,2.41,2.03,1.83,2.88,1.78,2.1,2.08,1.73,2.4,1.8,2.05,3.5,2.75,3.4,2.38,2.8,2.4,3.5,2.7,3.3,2.4,,,,,,,2.06,1.93,2.98,1.85,2.14,2.25,1.89,2.68,1.89,2.13,3.6,2.87,3.45,2.54,1.95,1.88,1.73,2.07,2.12,1.78,1.82,2.1,2.92,2.49,3.52,2.87,3.34,2.45,2.8,2.38,3.4,2.63,3.3,2.3,2.8,2.45,3.4,2.7,3.25,2.45,12.0,8.0,1.0,7.0,3.0,2.0,6.0,12.0,0.0,11.0,4.0,0.0,0.0,2.0
42,7,2024-05-18,Kayserispor,Konyaspor,2,2,0,T1,T1,Kayserispor,Konyaspor,1.0,0.0,0.0,1.79,2.01,3.08,1.97,1.9,1.73,2.09,3.11,2.03,1.85,2.52,2.86,2.48,2.98,1.8,2.05,3.1,1.98,1.88,1.67,2.15,3.25,2.03,1.83,2.4,2.9,2.4,3.0,3.1,3.1,2.55,2.8,2.45,2.9,,,,,,,1.87,2.21,3.19,2.02,1.95,1.81,2.23,3.35,2.09,1.91,2.63,3.05,2.59,3.09,1.81,2.03,1.95,1.9,1.7,2.14,2.02,1.81,3.11,3.2,2.49,2.89,2.5,3.04,2.8,2.8,2.9,2.55,2.9,2.55,3.1,3.1,2.4,3.0,2.4,3.0,9.0,14.0,0.0,15.0,7.0,2.0,1.0,5.0,1.0,8.0,3.0,1.0,1.0,4.0
42,8,2024-05-18,Rizespor,Kasimpasa,0,0,0,T1,T1,Rizespor,Kasimpasa,1.0,-0.25,-0.25,2.69,1.44,2.71,1.78,2.04,3.01,1.37,2.86,1.88,1.95,3.8,2.22,3.74,2.33,2.7,1.44,2.8,1.8,2.05,3.1,1.36,2.9,1.9,1.95,3.7,2.2,3.6,2.3,2.6,2.8,3.8,2.2,3.8,2.35,,,,,,,2.8,1.49,2.82,1.84,2.14,3.17,1.41,3.0,1.96,2.01,4.0,2.33,3.96,2.42,2.64,1.47,1.8,2.07,3.09,1.39,1.9,1.99,2.79,2.92,3.95,2.25,3.78,2.35,2.7,2.7,3.8,2.15,3.6,2.25,2.62,2.88,3.9,2.15,3.9,2.3,4.0,13.0,0.0,18.0,8.0,4.0,5.0,20.0,0.0,10.0,2.0,0.0,0.0,3.0
42,9,2024-05-18,Samsunspor,Alanyaspor,1,1,0,T1,T1,Samsunspor,Alanyaspor,1.0,-0.25,-0.25,1.98,1.82,3.29,1.96,1.85,2.06,1.76,3.35,2.0,1.84,3.41,2.12,3.38,2.15,2.03,1.83,3.4,2.0,1.85,2.1,1.7,3.6,2.05,1.75,3.4,2.05,3.25,2.15,3.2,3.2,3.4,2.1,3.4,2.15,,,,,,,2.06,1.89,3.45,2.08,1.96,2.17,1.84,3.63,2.12,1.89,3.55,2.2,3.56,2.25,2.0,1.85,1.96,1.89,2.13,1.76,2.05,1.85,3.37,3.49,3.55,2.12,3.36,2.19,3.2,3.2,3.4,2.05,3.3,2.1,3.25,3.25,3.5,2.1,3.5,2.1,1.0,8.0,0.0,7.0,4.0,0.0,4.0,9.0,0.0,10.0,3.0,1.0,0.0,1.0
42,10,2024-05-17,Istanbulspor,Sivasspor,1,3,2,T1,T1,Istanbulspor,Sivasspor,1.0,0.25,0.25,2.09,1.73,2.2,1.91,1.9,2.2,1.66,2.2,1.94,1.88,3.56,3.05,3.48,3.12,2.08,1.73,2.2,1.93,1.93,2.15,1.67,2.2,1.98,1.88,3.6,3.0,3.6,3.0,2.2,2.2,3.5,2.95,3.5,3.0,,,,,,,2.17,1.8,2.28,1.98,2.0,2.29,1.73,2.3,2.02,1.95,3.85,3.2,3.65,3.29,2.11,1.77,1.93,1.95,2.23,1.69,1.99,1.9,2.23,2.28,3.62,3.08,3.48,3.29,2.15,2.2,3.3,3.0,3.4,3.0,2.2,2.2,3.5,3.0,3.5,3.0,7.0,10.0,0.0,17.0,9.0,1.0,5.0,7.0,1.0,16.0,7.0,2.0,0.0,3.0
42,11,2024-05-19,Arsenal,Everton,2,1,1,E0,E0,Arsenal,Everton,1.0,-2.0,-2.0,3.04,1.38,15.37,2.05,1.82,3.09,1.38,12.71,1.89,1.98,7.25,1.22,8.04,1.17,3.2,1.36,12.0,2.07,1.83,3.2,1.36,10.0,1.89,2.04,7.5,1.22,8.0,1.18,14.5,11.5,7.0,1.22,7.75,1.18,,,,,,,3.2,1.41,17.0,2.09,1.88,3.2,1.41,15.0,1.91,2.05,8.0,1.24,8.9,1.19,3.13,1.38,2.08,1.8,3.1,1.39,1.89,2.02,15.6,13.07,7.16,1.22,8.37,1.17,15.0,13.0,7.0,1.2,7.5,1.14,15.0,11.0,7.0,1.22,8.0,1.15,1.0,11.0,0.0,5.0,2.0,3.0,8.0,8.0,0.0,26.0,5.0,1.0,1.0,4.0
42,12,2024-05-19,Brighton,Man United,0,2,2,E0,E0,Brighton,Man United,1.0,0.0,-0.25,3.38,1.32,2.95,1.94,1.91,3.46,1.31,2.44,1.84,2.04,4.02,2.62,4.11,2.17,3.4,1.33,2.9,1.95,1.95,3.5,1.3,2.38,1.87,2.06,4.0,2.6,4.0,2.15,2.87,2.45,3.9,2.55,4.0,2.15,,,,,,,3.52,1.35,3.0,2.0,1.96,3.6,1.35,2.55,1.89,2.12,4.2,2.76,4.37,2.24,3.33,1.34,1.95,1.93,3.38,1.35,1.89,2.04,2.98,2.48,4.03,2.66,4.09,2.18,2.88,2.38,4.0,2.63,4.0,2.1,2.8,2.38,4.0,2.3,4.2,2.15,5.0,9.0,0.0,11.0,4.0,3.0,7.0,10.0,0.0,17.0,3.0,0.0,0.0,1.0
42,13,2024-05-19,Chelsea,Bournemouth,2,1,1,E0,E0,Chelsea,Bournemouth,1.0,-1.5,-1.25,3.71,1.27,5.99,1.97,1.88,3.54,1.3,6.88,1.89,1.98,5.56,1.4,5.32,1.45,3.75,1.29,6.0,1.99,1.91,3.5,1.3,7.0,1.92,2.01,5.25,1.38,5.0,1.45,5.75,6.75,5.5,1.38,5.25,1.46,,,,,,,3.92,1.3,6.5,2.02,1.93,3.92,1.33,7.52,1.96,2.02,5.9,1.44,5.75,1.49,,,1.99,1.9,3.48,1.33,1.91,2.02,5.93,7.23,5.59,1.4,5.4,1.45,6.0,7.5,5.5,1.36,5.25,1.4,5.8,7.0,5.5,1.44,5.0,1.44,5.0,9.0,0.0,22.0,5.0,3.0,6.0,5.0,0.0,16.0,6.0,0.0,1.0,2.0
42,14,2024-05-19,Luton,Fulham,2,4,2,E0,E0,Luton,Fulham,1.0,0.25,0.25,2.76,1.44,2.23,1.95,1.89,2.69,1.48,2.18,1.91,1.96,3.93,3.05,3.95,2.92,2.75,1.44,2.2,1.99,1.91,2.75,1.44,2.15,1.93,2.0,3.9,3.0,3.9,2.9,2.2,2.2,3.8,2.95,3.9,2.87,,,,,,,2.86,1.48,2.3,2.0,1.93,2.79,1.5,2.24,1.94,2.02,4.0,3.17,4.35,3.0,2.77,1.46,1.99,1.89,2.71,1.5,1.93,1.99,2.26,2.19,3.99,3.11,3.92,2.93,2.2,2.15,3.8,3.1,3.75,2.88,2.2,2.15,4.0,3.0,4.0,2.8,4.0,20.0,0.0,15.0,7.0,4.0,4.0,15.0,0.0,15.0,6.0,2.0,1.0,5.0
42,15,2024-05-19,Man City,West Ham,3,1,1,E0,E0,Man City,West Ham,1.0,-3.0,-2.75,4.45,1.2,21.81,1.9,1.96,4.82,1.18,28.36,1.91,1.96,14.3,1.07,11.72,1.1,4.5,1.2,21.0,1.93,1.97,4.5,1.2,19.0,1.9,2.03,15.0,1.07,12.0,1.08,19.5,29.0,14.0,1.07,11.5,1.11,,,,,,,4.85,1.22,25.0,1.96,2.07,5.2,1.22,39.0,1.99,2.05,17.0,1.09,14.0,1.11,,,1.93,1.94,,,1.9,1.99,20.39,27.84,15.01,1.07,13.11,1.09,22.0,26.0,15.0,1.06,10.5,1.07,21.0,23.0,15.0,1.08,12.0,1.07,2.0,12.0,0.0,3.0,2.0,1.0,11.0,3.0,0.0,28.0,12.0,1.0,2.0,0.0
43,1,2024-05-26,Ad. Demirspor,Buyuksehyr,2,6,2,T1,T1,Ad. Demirspor,Buyuksehyr,1.0,0.5,0.5,2.42,1.52,1.81,1.83,1.98,2.43,1.53,2.0,2.02,1.82,3.79,3.32,3.99,3.72,2.4,1.53,1.75,1.8,2.0,2.4,1.53,2.05,2.03,1.78,3.8,3.25,3.9,3.5,1.82,1.98,3.75,3.3,3.9,3.7,,,,,,,2.5,1.56,1.88,1.95,2.07,2.5,1.58,2.13,2.13,1.93,4.03,3.55,4.2,3.95,2.43,1.53,1.79,2.01,2.47,1.58,2.04,1.85,1.78,2.03,3.87,3.45,4.04,3.74,1.75,1.95,3.7,3.2,3.8,3.75,1.8,2.0,3.9,3.25,4.0,3.75,1.0,13.0,0.0,12.0,7.0,2.0,2.0,8.0,0.0,13.0,6.0,4.0,1.0,0.0
43,2,2024-05-24,Alanyaspor,Antalyaspor,1,1,0,T1,T1,Alanyaspor,Antalyaspor,1.0,-0.75,-0.75,2.59,1.47,4.54,2.02,1.8,3.11,1.36,4.2,1.98,1.86,4.31,1.69,4.15,1.65,2.6,1.48,4.75,2.03,1.83,3.1,1.36,4.33,2.03,1.83,4.5,1.67,4.0,1.67,4.5,4.1,4.33,1.68,4.2,1.63,,,,,,,2.66,1.5,4.8,2.09,1.85,3.35,1.4,4.4,2.06,1.92,4.55,1.74,4.47,1.7,2.53,1.5,2.01,1.85,3.12,1.38,2.02,1.88,4.55,4.4,4.34,1.71,4.12,1.69,4.33,4.0,4.1,1.67,4.1,1.62,4.5,4.2,4.4,1.67,4.33,1.62,2.0,14.0,0.0,7.0,3.0,1.0,3.0,12.0,0.0,14.0,3.0,0.0,1.0,0.0
43,3,2024-05-25,Karagumruk,Samsunspor,3,1,1,T1,T1,Karagumruk,Samsunspor,1.0,-0.25,-0.75,2.14,1.68,4.06,1.8,2.01,2.18,1.67,3.08,1.92,1.9,3.65,2.15,3.79,1.8,2.15,1.67,4.1,1.78,2.03,2.1,1.7,3.1,1.93,1.93,3.75,2.1,3.8,1.8,3.9,3.1,3.6,2.1,3.7,1.83,,,,,,,2.2,1.75,4.33,1.86,2.08,2.26,1.72,3.74,1.97,2.0,3.86,2.22,4.03,1.84,2.14,1.68,1.82,1.97,2.19,1.69,1.93,1.92,4.12,3.1,3.71,2.18,3.82,1.75,4.1,2.9,3.5,2.15,3.6,1.75,4.0,3.0,3.7,2.15,3.8,1.8,7.0,9.0,1.0,12.0,5.0,1.0,2.0,12.0,0.0,13.0,7.0,0.0,1.0,2.0
43,4,2024-05-26,Fenerbahce,Istanbulspor,6,0,1,T1,T1,Fenerbahce,Istanbulspor,1.0,-3.75,-3.25,4.86,1.15,27.07,1.82,1.97,5.59,1.12,41.82,1.83,2.01,16.77,1.03,14.18,1.05,5.0,1.17,26.0,1.83,2.03,6.0,1.13,41.0,1.88,1.98,17.0,1.03,12.0,1.06,29.0,56.0,21.0,1.03,14.5,1.06,,,,,,,5.75,1.18,37.0,1.9,2.04,6.11,1.15,65.0,1.99,2.1,31.0,1.04,19.0,1.06,4.98,1.14,1.76,1.99,6.11,1.12,1.88,1.94,22.58,41.74,29.31,1.02,15.1,1.04,21.0,36.0,11.0,1.03,10.5,1.05,34.0,61.0,17.0,1.02,15.0,1.02,5.0,8.0,0.0,9.0,2.0,1.0,4.0,12.0,0.0,26.0,14.0,0.0,3.0,2.0
43,5,2024-05-26,Hatayspor,Rizespor,2,0,1,T1,T1,Hatayspor,Rizespor,1.0,-1.0,-1.0,2.4,1.54,5.07,1.9,1.9,2.74,1.43,4.88,1.91,1.92,4.55,1.56,4.48,1.54,2.35,1.57,4.33,1.93,1.93,2.7,1.44,4.75,1.93,1.93,4.5,1.57,4.33,1.53,5.0,4.6,4.4,1.58,4.4,1.55,,,,,,,2.5,1.58,6.17,2.06,2.0,2.85,1.46,5.28,1.96,2.0,5.06,1.61,4.84,1.6,2.38,1.55,1.87,1.92,2.82,1.45,1.94,1.94,4.91,5.16,4.7,1.57,4.45,1.53,5.25,4.8,4.2,1.53,4.2,1.5,5.5,4.8,4.75,1.53,4.6,1.5,4.0,7.0,0.0,10.0,3.0,0.0,2.0,12.0,0.0,13.0,6.0,0.0,1.0,0.0
43,6,2024-05-26,Kasimpasa,Besiktas,2,1,1,T1,T1,Kasimpasa,Besiktas,1.0,-0.25,0.5,2.6,1.46,1.98,1.98,1.82,2.71,1.44,2.82,1.85,1.98,3.84,2.23,3.83,3.32,,,,,,2.7,1.44,2.8,1.88,1.98,3.8,2.25,,,2.05,2.8,3.8,2.2,3.8,3.2,,,,,,,2.7,1.5,2.06,2.1,1.88,2.8,1.49,2.94,1.95,2.02,4.05,2.31,4.16,3.58,2.56,1.47,1.95,1.84,2.76,1.47,1.88,2.01,1.94,2.86,4.0,2.28,3.77,3.42,1.93,2.75,3.75,2.15,3.8,3.2,1.95,2.75,3.9,2.2,4.0,3.25,3.0,9.0,0.0,6.0,4.0,2.0,8.0,10.0,0.0,18.0,8.0,0.0,1.0,1.0
43,7,2024-05-26,Konyaspor,Galatasaray,1,3,2,T1,T1,Konyaspor,Galatasaray,1.0,0.5,0.5,1.95,1.84,2.04,2.03,1.8,2.03,1.77,1.83,1.87,1.97,2.69,6.73,2.11,9.72,1.98,1.88,2.05,2.1,1.78,2.05,1.75,1.83,1.88,1.98,2.7,7.0,1.95,9.0,1.9,1.88,2.45,6.25,2.75,5.5,,,,,,,2.05,1.91,2.15,2.1,1.83,2.13,1.88,1.95,1.95,2.07,2.92,9.74,2.4,11.0,1.95,1.83,2.0,1.8,1.99,1.85,1.88,1.97,,1.68,2.4,14.95,,,,1.91,2.7,4.33,,,2.0,1.57,2.75,8.0,3.6,3.5,10.0,13.0,0.0,23.0,6.0,2.0,3.0,9.0,0.0,9.0,2.0,1.0,0.0,2.0
43,8,2024-05-26,Pendikspor,Gaziantep,0,1,2,T1,T1,Pendikspor,Gaziantep,1.0,0.25,0.25,2.28,1.6,2.2,1.92,1.86,2.57,1.48,2.2,1.95,1.88,3.56,3.06,3.41,3.12,2.25,1.62,2.15,1.93,1.93,2.5,1.5,2.3,1.98,1.88,3.5,3.0,3.1,3.1,2.15,2.2,3.6,2.9,3.5,3.1,,,,,,,2.35,1.67,2.35,2.01,1.93,2.68,1.54,2.3,2.05,1.92,3.9,3.65,3.65,3.35,2.25,1.61,1.93,1.85,2.61,1.52,2.0,1.88,2.24,2.3,3.61,3.06,3.29,3.12,2.15,2.15,3.7,2.75,3.5,2.9,2.15,2.2,3.9,2.8,3.5,3.1,3.0,14.0,0.0,11.0,4.0,4.0,2.0,9.0,0.0,6.0,1.0,1.0,0.0,5.0
43,9,2024-05-25,Sivasspor,Kayserispor,2,1,1,T1,T1,Sivasspor,Kayserispor,1.0,-0.5,-0.5,2.18,1.65,3.57,1.88,1.94,2.47,1.53,3.72,1.98,1.85,3.94,1.85,3.7,1.93,2.15,1.67,3.4,1.93,1.93,2.4,1.53,3.6,2.03,1.83,4.2,1.8,4.0,1.91,3.5,3.6,3.9,1.85,3.6,1.95,,,,,,,2.28,1.71,3.85,1.95,2.0,2.55,1.56,3.95,2.11,1.93,4.34,1.91,4.0,2.03,2.21,1.63,1.86,1.93,2.52,1.54,1.98,1.88,3.57,3.72,4.02,1.87,3.69,1.92,3.5,3.7,3.8,1.8,3.6,1.87,3.6,3.6,4.2,1.8,3.6,1.95,4.0,14.0,0.0,11.0,5.0,3.0,10.0,13.0,0.0,16.0,4.0,1.0,1.0,1.0
43,10,2024-05-26,Trabzonspor,Ankaragucu,4,2,1,T1,T1,Trabzonspor,Ankaragucu,1.0,0.25,0.25,2.14,1.68,2.25,1.97,1.82,2.25,1.63,2.26,2.0,1.84,3.76,2.83,3.68,2.83,2.1,1.7,2.15,2.0,1.85,2.25,1.62,2.3,2.05,1.8,3.8,2.75,3.4,2.75,2.25,2.25,3.7,2.85,3.6,2.8,,,,,,,2.2,1.75,2.37,2.06,1.95,2.33,1.69,2.42,2.14,1.95,3.93,2.97,3.95,3.05,2.13,1.68,1.99,1.8,2.33,1.64,2.1,1.81,2.25,2.38,3.88,2.78,3.81,2.74,2.2,2.25,3.5,2.75,3.5,2.8,2.25,2.2,3.8,2.8,3.7,2.8,6.0,12.0,0.0,15.0,8.0,3.0,3.0,6.0,0.0,12.0,5.0,1.0,0.0,2.0
43,11,2024-05-25,Sociedad,Ath Madrid,0,2,2,SP1,SP1,Sociedad,Ath Madrid,1.0,0.0,-0.25,1.9,1.93,2.93,1.78,2.06,1.93,1.89,2.73,1.98,1.89,3.3,2.65,3.45,2.4,1.95,1.95,3.0,1.81,2.09,1.95,1.95,2.7,2.0,1.93,3.3,2.63,3.3,2.4,2.87,2.75,3.2,2.65,3.4,2.37,,,,,,,1.97,1.98,3.02,1.86,2.12,1.99,1.97,2.82,2.02,1.94,3.4,2.75,3.6,2.47,1.91,1.96,1.81,2.1,1.96,1.94,2.0,1.93,2.96,2.8,3.35,2.69,3.49,2.42,2.9,2.7,3.4,2.6,3.4,2.4,2.8,2.62,3.4,2.6,3.5,2.38,4.0,15.0,1.0,10.0,4.0,5.0,8.0,19.0,0.0,14.0,4.0,1.0,0.0,3.0
43,12,2024-05-26,Sevilla,Barcelona,1,2,2,SP1,SP1,Sevilla,Barcelona,1.0,0.75,0.5,2.57,1.5,1.83,1.83,2.02,2.71,1.47,1.71,1.88,1.97,4.26,4.43,4.11,3.89,2.63,1.5,1.8,1.84,2.06,2.63,1.5,1.67,1.87,2.06,4.2,4.75,4.0,4.0,1.87,1.68,4.2,4.5,4.0,3.7,,,,,,,2.69,1.52,1.87,1.87,2.06,2.82,1.5,1.79,2.0,2.09,4.4,5.03,4.33,4.13,2.6,1.51,1.83,2.05,2.74,1.49,1.87,2.06,1.83,1.69,4.39,4.73,4.11,3.98,1.75,1.7,4.2,4.5,3.9,3.8,1.8,1.67,4.33,4.4,4.2,3.8,5.0,9.0,0.0,11.0,6.0,1.0,6.0,11.0,0.0,15.0,6.0,1.0,1.0,2.0
43,13,2024-05-26,Empoli,Roma,2,1,1,I1,I1,Empoli,Roma,1.0,-0.25,-0.5,1.98,1.85,3.63,1.86,1.99,2.03,1.81,3.14,1.92,1.93,3.56,2.24,3.71,1.99,2.02,1.88,3.6,1.9,2.0,2.06,1.84,3.1,1.98,1.95,3.6,2.15,3.6,1.95,3.6,3.1,3.5,2.25,3.6,1.98,,,,,,,2.04,1.91,3.79,1.94,2.02,2.09,1.86,3.28,2.0,2.02,3.72,2.35,3.86,2.05,2.0,1.88,1.88,2.0,2.07,1.85,1.97,1.95,3.64,3.27,3.62,2.28,3.8,1.99,3.75,3.2,3.3,2.25,3.25,1.91,3.6,3.0,3.6,2.25,3.7,1.95,5.0,12.0,0.0,15.0,3.0,1.0,4.0,18.0,0.0,17.0,7.0,1.0,1.0,4.0
43,14,2024-05-26,Verona,Inter,2,2,0,I1,I1,Verona,Inter,1.0,1.25,1.0,2.28,1.64,1.55,1.91,1.93,2.71,1.47,1.42,1.87,1.98,5.03,6.94,4.37,5.63,2.3,1.62,1.53,1.92,1.98,2.75,1.44,1.42,1.88,2.05,5.0,6.5,4.0,5.5,1.57,1.42,4.8,6.75,4.33,5.25,,,,,,,2.35,1.7,1.61,1.96,1.98,2.82,1.53,1.47,1.97,2.07,5.3,7.5,4.6,6.0,2.31,1.65,1.93,1.96,2.82,1.47,1.86,2.07,1.55,1.41,5.3,7.37,4.47,5.69,1.5,1.4,5.0,6.5,3.9,5.75,1.53,1.4,5.0,7.0,4.4,5.5,3.0,8.0,0.0,15.0,11.0,1.0,9.0,17.0,0.0,18.0,8.0,2.0,2.0,1.0
43,15,2024-05-26,Lazio,Sassuolo,1,1,0,I1,I1,Lazio,Sassuolo,1.0,-1.5,-1.5,2.56,1.51,7.87,1.86,1.99,2.41,1.57,9.29,1.93,1.93,5.51,1.32,5.37,1.36,2.63,1.5,7.5,1.89,2.01,2.3,1.62,8.0,1.94,1.99,5.5,1.33,5.25,1.36,7.75,9.5,5.5,1.31,5.25,1.37,,,,,,,2.66,1.54,9.0,1.92,2.08,2.52,1.62,11.0,2.0,2.02,6.0,1.36,5.7,1.39,2.59,1.53,1.9,1.99,2.41,1.61,1.93,1.99,7.98,9.46,5.63,1.34,5.44,1.36,9.0,9.0,5.5,1.3,4.8,1.29,8.0,9.0,5.8,1.29,5.5,1.33,3.0,11.0,0.0,8.0,3.0,1.0,5.0,15.0,0.0,8.0,6.0,0.0,0.0,3.0
