week,no,kickoff,home,away,hg,ag,code,kaynak_dosya,kaynak_lig,kaynak_ev,kaynak_dep,guven,1XBA,1XBCA,1XBCD,1XBCH,1XBD,1XBH,AHCh,AHh,Avg<2.5,Avg>2.5,AvgA,AvgAHA,AvgAHH,AvgC<2.5,AvgC>2.5,AvgCA,AvgCAHA,AvgCAHH,AvgCD,AvgCH,AvgD,AvgH,B365<2.5,B365>2.5,B365A,B365AHA,B365AHH,B365C<2.5,B365C>2.5,B365CA,B365CAHA,B365CAHH,B365CD,B365CH,B365D,B365H,BFA,BFCA,BFCD,BFCH,BFD,BFE<2.5,BFE>2.5,BFEA,BFEAHA,BFEAHH,BFEC<2.5,BFEC>2.5,BFECA,BFECAHA,BFECAHH,BFECD,BFECH,BFED,BFEH,BFH,BWA,BWCA,BWCD,BWCH,BWD,BWH,Max<2.5,Max>2.5,MaxA,MaxAHA,MaxAHH,MaxC<2.5,MaxC>2.5,MaxCA,MaxCAHA,MaxCAHH,MaxCD,MaxCH,MaxD,MaxH,P<2.5,P>2.5,PAHA,PAHH,PC<2.5,PC>2.5,PCAHA,PCAHH,PSA,PSCA,PSCD,PSCH,PSD,PSH,WHA,WHCA,WHCD,WHCH,WHD,WHH,stat_AC,stat_AF,stat_AR,stat_AS,stat_AST,stat_AY,stat_HC,stat_HF,stat_HR,stat_HS,stat_HST,stat_HTAG,stat_HTHG,stat_HY
3,1,2024-08-23,Alanyaspor,Goztep,1,1,0,T1,T1,Alanyaspor,Goztep,1.0,3.84,3.5,3.28,2.25,3.62,2.05,-0.25,-0.5,1.77,2.04,3.93,1.87,1.96,1.68,2.15,3.38,1.92,1.91,3.18,2.2,3.37,1.96,1.75,2.05,4.0,1.9,1.95,1.67,2.15,3.3,1.88,1.98,3.2,2.25,3.4,1.91,4.0,3.3,3.0,2.1,3.3,1.84,2.16,4.3,1.96,2.02,1.75,2.28,3.65,2.0,1.99,3.3,2.32,3.55,2.02,1.91,3.8,3.2,3.1,2.25,3.3,1.95,1.84,2.13,4.27,1.96,2.0,1.74,2.29,3.6,1.98,2.0,3.4,2.33,3.62,2.05,1.8,2.1,1.91,1.99,1.7,2.25,1.93,1.98,4.27,3.51,3.14,2.33,3.37,1.98,3.6,3.3,3.4,2.1,3.6,1.95,2.0,23.0,0.0,10.0,3.0,4.0,8.0,6.0,0.0,11.0,3.0,1.0,0.0,1.0
3,2,2024-08-24,Sivasspor,Eyupspor,0,1,2,T1,T1,Sivasspor,Eyupspor,1.0,3.15,2.96,3.42,2.47,3.55,2.35,0.0,-0.25,1.85,1.94,3.07,1.86,1.97,1.84,1.95,2.78,2.04,1.84,3.32,2.51,3.36,2.29,1.88,1.98,3.1,1.88,1.98,1.88,1.98,2.8,2.03,1.83,3.3,2.5,3.3,2.3,3.0,2.75,3.25,2.45,3.3,1.91,1.98,3.4,1.94,2.0,1.92,2.02,2.74,1.95,2.0,3.4,2.82,3.45,2.32,2.25,3.0,2.7,3.3,2.5,3.3,2.3,1.92,2.0,3.16,1.91,2.02,1.92,2.06,2.96,2.09,1.89,3.42,2.69,3.55,2.35,1.88,1.97,1.86,2.01,1.88,2.01,2.06,1.85,3.1,2.87,3.36,2.59,3.38,2.32,3.0,2.7,3.4,2.5,3.4,2.25,4.0,8.0,0.0,6.0,3.0,3.0,4.0,8.0,0.0,7.0,3.0,1.0,0.0,2.0
3,3,2024-08-24,Bodrumspor,Konyaspor,3,1,1,T1,T1,Bodrumspor,Konyaspor,1.0,2.51,3.18,2.98,2.59,3.4,3.01,-0.25,0.25,1.7,2.12,2.44,2.09,1.75,1.51,2.53,3.17,1.79,2.05,3.0,2.42,3.29,2.88,1.7,2.1,2.5,2.1,1.7,1.48,2.6,3.2,1.78,2.1,2.9,2.45,3.1,2.9,2.45,3.0,2.9,2.3,3.2,1.76,2.16,2.6,2.22,1.76,1.57,2.72,3.45,1.8,2.24,2.94,2.68,3.4,2.96,2.88,2.4,3.1,3.0,2.37,3.25,2.85,1.76,2.2,2.51,2.17,1.8,1.57,2.65,3.32,1.85,2.16,3.2,2.59,3.5,3.01,1.72,2.17,2.13,1.76,1.52,2.64,1.8,2.14,2.45,3.32,2.96,2.54,3.41,2.87,2.38,3.1,3.2,2.3,3.3,2.88,5.0,8.0,0.0,3.0,2.0,2.0,5.0,6.0,0.0,8.0,5.0,1.0,2.0,2.0
3,4,2024-08-25,Kasimpasa,Ad. Demirspor,2,2,0,T1,T1,Kasimpasa,Ad. Demirspor,1.0,5.29,5.4,4.46,1.6,4.52,1.62,-1.0,-1.0,2.4,1.54,5.1,1.89,1.94,2.42,1.54,5.44,1.92,1.91,4.39,1.54,4.38,1.56,2.4,1.53,5.25,1.9,1.95,2.4,1.53,5.25,1.95,1.9,4.33,1.55,4.2,1.57,5.0,5.5,4.33,1.5,4.5,2.52,1.57,5.4,,,2.66,1.58,6.0,2.02,1.96,4.8,1.59,4.8,1.63,1.53,4.75,5.25,4.5,1.52,4.33,1.58,2.48,1.57,5.5,1.93,1.98,2.53,1.6,5.81,1.99,1.96,4.55,1.6,4.6,1.62,2.43,1.57,1.91,1.94,2.5,1.58,1.96,1.94,5.25,5.69,4.46,1.57,4.46,1.56,5.0,5.0,4.5,1.53,4.4,1.55,4.0,10.0,0.0,10.0,3.0,0.0,8.0,10.0,0.0,15.0,6.0,0.0,1.0,1.0
3,5,2024-08-25,Rizespor,Fenerbahce,0,5,2,T1,T1,Rizespor,Fenerbahce,1.0,1.73,1.7,3.97,5.09,4.11,4.93,0.75,0.75,2.06,1.75,1.67,1.86,1.96,2.15,1.68,1.71,1.9,1.93,3.96,4.5,4.03,4.65,2.05,1.75,1.7,1.88,1.98,2.15,1.67,1.7,1.9,1.95,3.9,4.75,3.8,4.75,1.65,1.7,3.9,4.5,4.0,2.14,1.75,1.72,,,2.3,1.73,1.78,1.98,2.01,4.2,4.9,4.3,5.0,4.75,1.65,1.75,3.8,4.2,4.0,4.6,2.16,1.82,1.73,1.91,2.05,2.25,1.74,1.76,1.96,2.0,4.1,5.09,4.3,5.25,2.05,1.79,1.89,1.96,2.21,1.72,1.92,1.99,1.7,1.72,4.06,4.77,4.16,4.42,1.62,1.67,4.0,4.5,4.0,5.0,6.0,16.0,0.0,18.0,9.0,2.0,1.0,8.0,0.0,10.0,4.0,1.0,0.0,3.0
3,6,2024-08-25,Antalyaspor,Hatayspor,3,2,1,T1,T1,Antalyaspor,Hatayspor,1.0,3.39,3.08,3.17,2.53,3.56,2.22,0.0,-0.25,1.85,1.94,3.28,1.94,1.89,1.71,2.11,2.93,2.1,1.79,3.16,2.49,3.36,2.19,1.88,1.98,3.3,1.93,1.93,1.7,2.1,2.9,2.1,1.78,3.1,2.5,3.3,2.2,3.2,2.9,3.0,2.45,3.3,1.87,1.98,3.65,,,1.78,2.26,3.15,2.21,1.81,3.25,2.58,3.35,2.24,2.2,3.2,2.87,3.2,2.45,3.4,2.15,1.9,2.01,3.45,1.99,1.96,1.79,2.22,3.08,2.13,1.81,3.3,2.59,3.56,2.26,1.86,1.98,1.94,1.91,1.74,2.19,2.13,1.81,3.4,3.03,3.18,2.58,3.26,2.22,3.25,2.8,3.3,2.45,3.5,2.1,2.0,16.0,1.0,9.0,5.0,6.0,10.0,14.0,0.0,11.0,7.0,2.0,0.0,4.0
3,7,2024-08-24,Dortmund,Ein Frankfurt,2,0,1,D1,D1,Dortmund,Ein Frankfurt,1.0,4.52,4.82,4.11,1.73,4.52,1.75,-0.75,-0.75,2.68,1.47,4.39,1.98,1.88,2.65,1.49,4.36,1.93,1.92,4.1,1.76,4.31,1.71,2.63,1.5,4.5,2.01,1.89,2.63,1.5,4.5,2.0,1.93,4.0,1.7,4.1,1.7,4.5,4.2,3.8,1.75,4.2,2.84,1.51,4.7,2.04,1.93,2.68,1.58,4.5,1.91,2.07,4.1,1.87,4.5,1.76,1.7,4.33,4.2,4.0,1.75,4.2,1.71,2.79,1.5,4.52,2.03,1.92,2.81,1.52,4.82,2.0,1.99,4.35,1.81,4.52,1.75,2.73,1.48,2.01,1.89,2.7,1.52,1.99,1.93,4.48,4.58,4.19,1.75,4.4,1.71,4.33,4.2,4.0,1.75,4.2,1.7,7.0,3.0,0.0,7.0,2.0,1.0,7.0,6.0,0.0,17.0,5.0,0.0,0.0,0.0
3,8,2024-08-25,Wolfsburg,Bayern Munich,2,3,2,D1,D1,Wolfsburg,Bayern Munich,1.0,1.51,1.49,4.92,6.5,5.08,6.37,1.25,1.25,2.76,1.44,1.46,1.95,1.9,2.76,1.46,1.49,1.95,1.91,4.67,6.36,4.93,6.32,2.75,1.44,1.45,1.98,1.92,2.75,1.44,1.45,1.98,1.95,4.75,6.0,4.75,6.25,1.44,1.5,4.5,6.0,5.0,,,1.49,1.99,1.94,2.9,1.51,1.58,2.03,1.96,4.7,6.4,5.3,7.0,6.5,1.47,1.46,4.6,6.5,4.8,6.0,2.86,1.46,1.51,2.0,1.96,2.95,1.53,1.54,2.02,1.98,4.92,7.0,5.1,6.6,2.81,1.46,1.99,1.92,2.59,1.53,1.98,1.94,1.47,1.52,4.57,6.5,5.0,6.33,1.4,1.5,4.6,6.5,5.0,7.0,7.0,11.0,0.0,14.0,8.0,3.0,1.0,13.0,0.0,11.0,2.0,1.0,0.0,2.0
3,9,2024-08-24,Lyon,Monaco,0,2,2,F1,F1,Lyon,Monaco,1.0,2.66,2.37,3.87,2.85,4.02,2.56,0.0,0.0,2.56,1.5,2.61,1.97,1.92,2.59,1.51,2.46,1.84,2.05,3.72,2.71,3.75,2.51,2.63,1.5,2.6,1.97,1.93,2.63,1.5,2.45,1.86,2.07,3.8,2.63,3.8,2.5,2.63,2.4,3.5,2.6,3.9,,,2.66,2.0,1.97,2.78,1.54,2.58,1.9,2.07,3.85,2.8,4.0,2.62,2.5,2.65,2.45,3.7,2.65,3.7,2.45,2.67,1.53,2.7,2.0,1.95,2.69,1.54,2.61,1.87,2.11,3.87,2.85,4.02,2.62,2.6,1.53,1.95,1.95,2.6,1.54,1.85,2.08,2.61,2.49,3.73,2.79,3.73,2.62,2.62,2.5,3.7,2.6,3.75,2.45,6.0,7.0,1.0,15.0,4.0,0.0,0.0,10.0,0.0,2.0,1.0,0.0,0.0,0.0
3,10,2024-08-24,Brighton,Man United,2,1,1,E0,E0,Brighton,Man United,1.0,2.68,2.63,3.85,2.57,3.87,2.54,-0.25,0.0,2.42,1.58,2.69,2.01,1.88,2.52,1.54,2.81,1.79,2.09,3.72,2.41,3.72,2.5,2.38,1.57,2.63,2.04,1.86,2.5,1.53,2.88,1.86,2.07,3.8,2.3,3.7,2.5,2.7,2.8,3.6,2.3,3.75,2.5,1.62,2.8,2.08,1.91,2.7,1.58,2.94,1.85,2.15,3.85,2.48,3.9,2.58,2.5,2.6,2.85,3.7,2.3,3.75,2.5,2.5,1.63,2.79,2.06,1.91,2.62,1.6,2.96,1.86,2.2,3.9,2.57,3.87,2.54,2.45,1.6,2.05,1.86,2.6,1.54,1.83,2.12,2.76,2.86,3.76,2.42,3.66,2.51,2.7,2.88,3.6,2.38,3.7,2.5,4.0,13.0,0.0,11.0,4.0,2.0,4.0,9.0,0.0,14.0,5.0,0.0,1.0,1.0
3,11,2024-08-24,Aston Villa,Arsenal,0,2,2,E0,E0,Aston Villa,Arsenal,1.0,1.84,1.73,4.08,4.8,4.0,4.32,0.75,0.75,2.13,1.73,1.78,1.98,1.86,2.18,1.72,1.74,1.92,1.94,4.02,4.66,3.92,4.41,2.1,1.73,1.75,2.0,1.9,2.1,1.73,1.73,1.97,1.96,4.0,4.5,3.8,4.33,1.75,1.73,3.9,4.75,3.9,,,1.8,2.02,1.95,2.12,1.87,1.78,2.0,1.97,4.1,5.0,4.1,4.7,4.5,1.8,1.75,3.9,4.5,3.9,4.2,2.23,1.78,1.84,2.02,1.91,2.27,1.76,1.78,1.99,2.0,4.16,4.85,4.1,4.7,2.15,1.75,2.0,1.9,2.15,1.76,1.94,1.98,1.77,1.74,4.04,4.85,3.98,4.55,1.8,1.7,4.0,4.8,3.9,4.33,1.0,15.0,0.0,9.0,4.0,3.0,4.0,8.0,0.0,11.0,3.0,0.0,0.0,1.0
3,12,2024-08-23,Sevilla,Villarreal,1,2,2,SP1,SP1,Sevilla,Villarreal,1.0,2.93,3.09,3.68,2.3,3.75,2.46,-0.25,-0.25,2.12,1.74,2.88,1.8,2.05,2.12,1.74,3.22,1.95,1.89,3.61,2.19,3.55,2.4,2.1,1.73,2.8,1.75,2.05,2.1,1.73,3.2,1.99,1.91,3.6,2.15,3.6,2.4,2.88,3.2,3.6,2.1,3.5,2.22,1.81,3.0,1.84,2.16,2.26,1.78,3.4,2.05,1.93,3.8,2.24,3.7,2.5,2.4,2.85,3.2,3.5,2.15,3.5,2.37,2.2,1.79,3.0,1.85,2.14,2.23,1.87,3.32,2.01,1.96,3.75,2.3,3.75,2.47,2.17,1.76,1.82,2.13,2.15,1.78,2.0,1.93,2.93,3.32,3.63,2.21,3.59,2.45,2.9,3.25,3.6,2.15,3.5,2.38,2.0,7.0,0.0,6.0,5.0,5.0,7.0,15.0,0.0,15.0,9.0,1.0,1.0,3.0
3,13,2024-08-24,Barcelona,Ath Bilbao,2,1,1,SP1,SP1,Barcelona,Ath Bilbao,1.0,5.29,5.39,4.45,1.61,4.37,1.67,-1.0,-1.0,2.16,1.71,5.05,1.79,2.07,2.28,1.64,5.45,1.88,1.98,4.28,1.59,4.18,1.64,2.2,1.67,5.0,1.82,2.08,2.3,1.62,5.25,1.93,2.0,4.33,1.57,4.2,1.62,5.0,5.0,4.0,1.53,4.2,,,5.6,1.84,2.13,2.38,1.7,5.9,1.89,2.07,4.4,1.65,4.4,1.67,1.62,5.0,5.25,4.1,1.6,4.0,1.63,2.24,1.77,5.4,1.83,2.12,2.41,1.69,5.8,1.94,2.03,4.45,1.64,4.37,1.67,2.21,1.71,1.83,2.09,2.32,1.67,1.92,2.01,5.34,5.6,4.38,1.6,4.22,1.63,5.5,5.5,4.33,1.57,4.0,1.62,6.0,16.0,0.0,9.0,2.0,5.0,5.0,11.0,0.0,13.0,5.0,1.0,1.0,4.0
3,14,2024-08-25,Ath Madrid,Girona,3,0,1,SP1,SP1,Ath Madrid,Girona,1.0,5.33,6.43,4.61,1.52,4.45,1.66,-1.25,-1.0,2.31,1.63,5.31,1.85,2.0,2.41,1.58,6.44,1.83,2.02,4.65,1.48,4.27,1.6,2.3,1.62,5.5,1.88,2.02,2.3,1.62,6.25,1.83,2.1,4.5,1.48,4.1,1.6,5.5,6.0,4.33,1.4,4.4,2.42,1.64,5.8,1.92,2.03,2.48,1.66,7.4,1.85,2.13,4.8,1.52,4.5,1.63,1.57,5.0,6.0,4.5,1.49,4.2,1.62,2.38,1.68,5.6,1.91,2.05,2.5,1.64,7.0,1.86,2.13,4.92,1.52,4.45,1.66,2.37,1.63,1.88,2.02,2.37,1.59,1.85,2.09,5.47,6.79,4.62,1.5,4.35,1.6,5.5,7.0,4.75,1.44,4.2,1.6,9.0,10.0,0.0,13.0,5.0,3.0,1.0,11.0,0.0,11.0,6.0,0.0,1.0,1.0
3,15,2024-08-25,Napoli,Bologna,3,0,1,I1,I1,Napoli,Bologna,1.0,4.24,4.18,3.46,1.99,3.74,1.95,-0.5,-0.5,1.84,1.99,4.08,1.94,1.92,1.74,2.12,4.1,1.87,1.99,3.38,1.98,3.58,1.92,1.87,2.03,4.1,1.95,1.95,1.62,2.3,4.2,1.9,2.03,3.3,1.95,3.5,1.9,4.1,4.0,3.3,1.95,3.5,,,4.3,1.97,2.02,1.74,2.32,4.5,1.96,2.03,3.5,2.02,3.65,2.02,1.95,4.0,4.0,3.3,1.98,3.5,1.9,1.9,2.05,4.24,1.98,1.96,1.8,2.31,4.38,1.93,2.04,3.5,2.04,3.74,1.97,1.88,2.01,1.95,1.95,1.68,2.3,1.9,2.02,4.11,4.38,3.29,2.01,3.62,1.94,4.2,4.0,3.3,2.0,3.5,1.91,5.0,17.0,0.0,9.0,2.0,2.0,7.0,11.0,0.0,16.0,5.0,0.0,1.0,2.0
6,1,2024-09-15,Alanyaspor,Hatayspor,0,0,0,T1,T1,Alanyaspor,Hatayspor,1.0,4.62,4.6,3.84,1.79,3.85,1.82,-0.75,-0.75,1.9,1.89,4.51,1.85,1.98,1.8,2.0,4.58,1.84,2.0,3.62,1.76,3.72,1.75,1.93,1.93,4.5,1.88,1.98,1.7,2.1,4.75,1.85,2.0,3.6,1.73,3.75,1.75,4.75,4.5,3.5,1.67,3.75,1.92,1.91,4.9,,,1.83,2.16,5.3,1.94,2.06,3.75,1.82,3.7,1.76,1.73,4.33,4.6,3.6,1.72,3.7,1.75,1.97,1.96,5.1,1.91,2.04,1.97,2.21,5.05,1.92,2.09,3.84,1.85,3.85,1.82,1.91,1.91,1.84,2.0,1.76,2.15,1.87,2.04,4.6,5.05,3.62,1.78,3.71,1.76,4.4,4.4,3.75,1.73,3.8,1.73,4.0,15.0,0.0,9.0,2.0,1.0,5.0,11.0,0.0,8.0,2.0,0.0,0.0,3.0
6,2,2024-09-16,Antalyaspor,Ad. Demirspor,2,1,1,T1,T1,Antalyaspor,Ad. Demirspor,1.0,4.57,4.16,4.1,1.81,4.16,1.77,-0.75,-0.75,2.22,1.64,4.39,1.91,1.92,2.27,1.62,4.12,1.82,2.02,3.91,1.78,3.95,1.72,2.25,1.62,4.33,1.93,1.93,2.25,1.62,3.9,1.78,2.03,4.0,1.8,3.9,1.73,4.33,4.2,3.6,1.7,3.9,2.3,1.66,4.8,,,2.42,1.7,4.7,1.88,2.12,4.0,1.85,4.3,1.72,1.7,4.2,3.8,3.8,1.82,3.9,1.73,2.3,1.7,4.6,1.96,2.02,2.36,1.66,4.4,1.85,2.12,4.18,1.83,4.16,1.78,2.24,1.65,1.91,1.93,2.31,1.66,1.84,2.08,4.52,4.34,3.88,1.83,3.94,1.72,4.33,4.0,4.0,1.75,4.0,1.7,4.0,9.0,0.0,16.0,9.0,2.0,8.0,9.0,0.0,12.0,5.0,0.0,0.0,1.0
6,3,2024-09-14,Bodrumspor,Buyuksehyr,0,1,2,T1,T1,Bodrumspor,Buyuksehyr,1.0,2.44,2.66,3.36,2.77,3.31,3.19,0.0,0.25,1.59,2.32,2.39,2.02,1.79,1.63,2.27,2.61,1.92,1.95,3.14,2.79,3.17,3.06,1.57,2.35,2.38,2.05,1.8,1.67,2.15,2.7,1.98,1.88,3.3,2.63,3.2,3.1,2.45,2.45,3.0,2.75,3.1,1.04,1.01,2.3,,,1.7,2.36,2.74,1.9,2.06,3.3,2.96,1.59,2.64,3.0,2.4,2.55,3.1,2.75,3.1,2.95,1.65,2.39,2.46,2.09,1.87,1.7,2.48,2.83,1.98,2.02,3.36,3.02,3.31,3.19,1.62,2.34,2.07,1.81,1.65,2.35,1.98,1.93,2.4,2.82,3.18,2.75,3.21,3.07,2.3,2.5,3.2,2.8,3.2,3.1,7.0,13.0,0.0,11.0,5.0,0.0,5.0,23.0,0.0,7.0,3.0,0.0,0.0,0.0
6,4,2024-09-14,Galatasaray,Rizespor,5,0,1,T1,T1,Galatasaray,Rizespor,1.0,12.2,7.59,5.98,1.36,7.21,1.24,-1.5,-2.0,3.2,1.33,11.08,1.84,1.99,2.91,1.4,7.73,1.95,1.89,5.63,1.32,7.05,1.21,3.4,1.33,9.0,1.83,2.03,2.7,1.44,7.0,1.98,1.88,5.75,1.33,7.0,1.25,12.0,8.0,5.0,1.25,6.5,3.35,1.36,10.5,,,3.05,1.47,9.8,2.04,1.94,6.0,1.35,7.6,1.26,1.2,9.75,7.75,5.5,1.32,6.75,1.23,3.4,1.35,12.2,1.89,2.08,3.15,1.45,9.12,2.03,1.95,6.2,1.36,7.8,1.25,3.3,1.33,1.85,1.98,2.97,1.42,1.96,1.94,11.04,7.79,5.99,1.35,7.35,1.2,11.0,8.0,5.8,1.3,7.0,1.2,1.0,11.0,0.0,2.0,1.0,0.0,6.0,15.0,0.0,23.0,9.0,0.0,2.0,0.0
6,5,2024-09-15,Kasimpasa,Fenerbahce,0,2,2,T1,T1,Kasimpasa,Fenerbahce,1.0,1.52,1.5,5.06,5.8,4.84,6.17,1.25,1.25,2.45,1.51,1.46,2.01,1.82,2.47,1.52,1.45,2.02,1.82,4.85,5.94,4.82,5.79,2.4,1.53,1.48,2.03,1.83,2.4,1.53,1.5,2.05,1.8,5.0,5.5,5.0,5.5,1.4,1.4,4.4,5.5,5.0,2.54,1.56,1.48,,,2.58,1.61,1.53,2.15,1.83,5.0,6.4,5.6,5.9,5.5,1.51,1.46,4.75,5.75,4.4,5.5,2.55,1.55,1.52,2.08,1.87,2.75,1.6,1.5,2.12,1.86,5.1,6.5,5.2,6.17,2.51,1.53,2.04,1.81,2.51,1.57,2.12,1.79,1.46,1.5,4.9,5.95,4.95,5.83,1.44,1.4,5.0,6.5,4.75,5.8,5.0,15.0,0.0,6.0,2.0,1.0,6.0,11.0,0.0,13.0,3.0,2.0,0.0,3.0
6,6,2024-09-15,Kayserispor,Eyupspor,2,2,0,T1,T1,Kayserispor,Eyupspor,1.0,2.38,2.66,3.57,2.63,3.58,3.06,0.0,0.25,1.88,1.9,2.28,1.98,1.82,1.9,1.9,2.72,2.02,1.86,3.43,2.49,3.49,2.95,1.93,1.93,2.25,2.0,1.85,1.93,1.93,2.7,2.0,1.85,3.5,2.5,3.5,3.0,2.3,2.63,3.2,2.45,3.3,1.9,1.87,2.4,,,1.99,2.0,2.9,2.06,1.91,3.5,2.68,3.5,3.05,2.9,2.25,2.75,3.4,2.37,3.4,3.0,1.95,2.0,2.38,2.03,1.88,2.02,2.06,2.83,2.05,1.92,3.57,2.63,3.69,3.06,1.92,1.9,2.02,1.83,1.94,1.94,2.04,1.87,2.31,2.82,3.45,2.58,3.61,2.9,2.25,2.7,3.5,2.4,3.4,3.0,8.0,10.0,0.0,10.0,5.0,2.0,6.0,11.0,0.0,10.0,6.0,2.0,0.0,4.0
6,7,2024-09-14,Samsunspor,Konyaspor,0,1,2,T1,T1,Samsunspor,Konyaspor,1.0,4.63,4.46,3.59,1.88,3.68,1.86,-0.5,-0.5,1.69,2.14,4.44,2.04,1.81,1.68,2.17,4.42,2.0,1.84,3.44,1.83,3.54,1.81,1.7,2.1,4.5,2.05,1.8,1.67,2.15,4.5,2.03,1.83,3.5,1.8,3.5,1.8,4.6,4.5,3.2,1.75,3.5,1.67,2.1,4.8,,,1.77,2.24,5.2,2.12,1.88,3.55,1.88,3.45,1.84,1.75,4.33,4.2,3.4,1.85,3.4,1.82,1.75,2.2,4.7,2.1,1.89,1.75,2.32,4.8,2.11,1.89,3.59,1.92,3.68,1.89,1.71,2.15,2.06,1.81,1.71,2.22,2.04,1.87,4.53,4.8,3.44,1.86,3.58,1.79,4.4,4.4,3.5,1.8,3.6,1.8,1.0,14.0,0.0,6.0,3.0,2.0,12.0,11.0,0.0,12.0,2.0,1.0,0.0,0.0
6,8,2024-09-14,Sivasspor,Gaziantep,3,2,1,T1,T1,Sivasspor,Gaziantep,1.0,3.37,3.64,3.43,2.13,3.54,2.24,-0.25,-0.25,1.8,1.99,3.3,1.95,1.88,1.78,2.04,3.51,2.03,1.81,3.31,2.11,3.33,2.19,1.77,1.97,3.3,1.98,1.88,1.83,2.03,3.7,2.05,1.75,3.4,2.05,3.3,2.15,3.3,3.4,3.1,2.0,3.3,1.84,2.02,3.6,,,1.86,2.1,3.85,2.11,1.88,3.45,2.2,3.25,2.18,2.15,3.25,3.5,3.3,2.05,3.3,2.15,1.87,2.06,3.4,2.0,1.93,1.86,2.21,3.81,2.16,1.85,3.43,2.16,3.54,2.26,1.83,2.01,1.95,1.9,1.84,2.06,2.11,1.82,3.39,3.81,3.36,2.11,3.29,2.2,3.25,3.3,3.4,2.1,3.4,2.15,5.0,15.0,0.0,14.0,5.0,6.0,3.0,15.0,1.0,16.0,4.0,1.0,1.0,5.0
6,9,2024-09-15,Trabzonspor,Besiktas,1,1,0,T1,T1,Trabzonspor,Besiktas,1.0,2.13,2.5,3.48,2.86,3.7,3.5,0.0,0.25,1.99,1.8,2.09,1.8,2.02,1.93,1.87,2.42,1.81,2.06,3.41,2.8,3.51,3.36,2.03,1.83,2.1,1.85,2.0,1.95,1.9,2.45,1.83,2.03,3.4,2.8,3.5,3.3,2.1,2.38,3.2,2.75,3.5,2.0,1.82,2.18,,,2.02,1.95,2.62,1.87,2.14,3.5,3.0,3.6,3.4,3.3,2.1,2.37,3.4,2.8,3.5,3.2,2.05,1.86,2.19,1.89,2.1,2.04,1.97,2.54,1.83,2.11,3.5,2.88,3.7,3.55,2.01,1.82,1.82,2.02,1.96,1.93,1.83,2.08,2.1,2.54,3.43,2.87,3.49,3.44,2.05,2.45,3.4,2.7,3.6,3.3,13.0,8.0,0.0,14.0,4.0,3.0,1.0,14.0,1.0,5.0,1.0,1.0,1.0,2.0
6,10,2024-09-14,RB Leipzig,Union Berlin,0,0,0,D1,D1,RB Leipzig,Union Berlin,1.0,6.83,6.41,4.87,1.5,4.83,1.51,-1.25,-1.25,2.22,1.68,6.68,1.81,2.04,2.4,1.59,6.67,1.85,2.01,4.77,1.46,4.68,1.48,2.2,1.67,6.5,1.83,2.07,2.38,1.57,6.25,1.85,2.08,4.75,1.48,4.5,1.48,7.0,6.5,4.5,1.4,4.6,2.3,1.73,7.4,1.87,2.08,2.48,1.65,7.2,1.88,2.11,5.0,1.5,4.9,1.5,1.44,6.75,6.25,4.6,1.47,4.5,1.46,2.29,1.73,7.0,1.85,2.08,2.49,1.62,7.0,1.89,2.09,5.0,1.5,4.9,1.51,2.2,1.71,1.83,2.06,2.42,1.62,1.85,2.09,6.64,6.62,4.8,1.49,4.69,1.48,7.0,7.0,4.6,1.44,4.5,1.44,5.0,19.0,0.0,11.0,3.0,3.0,6.0,9.0,0.0,16.0,3.0,0.0,0.0,2.0
6,11,2024-09-14,Marseille,Nice,2,0,1,F1,F1,Marseille,Nice,1.0,4.56,4.57,3.54,1.89,4.09,1.81,-0.5,-0.75,2.14,1.73,4.49,1.89,1.93,1.9,1.93,4.29,1.99,1.88,3.59,1.88,3.93,1.76,2.1,1.73,4.5,1.95,1.95,1.91,1.99,4.33,2.03,1.9,3.5,1.85,3.9,1.7,4.6,4.2,3.6,1.8,4.0,2.3,1.74,5.0,1.97,1.99,1.95,2.04,4.6,2.05,1.94,3.65,1.95,4.1,1.78,1.73,4.33,4.2,3.6,1.83,3.8,1.77,2.2,1.79,4.7,1.96,1.99,2.0,2.0,4.57,2.04,1.94,3.7,1.94,4.09,1.81,2.16,1.74,1.92,1.97,1.91,2.0,2.03,1.89,4.6,4.47,3.63,1.88,3.97,1.75,4.4,4.33,3.7,1.8,3.8,1.75,2.0,4.0,0.0,12.0,4.0,2.0,1.0,18.0,1.0,10.0,5.0,0.0,1.0,5.0
6,12,2024-09-15,Tottenham,Arsenal,0,1,2,E0,E0,Tottenham,Arsenal,1.0,2.4,2.43,3.49,3.0,3.46,3.13,0.0,0.25,2.41,1.58,2.33,2.0,1.84,2.37,1.61,2.53,1.88,2.01,3.51,2.77,3.59,2.99,2.38,1.57,2.3,2.02,1.88,2.3,1.62,2.6,1.92,2.01,3.4,2.7,3.5,3.0,2.3,2.4,3.4,2.75,3.6,2.5,1.65,2.4,2.08,1.9,2.5,1.65,2.66,1.95,2.05,3.6,2.84,3.75,3.1,2.9,2.25,2.5,3.5,2.7,3.7,2.95,2.5,1.66,2.4,2.05,1.93,2.45,1.68,2.63,1.93,2.09,3.75,3.0,3.75,3.13,2.44,1.59,2.02,1.86,2.29,1.68,1.89,2.01,2.32,2.63,3.49,2.77,3.62,3.03,2.3,2.5,3.75,2.62,3.6,3.0,6.0,10.0,0.0,7.0,4.0,3.0,7.0,13.0,0.0,15.0,5.0,0.0,0.0,5.0
6,13,2024-09-14,Sociedad,Real Madrid,0,2,2,SP1,SP1,Sociedad,Real Madrid,1.0,1.75,1.74,3.8,5.19,3.98,5.23,0.75,0.75,1.87,1.96,1.7,1.89,1.94,1.85,1.99,1.76,1.97,1.87,3.73,4.79,3.87,5.07,1.9,2.0,1.67,1.92,1.98,1.88,2.02,1.73,2.01,1.92,3.7,4.75,3.9,4.75,1.67,1.73,3.5,4.5,3.9,1.92,2.04,1.73,1.94,2.03,1.94,2.04,1.81,2.05,1.94,3.8,5.3,4.0,5.6,5.0,1.72,1.77,3.6,4.6,3.75,4.8,1.93,2.03,1.75,1.93,1.99,1.91,2.04,1.83,2.06,1.97,3.87,5.19,4.01,5.5,1.87,2.0,1.91,1.97,1.88,2.04,2.01,1.92,1.69,1.77,3.77,5.03,3.82,5.32,1.7,1.75,3.7,4.8,3.7,5.0,6.0,9.0,0.0,16.0,7.0,1.0,6.0,12.0,0.0,11.0,2.0,0.0,0.0,4.0
6,14,2024-09-15,Girona,Barcelona,1,4,2,SP1,SP1,Girona,Barcelona,1.0,1.9,1.73,4.19,4.71,4.21,3.98,0.75,0.5,2.53,1.52,1.84,1.83,2.03,2.87,1.43,1.74,1.92,1.93,4.21,4.3,3.97,4.05,2.5,1.53,1.8,1.78,2.03,2.75,1.44,1.73,1.95,1.98,4.1,4.33,3.8,4.2,1.8,1.7,3.9,4.5,3.9,2.72,1.57,1.89,1.89,2.11,3.1,1.47,1.81,2.0,1.98,4.3,4.5,4.1,4.3,4.2,1.85,1.73,4.1,4.2,3.9,3.8,2.63,1.55,1.9,1.87,2.08,3.04,1.48,1.8,2.0,2.01,4.5,4.71,4.21,4.3,2.56,1.54,1.83,2.06,2.91,1.43,1.96,1.96,1.83,1.76,4.23,4.4,3.93,4.2,1.85,1.67,4.5,4.33,3.9,3.9,6.0,4.0,1.0,20.0,9.0,2.0,1.0,13.0,0.0,9.0,4.0,2.0,0.0,3.0
6,15,2024-09-15,Atalanta,Fiorentina,3,2,1,I1,I1,Atalanta,Fiorentina,1.0,4.24,4.83,3.5,1.86,3.97,1.89,-0.5,-0.75,2.12,1.74,4.24,1.79,2.03,1.95,1.87,4.38,2.01,1.86,3.58,1.85,3.81,1.83,2.1,1.73,4.5,1.83,2.07,2.01,1.89,4.75,2.09,1.84,3.5,1.8,3.6,1.8,4.4,4.33,3.5,1.8,3.75,2.24,1.77,4.6,1.86,2.12,2.04,1.96,5.0,2.11,1.89,3.65,1.89,3.9,1.88,1.83,4.2,4.2,3.6,1.85,3.75,1.8,2.21,1.8,4.5,1.83,2.09,2.05,1.92,4.83,2.11,1.9,3.78,1.93,3.98,1.89,2.14,1.74,1.81,2.07,2.01,1.89,2.08,1.85,4.29,4.65,3.67,1.85,3.85,1.83,4.2,4.4,3.5,1.85,3.75,1.83,2.0,15.0,0.0,13.0,5.0,3.0,4.0,16.0,0.0,13.0,7.0,2.0,3.0,2.0
7,1,2024-09-20,Hatayspor,Bodrumspor,0,1,2,T1,T1,Hatayspor,Bodrumspor,1.0,2.97,3.89,3.1,2.19,3.19,2.66,-0.25,0.0,1.52,2.51,2.91,2.04,1.82,1.51,2.52,3.52,1.95,1.88,3.05,2.23,3.03,2.59,1.5,2.5,2.8,1.91,1.71,1.5,2.5,3.5,1.98,1.88,3.2,2.15,3.1,2.63,2.88,2.9,2.9,2.5,3.0,1.58,2.68,3.15,2.14,1.84,1.56,2.72,4.0,2.05,1.91,3.1,2.28,3.1,2.7,2.55,2.9,3.5,3.0,2.2,3.0,2.5,1.57,2.61,3.02,2.13,1.85,1.58,2.64,3.89,2.1,2.01,3.2,2.42,3.2,2.69,1.54,2.61,2.07,1.85,1.54,2.61,1.99,1.91,3.02,3.79,3.06,2.26,3.02,2.69,2.88,3.4,3.2,2.15,3.1,2.5,7.0,13.0,0.0,8.0,1.0,6.0,9.0,11.0,0.0,13.0,2.0,1.0,0.0,2.0
7,2,2024-09-21,Konyaspor,Sivasspor,0,0,0,T1,T1,Konyaspor,Sivasspor,1.0,3.58,4.45,3.5,1.9,3.54,2.16,-0.5,-0.25,1.74,2.07,3.43,1.99,1.81,1.71,2.13,4.33,1.95,1.88,3.37,1.88,3.36,2.12,1.73,2.08,3.4,2.03,1.83,1.7,2.1,4.33,1.95,1.9,3.4,1.85,3.4,2.1,3.75,4.6,3.25,1.83,3.2,1.79,2.14,3.9,2.12,1.84,1.79,2.24,5.2,2.07,1.93,3.45,1.93,3.35,2.16,2.05,3.2,4.2,3.4,1.85,3.3,2.2,1.79,2.16,3.75,2.06,1.88,1.77,2.32,4.75,1.99,1.95,3.5,1.97,3.54,2.25,1.75,2.1,2.06,1.83,1.75,2.17,1.98,1.93,3.57,4.7,3.33,1.92,3.38,2.1,3.4,4.2,3.5,1.83,3.3,2.1,4.0,13.0,0.0,9.0,5.0,4.0,7.0,16.0,0.0,14.0,5.0,0.0,0.0,5.0
7,3,2024-09-21,Fenerbahce,Galatasaray,1,3,2,T1,T1,Fenerbahce,Galatasaray,1.0,3.31,3.53,3.36,2.2,3.91,2.14,-0.25,-0.25,2.32,1.59,3.22,1.98,1.85,2.14,1.7,3.2,1.93,1.9,3.4,2.2,3.58,2.12,2.25,1.62,3.25,1.98,1.88,2.08,1.73,3.25,1.93,1.93,3.25,2.2,3.4,2.15,3.3,3.0,3.2,2.15,3.5,2.3,1.7,3.5,2.09,1.88,2.24,1.78,3.35,1.97,2.02,3.6,2.32,3.75,2.18,2.05,3.1,3.0,3.4,2.2,3.6,2.1,2.45,1.65,3.45,2.05,1.93,2.26,1.77,3.53,1.99,2.0,3.7,2.29,3.91,2.18,2.3,1.65,2.0,1.88,2.18,1.74,1.93,1.98,3.37,3.28,3.42,2.29,3.46,2.15,3.1,3.1,3.7,2.1,3.8,2.05,2.0,23.0,0.0,14.0,8.0,6.0,10.0,13.0,0.0,27.0,12.0,2.0,0.0,3.0
7,4,2024-09-22,Kasimpasa,Antalyaspor,0,0,0,T1,T1,Kasimpasa,Antalyaspor,1.0,3.86,4.21,3.96,1.83,3.97,1.94,-0.5,-0.5,2.26,1.62,3.77,1.93,1.88,2.34,1.59,3.97,1.98,1.85,3.78,1.84,3.76,1.88,2.25,1.62,3.8,1.95,1.9,2.35,1.57,4.1,2.03,1.78,3.9,1.8,3.75,1.9,3.9,4.2,3.7,1.75,3.5,2.26,1.62,4.1,,,2.48,1.66,4.5,2.11,1.89,3.95,1.89,3.7,1.96,1.91,3.8,3.8,3.75,1.82,3.75,1.85,2.38,1.69,3.94,2.02,1.95,2.42,1.66,4.39,2.08,1.89,4.0,1.92,3.97,1.94,2.26,1.65,1.94,1.91,2.42,1.61,2.06,1.85,3.86,4.39,3.77,1.85,3.76,1.89,3.7,3.8,4.0,1.8,3.8,1.85,1.0,18.0,0.0,4.0,2.0,6.0,3.0,18.0,1.0,13.0,3.0,0.0,0.0,1.0
7,5,2024-09-22,Rizespor,Samsunspor,0,1,2,T1,T1,Rizespor,Samsunspor,1.0,3.0,2.79,3.29,2.68,3.54,2.44,0.0,-0.25,1.85,1.93,2.91,1.79,2.04,1.76,2.05,2.61,1.89,1.97,3.23,2.73,3.36,2.36,1.88,1.98,2.9,1.8,2.05,1.75,2.05,2.63,1.88,1.98,3.2,2.7,3.5,2.3,2.9,2.63,3.1,2.7,3.3,1.86,1.94,3.2,,,1.82,2.16,2.82,1.96,2.01,3.3,2.86,3.3,2.44,2.3,2.85,2.55,3.2,2.7,3.4,2.35,1.91,2.0,3.02,1.84,2.11,1.85,2.26,2.79,1.95,2.02,3.35,2.94,3.54,2.45,1.86,1.97,1.79,2.08,1.76,2.14,1.9,2.01,2.99,2.69,3.24,2.84,3.32,2.41,2.88,2.5,3.3,2.7,3.5,2.3,0.0,11.0,0.0,9.0,2.0,2.0,3.0,13.0,0.0,13.0,2.0,0.0,0.0,2.0
7,6,2024-09-22,Ad. Demirspor,Alanyaspor,0,2,2,T1,T1,Ad. Demirspor,Alanyaspor,1.0,2.28,2.26,3.59,3.18,3.8,3.08,0.25,0.25,2.21,1.65,2.24,1.94,1.86,2.16,1.68,2.21,1.92,1.91,3.51,3.1,3.56,2.96,2.2,1.65,2.25,1.92,1.82,2.15,1.67,2.2,1.95,1.9,3.5,3.1,3.5,3.0,2.2,2.15,3.5,3.1,3.5,2.24,1.68,2.36,,,2.3,1.76,2.32,2.01,1.98,3.75,3.3,3.5,3.05,3.0,2.3,2.2,3.5,2.95,3.6,2.75,2.3,1.71,2.3,2.04,1.92,2.26,1.75,2.27,2.0,1.95,3.7,3.23,3.8,3.13,2.22,1.67,1.97,1.88,2.21,1.72,1.97,1.93,2.26,2.27,3.54,3.23,3.53,3.08,2.2,2.15,3.7,3.0,3.7,2.9,6.0,10.0,0.0,12.0,5.0,3.0,6.0,9.0,0.0,8.0,1.0,2.0,0.0,1.0
7,7,2024-09-22,Besiktas,Eyupspor,2,1,1,T1,T1,Besiktas,Eyupspor,1.0,7.39,6.82,5.27,1.43,4.88,1.46,-1.25,-1.25,2.2,1.65,6.93,1.86,1.94,2.56,1.5,6.63,1.93,1.9,4.88,1.42,4.68,1.42,2.15,1.67,6.0,1.84,1.89,2.6,1.48,6.25,1.98,1.88,5.0,1.4,4.75,1.44,7.5,6.5,4.6,1.4,4.75,2.24,1.68,7.4,,,2.76,1.55,8.0,2.04,1.94,5.2,1.45,5.6,1.44,1.36,6.75,6.25,4.8,1.42,4.75,1.42,2.3,1.71,7.8,1.93,2.05,2.75,1.59,7.13,2.03,2.02,5.27,1.49,5.0,1.46,2.23,1.67,1.91,1.94,2.66,1.51,2.01,1.89,7.55,7.13,5.16,1.42,4.77,1.4,7.0,6.5,5.0,1.4,4.6,1.4,4.0,14.0,0.0,10.0,3.0,4.0,8.0,11.0,0.0,16.0,6.0,0.0,1.0,1.0
7,8,2024-09-23,Gaziantep,Trabzonspor,0,0,0,T1,T1,Gaziantep,Trabzonspor,1.0,2.19,2.21,3.59,3.28,3.62,3.41,0.25,0.25,1.9,1.88,2.16,1.85,1.95,2.03,1.78,2.24,1.94,1.89,3.42,3.11,3.39,3.27,1.95,1.9,2.15,1.88,1.98,2.08,1.73,2.25,1.98,1.88,3.5,3.0,3.4,3.3,2.2,2.2,3.3,3.1,3.3,,,2.2,,,2.2,1.81,2.34,2.02,1.96,3.6,3.3,3.5,3.3,3.1,2.15,2.25,3.4,2.95,3.5,3.1,1.96,1.95,2.22,1.95,2.0,2.17,1.85,2.34,2.02,1.94,3.59,3.39,3.62,3.47,1.92,1.92,1.88,1.98,2.13,1.78,2.02,1.89,2.18,2.33,3.5,3.16,3.32,3.44,2.1,2.2,3.5,3.0,3.5,3.2,2.0,12.0,0.0,10.0,3.0,4.0,9.0,15.0,0.0,12.0,4.0,0.0,0.0,5.0
7,9,2024-09-23,Goztep,Kayserispor,3,0,1,T1,T1,Goztep,Kayserispor,1.0,4.26,4.75,3.87,1.76,3.9,1.87,-0.75,-0.5,2.0,1.79,4.11,1.99,1.83,2.04,1.77,4.32,1.83,2.01,3.73,1.78,3.67,1.83,2.05,1.75,4.2,2.03,1.83,2.08,1.73,4.5,1.85,2.0,3.8,1.75,3.7,1.83,4.1,4.33,3.5,1.7,3.7,,,4.6,,,2.16,1.82,5.0,1.93,2.06,3.9,1.83,3.75,1.84,1.8,3.9,4.2,3.7,1.77,3.6,1.85,2.13,1.85,4.33,2.07,1.91,2.17,1.83,4.75,1.92,2.08,3.87,1.84,3.9,1.9,2.02,1.81,2.03,1.83,2.12,1.78,1.88,2.02,4.29,4.62,3.84,1.79,3.69,1.83,4.0,4.2,3.8,1.75,3.75,1.8,4.0,10.0,0.0,8.0,3.0,2.0,6.0,14.0,0.0,18.0,8.0,0.0,2.0,2.0
7,10,2024-09-21,Werder Bremen,Bayern Munich,0,5,2,D1,D1,Werder Bremen,Bayern Munich,1.0,1.4,1.32,5.98,9.3,5.77,7.8,1.75,1.5,3.11,1.36,1.36,1.95,1.91,3.27,1.34,1.3,2.01,1.85,6.0,9.06,5.57,7.74,3.2,1.36,1.36,1.99,1.94,3.2,1.36,1.33,2.07,1.86,5.75,8.5,5.5,8.0,1.33,1.25,6.0,9.0,5.5,3.4,1.4,1.37,2.01,1.94,3.55,1.38,1.32,2.08,1.9,6.8,10.0,6.2,8.6,8.0,1.36,1.31,6.0,8.25,5.5,7.25,3.3,1.4,1.4,2.0,1.97,3.4,1.38,1.34,2.09,1.89,6.3,11.0,5.9,8.5,3.11,1.39,1.97,1.93,3.34,1.35,2.08,1.85,1.36,1.32,6.08,9.26,5.6,7.92,1.3,1.25,6.0,11.0,5.8,8.5,4.0,13.0,0.0,25.0,7.0,3.0,1.0,4.0,0.0,0.0,0.0,2.0,0.0,0.0
7,11,2024-09-22,Stuttgart,Dortmund,5,1,1,D1,D1,Stuttgart,Dortmund,1.0,2.91,2.92,3.8,2.35,4.16,2.32,-0.25,-0.25,2.79,1.43,2.86,1.84,1.99,2.8,1.44,2.92,1.85,2.01,3.77,2.3,3.82,2.31,2.75,1.44,2.9,1.87,2.06,2.75,1.44,3.0,1.88,2.05,3.75,2.25,3.75,2.3,2.88,2.88,3.6,2.2,3.9,2.98,1.47,2.98,1.9,2.08,3.0,1.48,3.1,1.93,2.06,3.9,2.36,4.0,2.38,2.3,2.75,2.85,3.7,2.3,3.8,2.3,2.93,1.46,2.99,1.87,2.06,3.0,1.47,3.02,1.9,2.08,3.87,2.37,4.16,2.36,2.87,1.45,1.87,2.04,2.81,1.47,1.89,2.04,2.94,2.99,3.81,2.32,3.8,2.32,2.88,2.9,3.7,2.25,3.8,2.25,4.0,6.0,0.0,6.0,3.0,3.0,6.0,10.0,0.0,16.0,9.0,0.0,2.0,1.0
7,12,2024-09-22,Man City,Arsenal,2,2,0,E0,E0,Man City,Arsenal,1.0,4.63,5.37,3.59,1.77,3.71,1.85,-0.75,-0.75,1.82,2.02,4.52,1.79,2.06,1.85,2.0,4.98,1.85,2.02,3.58,1.78,3.62,1.83,1.86,2.04,4.5,1.83,2.07,1.85,2.05,5.0,1.87,2.06,3.5,1.75,3.6,1.8,4.75,5.0,3.4,1.73,3.5,1.86,2.14,4.9,1.85,2.15,1.91,2.08,5.1,1.89,2.1,3.7,1.84,3.65,1.88,1.83,4.6,4.8,3.5,1.8,3.6,1.8,1.87,2.08,4.75,1.83,2.11,1.9,2.07,5.37,1.89,2.11,3.75,1.83,3.75,1.87,1.85,2.05,1.79,2.11,1.88,2.03,1.87,2.06,4.54,4.91,3.66,1.81,3.66,1.85,4.5,5.0,3.5,1.75,3.5,1.85,2.0,10.0,1.0,5.0,3.0,4.0,8.0,7.0,0.0,33.0,11.0,2.0,1.0,3.0
7,13,2024-09-22,Villarreal,Barcelona,1,5,2,SP1,SP1,Villarreal,Barcelona,1.0,1.92,1.89,3.89,4.09,4.37,3.76,0.5,0.5,2.94,1.4,1.87,1.87,1.99,2.91,1.41,1.9,1.89,1.98,4.01,3.76,4.09,3.74,3.0,1.4,1.85,1.89,2.01,3.0,1.4,1.85,1.9,2.03,3.9,3.9,3.9,3.9,1.85,1.87,3.9,3.7,4.0,3.1,1.45,1.9,1.9,2.09,3.2,1.44,1.94,1.94,2.05,4.1,4.0,4.2,4.1,3.9,1.83,1.88,3.9,3.7,4.0,3.8,3.12,1.42,1.92,1.9,2.04,3.03,1.44,1.95,1.93,2.04,4.2,4.09,4.37,3.95,2.99,1.42,1.88,2.02,3.03,1.41,1.89,2.03,1.88,1.88,4.15,3.87,4.05,3.9,1.85,1.85,3.9,3.9,4.2,3.7,3.0,12.0,0.0,17.0,10.0,1.0,7.0,12.0,0.0,13.0,4.0,2.0,1.0,6.0
7,14,2024-09-21,Juventus,Napoli,0,0,0,I1,I1,Juventus,Napoli,1.0,3.52,3.21,3.37,2.46,3.48,2.26,-0.25,-0.25,1.69,2.2,3.44,1.94,1.88,1.63,2.3,3.17,1.81,2.03,3.17,2.41,3.29,2.22,1.67,2.2,3.3,1.99,1.94,1.62,2.3,3.1,1.84,2.09,3.2,2.38,3.4,2.2,3.5,3.0,2.9,2.38,3.25,1.73,2.26,3.6,1.99,1.99,1.69,2.42,3.3,1.85,2.16,3.2,2.56,3.35,2.34,2.2,3.5,3.1,3.1,2.4,3.3,2.15,1.75,2.26,3.55,2.01,1.95,1.69,2.38,3.35,1.91,2.13,3.37,2.51,3.48,2.29,1.7,2.24,1.97,1.93,1.65,2.36,1.81,2.13,3.49,3.21,3.15,2.51,3.28,2.26,3.4,3.0,3.2,2.45,3.3,2.2,3.0,13.0,0.0,8.0,1.0,0.0,4.0,10.0,0.0,9.0,1.0,0.0,0.0,1.0
7,15,2024-09-22,Inter,Milan,1,2,2,I1,I1,Inter,Milan,1.0,5.12,5.55,3.96,1.67,4.25,1.71,-0.75,-0.75,2.26,1.65,5.02,2.01,1.81,2.14,1.73,5.17,2.0,1.86,3.88,1.69,4.08,1.66,2.2,1.67,5.25,2.08,1.85,2.1,1.73,5.25,2.07,1.86,3.9,1.67,4.0,1.65,5.0,5.0,3.75,1.67,4.0,2.38,1.68,5.5,2.09,1.88,2.24,1.79,5.9,2.09,1.91,4.0,1.71,4.2,1.71,1.67,5.0,4.8,3.8,1.7,4.0,1.66,2.33,1.71,5.3,2.11,1.85,2.21,1.78,5.72,2.07,1.91,4.0,1.73,4.25,1.71,2.31,1.66,2.08,1.84,2.17,1.76,2.07,1.86,5.25,5.72,3.87,1.68,4.11,1.66,5.0,5.5,3.7,1.67,4.0,1.67,2.0,4.0,0.0,16.0,8.0,1.0,6.0,13.0,0.0,13.0,4.0,1.0,1.0,4.0
8,1,2024-09-27,Sivasspor,Buyuksehyr,1,2,2,T1,T1,Sivasspor,Buyuksehyr,1.0,2.53,2.49,3.34,2.98,3.42,2.96,0.0,0.0,1.74,2.08,2.5,1.81,2.08,1.7,2.13,2.52,1.83,2.05,3.2,2.85,3.24,2.85,1.7,2.1,2.5,1.8,2.05,1.7,2.1,2.5,1.83,2.03,3.25,2.8,3.25,2.8,2.45,2.5,3.1,2.8,3.1,1.78,2.22,2.6,1.82,2.14,1.8,2.22,2.66,1.87,2.11,3.3,3.0,3.35,3.05,2.88,2.45,2.45,3.2,2.8,3.2,2.8,1.8,2.17,2.58,1.83,2.16,1.76,2.32,2.64,1.87,2.08,3.35,2.98,3.42,2.96,1.76,2.14,1.83,2.09,1.74,2.19,1.85,2.06,2.58,2.64,3.19,2.94,3.28,2.93,2.45,2.45,3.3,2.75,3.3,2.75,3.0,11.0,0.0,13.0,4.0,4.0,2.0,12.0,0.0,10.0,3.0,1.0,0.0,1.0
8,2,2024-09-28,Samsunspor,Goztep,4,3,1,T1,T1,Samsunspor,Goztep,1.0,4.07,4.26,3.25,2.03,3.52,2.02,-0.5,-0.5,1.66,2.19,4.01,1.87,1.96,1.64,2.23,4.0,1.81,2.03,3.2,2.01,3.32,1.96,1.67,2.15,3.9,1.88,1.98,1.62,2.25,4.0,1.83,2.03,3.3,1.95,3.3,1.95,4.0,4.1,3.1,1.95,3.3,1.7,2.26,4.5,1.94,2.02,1.7,2.36,4.4,1.9,2.06,3.35,2.06,3.35,2.0,1.91,4.0,3.9,3.2,1.98,3.25,1.95,1.71,2.28,4.25,1.92,2.05,1.67,2.31,4.33,1.89,2.12,3.4,2.06,3.52,2.02,1.67,2.24,1.88,2.01,1.67,2.29,1.86,2.05,4.23,4.33,3.19,2.04,3.28,2.01,4.0,3.7,3.4,2.0,3.4,1.91,3.0,9.0,0.0,9.0,4.0,2.0,6.0,6.0,0.0,22.0,11.0,2.0,1.0,0.0
8,3,2024-09-28,Alanyaspor,Rizespor,1,0,1,T1,T1,Alanyaspor,Rizespor,1.0,3.6,3.71,3.41,2.11,3.72,2.09,-0.25,-0.25,1.97,1.83,3.46,2.04,1.78,1.83,1.95,3.51,2.0,1.83,3.3,2.12,3.51,2.06,1.98,1.88,3.5,2.05,1.8,1.88,1.98,3.3,1.95,1.9,3.25,2.2,3.4,2.05,3.4,3.6,3.25,2.0,3.4,2.02,1.92,3.85,2.14,1.81,1.93,2.04,3.7,2.07,1.9,3.45,2.22,3.55,2.1,2.1,3.4,3.4,3.3,2.05,3.5,2.05,2.02,1.92,3.61,2.09,1.85,1.92,2.06,3.82,2.08,1.91,3.5,2.21,3.72,2.11,2.02,1.85,2.07,1.78,1.88,2.01,2.01,1.89,3.55,3.6,3.31,2.21,3.53,2.06,3.4,3.4,3.5,2.05,3.6,2.0,2.0,13.0,0.0,7.0,2.0,3.0,7.0,10.0,0.0,7.0,2.0,0.0,1.0,3.0
8,4,2024-09-28,Galatasaray,Kasimpasa,3,3,0,T1,T1,Galatasaray,Kasimpasa,1.0,10.1,7.77,6.66,1.32,6.69,1.29,-1.75,-1.75,3.26,1.31,9.22,1.94,1.87,3.5,1.29,8.31,1.87,1.97,5.96,1.29,6.48,1.25,3.4,1.33,8.0,1.98,1.88,3.6,1.29,7.0,1.88,1.98,6.25,1.3,6.5,1.27,9.5,9.0,5.5,1.25,7.0,3.35,1.32,10.5,1.97,1.9,4.0,1.32,11.0,1.92,2.05,6.4,1.32,7.4,1.28,1.22,8.75,8.0,6.0,1.3,6.25,1.27,3.6,1.36,10.1,2.0,1.93,3.71,1.33,9.2,1.94,2.04,6.66,1.32,7.0,1.29,3.31,1.33,1.97,1.88,3.71,1.29,1.89,2.0,9.58,9.15,6.09,1.3,6.57,1.24,9.5,8.5,6.0,1.29,6.5,1.25,4.0,7.0,0.0,10.0,6.0,3.0,2.0,11.0,0.0,5.0,3.0,1.0,3.0,2.0
8,5,2024-09-29,Eyupspor,Gaziantep,3,2,1,T1,T1,Eyupspor,Gaziantep,1.0,3.99,4.73,3.82,1.78,3.76,1.96,-0.75,-0.5,1.91,1.88,3.92,1.91,1.91,1.97,1.83,4.79,1.9,1.93,3.74,1.71,3.57,1.9,1.93,1.93,4.1,1.95,1.9,2.0,1.85,4.75,1.93,1.93,3.7,1.7,3.5,1.9,4.33,5.0,3.6,1.67,3.4,1.93,1.86,4.5,2.05,1.92,2.1,1.89,5.6,1.99,1.98,3.85,1.76,3.65,1.92,1.85,3.7,4.6,3.75,1.7,3.5,1.93,1.97,1.96,4.33,2.0,1.97,2.04,1.91,5.2,1.96,2.0,3.95,1.78,3.76,1.96,1.94,1.89,1.95,1.9,2.0,1.88,1.93,1.97,4.06,5.17,3.74,1.74,3.61,1.89,3.8,4.5,3.8,1.7,3.7,1.85,5.0,8.0,0.0,11.0,4.0,4.0,5.0,13.0,0.0,11.0,5.0,1.0,1.0,1.0
8,6,2024-09-29,Trabzonspor,Konyaspor,3,2,1,T1,T1,Trabzonspor,Konyaspor,1.0,4.37,4.63,3.59,1.85,3.65,1.91,-0.5,-0.5,1.74,2.07,4.24,1.95,1.87,1.77,2.04,4.4,2.02,1.85,3.47,1.83,3.45,1.87,1.73,2.08,4.33,1.98,1.88,1.83,2.03,4.33,2.03,1.83,3.5,1.83,3.4,1.85,4.6,4.6,3.3,1.8,3.3,1.77,2.12,4.9,2.03,1.92,1.88,2.12,5.1,2.09,1.9,3.6,1.89,3.45,1.91,1.83,3.9,4.4,3.4,1.8,3.4,1.93,1.79,2.15,4.6,2.0,1.93,1.85,2.12,4.73,2.09,1.9,3.59,1.9,3.65,1.93,1.75,2.11,1.99,1.86,1.85,2.05,2.07,1.85,4.5,4.73,3.56,1.84,3.44,1.85,4.0,4.4,3.5,1.8,3.6,1.85,2.0,7.0,0.0,9.0,4.0,1.0,4.0,11.0,0.0,11.0,4.0,1.0,2.0,4.0
8,7,2024-09-29,Antalyaspor,Fenerbahce,0,2,2,T1,T1,Antalyaspor,Fenerbahce,1.0,1.45,1.48,4.65,6.88,5.03,7.29,1.25,1.25,2.34,1.57,1.4,1.89,1.92,2.2,1.65,1.44,1.98,1.86,4.58,6.6,4.82,6.95,2.3,1.6,1.4,1.9,1.95,2.15,1.67,1.45,2.0,1.85,4.5,6.25,4.75,7.0,1.36,1.4,4.5,7.0,4.75,2.4,1.61,1.43,,,2.3,1.74,1.49,2.05,1.91,4.9,7.8,5.6,7.6,7.0,1.41,1.44,4.5,6.25,4.8,6.5,2.42,1.64,1.45,1.95,1.98,2.33,1.73,1.49,2.07,1.92,5.0,7.02,5.1,7.4,2.4,1.58,1.89,1.96,2.19,1.73,2.03,1.88,1.4,1.48,4.68,6.7,4.96,6.98,1.4,1.44,4.5,6.5,4.8,7.0,5.0,13.0,0.0,14.0,6.0,1.0,2.0,10.0,0.0,10.0,1.0,0.0,0.0,1.0
8,8,2024-09-29,Bodrumspor,Ad. Demirspor,3,1,1,T1,T1,Bodrumspor,Ad. Demirspor,1.0,4.42,4.5,3.72,1.83,3.91,1.84,-0.75,-0.5,1.95,1.84,4.31,2.06,1.79,1.93,1.87,4.41,1.81,2.03,3.64,1.79,3.73,1.78,1.98,1.88,4.5,2.05,1.8,1.95,1.9,4.5,1.83,2.03,3.6,1.75,3.7,1.75,4.5,4.2,3.6,1.8,3.6,1.96,1.83,4.9,,,1.98,2.0,5.2,1.93,2.06,3.8,1.82,3.3,1.79,1.75,4.1,4.2,3.6,1.78,3.6,1.82,2.0,1.92,4.5,2.1,1.83,1.99,2.06,4.75,1.89,2.07,3.73,1.83,3.91,1.84,1.99,1.85,2.09,1.77,1.99,1.9,1.85,2.06,4.48,4.69,3.73,1.81,3.76,1.77,4.2,4.5,3.7,1.73,3.8,1.75,6.0,12.0,0.0,8.0,3.0,5.0,7.0,12.0,0.0,14.0,6.0,0.0,1.0,3.0
8,9,2024-09-30,Kayserispor,Besiktas,0,3,2,T1,T1,Kayserispor,Besiktas,1.0,1.67,1.66,4.2,5.12,4.42,5.03,1.0,1.0,2.35,1.57,1.61,2.03,1.8,2.54,1.5,1.64,2.07,1.8,4.09,4.9,4.25,4.93,2.35,1.57,1.62,2.03,1.83,2.6,1.48,1.62,2.05,1.8,4.2,4.75,4.0,5.0,1.6,1.62,4.0,5.0,4.1,,,1.63,,,2.76,1.55,1.72,2.15,1.85,4.3,5.2,5.0,4.9,5.0,1.57,1.63,4.1,4.6,4.2,5.0,2.43,1.64,1.67,2.08,1.85,2.66,1.55,1.67,2.15,1.86,4.4,5.36,4.5,5.25,2.39,1.59,2.06,1.81,2.66,1.51,2.06,1.86,1.61,1.65,4.13,5.33,4.32,4.96,1.57,1.6,4.2,4.8,4.2,5.0,3.0,11.0,0.0,9.0,5.0,3.0,7.0,12.0,0.0,10.0,4.0,0.0,0.0,4.0
8,10,2024-09-28,Bayern Munich,Leverkusen,1,1,0,D1,D1,Bayern Munich,Leverkusen,1.0,4.53,4.8,4.58,1.66,4.79,1.71,-1.0,-2.5,3.42,1.31,4.22,1.19,4.61,3.3,1.33,4.75,1.86,2.0,4.49,1.64,4.41,1.73,3.5,1.3,4.2,1.19,4.5,3.4,1.33,4.33,1.78,2.03,4.5,1.67,4.33,1.73,4.33,4.6,4.33,1.62,4.33,3.65,1.34,4.5,1.23,5.1,3.65,1.37,4.8,1.88,2.11,4.8,1.71,4.6,1.77,1.73,4.1,4.5,4.4,1.65,4.33,1.72,3.6,1.34,4.53,1.2,5.2,3.56,1.36,5.5,1.98,2.12,4.75,1.68,4.79,1.75,3.33,1.35,,,3.34,1.36,1.85,2.08,4.36,4.75,4.53,1.67,4.34,1.74,4.2,4.75,4.2,1.65,4.33,1.7,1.0,15.0,0.0,3.0,3.0,3.0,6.0,11.0,0.0,18.0,3.0,1.0,1.0,1.0
8,11,2024-09-28,Newcastle,Man City,1,1,0,E0,E0,Newcastle,Man City,1.0,1.63,1.67,4.19,5.17,4.59,5.14,0.75,1.0,2.64,1.49,1.61,1.98,1.88,2.42,1.59,1.67,1.83,2.04,4.2,4.95,4.47,5.09,2.63,1.5,1.6,2.01,1.89,2.38,1.57,1.67,1.88,2.05,4.1,4.75,4.33,5.25,1.57,1.67,4.2,4.75,4.5,2.84,1.52,1.64,2.06,1.92,2.54,1.63,1.71,1.91,2.08,4.4,5.1,4.7,5.6,5.0,1.61,1.65,4.2,5.0,4.33,5.0,2.8,1.53,1.63,2.05,1.94,2.49,1.63,1.7,1.89,2.11,4.35,5.5,4.7,5.3,2.67,1.5,1.96,1.93,2.42,1.62,1.88,2.04,1.6,1.69,4.23,4.9,4.54,5.18,1.62,1.7,4.0,4.8,4.33,5.0,6.0,10.0,0.0,16.0,6.0,4.0,5.0,14.0,0.0,11.0,4.0,1.0,0.0,4.0
8,12,2024-09-28,Chelsea,Brighton,4,2,1,E0,E0,Chelsea,Brighton,1.0,4.39,4.5,4.3,1.74,4.33,1.76,-0.75,-0.75,2.58,1.5,4.35,1.93,1.92,2.71,1.48,4.26,1.91,1.95,4.18,1.77,4.23,1.74,2.63,1.5,4.2,1.95,1.95,2.75,1.44,4.0,1.9,2.03,4.2,1.75,4.2,1.73,4.5,4.33,4.2,1.75,4.2,2.78,1.54,4.7,2.01,1.96,2.94,1.51,4.5,1.95,2.03,4.3,1.82,4.4,1.77,1.7,4.5,4.2,4.1,1.77,4.1,1.71,2.69,1.54,4.5,2.01,1.98,2.88,1.53,4.5,1.94,2.04,4.3,1.81,4.35,1.77,2.66,1.51,1.95,1.95,2.77,1.48,1.89,2.04,4.32,4.15,4.2,1.81,4.3,1.75,4.33,4.33,4.2,1.75,4.2,1.75,2.0,8.0,0.0,15.0,5.0,2.0,8.0,11.0,0.0,15.0,7.0,2.0,4.0,3.0
8,13,2024-09-29,Man United,Tottenham,0,3,2,E0,E0,Man United,Tottenham,1.0,2.75,3.46,4.0,2.04,4.13,2.38,-0.25,-0.25,2.87,1.42,2.77,1.8,2.05,2.86,1.44,3.24,2.02,1.85,3.86,2.11,3.89,2.36,2.75,1.44,2.75,1.82,2.08,2.75,1.44,3.2,2.06,1.87,3.9,2.05,3.75,2.35,2.75,3.25,3.7,2.05,3.9,3.05,1.46,2.86,1.85,2.15,3.05,1.47,3.45,2.11,1.89,3.95,2.16,4.0,2.46,2.38,2.8,3.25,3.8,2.1,3.9,2.3,3.07,1.45,2.8,1.85,2.12,2.96,1.46,3.46,2.12,1.91,4.0,2.16,4.13,2.42,2.88,1.45,1.79,2.12,2.91,1.45,2.04,1.89,2.75,3.27,3.89,2.12,3.9,2.42,2.75,3.25,3.7,2.15,4.0,2.3,3.0,14.0,0.0,24.0,10.0,3.0,5.0,16.0,1.0,11.0,2.0,1.0,0.0,5.0
8,14,2024-09-29,Ath Madrid,Real Madrid,1,1,0,SP1,SP1,Ath Madrid,Real Madrid,1.0,2.59,2.57,3.21,3.03,3.52,2.9,0.0,0.0,2.06,1.79,2.52,1.84,2.04,1.84,2.0,2.62,1.88,2.01,3.2,2.86,3.44,2.79,2.0,1.8,2.5,1.85,2.05,1.82,2.08,2.63,1.93,2.0,3.1,2.75,3.3,2.8,2.5,2.55,3.1,2.8,3.4,2.1,1.86,2.62,1.89,2.1,1.87,2.12,2.78,1.95,2.04,3.3,2.92,3.6,2.92,2.8,2.45,2.6,3.1,2.8,3.5,2.7,2.16,1.85,2.61,1.86,2.09,1.92,2.13,2.75,1.93,2.06,3.34,3.03,3.6,2.95,2.07,1.82,1.86,2.05,1.84,2.08,1.92,1.99,2.57,2.75,3.2,2.84,3.47,2.81,2.5,2.6,3.2,2.88,3.4,2.8,5.0,11.0,0.0,12.0,4.0,1.0,5.0,11.0,1.0,12.0,4.0,0.0,0.0,3.0
8,15,2024-09-28,Udinese,Inter,2,3,2,I1,I1,Udinese,Inter,1.0,1.53,1.47,4.6,7.42,4.66,6.73,1.25,1.0,2.1,1.76,1.5,1.8,2.07,2.14,1.73,1.45,1.98,1.87,4.57,7.54,4.45,6.73,2.1,1.73,1.48,1.81,2.09,2.1,1.73,1.45,2.04,1.89,4.5,7.0,4.33,7.0,1.5,1.4,4.5,7.5,4.5,2.16,1.81,1.53,1.85,2.11,2.26,1.77,1.47,2.06,1.93,4.8,8.6,4.6,7.4,7.0,1.51,1.44,4.5,7.0,4.33,6.25,2.16,1.82,1.53,1.85,2.12,2.31,1.79,1.47,2.07,1.93,4.75,8.2,4.66,7.3,2.12,1.77,1.79,2.12,2.19,1.74,2.02,1.9,1.48,1.45,4.64,7.8,4.52,7.07,1.5,1.44,4.5,7.5,4.33,6.5,3.0,6.0,0.0,16.0,7.0,0.0,7.0,13.0,0.0,10.0,3.0,2.0,1.0,1.0
9,1,2024-10-04,Rizespor,Antalyaspor,2,1,1,T1,T1,Rizespor,Antalyaspor,1.0,4.83,4.0,3.88,1.89,3.95,1.77,-0.5,-0.75,2.08,1.73,4.47,1.87,1.95,2.06,1.75,4.08,1.97,1.86,3.62,1.86,3.76,1.75,2.08,1.73,4.33,1.88,1.98,2.08,1.73,3.9,1.98,1.88,3.7,1.85,3.8,1.73,4.5,4.2,3.4,1.87,3.6,2.16,1.84,4.9,1.91,2.05,2.16,1.84,4.4,2.01,1.98,3.7,1.98,3.9,1.83,1.73,4.33,4.0,3.6,1.83,3.75,1.75,2.15,1.79,4.85,1.94,2.02,2.16,1.81,4.4,2.02,1.94,3.88,1.94,3.95,1.79,2.11,1.78,1.91,1.99,2.09,1.79,2.0,1.91,4.85,4.29,3.62,1.9,3.79,1.77,4.6,4.2,3.7,1.8,3.75,1.7,3.0,10.0,0.0,16.0,3.0,2.0,3.0,13.0,0.0,7.0,2.0,0.0,2.0,6.0
9,2,2024-10-05,Kasimpasa,Bodrumspor,0,0,0,T1,T1,Kasimpasa,Bodrumspor,1.0,3.93,4.62,3.59,1.85,3.7,2.0,-0.75,-0.5,1.85,1.94,3.82,1.86,1.97,1.85,1.94,4.41,1.8,2.05,3.53,1.81,3.45,1.97,1.85,2.0,4.0,1.75,2.05,1.88,1.98,4.5,1.78,2.03,3.5,1.8,3.4,1.95,3.9,4.33,3.5,1.8,3.4,1.89,1.94,4.3,1.96,2.0,1.92,2.04,5.2,1.86,2.13,3.65,1.87,3.5,2.0,1.91,3.75,4.4,3.5,1.8,3.4,1.95,1.91,2.05,4.0,1.93,2.05,1.93,2.01,4.9,1.85,2.11,3.65,1.85,3.7,2.06,1.88,1.98,1.89,1.99,1.9,1.98,1.83,2.09,3.96,4.87,3.54,1.83,3.52,1.98,3.8,4.2,3.6,1.8,3.5,1.91,0.0,15.0,1.0,4.0,1.0,4.0,5.0,9.0,0.0,20.0,5.0,0.0,0.0,0.0
9,3,2024-10-05,Goztep,Sivasspor,3,2,1,T1,T1,Goztep,Sivasspor,1.0,4.58,5.35,3.82,1.7,3.83,1.83,-0.75,-0.75,1.86,1.94,4.5,1.82,2.0,1.82,1.98,5.01,1.92,1.91,3.71,1.69,3.62,1.78,1.9,1.95,4.5,1.83,2.03,1.83,2.03,5.0,1.93,1.93,3.6,1.7,3.6,1.75,4.75,4.75,3.5,1.62,3.5,1.91,1.96,5.2,1.88,2.0,1.88,2.1,5.6,2.0,1.96,3.95,1.75,3.75,1.8,1.73,4.33,4.8,3.7,1.68,3.5,1.78,1.95,2.0,4.8,1.88,2.08,1.87,2.12,5.4,1.98,1.99,3.85,1.75,3.83,1.83,1.87,2.0,1.85,2.04,1.86,2.03,1.94,1.96,4.8,5.29,3.7,1.74,3.67,1.79,4.33,5.0,3.75,1.65,3.7,1.75,4.0,6.0,0.0,10.0,6.0,2.0,4.0,17.0,0.0,12.0,4.0,0.0,2.0,3.0
9,4,2024-10-05,Buyuksehyr,Kayserispor,1,1,0,T1,T1,Buyuksehyr,Kayserispor,1.0,5.45,4.8,4.01,1.73,4.27,1.65,-0.75,-1.0,2.07,1.74,5.32,1.81,2.02,2.17,1.67,4.56,1.92,1.91,3.89,1.71,4.1,1.59,2.08,1.73,5.75,1.83,2.03,2.15,1.67,4.5,1.95,1.9,3.9,1.7,4.0,1.57,5.5,4.6,3.8,1.62,4.0,2.16,1.76,6.0,1.84,2.0,2.34,1.74,5.2,2.03,1.96,4.2,1.75,4.4,1.61,1.55,5.0,4.4,3.8,1.71,4.1,1.6,2.15,1.8,5.8,1.89,2.12,2.31,1.77,4.9,1.99,1.95,4.02,1.74,4.3,1.65,2.11,1.74,1.83,2.06,2.27,1.7,1.97,1.93,5.41,4.84,4.02,1.72,4.14,1.59,5.0,4.33,4.0,1.7,4.2,1.57,3.0,17.0,0.0,11.0,4.0,1.0,3.0,12.0,0.0,16.0,8.0,1.0,0.0,1.0
9,5,2024-10-05,Hatayspor,Trabzonspor,1,1,0,T1,T1,Hatayspor,Trabzonspor,1.0,2.13,2.24,3.38,3.41,3.44,3.77,0.25,0.25,1.74,2.08,2.08,1.78,2.05,1.82,1.98,2.29,1.98,1.87,3.25,3.15,3.28,3.63,1.73,2.08,2.05,1.73,2.08,1.88,1.98,2.25,1.98,1.88,3.3,3.2,3.3,3.75,2.1,2.2,3.0,3.1,3.3,1.79,2.12,2.18,1.84,2.14,1.92,2.06,2.4,2.04,1.94,3.35,3.45,3.3,4.0,3.6,2.05,2.3,3.25,3.0,3.25,3.5,1.79,2.19,2.13,1.83,2.17,1.91,2.06,2.4,2.02,1.97,3.38,3.41,3.44,3.82,1.75,2.13,1.81,2.08,1.89,2.0,2.0,1.91,2.1,2.33,3.31,3.32,3.22,3.79,2.05,2.3,3.3,3.0,3.3,3.6,7.0,14.0,0.0,15.0,7.0,6.0,4.0,14.0,0.0,13.0,6.0,0.0,1.0,4.0
9,6,2024-10-06,Konyaspor,Eyupspor,2,1,1,T1,T1,Konyaspor,Eyupspor,1.0,3.41,3.08,3.28,2.46,3.37,2.29,-0.25,-0.25,1.71,2.11,3.33,1.92,1.89,1.77,2.04,3.01,1.78,2.07,3.19,2.41,3.26,2.21,1.7,2.1,3.4,1.93,1.93,1.8,2.05,3.0,1.78,2.1,3.2,2.4,3.2,2.2,3.5,3.0,2.9,2.3,3.3,1.74,2.18,3.6,1.94,1.95,1.85,2.14,3.25,1.85,2.14,3.25,2.52,3.2,2.3,2.1,3.3,2.9,3.25,2.37,3.25,2.15,1.78,2.18,3.5,2.0,1.97,1.83,2.13,3.18,1.82,2.16,3.34,2.49,3.45,2.29,1.71,2.15,1.92,1.93,1.82,2.09,1.81,2.11,3.38,3.17,3.19,2.47,3.22,2.25,3.25,2.9,3.2,2.4,3.3,2.2,2.0,11.0,0.0,7.0,4.0,2.0,5.0,10.0,0.0,12.0,6.0,0.0,0.0,5.0
9,7,2024-10-06,Ad. Demirspor,Samsunspor,1,3,2,T1,T1,Ad. Demirspor,Samsunspor,1.0,1.71,1.7,4.01,5.07,4.22,4.88,0.75,0.75,2.12,1.7,1.7,1.89,1.91,2.14,1.7,1.68,1.86,1.99,3.91,4.76,3.87,4.64,2.1,1.7,1.7,1.93,1.93,2.15,1.67,1.65,1.83,2.03,3.9,5.0,3.8,4.75,1.73,1.6,3.9,4.6,3.8,2.2,1.73,1.75,1.95,2.0,2.26,1.76,1.7,1.89,2.09,4.4,5.3,4.4,4.8,4.6,1.73,1.7,3.8,4.5,3.75,4.33,2.19,1.76,1.75,1.98,1.95,2.21,1.8,1.74,1.91,2.08,4.05,5.09,4.22,4.9,2.15,1.71,1.91,1.94,2.2,1.72,1.88,2.02,1.7,1.69,4.04,5.09,3.87,4.82,1.65,1.65,3.9,4.8,4.0,4.6,5.0,14.0,0.0,6.0,5.0,3.0,5.0,9.0,0.0,15.0,6.0,0.0,1.0,3.0
9,8,2024-10-06,Galatasaray,Alanyaspor,1,0,1,T1,T1,Galatasaray,Alanyaspor,1.0,9.15,8.57,6.46,1.31,6.06,1.33,-1.75,-1.5,2.82,1.4,8.54,2.0,1.83,2.92,1.39,8.78,1.86,1.98,5.89,1.28,5.77,1.3,2.88,1.4,8.0,2.03,1.83,2.88,1.4,8.0,1.88,1.98,6.25,1.29,6.0,1.3,9.5,8.5,5.0,1.25,5.5,3.0,1.43,9.4,,,3.2,1.44,10.0,1.91,2.07,6.2,1.34,7.0,1.32,1.25,7.75,9.0,5.75,1.28,5.5,1.32,2.93,1.43,9.5,2.05,1.92,3.07,1.43,9.87,1.93,2.04,6.46,1.31,6.3,1.33,2.93,1.4,2.04,1.82,3.07,1.39,1.9,1.99,8.72,9.87,6.14,1.28,6.05,1.29,8.5,9.0,5.8,1.29,5.8,1.29,3.0,6.0,0.0,4.0,0.0,3.0,10.0,14.0,0.0,12.0,8.0,0.0,1.0,2.0
9,9,2024-10-06,Gaziantep,Besiktas,1,1,0,T1,T1,Gaziantep,Besiktas,1.0,1.7,1.84,3.93,4.18,4.21,5.03,0.75,0.75,2.09,1.73,1.64,1.82,1.99,2.08,1.73,1.79,2.03,1.82,3.81,4.2,3.99,4.91,2.08,1.73,1.67,1.83,2.03,2.08,1.73,1.75,2.03,1.78,3.8,4.2,3.8,5.0,1.62,1.75,3.5,4.1,3.9,2.14,1.74,1.67,,,2.22,1.8,1.89,2.13,1.86,3.9,4.6,4.2,5.0,5.0,1.65,1.77,3.8,4.1,4.0,4.6,2.16,1.78,1.7,1.9,2.05,2.2,1.81,1.84,2.12,1.86,3.95,4.43,4.21,5.2,2.12,1.74,1.81,2.05,2.2,1.73,2.06,1.85,1.63,1.82,3.91,4.36,4.07,5.13,1.62,1.75,3.8,4.2,4.0,4.8,4.0,14.0,0.0,13.0,3.0,2.0,4.0,14.0,0.0,11.0,5.0,1.0,0.0,4.0
9,10,2024-10-06,Ein Frankfurt,Bayern Munich,3,3,0,D1,D1,Ein Frankfurt,Bayern Munich,1.0,1.57,1.55,4.61,5.87,5.04,5.5,1.0,1.0,3.13,1.35,1.52,1.81,2.04,3.05,1.39,1.53,1.83,2.05,4.71,5.61,4.85,5.51,3.2,1.36,1.53,1.83,2.07,3.0,1.4,1.5,1.78,2.03,4.5,5.75,4.5,5.5,1.5,1.47,4.33,5.0,4.75,3.3,1.4,1.57,1.89,2.08,3.25,1.44,1.57,1.89,2.1,4.9,6.2,5.0,5.8,5.5,1.52,1.53,4.6,5.25,4.75,5.25,3.27,1.38,1.57,1.87,2.09,3.2,1.42,1.55,1.88,2.12,4.9,6.01,5.04,5.9,3.21,1.37,1.84,2.08,3.05,1.41,1.88,2.05,1.52,1.55,4.79,5.64,4.85,5.72,1.5,1.53,4.5,5.5,4.75,5.5,11.0,6.0,0.0,22.0,13.0,1.0,0.0,10.0,0.0,5.0,4.0,2.0,2.0,1.0
9,11,2024-10-06,Lyon,Nantes,2,0,1,F1,F1,Lyon,Nantes,1.0,4.4,5.77,3.95,1.66,4.04,1.85,-0.75,-0.75,2.1,1.76,4.37,1.84,2.0,2.2,1.69,4.95,1.99,1.87,3.94,1.7,3.85,1.8,2.1,1.73,4.75,1.88,2.02,2.2,1.67,5.5,2.08,1.85,3.9,1.65,3.6,1.75,4.5,4.75,3.75,1.62,3.9,2.22,1.77,4.9,1.93,2.04,2.28,1.75,5.4,2.04,1.94,4.1,1.74,3.95,1.81,1.8,4.2,5.0,4.0,1.66,3.8,1.8,2.16,1.81,4.75,1.9,2.04,2.3,1.75,5.77,2.12,1.99,4.1,1.8,4.04,1.85,2.14,1.76,1.87,2.04,2.24,1.71,2.06,1.87,4.43,5.27,4.05,1.68,3.95,1.79,4.2,5.0,3.8,1.67,3.7,1.83,9.0,5.0,0.0,11.0,6.0,2.0,6.0,10.0,0.0,17.0,6.0,0.0,1.0,1.0
9,12,2024-10-06,Aston Villa,Man United,0,0,0,E0,E0,Aston Villa,Man United,1.0,3.08,3.02,3.99,2.23,3.99,2.22,-0.25,-0.25,2.52,1.53,3.06,1.93,1.91,2.73,1.47,3.06,1.95,1.91,3.86,2.2,3.82,2.21,2.5,1.53,3.0,1.95,1.95,2.75,1.44,3.1,2.05,1.88,3.9,2.1,3.75,2.2,3.0,3.0,3.75,2.15,3.8,2.64,1.59,3.2,2.0,1.99,2.88,1.52,3.2,2.02,1.96,4.0,2.24,3.95,2.28,2.2,3.0,3.0,3.8,2.2,3.7,2.2,2.63,1.55,3.2,1.97,1.97,2.88,1.5,3.24,2.05,1.99,3.99,2.25,3.99,2.25,2.57,1.55,1.95,1.95,2.72,1.49,1.96,1.96,3.09,3.13,3.84,2.23,3.87,2.22,3.1,3.0,3.75,2.25,3.7,2.2,3.0,11.0,0.0,10.0,4.0,5.0,6.0,12.0,0.0,11.0,1.0,0.0,0.0,1.0
9,13,2024-10-06,Brighton,Tottenham,3,2,1,E0,E0,Brighton,Tottenham,1.0,2.24,2.19,4.04,3.06,4.18,2.94,0.25,0.25,3.0,1.39,2.23,1.94,1.89,3.03,1.4,2.27,1.99,1.88,3.93,2.89,4.01,2.9,3.0,1.4,2.2,1.97,1.93,3.0,1.4,2.15,1.99,1.94,3.9,2.9,4.0,2.9,2.25,2.2,3.75,2.88,3.9,3.35,1.41,2.34,2.05,1.93,3.25,1.43,2.3,2.06,1.93,4.0,3.1,4.1,3.0,2.88,2.25,2.25,3.8,2.85,4.0,2.85,3.12,1.42,2.28,1.99,1.94,3.14,1.43,2.33,2.03,1.97,4.1,3.06,4.18,2.99,3.0,1.42,1.99,1.92,3.02,1.42,2.03,1.9,2.25,2.3,3.95,2.94,3.99,2.95,2.2,2.3,3.8,2.9,4.0,2.9,7.0,10.0,0.0,13.0,3.0,2.0,4.0,14.0,0.0,11.0,4.0,2.0,0.0,2.0
9,14,2024-10-05,Real Madrid,Villarreal,2,0,1,SP1,SP1,Real Madrid,Villarreal,1.0,10.2,10.0,6.98,1.27,6.81,1.3,-1.75,-1.75,3.42,1.31,9.69,1.96,1.87,3.44,1.31,10.08,1.99,1.86,6.44,1.27,6.6,1.27,3.4,1.33,8.5,2.0,1.9,3.5,1.3,9.0,2.05,1.88,6.5,1.25,6.25,1.27,10.5,9.0,6.0,1.22,6.5,3.7,1.33,10.5,2.02,1.92,3.75,1.35,11.5,2.07,1.9,6.8,1.3,7.0,1.29,1.25,9.5,10.0,6.5,1.25,6.5,1.26,3.6,1.35,10.5,2.02,1.92,3.68,1.33,11.93,2.09,1.94,6.98,1.29,7.0,1.3,3.4,1.33,1.99,1.9,3.48,1.33,2.01,1.89,9.54,10.25,6.56,1.27,6.65,1.27,10.0,10.0,6.0,1.29,6.0,1.29,5.0,11.0,0.0,10.0,1.0,1.0,2.0,7.0,0.0,11.0,2.0,0.0,1.0,0.0
9,15,2024-10-06,Alaves,Barcelona,0,3,2,SP1,SP1,Alaves,Barcelona,1.0,1.62,1.7,4.37,4.65,4.53,5.7,0.75,1.0,2.29,1.64,1.57,1.93,1.91,2.35,1.61,1.7,1.87,1.99,4.16,4.65,4.4,5.5,2.3,1.62,1.57,1.97,1.93,2.38,1.57,1.67,1.88,2.05,4.33,4.5,4.5,5.25,1.57,1.67,3.8,4.33,4.5,2.38,1.67,1.6,1.98,1.95,2.52,1.65,1.78,1.98,1.99,4.2,4.9,4.7,5.8,5.5,1.58,1.68,4.1,4.6,4.33,5.25,2.35,1.7,1.62,1.99,1.96,2.51,1.67,1.75,1.92,2.05,4.37,4.9,4.53,5.8,2.32,1.65,1.97,1.93,2.38,1.64,1.9,2.02,1.58,1.71,4.16,4.89,4.39,5.69,1.57,1.7,4.2,4.6,4.2,5.8,3.0,8.0,0.0,14.0,8.0,2.0,11.0,13.0,0.0,11.0,2.0,3.0,0.0,2.0
11,1,2024-10-19,Kayserispor,Gaziantep,2,2,0,T1,T1,Kayserispor,Gaziantep,1.0,3.27,3.1,3.5,2.34,3.73,2.21,-0.25,-0.25,2.07,1.74,3.19,1.94,1.87,2.02,1.78,2.98,1.83,2.01,3.39,2.32,3.51,2.17,2.08,1.73,3.2,1.95,1.9,2.05,1.75,3.0,1.83,2.03,3.5,2.25,3.5,2.15,3.2,3.0,3.3,2.25,3.4,2.16,1.75,3.4,1.98,1.93,2.16,1.83,3.25,1.93,2.05,3.6,2.38,3.6,2.22,2.15,3.0,2.9,3.3,2.3,3.6,2.15,2.17,1.8,3.32,1.98,1.94,2.09,1.84,3.15,1.92,2.11,3.55,2.45,3.73,2.22,2.1,1.77,1.96,1.93,2.09,1.8,1.87,2.04,3.3,3.13,3.44,2.36,3.5,2.22,3.1,2.88,3.5,2.3,3.6,2.15,0.0,12.0,0.0,8.0,3.0,1.0,13.0,11.0,0.0,14.0,4.0,2.0,1.0,3.0
11,2,2024-10-19,Trabzonspor,Buyuksehyr,1,0,1,T1,T1,Trabzonspor,Buyuksehyr,1.0,3.85,3.49,3.36,2.22,3.6,2.05,-0.25,-0.5,1.89,1.9,3.66,1.84,2.0,1.98,1.8,3.55,2.06,1.8,3.37,2.07,3.5,1.99,1.93,1.93,3.6,1.85,2.0,2.0,1.8,3.5,2.03,1.83,3.25,2.1,3.5,2.0,3.75,3.6,3.25,2.05,3.4,1.95,1.89,4.1,1.9,2.08,2.08,1.89,3.9,2.15,1.85,3.5,2.16,3.55,2.08,2.0,3.4,3.5,3.4,2.05,3.4,2.05,1.95,1.96,3.85,1.88,2.05,2.07,1.89,3.76,2.12,1.88,3.55,2.22,3.6,2.05,1.93,1.93,1.87,2.01,2.06,1.84,2.1,1.81,3.78,3.76,3.42,2.1,3.52,1.99,3.7,3.5,3.5,2.0,3.5,1.95,1.0,17.0,0.0,6.0,2.0,4.0,8.0,16.0,0.0,15.0,4.0,0.0,0.0,0.0
11,3,2024-10-19,Antalyaspor,Galatasaray,0,3,2,T1,T1,Antalyaspor,Galatasaray,1.0,1.41,1.51,4.47,6.63,5.41,7.6,1.0,1.5,2.72,1.43,1.37,2.03,1.82,2.46,1.53,1.5,1.81,2.03,4.46,5.99,5.16,7.29,2.7,1.44,1.38,2.03,1.83,2.4,1.53,1.5,1.8,2.05,4.75,5.5,5.25,6.5,1.33,1.44,4.33,6.5,5.0,2.84,1.48,1.39,1.94,1.78,2.62,1.6,1.54,1.87,2.13,4.6,7.2,5.9,7.2,7.5,1.38,1.5,4.4,5.75,5.0,7.0,3.0,1.47,1.41,2.12,1.87,2.55,1.58,1.55,1.86,2.12,4.75,6.63,5.41,8.1,2.79,1.45,2.07,1.81,2.52,1.57,1.85,2.07,1.36,1.51,4.44,6.57,5.27,7.69,1.35,1.5,4.5,5.5,5.0,7.5,7.0,7.0,0.0,14.0,9.0,4.0,5.0,10.0,0.0,12.0,5.0,1.0,0.0,2.0
11,4,2024-10-19,Eyupspor,Goztep,1,0,1,T1,T1,Eyupspor,Goztep,1.0,3.39,3.81,3.55,2.03,3.62,2.2,-0.5,-0.25,1.89,1.9,3.29,1.95,1.85,1.89,1.9,3.64,1.82,2.04,3.46,2.02,3.43,2.15,1.93,1.93,3.2,1.92,1.82,1.93,1.93,3.5,1.83,2.03,3.6,2.0,3.5,2.15,3.2,3.75,3.4,1.95,3.3,1.93,1.95,3.65,2.05,1.9,2.0,1.96,3.95,1.9,2.08,3.65,2.08,3.5,2.2,2.2,3.2,3.5,3.4,2.05,3.4,2.1,1.97,1.98,3.45,2.0,1.91,1.98,1.96,3.9,1.86,2.1,3.6,2.07,3.62,2.2,1.91,1.94,1.98,1.88,1.95,1.93,1.86,2.05,3.36,3.88,3.49,2.04,3.42,2.17,3.25,3.5,3.6,2.0,3.5,2.1,3.0,16.0,0.0,10.0,4.0,2.0,4.0,13.0,0.0,9.0,6.0,0.0,1.0,0.0
11,5,2024-10-20,Sivasspor,Hatayspor,3,2,1,T1,T1,Sivasspor,Hatayspor,1.0,3.46,3.4,3.48,2.2,3.4,2.26,-0.25,-0.25,1.73,2.08,3.32,1.93,1.87,1.72,2.1,3.25,1.9,1.94,3.26,2.25,3.28,2.18,1.7,2.1,3.25,1.89,1.84,1.75,2.05,3.2,1.93,1.93,3.4,2.2,3.4,2.15,3.3,3.3,3.1,2.2,3.3,1.73,2.12,3.8,,,1.82,2.2,3.55,1.99,1.97,3.35,2.32,3.05,2.24,2.15,3.3,3.2,3.25,2.2,3.3,2.15,1.8,2.16,3.46,2.0,1.93,1.79,2.21,3.45,2.0,2.05,3.48,2.41,3.5,2.26,1.72,2.14,1.93,1.93,1.78,2.12,1.95,1.95,3.39,3.45,3.27,2.28,3.23,2.25,3.3,3.2,3.25,2.2,3.3,2.15,7.0,11.0,0.0,9.0,3.0,1.0,8.0,2.0,0.0,14.0,6.0,1.0,1.0,1.0
11,6,2024-10-20,Besiktas,Konyaspor,2,0,1,T1,T1,Besiktas,Konyaspor,1.0,7.41,6.09,4.86,1.5,4.84,1.46,-1.25,-1.25,2.1,1.72,7.22,1.86,1.95,1.98,1.82,6.73,1.8,2.06,4.42,1.46,4.62,1.41,2.1,1.7,6.5,1.9,1.95,2.03,1.83,6.0,1.8,2.05,4.75,1.45,5.0,1.4,7.5,6.5,4.1,1.4,4.6,2.12,1.74,8.0,,,2.14,1.86,7.8,1.83,2.14,4.6,1.51,5.4,1.42,1.36,6.75,6.5,4.33,1.47,4.5,1.43,2.23,1.78,7.9,1.95,2.0,2.07,1.89,7.6,1.84,2.13,4.86,1.5,5.0,1.46,2.1,1.75,1.87,1.99,2.04,1.85,1.83,2.1,7.75,7.27,4.44,1.48,4.63,1.4,7.5,7.0,4.4,1.44,4.6,1.4,5.0,9.0,0.0,11.0,3.0,4.0,9.0,13.0,0.0,16.0,4.0,0.0,2.0,2.0
11,7,2024-10-20,Alanyaspor,Kasimpasa,1,2,2,T1,T1,Alanyaspor,Kasimpasa,1.0,3.13,2.94,3.28,2.56,3.68,2.3,0.0,-0.25,2.02,1.78,3.04,1.87,1.94,1.84,1.96,2.8,2.05,1.83,3.28,2.5,3.47,2.24,2.05,1.75,3.1,1.88,1.98,1.83,2.03,2.88,2.05,1.8,3.2,2.5,3.4,2.25,3.1,2.7,3.0,2.5,3.4,2.04,1.8,3.15,,,1.89,2.08,2.96,2.08,1.92,3.35,2.74,3.45,2.28,2.2,3.1,2.75,3.25,2.5,3.5,2.1,2.13,1.84,3.13,1.91,2.0,1.95,2.11,2.94,2.09,1.86,3.45,2.6,3.68,2.31,2.03,1.81,1.87,1.99,1.84,2.06,2.09,1.83,3.08,2.94,3.26,2.59,3.47,2.29,3.0,2.7,3.4,2.45,3.6,2.2,2.0,9.0,0.0,10.0,3.0,1.0,7.0,10.0,0.0,13.0,4.0,2.0,0.0,4.0
11,8,2024-10-20,Samsunspor,Fenerbahce,2,2,0,T1,T1,Samsunspor,Fenerbahce,1.0,1.87,1.88,3.61,4.41,3.77,4.42,0.5,0.5,1.82,1.98,1.82,1.82,2.01,1.81,1.98,1.9,1.92,1.91,3.46,4.0,3.58,4.24,1.85,2.0,1.85,1.85,2.0,1.85,2.0,1.85,1.93,1.93,3.5,4.1,3.5,4.2,1.8,1.85,3.2,3.9,3.5,1.86,2.0,1.89,,,1.91,2.06,2.0,2.01,1.98,3.55,4.4,3.7,4.6,4.4,1.78,1.9,3.4,3.9,3.6,4.33,1.88,2.04,1.89,1.89,2.09,1.89,2.1,1.95,1.96,2.0,3.61,4.41,3.77,4.42,1.83,2.01,1.85,2.01,1.88,2.01,1.96,1.94,1.84,1.95,3.48,4.27,3.59,4.33,1.8,1.85,3.6,3.9,3.6,4.2,2.0,8.0,0.0,9.0,4.0,5.0,4.0,8.0,0.0,11.0,3.0,1.0,0.0,5.0
11,9,2024-10-21,Bodrumspor,Rizespor,0,1,2,T1,T1,Bodrumspor,Rizespor,1.0,3.07,3.25,3.14,2.44,3.25,2.55,-0.25,-0.25,1.65,2.21,2.97,1.76,2.06,1.64,2.23,3.13,1.81,2.04,3.11,2.4,3.2,2.41,1.65,2.2,3.1,1.7,2.1,1.62,2.25,3.2,1.68,2.15,3.1,2.4,3.2,2.38,3.0,3.1,3.0,2.4,3.0,,,2.98,,,1.68,2.42,3.35,1.86,2.14,3.2,2.54,1.12,1.5,2.4,2.95,3.0,3.1,2.35,3.2,2.37,1.7,2.28,3.1,1.81,2.11,1.67,2.35,3.25,1.85,2.1,3.2,2.48,3.3,2.55,1.67,2.23,1.77,2.11,1.66,2.31,1.83,2.1,2.96,3.24,3.14,2.47,3.3,2.45,3.0,3.0,3.2,2.38,3.2,2.38,0.0,13.0,0.0,6.0,2.0,2.0,5.0,13.0,0.0,13.0,2.0,0.0,0.0,2.0
11,10,2024-10-19,Leverkusen,Ein Frankfurt,2,1,1,D1,D1,Leverkusen,Ein Frankfurt,1.0,6.38,6.48,4.66,1.51,5.3,1.49,-1.25,-1.25,3.06,1.38,6.32,1.92,1.91,2.87,1.42,6.23,1.87,1.99,4.81,1.48,5.04,1.45,3.0,1.4,6.5,1.95,1.95,2.75,1.44,6.5,1.93,2.0,4.5,1.44,4.75,1.44,6.5,6.5,4.6,1.44,5.0,3.25,1.41,7.0,2.02,1.95,3.1,1.46,7.2,1.95,2.03,5.1,1.5,5.4,1.47,1.4,6.0,6.0,4.8,1.47,5.0,1.44,3.17,1.41,6.5,1.96,1.96,3.01,1.45,6.59,1.95,2.04,5.0,1.53,5.3,1.49,3.17,1.38,1.96,1.94,2.87,1.45,1.92,2.01,6.35,6.59,4.95,1.47,5.18,1.45,6.5,6.0,4.6,1.5,4.8,1.44,3.0,5.0,0.0,9.0,2.0,1.0,8.0,9.0,0.0,27.0,9.0,1.0,1.0,2.0
11,11,2024-10-19,Newcastle,Brighton,0,1,2,E0,E0,Newcastle,Brighton,1.0,3.48,4.43,4.08,1.78,4.08,2.03,-0.75,-0.5,2.56,1.51,3.51,1.86,2.0,2.59,1.51,4.6,1.96,1.91,4.08,1.73,3.88,2.01,2.45,1.49,3.6,1.89,2.01,2.5,1.53,4.5,1.98,1.95,4.0,1.73,3.7,1.95,3.6,4.75,3.9,1.7,3.9,2.68,1.56,3.75,1.96,2.02,2.74,1.56,4.9,2.02,1.96,4.3,1.76,4.0,2.02,1.95,3.5,4.5,4.1,1.71,3.75,2.0,2.69,1.54,3.66,1.92,2.04,2.66,1.55,4.9,2.04,1.96,4.25,1.78,4.08,2.05,2.63,1.52,1.88,2.02,2.58,1.55,1.96,1.96,3.55,4.67,4.08,1.75,3.91,2.01,3.5,4.75,4.0,1.7,3.8,2.0,4.0,9.0,0.0,10.0,5.0,2.0,9.0,11.0,0.0,21.0,6.0,1.0,0.0,2.0
11,12,2024-10-20,Liverpool,Chelsea,2,1,1,E0,E0,Liverpool,Chelsea,1.0,4.84,4.58,4.58,1.68,4.69,1.65,-0.75,-1.0,2.93,1.4,4.89,1.85,2.02,3.04,1.39,4.63,2.05,1.83,4.45,1.67,4.39,1.63,3.0,1.4,5.0,1.87,2.03,3.0,1.4,4.2,2.03,1.9,4.33,1.67,4.1,1.62,5.0,4.75,4.5,1.65,4.2,3.1,1.46,5.2,1.89,2.06,3.25,1.44,5.0,2.15,1.85,4.7,1.69,4.5,1.69,1.65,4.75,4.5,4.33,1.68,4.2,1.66,3.07,1.43,5.1,1.91,2.08,3.3,1.42,5.0,2.1,1.92,4.6,1.72,4.69,1.67,3.02,1.41,1.91,2.0,3.02,1.41,2.01,1.92,5.08,4.55,4.4,1.72,4.47,1.62,4.8,4.6,4.33,1.67,4.33,1.65,6.0,13.0,0.0,12.0,2.0,3.0,1.0,12.0,0.0,9.0,5.0,0.0,1.0,4.0
11,13,2024-10-20,Barcelona,Sevilla,5,1,1,SP1,SP1,Barcelona,Sevilla,1.0,9.5,9.04,6.48,1.3,6.07,1.34,-1.75,-1.5,2.72,1.43,8.96,2.0,1.85,3.0,1.4,9.75,1.88,1.98,6.08,1.28,5.81,1.31,2.75,1.44,8.0,2.04,1.86,3.0,1.4,8.0,1.9,2.03,6.0,1.29,5.75,1.3,8.5,9.0,5.5,1.22,6.5,2.94,1.5,9.6,2.03,1.96,3.2,1.44,11.0,1.9,2.08,6.4,1.32,6.6,1.33,1.3,9.0,9.5,6.0,1.28,5.75,1.3,2.9,1.46,10.0,2.05,1.91,3.14,1.43,11.0,1.94,2.06,6.5,1.31,6.5,1.34,2.8,1.46,2.04,1.88,3.0,1.41,1.88,2.02,9.2,10.2,6.13,1.29,5.87,1.32,9.5,9.0,5.8,1.3,5.5,1.3,5.0,14.0,0.0,7.0,1.0,2.0,5.0,6.0,0.0,21.0,9.0,0.0,3.0,1.0
11,14,2024-10-19,Juventus,Lazio,1,0,1,I1,I1,Juventus,Lazio,1.0,4.02,4.06,3.26,2.09,3.44,2.1,-0.25,-0.5,1.68,2.22,3.94,1.83,2.05,1.63,2.31,3.92,2.09,1.79,3.18,2.1,3.31,2.05,1.67,2.2,3.8,1.84,2.06,1.62,2.3,3.75,2.1,1.83,3.2,2.1,3.3,2.05,3.9,3.9,3.0,2.05,3.3,1.71,2.3,4.1,1.86,2.14,1.69,2.44,4.0,2.13,1.86,3.25,2.2,3.4,2.14,2.05,3.8,3.7,3.1,2.1,3.25,2.05,1.73,2.29,4.17,1.85,2.11,1.73,2.43,4.19,2.17,1.86,3.26,2.18,3.44,2.11,1.68,2.27,1.85,2.06,1.66,2.32,2.13,1.8,4.05,4.04,3.24,2.12,3.34,2.05,3.8,4.0,3.2,2.05,3.3,2.05,1.0,9.0,1.0,2.0,1.0,2.0,7.0,16.0,0.0,16.0,3.0,0.0,0.0,4.0
11,15,2024-10-20,Roma,Inter,0,1,2,I1,I1,Roma,Inter,1.0,1.87,1.95,3.49,4.32,3.91,4.45,0.5,0.5,2.1,1.74,1.83,1.83,2.03,2.02,1.82,1.94,1.96,1.9,3.53,4.02,3.8,4.2,2.1,1.73,1.85,1.84,2.06,2.03,1.87,1.95,2.03,1.9,3.4,4.0,3.7,4.2,1.83,1.91,3.4,4.0,3.75,2.18,1.78,1.89,1.89,2.11,2.12,1.87,2.04,2.04,1.95,3.6,4.2,3.95,4.5,4.2,1.83,1.95,3.5,3.8,3.75,4.1,2.18,1.8,1.87,1.87,2.08,2.1,1.88,2.01,2.03,2.0,3.69,4.52,3.96,4.45,2.13,1.78,1.84,2.07,2.03,1.88,2.02,1.9,1.83,2.01,3.48,4.08,3.86,4.31,1.83,2.0,3.6,3.7,3.7,4.33,3.0,13.0,0.0,11.0,6.0,3.0,3.0,12.0,0.0,14.0,3.0,0.0,0.0,2.0
14,1,2024-11-08,Kasimpasa,Kayserispor,1,2,2,T1,T1,Kasimpasa,Kayserispor,1.0,4.01,4.82,3.72,1.78,3.99,1.9,-0.5,-0.5,2.22,1.65,3.89,1.96,1.86,2.07,1.75,4.37,2.05,1.79,3.68,1.79,3.77,1.86,2.2,1.65,4.2,2.0,1.85,2.05,1.75,4.5,2.05,1.75,3.6,1.75,3.6,1.8,4.0,4.4,3.6,1.75,3.7,2.3,1.76,4.3,2.05,1.93,2.12,1.86,4.6,2.1,1.9,3.85,1.9,3.95,1.93,1.83,3.8,4.1,3.7,1.78,3.7,1.85,2.38,1.71,4.2,2.06,1.91,2.14,1.83,4.82,2.13,1.87,3.8,1.85,3.99,1.9,2.27,1.68,2.04,1.87,2.08,1.81,2.08,1.83,4.16,4.55,3.69,1.83,3.87,1.86,3.7,4.2,3.8,1.75,3.8,1.85,4.0,10.0,1.0,10.0,4.0,5.0,7.0,14.0,0.0,16.0,2.0,1.0,0.0,2.0
14,2,2024-11-09,Antalyaspor,Bodrumspor,3,2,1,T1,T1,Antalyaspor,Bodrumspor,1.0,3.25,3.54,3.06,2.34,3.14,2.5,-0.25,-0.25,1.61,2.29,3.06,1.78,2.04,1.59,2.32,3.25,1.85,1.99,3.05,2.36,3.09,2.44,1.62,2.25,3.25,1.65,2.2,1.57,2.35,3.3,1.65,2.2,3.0,2.3,3.0,2.4,2.9,3.0,3.0,2.4,3.0,1.67,2.34,3.4,1.87,2.1,1.68,2.46,3.55,1.9,2.08,3.1,2.48,3.15,2.5,2.45,2.87,3.2,3.1,2.3,3.0,2.5,1.65,2.37,3.27,1.83,2.13,1.66,2.43,3.54,1.97,2.11,3.15,2.45,3.25,2.51,1.63,2.35,1.83,2.08,1.61,2.39,1.86,2.05,3.27,3.41,3.07,2.42,3.08,2.45,3.1,3.2,3.1,2.3,3.1,2.38,5.0,10.0,0.0,11.0,5.0,1.0,4.0,11.0,0.0,13.0,5.0,1.0,3.0,3.0
14,3,2024-11-09,Hatayspor,Gaziantep,3,1,1,T1,T1,Hatayspor,Gaziantep,1.0,2.75,3.08,3.51,2.34,3.54,2.64,-0.25,0.0,1.87,1.92,2.73,1.98,1.86,1.87,1.92,3.08,1.85,1.98,3.34,2.29,3.31,2.54,1.9,1.95,2.75,2.03,1.83,1.93,1.93,3.0,1.88,1.98,3.4,2.25,3.4,2.5,2.7,3.1,3.2,2.25,3.25,1.94,2.0,2.86,2.04,1.91,2.0,1.97,3.3,1.92,2.07,3.4,2.42,3.5,2.68,2.5,2.7,2.95,3.3,2.3,3.25,2.5,1.95,2.0,2.84,2.08,1.92,1.95,2.02,3.25,1.9,2.05,3.51,2.4,3.54,2.65,1.88,1.91,1.96,1.84,1.94,1.94,1.9,2.01,2.74,3.25,3.38,2.33,3.2,2.58,2.62,3.0,3.4,2.25,3.5,2.5,6.0,11.0,1.0,10.0,6.0,2.0,5.0,18.0,0.0,16.0,6.0,1.0,2.0,2.0
14,4,2024-11-09,Ad. Demirspor,Eyupspor,0,1,2,T1,T1,Ad. Demirspor,Eyupspor,1.0,1.71,1.97,3.6,3.99,4.27,4.83,0.5,0.75,2.21,1.65,1.68,1.85,1.95,2.0,1.81,1.95,1.96,1.87,3.58,3.73,4.02,4.65,2.15,1.67,1.7,1.82,1.92,1.88,1.98,2.0,2.03,1.83,3.4,3.75,4.0,4.75,1.62,1.91,3.3,3.6,4.0,2.24,1.67,1.68,1.86,2.06,2.12,1.86,2.08,2.08,1.9,3.65,4.0,4.6,4.8,5.0,1.65,2.0,3.4,3.5,4.0,4.75,2.31,1.69,1.71,1.93,2.07,2.19,2.04,2.09,2.09,1.95,3.82,3.99,4.27,4.83,2.23,1.68,1.9,1.97,1.91,1.97,2.08,1.84,1.68,2.07,3.42,3.88,4.01,4.72,1.65,1.91,3.7,3.6,4.0,4.6,2.0,20.0,0.0,6.0,1.0,3.0,9.0,10.0,0.0,7.0,1.0,1.0,0.0,2.0
14,5,2024-11-09,Rizespor,Trabzonspor,3,1,1,T1,T1,Rizespor,Trabzonspor,1.0,2.53,2.88,3.5,2.49,3.68,2.79,-0.25,0.0,2.03,1.77,2.48,1.83,2.01,2.02,1.78,2.8,1.76,2.1,3.4,2.44,3.47,2.72,2.05,1.75,2.5,1.79,1.94,2.05,1.75,2.9,1.8,2.05,3.4,2.35,3.4,2.7,2.5,2.7,3.2,2.4,3.4,2.08,1.79,2.56,1.82,2.02,2.16,1.84,2.96,1.79,2.24,3.45,2.6,3.5,2.76,2.7,2.4,2.65,3.4,2.5,3.5,2.7,2.09,1.87,2.55,1.89,2.05,2.1,1.89,2.92,1.83,2.17,3.6,2.55,3.68,2.79,2.07,1.79,1.85,2.02,2.1,1.79,1.78,2.14,2.53,2.92,3.47,2.48,3.44,2.75,2.4,2.7,3.6,2.38,3.5,2.7,5.0,17.0,0.0,11.0,3.0,3.0,1.0,14.0,0.0,11.0,6.0,1.0,1.0,2.0
14,6,2024-11-10,Goztep,Konyaspor,2,0,1,T1,T1,Goztep,Konyaspor,1.0,3.85,4.03,3.59,1.97,3.58,2.06,-0.5,-0.5,1.71,2.1,3.67,1.8,2.03,1.79,2.01,3.92,1.86,1.97,3.41,1.96,3.35,2.02,1.7,2.1,3.75,1.83,2.03,1.85,2.0,3.8,1.88,1.98,3.5,1.95,3.5,2.0,3.75,4.0,3.2,1.91,3.3,1.69,2.2,4.2,1.83,2.01,1.79,2.2,4.2,1.89,2.08,3.4,2.08,3.25,2.0,2.0,3.5,3.8,3.3,1.95,3.3,2.05,1.77,2.17,3.88,1.9,2.12,1.91,2.07,4.2,1.92,2.05,3.59,2.02,3.58,2.12,1.69,2.08,1.78,2.0,1.84,2.05,1.92,1.98,3.73,4.15,3.48,1.98,3.25,1.99,3.6,3.8,3.5,1.91,3.4,2.0,6.0,9.0,0.0,12.0,3.0,3.0,5.0,13.0,0.0,17.0,5.0,0.0,0.0,3.0
14,7,2024-11-10,Galatasaray,Samsunspor,3,2,1,T1,T1,Galatasaray,Samsunspor,1.0,7.1,7.44,5.36,1.4,4.99,1.46,-1.5,-1.25,2.33,1.59,6.8,1.9,1.91,2.68,1.46,6.99,1.8,2.05,5.15,1.38,4.85,1.41,2.35,1.57,6.5,1.93,1.93,2.7,1.44,6.5,1.78,2.03,5.0,1.4,4.75,1.42,7.0,7.0,5.0,1.3,5.0,2.42,1.6,7.6,1.93,1.83,2.98,1.49,8.8,1.9,2.08,5.7,1.4,5.7,1.42,1.36,6.25,6.5,5.0,1.39,4.75,1.43,2.4,1.64,7.4,1.98,1.99,2.85,1.5,7.5,1.88,2.11,5.55,1.43,5.1,1.46,2.37,1.6,1.93,1.92,2.84,1.46,1.85,2.07,6.86,7.46,5.55,1.38,5.1,1.4,7.0,7.5,5.0,1.35,4.8,1.4,3.0,13.0,0.0,10.0,5.0,4.0,7.0,13.0,0.0,19.0,7.0,0.0,1.0,3.0
14,8,2024-11-10,Buyuksehyr,Besiktas,0,0,0,T1,T1,Buyuksehyr,Besiktas,1.0,2.43,2.2,3.38,3.5,3.62,2.96,0.25,0.25,1.96,1.83,2.38,2.05,1.77,1.94,1.85,2.15,1.85,1.98,3.38,3.35,3.36,2.87,1.98,1.88,2.38,2.05,1.8,1.98,1.88,2.15,1.85,2.0,3.3,3.4,3.3,3.0,2.38,2.1,3.25,3.2,3.4,1.96,1.88,2.46,,,2.02,1.96,2.24,1.93,2.05,3.6,3.55,3.6,3.0,2.88,2.35,2.1,3.4,3.3,3.4,2.8,2.02,1.89,2.46,2.13,1.83,2.03,1.97,2.21,1.94,2.05,3.54,3.5,3.62,3.0,1.94,1.82,2.07,1.73,2.01,1.88,1.86,2.05,2.4,2.15,3.54,3.5,3.18,2.9,2.38,2.1,3.4,3.3,3.5,2.75,2.0,15.0,0.0,12.0,1.0,3.0,6.0,9.0,0.0,11.0,1.0,0.0,0.0,3.0
14,9,2024-11-10,Fenerbahce,Sivasspor,4,0,1,T1,T1,Fenerbahce,Sivasspor,1.0,13.0,13.5,8.7,1.18,6.94,1.24,-2.0,-2.0,2.59,1.48,12.61,1.82,2.01,2.98,1.38,14.26,2.04,1.8,7.92,1.16,6.91,1.19,2.6,1.48,12.0,1.83,2.03,3.1,1.36,12.0,2.05,1.8,8.0,1.17,7.0,1.2,14.0,13.0,7.5,1.11,7.5,2.68,1.5,13.0,,,3.25,1.42,19.0,2.08,1.86,9.2,1.19,7.8,1.22,1.17,12.0,13.5,7.75,1.17,6.75,1.21,2.7,1.51,14.0,1.87,2.07,3.22,1.41,17.0,2.16,1.84,8.7,1.18,7.5,1.24,2.61,1.49,1.83,2.01,3.08,1.39,2.08,1.83,12.12,14.92,8.5,1.17,7.29,1.19,13.0,15.0,8.0,1.14,7.0,1.18,5.0,15.0,0.0,6.0,1.0,6.0,8.0,11.0,0.0,24.0,8.0,0.0,1.0,1.0
14,10,2024-11-09,Mainz,Dortmund,3,1,1,D1,D1,Mainz,Dortmund,1.0,2.04,1.91,3.68,4.26,4.02,3.63,0.5,0.5,2.4,1.59,2.06,2.05,1.82,2.44,1.56,1.96,1.96,1.9,3.72,3.83,3.74,3.46,2.3,1.62,2.0,2.06,1.84,2.38,1.57,1.95,2.0,1.93,3.6,3.9,3.6,3.5,2.05,1.91,3.6,3.8,3.7,2.48,1.61,2.14,2.14,1.87,2.58,1.62,2.0,2.0,1.98,3.85,4.0,3.85,3.65,3.5,2.05,1.95,3.7,3.6,3.7,3.4,2.5,1.65,2.1,2.1,1.85,2.55,1.59,2.05,2.05,1.97,3.84,4.26,4.02,3.63,2.45,1.6,2.09,1.83,2.55,1.57,2.01,1.91,2.08,2.01,3.8,3.75,3.74,3.48,2.0,1.91,3.8,3.7,3.75,3.5,0.0,5.0,1.0,2.0,1.0,1.0,8.0,17.0,0.0,13.0,9.0,1.0,2.0,3.0
14,11,2024-11-10,Nice,Lille,2,2,0,F1,F1,Nice,Lille,1.0,2.98,3.25,3.33,2.37,3.46,2.57,-0.25,0.0,1.76,2.09,2.9,2.07,1.79,1.8,2.05,3.19,1.86,2.0,3.26,2.35,3.26,2.52,1.73,2.1,2.9,2.1,1.8,1.83,2.07,3.3,1.93,2.0,3.25,2.25,3.2,2.55,2.9,3.2,3.1,2.3,3.25,1.8,2.16,3.05,2.13,1.85,1.89,2.1,3.4,1.93,2.06,3.4,2.4,3.3,2.64,2.5,2.85,3.1,3.25,2.35,3.3,2.45,1.81,2.16,3.01,2.13,1.85,1.85,2.13,3.36,1.94,2.05,3.37,2.4,3.46,2.57,1.78,2.13,2.13,1.81,1.84,2.08,1.89,2.03,3.0,3.3,3.31,2.37,3.26,2.55,2.88,3.2,3.1,2.38,3.3,2.5,2.0,9.0,0.0,13.0,6.0,2.0,6.0,12.0,0.0,17.0,5.0,1.0,0.0,2.0
14,12,2024-11-09,Brighton,Man City,2,1,1,E0,E0,Brighton,Man City,1.0,1.77,1.8,4.1,4.36,4.33,4.33,0.75,0.75,2.5,1.53,1.75,1.93,1.91,2.75,1.47,1.8,2.0,1.87,4.13,4.11,4.17,4.34,2.5,1.53,1.73,1.95,1.95,2.75,1.44,1.8,2.07,1.86,4.0,4.0,4.2,4.1,1.75,1.8,4.1,4.1,4.2,2.68,1.55,1.79,2.0,1.98,2.94,1.51,1.85,2.09,1.9,4.3,4.3,4.4,4.6,4.33,1.77,1.82,4.0,4.0,4.0,4.33,2.63,1.57,1.8,2.0,1.98,2.9,1.53,1.85,2.08,1.93,4.3,4.48,4.33,4.6,2.53,1.56,1.95,1.95,2.74,1.49,2.08,1.85,1.74,1.83,4.15,4.1,4.18,4.49,1.75,1.8,4.0,4.2,4.0,4.4,4.0,10.0,0.0,15.0,6.0,3.0,0.0,12.0,0.0,10.0,4.0,1.0,0.0,3.0
14,13,2024-11-09,Liverpool,Aston Villa,2,0,1,E0,E0,Liverpool,Aston Villa,1.0,6.98,6.17,4.84,1.51,5.35,1.44,-1.25,-1.25,2.83,1.43,6.7,1.97,1.87,2.45,1.57,6.41,1.83,2.04,4.74,1.48,5.26,1.42,2.75,1.44,6.5,2.03,1.87,2.38,1.57,6.25,1.88,2.05,4.75,1.45,5.25,1.42,6.5,6.5,4.75,1.44,5.0,2.98,1.47,7.2,2.06,1.92,2.58,1.63,7.2,1.88,2.13,4.9,1.51,5.5,1.46,1.4,6.25,6.0,4.6,1.5,5.0,1.44,2.98,1.45,7.4,2.06,1.94,2.5,1.61,7.0,1.88,2.12,4.9,1.51,5.5,1.45,2.87,1.44,2.06,1.86,2.49,1.58,1.88,2.06,6.7,7.0,4.9,1.47,5.45,1.42,7.0,6.5,4.5,1.5,4.8,1.44,9.0,15.0,0.0,12.0,2.0,3.0,2.0,11.0,0.0,14.0,5.0,0.0,1.0,0.0
14,14,2024-11-10,Mallorca,Ath Madrid,0,1,2,SP1,SP1,Mallorca,Ath Madrid,1.0,2.26,2.4,3.02,3.54,3.25,3.79,0.25,0.25,1.47,2.64,2.24,1.87,1.96,1.5,2.63,2.4,2.01,1.85,2.95,3.46,3.02,3.74,1.5,2.63,2.2,1.9,2.0,1.44,2.75,2.3,2.05,1.85,2.9,3.4,3.1,3.6,2.25,2.3,2.8,3.3,3.0,1.52,2.78,2.34,1.96,2.02,1.55,2.76,2.46,2.07,1.92,3.05,3.65,3.1,3.95,3.75,2.15,2.4,2.9,3.3,3.1,3.75,1.52,2.79,2.3,1.93,2.04,1.55,2.81,2.47,2.06,1.89,3.05,3.57,3.25,3.9,1.52,2.67,1.93,1.98,1.49,2.78,2.06,1.87,2.29,2.46,2.93,3.57,2.95,3.88,2.2,2.38,3.0,3.4,3.1,3.7,2.0,16.0,0.0,9.0,2.0,3.0,7.0,10.0,0.0,12.0,6.0,0.0,0.0,1.0
14,15,2024-11-10,Atalanta,Udinese,2,1,1,I1,I1,Atalanta,Udinese,1.0,8.0,7.46,4.41,1.49,5.15,1.44,-1.25,-1.25,2.27,1.64,8.11,2.01,1.83,1.96,1.86,7.31,1.81,2.05,4.42,1.46,4.99,1.38,2.3,1.62,7.5,2.05,1.85,1.98,1.92,7.0,1.83,2.1,4.33,1.45,5.0,1.38,9.5,7.5,4.2,1.36,4.75,2.4,1.65,9.0,2.09,1.85,2.04,1.94,8.8,1.87,2.12,4.7,1.48,5.3,1.42,1.36,7.75,6.75,4.5,1.46,5.0,1.38,2.33,1.71,9.5,2.07,1.92,2.06,1.94,8.25,1.91,2.14,4.7,1.5,5.2,1.44,2.3,1.66,2.07,1.85,1.98,1.92,1.83,2.11,8.64,8.25,4.45,1.46,5.13,1.37,8.0,7.0,4.33,1.5,5.0,1.4,5.0,12.0,0.0,11.0,6.0,1.0,4.0,10.0,0.0,11.0,4.0,1.0,0.0,1.0
16,1,2024-11-23,Eyupspor,Rizespor,1,2,2,T1,T1,Eyupspor,Rizespor,1.0,3.81,3.28,3.38,2.3,3.77,2.01,-0.25,-0.5,1.93,1.86,3.63,1.82,2.01,1.9,1.89,3.16,1.89,1.95,3.35,2.25,3.5,1.99,1.93,1.93,3.8,1.83,2.03,1.85,2.0,3.1,1.83,2.03,3.25,2.35,3.4,1.95,3.75,3.1,3.25,2.2,3.3,1.94,1.92,4.0,1.89,2.08,1.96,2.0,3.35,1.95,2.02,3.5,2.36,3.55,2.08,1.95,3.5,3.0,3.4,2.25,3.4,2.0,2.0,1.96,3.81,1.87,2.1,2.09,2.05,3.73,2.11,2.06,3.62,2.39,3.77,2.08,1.95,1.84,1.83,1.98,1.89,2.0,1.85,2.06,3.69,3.13,3.39,2.39,3.45,1.97,3.6,3.1,3.5,2.15,3.6,1.95,7.0,15.0,1.0,13.0,4.0,5.0,5.0,10.0,0.0,15.0,6.0,0.0,1.0,5.0
16,2,2024-11-23,Gaziantep,Buyuksehyr,3,0,1,T1,T1,Gaziantep,Buyuksehyr,1.0,2.72,2.77,3.48,2.58,3.35,2.79,0.0,0.0,1.9,1.89,2.62,1.92,1.93,1.87,1.92,2.84,2.06,1.8,3.32,2.45,3.33,2.64,1.95,1.9,2.6,1.93,1.93,1.93,1.93,2.8,2.05,1.8,3.4,2.45,3.4,2.6,2.63,2.75,3.1,2.4,3.25,1.93,1.92,2.8,1.98,1.95,1.97,1.98,3.0,2.12,1.88,3.4,2.64,3.4,2.74,2.63,2.55,2.8,3.3,2.4,3.4,2.6,1.98,1.96,2.72,1.97,1.98,1.95,2.06,2.98,2.13,1.85,3.48,2.58,3.45,2.79,1.93,1.93,1.93,1.96,1.93,1.95,2.09,1.83,2.67,2.9,3.4,2.54,3.39,2.72,2.5,2.8,3.25,2.45,3.4,2.62,6.0,12.0,0.0,15.0,6.0,1.0,2.0,19.0,0.0,15.0,7.0,0.0,2.0,2.0
16,3,2024-11-23,Kayserispor,Fenerbahce,2,6,2,T1,T1,Kayserispor,Fenerbahce,1.0,1.49,1.51,4.33,7.05,4.79,6.94,1.25,1.25,2.2,1.64,1.43,1.96,1.85,2.32,1.59,1.47,2.03,1.8,4.66,6.08,4.73,6.66,2.2,1.65,1.44,1.98,1.88,2.15,1.67,1.5,2.05,1.75,4.2,6.25,4.33,7.0,1.4,1.4,4.5,6.0,4.75,2.28,1.67,1.46,2.03,1.87,2.42,1.68,1.51,2.14,1.84,5.1,6.8,5.4,7.2,6.5,1.44,1.46,4.6,5.75,4.6,6.25,2.3,1.73,1.49,2.07,1.91,2.47,1.68,1.51,2.17,1.86,5.1,7.05,5.1,7.01,2.27,1.68,1.98,1.91,2.27,1.68,2.12,1.79,1.43,1.48,4.82,6.12,5.03,6.72,1.4,1.44,4.6,6.5,4.6,7.0,5.0,11.0,0.0,17.0,10.0,3.0,10.0,11.0,0.0,16.0,2.0,3.0,1.0,4.0
16,4,2024-11-23,Bodrumspor,Galatasaray,0,1,2,T1,T1,Bodrumspor,Galatasaray,1.0,1.45,1.38,5.11,8.46,4.89,7.6,1.5,1.25,2.14,1.68,1.41,1.93,1.87,2.41,1.54,1.37,2.05,1.8,5.05,7.48,4.85,6.75,2.15,1.67,1.42,2.08,1.73,2.4,1.53,1.38,2.03,1.78,5.0,7.5,4.5,7.5,1.36,1.3,5.0,7.5,4.75,2.22,1.73,1.48,1.96,1.84,2.66,1.58,1.42,2.07,1.87,5.3,8.6,5.2,7.4,7.0,1.41,1.37,5.0,7.0,4.8,6.5,2.21,1.75,1.45,1.98,2.0,2.51,1.62,1.39,2.09,1.85,5.32,8.46,5.5,7.6,2.12,1.68,1.92,1.87,2.48,1.56,2.07,1.82,1.39,1.39,5.2,7.92,5.02,5.83,1.4,1.35,5.0,7.5,4.75,7.5,9.0,10.0,0.0,23.0,7.0,2.0,7.0,10.0,1.0,9.0,2.0,0.0,0.0,3.0
16,5,2024-11-24,Sivasspor,Kasimpasa,0,0,0,T1,T1,Sivasspor,Kasimpasa,1.0,2.5,2.38,3.41,3.1,3.54,2.91,0.25,0.0,2.02,1.78,2.42,1.8,2.05,1.86,1.93,2.33,2.0,1.83,3.33,2.99,3.42,2.77,2.0,1.8,2.45,1.8,2.05,1.8,2.05,2.3,2.03,1.83,3.25,3.1,3.4,2.75,2.4,2.25,3.1,2.9,3.3,2.06,1.79,2.48,1.78,2.07,1.91,2.08,2.46,2.1,1.89,3.45,3.25,3.5,2.84,2.8,2.45,2.3,3.3,2.95,3.5,2.65,2.09,1.83,2.5,1.83,2.11,2.02,2.1,2.44,2.13,1.89,3.48,3.16,3.54,2.91,2.07,1.78,1.79,2.08,1.83,2.08,2.07,1.85,2.44,2.41,3.32,3.16,3.49,2.83,2.4,2.3,3.4,2.9,3.4,2.75,4.0,12.0,0.0,19.0,2.0,1.0,5.0,22.0,0.0,11.0,5.0,0.0,0.0,3.0
16,6,2024-11-24,Konyaspor,Hatayspor,1,1,0,T1,T1,Konyaspor,Hatayspor,1.0,4.1,4.2,3.69,1.9,3.56,2.0,-0.5,-0.5,1.71,2.12,3.94,1.87,1.95,1.73,2.09,4.34,1.97,1.86,3.45,1.85,3.38,1.94,1.7,2.1,3.8,1.9,1.95,1.75,2.05,4.1,1.98,1.88,3.6,1.85,3.5,1.95,4.0,4.4,3.2,1.75,3.3,1.67,2.04,4.2,1.87,1.86,1.83,2.16,5.0,2.08,1.91,3.5,1.91,3.4,1.86,1.95,3.9,4.33,3.4,1.83,3.4,1.93,1.79,2.22,4.13,1.95,2.0,1.82,2.21,4.7,2.05,1.91,3.69,1.9,3.56,2.0,1.68,2.2,1.88,1.96,1.78,2.11,2.0,1.91,4.13,4.61,3.42,1.9,3.35,1.96,3.9,4.0,3.6,1.83,3.4,1.91,8.0,15.0,0.0,14.0,3.0,3.0,2.0,12.0,0.0,10.0,2.0,0.0,1.0,4.0
16,7,2024-11-24,Samsunspor,Alanyaspor,1,1,0,T1,T1,Samsunspor,Alanyaspor,1.0,4.63,4.48,3.4,1.93,3.93,1.8,-0.5,-0.75,1.91,1.88,4.49,1.83,1.97,1.78,2.02,4.17,1.92,1.91,3.4,1.9,3.71,1.74,1.93,1.93,4.75,1.85,2.0,1.75,2.05,4.2,1.93,1.93,3.3,1.9,3.6,1.73,4.5,4.2,3.2,1.8,3.6,1.82,1.81,4.9,1.88,1.88,1.85,2.14,4.7,2.0,1.99,3.45,1.99,3.7,1.71,1.75,4.33,4.0,3.3,1.9,3.6,1.77,1.97,1.97,4.75,1.89,2.05,1.84,2.17,4.48,1.96,2.0,3.5,1.97,3.93,1.8,1.95,1.88,1.88,1.97,1.79,2.11,1.95,1.95,4.64,4.43,3.39,1.94,3.8,1.74,4.4,3.9,3.5,1.91,3.75,1.73,9.0,13.0,0.0,15.0,4.0,4.0,1.0,13.0,0.0,11.0,4.0,0.0,1.0,1.0
16,8,2024-11-24,Besiktas,Goztep,2,4,2,T1,T1,Besiktas,Goztep,1.0,6.53,5.35,3.92,1.69,4.63,1.52,-0.75,-1.0,2.18,1.65,6.04,2.04,1.78,2.0,1.8,5.1,2.02,1.82,3.94,1.64,4.49,1.47,2.15,1.67,6.25,2.05,1.75,1.98,1.88,5.25,2.03,1.83,3.9,1.62,4.33,1.48,5.5,5.0,3.7,1.57,4.6,2.2,1.61,5.9,,,2.08,1.9,5.9,2.12,1.87,4.1,1.69,4.8,1.56,1.47,6.0,4.8,3.9,1.65,4.33,1.5,2.24,1.73,6.53,2.16,1.81,2.14,1.92,5.58,2.08,1.88,4.2,1.69,4.73,1.52,2.15,1.64,2.03,1.76,2.02,1.88,2.07,1.85,5.75,5.57,3.94,1.66,4.4,1.46,6.5,5.0,3.9,1.65,4.5,1.44,4.0,12.0,1.0,18.0,9.0,0.0,4.0,8.0,0.0,12.0,3.0,2.0,2.0,1.0
16,9,2024-11-25,Trabzonspor,Ad. Demirspor,5,0,1,T1,T1,Trabzonspor,Ad. Demirspor,1.0,6.33,5.92,4.65,1.54,4.84,1.51,-1.0,-1.25,2.37,1.54,5.95,1.81,1.99,2.49,1.51,5.66,2.03,1.82,4.5,1.51,4.65,1.46,2.35,1.57,6.0,1.83,2.03,2.4,1.53,5.5,1.98,1.88,4.5,1.5,4.5,1.48,6.5,6.0,4.33,1.47,4.75,1.15,1.01,3.3,,,2.66,1.59,6.8,2.11,1.88,4.6,1.55,5.1,1.42,1.4,6.0,5.25,4.5,1.52,4.8,1.44,2.6,1.59,7.0,1.88,2.08,2.62,1.55,6.86,2.4,1.93,5.06,1.56,4.9,1.51,2.3,1.55,1.79,1.99,2.51,1.54,2.0,1.88,5.13,5.85,4.43,1.55,4.55,1.49,6.5,5.5,4.5,1.5,4.6,1.44,1.0,9.0,0.0,10.0,3.0,2.0,8.0,20.0,0.0,23.0,8.0,0.0,1.0,1.0
16,10,2024-11-23,Dortmund,Freiburg,4,0,1,D1,D1,Dortmund,Freiburg,1.0,4.83,5.02,3.78,1.77,4.42,1.72,-0.75,-0.75,2.4,1.59,4.73,2.0,1.84,2.15,1.72,4.34,1.82,2.04,3.78,1.82,4.2,1.68,2.38,1.57,4.5,2.03,1.87,2.1,1.73,4.75,1.87,2.06,3.7,1.75,4.2,1.67,4.75,4.2,3.5,1.75,4.33,2.54,1.62,5.2,2.09,1.88,2.26,1.77,4.7,1.87,2.12,3.9,1.86,4.4,1.7,1.65,4.75,4.2,3.75,1.82,4.2,1.65,2.46,1.64,5.0,2.06,1.88,2.31,1.77,5.02,1.9,2.12,4.05,1.88,4.42,1.75,2.41,1.61,2.03,1.88,2.17,1.75,1.87,2.06,4.86,4.52,3.87,1.82,4.18,1.69,4.6,4.0,3.7,1.83,4.2,1.65,0.0,4.0,2.0,7.0,3.0,2.0,7.0,11.0,0.0,19.0,7.0,0.0,2.0,1.0
16,11,2024-11-23,Hoffenheim,RB Leipzig,4,3,1,D1,D1,Hoffenheim,RB Leipzig,1.0,2.14,2.12,3.61,3.55,3.79,3.52,0.25,0.25,2.45,1.55,2.1,1.81,2.03,2.46,1.56,2.15,1.87,1.99,3.65,3.27,3.66,3.39,2.38,1.57,2.1,1.83,2.07,2.5,1.53,2.2,1.92,2.01,3.5,3.2,3.5,3.4,2.1,2.05,3.5,3.1,3.75,2.54,1.61,2.14,1.87,2.13,2.6,1.61,2.22,1.92,2.06,3.8,3.45,3.9,3.55,3.4,2.05,2.15,3.6,3.2,3.6,3.4,2.55,1.58,2.15,1.85,2.09,2.57,1.61,2.23,1.94,2.06,3.81,3.55,3.79,3.55,2.5,1.58,1.83,2.09,2.56,1.57,1.94,1.98,2.09,2.22,3.75,3.21,3.7,3.49,2.05,2.1,3.5,3.25,3.6,3.3,3.0,12.0,0.0,14.0,6.0,1.0,4.0,14.0,0.0,20.0,7.0,2.0,1.0,2.0
16,12,2024-11-23,Man City,Tottenham,0,4,2,E0,E0,Man City,Tottenham,1.0,5.9,6.9,5.13,1.45,5.29,1.5,-1.5,-1.25,3.46,1.31,5.92,1.9,1.94,3.45,1.32,6.94,1.84,2.03,5.35,1.41,5.01,1.49,3.5,1.3,6.0,1.92,1.98,3.4,1.33,7.0,1.87,2.06,5.0,1.4,4.75,1.48,6.0,7.5,5.5,1.36,5.0,3.75,1.33,6.6,1.94,2.01,3.65,1.37,8.0,1.9,2.1,5.8,1.41,5.3,1.5,1.47,5.5,6.75,5.25,1.41,4.8,1.51,3.64,1.34,6.36,1.94,2.0,3.71,1.35,7.5,1.95,2.09,5.7,1.45,5.29,1.52,3.39,1.34,1.94,1.96,3.47,1.33,1.85,2.08,6.13,6.71,5.28,1.44,4.98,1.48,5.8,7.5,5.0,1.4,5.0,1.5,3.0,9.0,0.0,9.0,7.0,2.0,9.0,19.0,0.0,23.0,5.0,2.0,0.0,4.0
16,13,2024-11-24,Ath Bilbao,Sociedad,1,0,1,SP1,SP1,Ath Bilbao,Sociedad,1.0,3.75,3.75,2.97,2.34,3.17,2.31,-0.25,-0.25,1.52,2.55,3.65,1.94,1.89,1.5,2.62,3.53,1.86,2.0,2.91,2.39,3.04,2.25,1.5,2.63,3.6,1.95,1.95,1.44,2.75,3.5,1.89,2.01,2.9,2.35,3.0,2.25,3.75,3.5,2.75,2.25,3.0,1.57,2.68,3.85,2.01,1.97,1.54,2.8,3.8,1.94,2.03,3.0,2.44,3.1,2.34,2.25,3.6,3.4,2.87,2.4,3.0,2.2,1.55,2.64,3.78,1.98,1.96,1.55,2.82,3.75,1.92,2.06,3.0,2.49,3.17,2.31,1.53,2.64,1.98,1.93,1.52,2.81,1.89,2.04,3.75,3.67,2.91,2.43,3.06,2.27,3.7,3.4,2.88,2.4,3.0,2.2,4.0,9.0,0.0,6.0,1.0,4.0,4.0,18.0,0.0,12.0,4.0,0.0,1.0,3.0
16,14,2024-11-23,Milan,Juventus,0,0,0,I1,I1,Milan,Juventus,1.0,3.6,3.19,3.39,2.37,3.42,2.25,-0.25,-0.25,1.71,2.17,3.53,1.97,1.86,1.73,2.13,3.25,1.85,1.99,3.18,2.35,3.27,2.2,1.67,2.2,3.5,2.01,1.89,1.73,2.1,3.1,1.87,2.06,3.3,2.3,3.3,2.15,3.6,3.1,3.0,2.25,3.25,1.75,2.3,3.8,2.07,1.91,1.79,2.26,3.45,1.93,2.06,3.25,2.44,3.35,2.24,2.2,3.4,3.25,3.1,2.37,3.25,2.15,1.77,2.25,3.69,2.02,1.91,1.79,2.21,3.41,1.93,2.07,3.39,2.44,3.42,2.25,1.72,2.21,2.02,1.89,1.76,2.17,1.87,2.03,3.63,3.36,3.17,2.42,3.27,2.21,3.4,3.2,3.2,2.25,3.25,2.15,4.0,12.0,0.0,7.0,2.0,2.0,2.0,9.0,0.0,6.0,1.0,0.0,0.0,3.0
16,15,2024-11-24,Napoli,Roma,1,0,1,I1,I1,Napoli,Roma,1.0,4.97,5.38,3.69,1.74,3.83,1.81,-0.75,-0.75,1.78,2.06,4.98,1.86,1.96,1.74,2.11,5.36,1.91,1.94,3.6,1.72,3.61,1.75,1.8,2.0,5.0,1.92,1.98,1.73,2.1,5.5,1.99,1.94,3.6,1.67,3.6,1.73,5.0,5.0,3.4,1.62,3.6,1.82,2.12,5.6,1.95,2.0,1.8,2.24,6.2,2.02,1.94,3.8,1.71,3.75,1.77,1.75,4.8,5.25,3.6,1.7,3.6,1.75,1.83,2.13,5.2,1.93,2.0,1.81,2.23,6.0,2.02,2.09,3.75,1.81,3.83,1.81,1.79,2.09,1.92,1.99,1.79,2.13,1.97,1.95,5.2,5.62,3.66,1.72,3.66,1.75,4.75,5.5,3.4,1.7,3.5,1.75,2.0,9.0,0.0,6.0,1.0,3.0,8.0,8.0,0.0,14.0,2.0,0.0,0.0,0.0
18,1,2024-12-06,Trabzonspor,Kasimpasa,2,2,0,T1,T1,Trabzonspor,Kasimpasa,1.0,,4.06,3.69,1.93,,,-0.5,-0.5,2.22,1.63,3.78,1.92,1.91,2.21,1.65,3.8,1.92,1.91,3.66,1.91,3.67,1.91,2.2,1.65,4.0,1.95,1.9,2.15,1.67,4.1,2.0,1.85,3.6,1.85,3.6,1.85,3.9,3.75,3.5,1.91,3.5,2.36,1.7,4.2,1.99,1.99,2.34,1.73,4.3,2.01,1.97,3.8,1.96,3.75,1.99,1.9,3.5,3.7,3.6,1.9,3.6,1.95,2.33,1.7,4.02,1.99,1.95,2.31,1.7,4.18,2.04,2.01,3.83,2.04,3.81,1.96,2.29,1.66,1.98,1.93,2.28,1.68,1.99,1.91,4.02,4.18,3.69,1.9,3.8,1.91,3.7,3.6,3.75,1.91,3.8,1.85,1.0,14.0,0.0,9.0,3.0,4.0,8.0,14.0,0.0,20.0,7.0,1.0,0.0,2.0
18,2,2024-12-07,Konyaspor,Antalyaspor,1,1,0,T1,T1,Konyaspor,Antalyaspor,1.0,,4.0,3.49,2.0,,,-0.5,-0.5,1.75,2.04,3.68,1.79,2.05,1.82,1.97,3.98,1.85,1.98,3.33,1.97,3.29,2.04,1.75,2.05,3.7,1.83,2.03,1.83,2.03,3.7,1.83,2.03,3.4,2.0,3.3,2.0,4.0,4.33,3.2,1.91,3.2,1.73,2.12,4.2,1.9,2.02,1.91,2.06,4.3,1.93,2.06,3.4,2.06,3.35,2.02,1.95,3.5,3.7,3.3,1.98,3.3,2.05,1.79,2.19,4.0,1.89,2.15,1.91,2.07,4.6,1.91,2.1,3.49,2.07,3.4,2.11,1.75,2.03,1.78,2.04,1.87,2.02,1.87,2.04,3.72,4.19,3.29,2.03,3.26,2.03,3.6,3.9,3.4,1.91,3.4,2.0,3.0,13.0,0.0,11.0,2.0,1.0,5.0,20.0,0.0,17.0,5.0,0.0,1.0,3.0
18,3,2024-12-07,Goztep,Ad. Demirspor,3,1,1,T1,T1,Goztep,Ad. Demirspor,1.0,,10.5,6.25,1.28,,,-1.75,-1.5,2.33,1.58,9.77,1.98,1.84,2.55,1.49,10.39,1.88,1.94,6.0,1.25,5.67,1.28,2.3,1.6,9.0,1.98,1.88,2.5,1.5,10.0,1.88,1.98,5.75,1.25,5.25,1.3,10.0,10.0,5.5,1.2,5.5,2.44,1.62,11.5,2.02,1.86,2.74,1.56,12.0,1.93,2.04,6.6,1.29,6.4,1.31,1.25,9.75,10.0,6.0,1.25,5.5,1.28,2.48,1.62,12.0,2.1,1.91,2.64,1.57,11.5,1.99,2.0,6.5,1.28,6.5,1.3,2.38,1.62,2.02,1.87,2.64,1.51,1.91,1.97,9.8,10.82,6.27,1.26,5.82,1.3,10.0,10.0,6.0,1.25,5.8,1.25,6.0,4.0,0.0,12.0,5.0,1.0,7.0,16.0,1.0,26.0,7.0,0.0,2.0,2.0
18,4,2024-12-07,Besiktas,Fenerbahce,1,0,1,T1,T1,Besiktas,Fenerbahce,1.0,,1.9,3.82,4.03,,,0.5,0.5,2.22,1.64,1.92,1.92,1.9,2.38,1.57,1.87,1.87,1.96,3.85,3.77,3.77,3.62,2.2,1.65,1.85,1.93,1.93,2.35,1.57,1.85,1.93,1.93,3.6,3.5,3.5,3.6,1.91,1.87,3.75,3.75,3.8,2.3,1.7,2.04,2.04,1.94,2.52,1.64,2.02,1.98,2.01,3.85,4.0,3.95,3.85,3.6,1.93,1.93,3.75,3.5,3.7,3.5,2.29,1.66,1.96,1.97,1.95,2.58,1.62,1.95,1.95,2.04,4.0,4.2,3.95,3.76,2.27,1.66,1.95,1.92,2.43,1.61,1.93,1.97,1.93,1.93,3.9,3.86,3.76,3.71,1.85,1.85,3.8,3.75,3.8,3.7,3.0,14.0,0.0,12.0,2.0,1.0,1.0,12.0,1.0,12.0,5.0,0.0,0.0,2.0
18,5,2024-12-08,Eyupspor,Samsunspor,3,0,1,T1,T1,Eyupspor,Samsunspor,1.0,,2.54,3.5,2.8,,,0.0,0.0,1.86,1.92,2.45,1.77,2.08,1.97,1.82,2.54,1.88,1.98,3.33,2.72,3.23,2.87,1.9,1.95,2.38,1.73,2.08,2.0,1.85,2.55,1.9,1.95,3.4,2.63,3.3,2.88,2.45,2.5,3.1,2.63,3.3,1.91,1.96,2.54,1.8,2.08,2.04,1.94,2.7,1.92,2.07,3.45,2.92,3.35,2.94,2.88,2.45,2.5,3.3,2.65,3.3,2.7,1.94,2.0,2.53,1.85,2.14,2.04,1.93,2.69,1.97,2.03,3.5,2.97,3.4,3.01,,,1.77,2.11,2.03,1.86,1.93,1.98,,2.69,3.37,2.75,,,2.38,2.45,3.3,2.75,3.4,2.8,3.0,18.0,0.0,12.0,2.0,2.0,5.0,14.0,0.0,15.0,5.0,0.0,0.0,2.0
18,6,2024-12-08,Kayserispor,Alanyaspor,2,0,1,T1,T1,Kayserispor,Alanyaspor,1.0,,2.89,3.4,2.53,,,0.0,-0.25,1.98,1.8,2.92,1.8,2.02,1.99,1.8,2.75,2.05,1.82,3.38,2.47,3.41,2.33,2.03,1.83,3.0,1.8,2.05,2.0,1.8,2.75,2.05,1.8,3.3,2.5,3.3,2.3,2.9,2.75,3.2,2.38,3.3,2.0,1.84,3.05,1.84,2.05,2.12,1.87,3.0,2.16,1.85,3.55,2.56,3.45,2.4,2.3,2.75,2.6,3.4,2.5,3.4,2.37,2.05,1.88,3.08,1.84,2.11,2.1,1.88,2.89,2.16,1.85,3.5,2.61,3.6,2.38,,,1.83,2.04,2.05,1.83,2.07,1.85,,2.84,3.48,2.54,,,2.8,2.7,3.5,2.4,3.6,2.3,10.0,10.0,0.0,9.0,5.0,3.0,5.0,15.0,0.0,11.0,6.0,0.0,0.0,5.0
18,7,2024-12-08,Sivasspor,Galatasaray,2,3,2,T1,T1,Sivasspor,Galatasaray,1.0,,1.28,7.07,8.74,,,1.75,1.25,2.71,1.42,1.43,1.88,1.93,3.21,1.33,1.28,1.94,1.9,6.2,8.48,5.22,5.55,2.7,1.44,1.42,1.88,1.98,3.4,1.33,1.25,1.9,1.95,6.25,8.0,5.0,5.75,1.4,1.22,5.5,8.0,5.0,2.88,1.47,1.48,1.94,1.94,3.45,1.39,1.3,1.93,2.02,6.8,11.0,5.8,6.2,5.5,1.43,1.26,6.25,9.0,5.25,5.75,2.83,1.45,1.49,1.98,2.04,3.41,1.38,1.34,2.08,2.02,7.07,10.0,5.9,6.5,2.72,1.4,1.84,1.93,3.23,1.35,1.93,1.96,1.44,1.28,6.36,9.36,5.4,4.78,1.4,1.22,6.5,10.0,5.0,6.0,7.0,8.0,1.0,16.0,8.0,4.0,3.0,16.0,0.0,11.0,5.0,2.0,1.0,6.0
18,8,2024-12-08,Buyuksehyr,Hatayspor,3,0,1,T1,T1,Buyuksehyr,Hatayspor,1.0,,4.94,3.92,1.73,,,-0.75,-0.75,1.88,1.9,4.44,1.84,1.97,1.88,1.91,5.08,1.96,1.87,3.71,1.68,3.72,1.74,1.93,1.93,4.2,1.88,1.98,1.88,1.98,4.75,2.0,1.85,3.8,1.6,3.7,1.7,4.5,5.0,3.4,1.62,3.6,1.54,1.67,4.0,,,1.96,2.0,6.0,2.04,1.94,3.8,1.74,3.55,1.71,1.75,4.2,5.0,3.7,1.66,3.7,1.77,1.96,1.96,4.7,1.9,2.02,1.97,1.99,5.65,2.07,1.94,3.92,1.76,3.79,1.78,1.92,1.92,1.88,1.98,1.93,1.95,2.02,1.9,4.63,5.65,3.72,1.68,3.77,1.75,4.33,5.0,3.8,1.65,3.7,1.75,5.0,19.0,0.0,8.0,1.0,3.0,7.0,12.0,0.0,19.0,6.0,0.0,0.0,1.0
18,9,2024-12-09,Gaziantep,Rizespor,1,0,1,T1,T1,Gaziantep,Rizespor,1.0,,2.48,3.56,2.84,,,0.25,0.0,1.98,1.77,2.66,1.97,1.85,1.99,1.8,2.41,2.07,1.78,3.35,2.87,3.4,2.5,2.0,1.8,2.6,1.98,1.88,2.05,1.75,2.3,2.05,1.8,3.4,2.8,3.4,2.5,2.7,2.3,3.1,2.88,3.3,,,2.82,,,2.12,1.87,2.52,2.16,1.84,3.45,3.1,3.1,2.22,2.45,2.65,2.35,3.25,2.9,3.5,2.45,2.06,1.83,2.73,2.01,1.89,2.12,1.87,2.64,2.17,1.87,3.56,3.08,3.6,2.59,1.97,1.77,1.93,1.83,2.05,1.81,2.1,1.82,2.67,2.44,3.36,3.06,3.26,2.54,2.6,2.3,3.4,2.9,3.5,2.5,5.0,11.0,0.0,13.0,3.0,1.0,3.0,13.0,0.0,7.0,2.0,0.0,1.0,3.0
18,10,2024-12-07,M'gladbach,Dortmund,1,1,0,D1,D1,M'gladbach,Dortmund,1.0,,2.0,3.9,3.65,,,0.5,0.25,2.74,1.46,2.1,1.85,2.01,2.61,1.49,2.04,2.04,1.82,3.84,3.37,3.89,3.23,2.75,1.44,2.1,1.87,2.03,2.63,1.5,2.05,2.03,1.78,3.9,3.2,3.75,3.2,2.1,1.95,3.7,3.2,3.9,2.8,1.54,2.16,1.89,2.09,2.82,1.54,2.1,2.11,1.89,4.0,3.5,4.1,3.35,3.25,2.05,2.05,3.75,3.3,3.9,3.2,2.86,1.48,2.15,1.88,2.08,2.79,1.57,2.1,2.11,1.87,4.01,3.65,4.0,3.31,2.75,1.48,1.88,2.03,2.62,1.53,2.09,1.85,2.14,2.08,3.88,3.45,3.87,3.24,2.0,2.05,3.6,3.3,3.9,3.2,4.0,11.0,0.0,16.0,3.0,2.0,7.0,16.0,1.0,9.0,3.0,0.0,0.0,3.0
18,11,2024-12-08,Nantes,Rennes,1,0,1,F1,F1,Nantes,Rennes,1.0,,2.44,3.05,3.42,,,0.25,0.25,1.68,2.19,2.47,2.08,1.77,1.55,2.49,2.4,2.01,1.84,3.07,3.3,3.16,3.04,1.67,2.2,2.4,2.04,1.74,1.53,2.5,2.45,2.1,1.8,3.1,3.1,3.25,3.0,2.45,2.3,3.1,2.88,3.25,1.73,2.24,2.5,2.12,1.85,1.59,2.66,2.52,2.13,1.87,3.1,3.5,3.3,3.25,3.0,2.45,2.4,3.0,3.2,3.1,3.0,1.73,2.25,2.54,2.14,1.84,1.67,2.61,2.52,2.14,1.98,3.2,3.72,3.25,3.16,1.7,2.25,2.14,1.8,1.55,2.6,2.13,1.82,2.51,2.52,3.04,3.31,3.15,3.16,2.45,2.38,3.0,3.2,3.1,3.0,4.0,9.0,1.0,5.0,3.0,1.0,5.0,15.0,0.0,14.0,2.0,0.0,0.0,1.0
18,12,2024-12-08,Tottenham,Chelsea,3,4,2,E0,E0,Tottenham,Chelsea,1.0,,2.15,4.08,3.12,,,0.25,0.5,3.26,1.35,2.07,2.04,1.82,3.31,1.34,2.24,1.97,1.89,3.98,2.9,4.04,3.21,3.2,1.36,2.0,2.04,1.86,3.4,1.33,2.2,2.0,1.9,4.0,2.88,3.9,3.4,2.1,2.2,3.9,2.8,3.9,3.4,1.4,2.12,2.12,1.87,3.6,1.38,2.3,2.04,1.95,4.2,3.0,4.1,3.4,3.25,2.1,2.25,3.9,2.8,4.0,3.1,3.45,1.36,2.17,2.12,1.86,3.45,1.37,2.35,2.05,1.98,4.1,3.12,4.2,3.4,3.32,1.36,2.07,1.83,3.37,1.35,2.0,1.93,2.07,2.25,4.1,2.93,4.13,3.23,2.1,2.2,3.8,3.0,4.0,3.1,10.0,11.0,0.0,17.0,8.0,2.0,5.0,17.0,0.0,13.0,5.0,1.0,2.0,2.0
18,13,2024-12-07,Betis,Barcelona,2,2,0,SP1,SP1,Betis,Barcelona,1.0,,1.54,4.92,5.69,,,1.25,1.0,2.6,1.5,1.6,1.96,1.89,2.95,1.41,1.52,2.05,1.81,4.78,5.63,4.5,5.11,2.63,1.5,1.57,1.99,1.91,3.2,1.36,1.5,2.06,1.87,4.75,5.25,4.5,5.0,1.57,1.5,4.5,5.5,4.5,2.76,1.54,1.62,2.02,1.96,3.2,1.44,1.55,2.12,1.86,4.9,6.4,4.8,5.6,5.0,1.6,1.52,4.75,5.5,4.33,5.0,2.66,1.54,1.62,2.0,1.92,3.22,1.48,1.58,2.11,1.89,5.0,6.1,4.7,5.5,2.62,1.52,2.0,1.91,3.0,1.42,2.08,1.86,1.61,1.52,4.82,5.98,4.53,5.16,1.55,1.5,4.6,5.8,4.4,5.5,4.0,14.0,0.0,9.0,3.0,2.0,6.0,15.0,0.0,12.0,6.0,1.0,0.0,1.0
18,14,2024-12-08,Ath Madrid,Sevilla,4,3,1,SP1,SP1,Ath Madrid,Sevilla,1.0,,9.21,4.86,1.4,,,-1.25,-1.25,2.01,1.82,8.57,1.96,1.88,1.95,1.88,8.99,1.96,1.89,4.77,1.38,4.84,1.38,2.05,1.85,8.5,2.0,1.9,1.99,1.91,9.0,2.01,1.89,4.75,1.36,4.75,1.38,8.5,8.5,4.5,1.3,4.75,2.1,1.83,9.0,1.99,1.91,2.04,1.95,10.0,2.03,1.94,5.2,1.4,5.2,1.41,1.36,7.75,8.5,4.75,1.38,4.75,1.4,2.08,1.88,9.1,2.03,1.96,2.02,1.94,9.73,2.02,1.96,5.0,1.41,5.1,1.41,2.06,1.82,2.03,1.88,1.99,1.92,2.02,1.91,9.1,9.73,4.91,1.38,5.02,1.37,8.5,9.0,4.5,1.4,4.6,1.4,3.0,8.0,0.0,4.0,3.0,3.0,5.0,11.0,0.0,14.0,9.0,2.0,1.0,4.0
18,15,2024-12-06,Atalanta,Milan,2,1,1,I1,I1,Atalanta,Milan,1.0,,3.9,3.57,2.02,,,-0.25,-0.25,2.12,1.75,3.39,2.0,1.86,2.06,1.79,3.46,2.02,1.83,3.47,2.15,3.48,2.16,2.1,1.73,3.3,2.02,1.91,2.0,1.8,3.6,2.05,1.75,3.5,2.05,3.4,2.15,3.4,3.4,3.4,2.1,3.4,2.22,1.8,3.6,2.06,1.92,2.14,1.86,3.65,2.09,1.91,3.6,2.2,3.6,2.22,2.15,3.4,3.4,3.4,2.15,3.5,2.1,2.2,1.79,3.55,2.04,1.94,2.32,1.86,3.9,2.18,1.91,3.68,2.23,3.6,2.23,2.16,1.77,2.01,1.91,2.06,1.83,2.12,1.81,3.43,3.72,3.54,2.09,3.53,2.21,3.3,3.3,3.4,2.15,3.4,2.15,0.0,13.0,0.0,6.0,2.0,0.0,7.0,14.0,0.0,17.0,8.0,1.0,1.0,2.0
19,1,2024-12-13,Bodrumspor,Sivasspor,2,0,1,T1,T1,Bodrumspor,Sivasspor,1.0,3.76,3.16,3.38,2.36,3.65,2.06,-0.25,-0.5,1.82,1.97,3.65,1.81,2.04,1.81,1.99,3.24,1.91,1.92,3.29,2.23,3.45,2.02,1.88,1.98,3.6,1.78,2.03,1.85,2.0,3.2,2.05,1.75,3.3,2.25,3.7,1.95,3.8,3.3,3.2,2.15,3.25,1.91,2.04,4.0,1.87,2.1,1.87,2.08,3.65,2.0,1.96,3.4,2.3,3.45,2.1,2.0,3.6,3.2,3.25,2.2,3.3,2.0,1.9,2.04,4.03,1.92,2.1,1.89,2.06,3.7,2.09,2.05,3.42,2.37,3.7,2.08,1.89,2.0,1.9,2.01,1.84,2.06,1.88,2.02,4.03,3.3,3.25,2.36,3.5,2.0,3.6,3.2,3.4,2.15,3.6,1.95,2.0,11.0,1.0,7.0,0.0,1.0,4.0,17.0,0.0,10.0,5.0,0.0,0.0,3.0
19,2,2024-12-13,Kasimpasa,Eyupspor,2,0,1,T1,T1,Kasimpasa,Eyupspor,1.0,2.99,2.61,3.6,2.66,3.58,2.43,0.0,-0.25,1.92,1.87,2.89,1.78,2.04,2.03,1.77,2.76,2.03,1.85,3.45,2.45,3.4,2.38,2.0,1.85,2.88,1.78,2.1,2.08,1.73,2.63,2.03,1.83,3.5,2.5,3.4,2.38,2.88,2.8,3.3,2.38,3.25,2.04,1.93,3.1,1.84,2.16,2.14,1.85,2.96,2.14,1.87,3.55,2.58,3.5,2.52,2.38,2.8,2.7,3.4,2.4,3.4,2.37,2.02,1.92,3.1,1.85,2.17,2.17,1.92,3.05,2.1,1.9,3.6,2.66,3.58,2.47,1.98,1.91,1.81,2.11,2.14,1.76,2.03,1.88,3.0,2.76,3.58,2.56,3.44,2.44,2.88,2.8,3.5,2.38,3.5,2.3,6.0,12.0,0.0,9.0,3.0,2.0,7.0,12.0,0.0,17.0,4.0,0.0,0.0,3.0
19,3,2024-12-14,Rizespor,Konyaspor,1,1,0,T1,T1,Rizespor,Konyaspor,1.0,3.73,4.45,3.32,1.96,3.56,2.1,-0.5,-0.25,1.77,2.03,3.6,2.03,1.79,1.81,1.98,4.1,1.9,1.94,3.35,1.93,3.26,2.1,1.8,2.05,3.4,2.03,1.83,1.85,2.0,4.2,1.9,1.95,3.25,1.95,3.4,2.1,3.7,4.0,3.1,1.9,3.2,1.84,2.08,3.9,2.13,1.85,1.89,2.08,4.5,1.96,2.02,3.5,2.02,3.45,2.16,2.05,3.5,4.0,3.3,1.9,3.25,2.1,1.85,2.1,3.89,2.09,1.85,1.89,2.07,4.45,1.96,2.0,3.5,1.98,3.56,2.17,1.79,2.09,2.05,1.84,1.85,2.05,1.93,1.97,3.89,4.33,3.39,1.96,3.11,2.17,3.5,4.0,3.5,1.91,3.4,2.05,4.0,16.0,0.0,8.0,2.0,2.0,8.0,18.0,0.0,23.0,8.0,0.0,1.0,2.0
19,4,2024-12-14,Alanyaspor,Gaziantep,3,0,1,T1,T1,Alanyaspor,Gaziantep,1.0,3.85,4.58,4.17,1.73,3.78,2.0,-0.75,-0.5,1.92,1.86,3.64,1.86,1.95,2.25,1.63,4.59,1.93,1.9,3.88,1.71,3.56,1.96,1.98,1.88,3.75,1.9,1.95,2.35,1.57,4.5,2.0,1.85,4.1,1.7,3.6,1.95,3.6,4.6,3.6,1.65,3.5,2.02,1.87,4.2,1.95,2.02,2.5,1.65,5.4,2.06,1.92,4.0,1.74,3.65,2.02,2.0,3.6,4.6,3.8,1.68,3.5,1.98,2.02,1.91,3.85,1.95,2.0,2.39,1.75,5.16,2.06,2.11,4.17,1.9,3.78,2.0,1.93,1.85,1.86,1.93,2.39,1.6,2.01,1.89,3.68,5.16,3.94,1.7,3.51,1.91,3.6,4.8,3.9,1.65,3.6,1.95,1.0,13.0,0.0,8.0,1.0,3.0,6.0,7.0,0.0,20.0,6.0,0.0,0.0,2.0
19,5,2024-12-15,Hatayspor,Goztep,1,1,0,T1,T1,Hatayspor,Goztep,1.0,2.4,2.36,3.49,3.07,3.54,3.07,0.25,0.25,1.84,1.95,2.34,2.01,1.79,1.84,1.95,2.37,2.05,1.8,3.34,2.95,3.41,2.93,1.88,1.98,2.35,2.05,1.8,1.83,2.03,2.38,2.1,1.78,3.4,2.88,3.4,2.9,2.38,2.3,3.2,3.0,3.3,1.87,1.89,2.36,2.04,1.78,1.89,2.08,2.48,2.13,1.87,3.45,3.2,3.35,3.05,3.0,2.35,2.35,3.2,2.95,3.4,2.85,1.91,2.0,2.4,2.11,1.85,1.94,2.07,2.48,2.14,1.85,3.55,3.07,3.54,3.07,1.88,1.96,2.03,1.83,1.87,2.02,2.13,1.8,2.35,2.48,3.33,3.04,3.41,3.03,2.38,2.3,3.4,2.9,3.4,2.88,6.0,14.0,0.0,15.0,6.0,3.0,7.0,7.0,0.0,18.0,5.0,1.0,0.0,1.0
19,6,2024-12-15,Antalyaspor,Kayserispor,2,0,1,T1,T1,Antalyaspor,Kayserispor,1.0,3.52,3.63,3.61,2.07,3.71,2.12,-0.25,-0.25,1.97,1.81,3.39,2.02,1.79,1.98,1.81,3.54,2.05,1.79,3.39,2.07,3.48,2.07,2.03,1.83,3.4,2.03,1.83,2.0,1.85,3.4,2.05,1.8,3.5,2.05,3.5,2.05,3.3,3.5,3.2,2.0,3.4,2.06,1.83,3.65,2.07,1.87,2.04,1.9,3.95,2.15,1.86,3.5,2.16,3.55,2.16,2.1,3.3,3.5,3.3,2.05,3.5,2.05,2.06,1.87,3.52,2.05,1.87,2.1,1.89,3.9,2.11,1.84,3.61,2.18,3.71,2.13,2.01,1.83,2.03,1.83,2.01,1.88,2.11,1.8,3.51,3.9,3.29,2.11,3.41,2.12,3.3,3.4,3.6,2.0,3.6,2.05,9.0,17.0,0.0,6.0,1.0,3.0,4.0,13.0,0.0,10.0,4.0,0.0,1.0,1.0
19,7,2024-12-15,Fenerbahce,Buyuksehyr,3,1,1,T1,T1,Fenerbahce,Buyuksehyr,1.0,8.6,5.76,5.31,1.49,5.33,1.39,-1.25,-1.5,2.3,1.59,7.32,1.79,2.05,2.26,1.62,6.25,1.84,1.99,4.82,1.44,5.14,1.36,2.35,1.57,6.25,1.8,2.05,2.25,1.62,5.5,1.8,2.05,5.25,1.48,5.75,1.38,6.0,6.5,4.6,1.36,5.5,2.34,1.6,7.6,,,2.36,1.7,7.6,1.89,2.09,5.2,1.47,6.4,1.4,1.36,7.5,6.0,4.5,1.47,5.0,1.36,2.38,1.65,8.6,1.84,2.09,2.35,1.68,7.5,2.01,2.12,5.4,1.49,5.75,1.4,2.33,1.61,1.83,2.03,2.28,1.68,1.84,2.08,7.2,6.46,4.9,1.47,5.35,1.37,8.0,6.0,5.0,1.4,5.0,1.33,0.0,9.0,1.0,2.0,1.0,5.0,14.0,14.0,0.0,22.0,7.0,0.0,1.0,1.0
19,8,2024-12-16,Ad. Demirspor,Besiktas,2,1,1,T1,T1,Ad. Demirspor,Besiktas,1.0,1.37,1.5,4.78,6.2,5.59,8.35,1.0,1.5,2.6,1.46,1.34,1.94,1.88,2.67,1.46,1.5,1.82,2.04,4.62,5.59,5.25,7.88,2.6,1.48,1.36,1.95,1.9,2.6,1.48,1.53,1.83,2.03,4.5,5.25,5.0,7.5,1.3,1.4,4.4,5.5,5.0,,,1.29,,,2.88,1.52,1.55,1.88,2.1,4.9,6.4,5.2,3.35,8.5,1.33,1.51,4.6,5.25,5.25,8.0,2.75,1.49,1.37,2.0,1.95,2.78,1.56,1.54,1.87,2.14,4.9,6.2,5.59,8.5,2.62,1.49,1.92,1.93,2.77,1.47,1.85,2.07,1.34,1.53,4.73,5.77,5.4,8.08,1.33,1.5,4.6,5.5,5.5,8.0,14.0,13.0,1.0,18.0,10.0,1.0,2.0,10.0,0.0,14.0,7.0,0.0,2.0,3.0
19,9,2024-12-16,Galatasaray,Trabzonspor,4,3,1,T1,T1,Galatasaray,Trabzonspor,1.0,6.87,7.5,5.43,1.39,6.1,1.4,-1.5,-1.5,3.37,1.29,7.29,1.96,1.85,3.42,1.3,6.72,1.85,1.99,5.39,1.38,5.72,1.32,3.5,1.3,6.5,1.98,1.88,3.5,1.3,7.0,1.85,2.0,5.25,1.36,5.75,1.33,9.0,6.5,5.0,1.3,5.5,,,7.8,,,3.7,1.36,8.0,1.91,2.05,6.0,1.4,6.6,1.31,1.25,7.25,6.25,5.25,1.39,6.0,1.32,3.61,1.32,9.0,2.02,1.93,3.7,1.33,7.5,1.9,2.06,5.8,1.43,6.1,1.4,3.38,1.32,1.98,1.88,3.51,1.32,1.88,2.03,7.33,7.32,5.71,1.38,5.78,1.34,7.0,7.0,5.5,1.33,5.8,1.33,6.0,17.0,0.0,16.0,6.0,3.0,10.0,13.0,0.0,22.0,11.0,1.0,2.0,3.0
19,10,2024-12-15,RB Leipzig,Ein Frankfurt,2,1,1,D1,D1,RB Leipzig,Ein Frankfurt,1.0,3.29,3.03,3.97,2.23,4.06,2.15,-0.25,-0.25,2.48,1.53,3.18,2.0,1.82,2.6,1.5,2.97,1.87,1.98,3.74,2.26,3.86,2.1,2.5,1.53,3.2,2.05,1.85,2.63,1.5,2.88,1.89,2.04,3.8,2.25,4.0,2.05,3.25,2.9,3.6,2.25,3.8,2.54,1.58,3.35,2.06,1.9,2.82,1.54,3.1,1.93,2.07,3.85,2.36,3.95,2.18,2.1,3.0,3.0,3.6,2.2,3.7,2.15,2.55,1.56,3.29,2.06,1.87,2.75,1.56,3.31,1.97,2.07,3.97,2.38,4.06,2.15,2.52,1.56,2.06,1.85,2.63,1.52,1.92,2.01,3.29,3.06,3.76,2.3,3.92,2.11,3.1,2.88,3.7,2.25,3.7,2.1,7.0,10.0,0.0,16.0,3.0,3.0,6.0,15.0,0.0,19.0,9.0,1.0,1.0,1.0
19,11,2024-12-15,Paris SG,Lyon,3,1,1,F1,F1,Paris SG,Lyon,1.0,6.92,6.78,5.64,1.42,5.72,1.44,-1.5,-1.5,3.48,1.29,6.45,1.85,1.99,3.19,1.34,7.11,1.89,1.96,5.51,1.37,5.44,1.4,3.75,1.29,5.75,1.87,2.03,3.2,1.36,6.5,1.88,2.05,5.5,1.38,6.0,1.4,6.5,7.0,5.0,1.3,5.5,3.75,1.32,7.0,1.9,2.05,3.5,1.38,8.2,1.96,2.0,6.0,1.4,6.0,1.43,1.4,6.5,7.0,5.5,1.37,5.25,1.41,3.75,1.32,6.92,1.96,2.07,3.35,1.37,8.0,2.0,2.07,6.0,1.43,6.0,1.44,3.32,1.33,1.89,2.02,3.27,1.36,1.88,1.93,6.72,7.0,5.65,1.35,5.59,1.41,6.5,7.0,5.0,1.36,5.0,1.4,3.0,8.0,0.0,7.0,3.0,3.0,4.0,7.0,0.0,13.0,6.0,1.0,2.0,2.0
19,12,2024-12-14,Arsenal,Everton,0,0,0,E0,E0,Arsenal,Everton,1.0,12.9,13.7,6.61,1.24,6.36,1.26,-1.75,-1.75,2.23,1.66,13.36,1.91,1.92,2.32,1.62,12.72,1.88,1.97,6.39,1.23,6.33,1.23,2.2,1.67,12.0,1.95,1.95,2.3,1.62,13.0,1.88,2.05,6.5,1.22,6.5,1.22,14.0,12.0,6.5,1.2,6.5,2.34,1.71,16.5,2.01,1.94,2.52,1.65,14.5,1.94,2.04,7.4,1.25,7.2,1.24,1.2,12.5,11.5,6.25,1.26,6.5,1.24,2.3,1.71,15.0,1.98,1.98,2.42,1.69,15.0,1.98,2.06,6.8,1.26,6.63,1.26,2.24,1.68,1.94,1.94,2.35,1.64,1.87,2.04,12.95,13.0,6.5,1.25,6.63,1.23,13.0,12.0,6.0,1.22,5.8,1.25,2.0,9.0,0.0,2.0,0.0,3.0,8.0,6.0,0.0,13.0,5.0,0.0,0.0,0.0
19,13,2024-12-15,Man City,Man United,1,2,2,E0,E0,Man City,Man United,1.0,5.15,5.53,4.84,1.55,4.74,1.61,-1.25,-1.0,2.78,1.43,5.04,1.91,1.93,2.79,1.45,5.5,1.77,2.11,4.79,1.54,4.59,1.58,2.75,1.44,5.0,1.95,1.95,2.75,1.44,5.75,1.75,2.05,4.75,1.5,4.5,1.57,5.0,5.5,4.75,1.47,4.6,3.05,1.47,5.5,1.99,1.97,3.0,1.49,6.2,1.88,2.11,5.1,1.54,4.9,1.62,1.57,5.25,5.5,4.8,1.51,4.6,1.55,2.88,1.46,5.25,1.98,1.97,2.93,1.5,6.13,1.86,2.34,5.0,1.66,4.8,1.61,2.82,1.46,1.93,1.97,2.7,1.5,1.81,2.11,5.07,5.85,4.9,1.53,4.65,1.6,5.0,5.0,4.5,1.55,4.4,1.6,2.0,14.0,0.0,10.0,3.0,1.0,8.0,5.0,0.0,10.0,3.0,0.0,1.0,1.0
19,14,2024-12-15,Villarreal,Betis,1,2,2,SP1,SP1,Villarreal,Betis,1.0,4.32,3.63,3.9,2.01,4.11,1.85,-0.5,-0.75,2.23,1.66,4.3,1.84,1.98,2.24,1.65,3.79,1.92,1.94,3.72,1.94,3.89,1.79,2.2,1.67,4.33,1.86,2.04,2.3,1.62,3.75,1.98,1.95,3.8,1.9,3.8,1.75,4.33,3.75,3.5,1.87,3.9,2.36,1.66,4.5,1.88,2.08,2.36,1.71,4.1,1.98,2.0,3.8,2.0,4.0,1.86,1.8,4.2,3.75,3.7,1.93,3.8,1.8,2.3,1.73,4.8,1.91,2.06,2.35,1.75,4.13,2.0,1.98,3.9,2.01,4.11,1.85,2.3,1.66,1.87,2.04,2.29,1.68,1.98,1.94,4.38,4.13,3.69,1.93,3.98,1.8,4.2,3.6,3.7,1.95,3.75,1.8,5.0,10.0,1.0,10.0,4.0,2.0,5.0,19.0,0.0,17.0,4.0,1.0,0.0,5.0
19,15,2024-12-14,Udinese,Napoli,1,3,2,I1,I1,Udinese,Napoli,1.0,1.82,1.74,3.56,5.75,3.75,5.01,0.75,0.75,1.68,2.21,1.76,1.98,1.84,1.69,2.17,1.72,1.95,1.9,3.54,5.37,3.51,5.06,1.67,2.2,1.73,2.01,1.89,1.67,2.2,1.7,2.0,1.93,3.5,5.5,3.5,5.25,1.75,1.65,3.3,5.0,3.5,1.73,2.32,1.8,2.06,1.92,1.74,2.32,1.76,2.0,1.97,3.65,6.2,3.65,5.7,5.0,1.75,1.75,3.5,5.0,3.4,5.25,1.75,2.28,1.82,2.04,1.9,1.78,2.34,1.76,2.03,1.96,3.75,5.75,3.75,5.31,1.7,2.23,2.01,1.9,1.71,2.24,1.99,1.93,1.75,1.75,3.59,5.55,3.6,5.31,1.8,1.7,3.4,5.5,3.4,4.75,9.0,8.0,0.0,17.0,4.0,1.0,3.0,14.0,0.0,7.0,3.0,0.0,1.0,1.0
20,1,2024-12-20,Eyupspor,Fenerbahce,1,1,0,T1,T1,Eyupspor,Fenerbahce,1.0,1.61,1.58,4.46,5.63,4.68,5.29,1.0,1.0,2.61,1.47,1.55,1.91,1.93,2.42,1.55,1.55,1.92,1.93,4.35,5.32,4.45,5.19,2.7,1.44,1.55,1.93,1.93,2.35,1.57,1.55,1.93,1.93,4.33,5.25,4.5,5.0,1.5,1.5,4.2,5.0,4.4,2.82,1.54,1.6,1.95,1.99,2.6,1.62,1.58,1.97,2.01,4.8,6.0,4.8,5.7,5.0,1.55,1.57,4.2,5.0,4.33,5.0,2.72,1.5,1.61,1.99,1.98,2.7,1.61,1.59,1.98,2.01,4.5,5.98,4.68,5.75,2.69,1.5,1.95,1.95,2.38,1.61,1.93,1.98,1.59,1.56,4.39,5.98,4.53,5.37,1.55,1.57,4.4,5.0,4.4,5.0,9.0,10.0,0.0,14.0,9.0,4.0,3.0,12.0,0.0,13.0,3.0,1.0,1.0,6.0
20,2,2024-12-21,Sivasspor,Samsunspor,0,0,0,T1,T1,Sivasspor,Samsunspor,1.0,2.08,2.14,3.57,3.46,3.54,3.83,0.25,0.5,1.89,1.9,2.02,2.04,1.82,1.91,1.89,2.15,1.85,1.99,3.39,3.34,3.41,3.67,1.93,1.93,1.95,2.03,1.83,1.98,1.88,2.1,1.85,2.0,3.5,3.4,3.5,3.75,1.95,2.1,3.1,3.25,3.4,1.92,1.93,2.1,2.1,1.86,2.02,1.97,2.26,1.94,2.04,3.45,3.6,3.5,3.9,3.7,2.05,2.15,3.3,3.3,3.3,3.5,1.95,1.96,2.08,2.1,1.88,2.0,1.97,2.23,1.91,2.05,3.57,3.51,3.54,3.83,1.93,1.93,2.05,1.85,1.96,1.93,1.88,2.03,2.04,2.17,3.47,3.51,3.48,3.82,2.0,2.15,3.3,3.3,3.3,3.7,10.0,14.0,0.0,17.0,6.0,3.0,2.0,9.0,1.0,10.0,2.0,0.0,0.0,4.0
20,3,2024-12-21,Besiktas,Alanyaspor,1,1,0,T1,T1,Besiktas,Alanyaspor,1.0,4.79,4.44,3.9,1.8,4.32,1.71,-0.75,-0.75,2.32,1.59,4.63,1.99,1.83,2.16,1.68,4.4,1.89,1.95,3.87,1.74,4.1,1.65,2.3,1.6,4.5,2.03,1.83,2.1,1.7,4.5,1.93,1.93,3.8,1.73,4.0,1.67,4.75,4.5,3.6,1.67,4.0,2.36,1.63,4.8,2.03,1.82,2.22,1.81,5.2,2.0,1.97,4.0,1.78,4.5,1.67,1.62,4.6,4.33,3.75,1.73,4.0,1.63,2.4,1.64,4.8,2.07,1.87,2.3,1.76,4.73,1.95,2.0,4.11,1.8,4.32,1.71,2.39,1.6,2.02,1.85,2.17,1.75,1.93,1.97,4.68,4.73,3.97,1.75,4.2,1.66,4.6,4.4,3.7,1.75,4.0,1.67,7.0,16.0,0.0,9.0,1.0,2.0,6.0,16.0,0.0,12.0,5.0,1.0,1.0,1.0
20,4,2024-12-22,Gaziantep,Antalyaspor,2,0,1,T1,T1,Gaziantep,Antalyaspor,1.0,3.34,3.7,3.67,2.03,3.52,2.26,-0.5,-0.25,1.95,1.84,3.22,1.91,1.89,2.03,1.77,3.63,1.85,1.99,3.53,1.99,3.39,2.19,1.98,1.88,3.25,1.87,1.87,2.08,1.73,3.75,1.88,1.98,3.6,1.95,3.4,2.15,3.1,3.5,3.4,1.91,3.3,2.0,1.89,3.3,1.95,2.01,2.18,1.82,3.95,1.92,2.06,3.75,2.06,3.5,2.34,2.2,3.3,3.5,3.4,2.0,3.4,2.1,2.0,1.9,3.35,1.97,1.97,2.12,1.85,3.91,1.93,2.05,3.68,2.2,3.55,2.26,1.97,1.87,1.93,1.93,2.08,1.81,1.86,1.98,3.26,3.8,3.68,1.97,3.41,2.22,3.2,3.7,3.4,1.95,3.3,2.2,3.0,12.0,1.0,8.0,1.0,4.0,4.0,13.0,0.0,20.0,7.0,0.0,1.0,1.0
20,5,2024-12-22,Goztep,Rizespor,3,0,1,T1,T1,Goztep,Rizespor,1.0,3.75,3.51,3.34,2.21,3.66,2.06,-0.25,-0.5,1.84,1.95,3.58,1.81,2.05,1.81,1.99,3.26,1.92,1.92,3.23,2.25,3.42,2.04,1.85,2.0,3.7,1.83,2.03,1.8,2.05,3.3,1.98,1.88,3.25,2.2,3.3,2.05,3.5,3.2,3.0,2.15,3.3,1.87,1.99,4.0,1.85,2.06,1.89,2.1,3.35,1.9,2.1,3.3,2.48,3.45,2.06,2.1,3.3,3.2,3.2,2.25,3.4,2.1,1.92,2.01,3.77,1.84,2.13,1.89,2.12,3.58,2.03,2.0,3.34,2.35,3.66,2.13,1.85,1.99,1.83,2.02,1.85,2.05,1.99,1.92,3.77,3.58,3.25,2.24,3.45,2.01,3.4,3.2,3.2,2.25,3.4,2.05,5.0,16.0,0.0,11.0,2.0,0.0,3.0,12.0,0.0,16.0,5.0,0.0,1.0,0.0
20,6,2024-12-22,Kayserispor,Galatasaray,1,5,2,T1,T1,Kayserispor,Galatasaray,1.0,1.37,1.38,5.35,7.93,5.87,8.1,1.5,1.5,3.12,1.33,1.34,1.93,1.9,3.24,1.33,1.35,1.93,1.91,5.4,7.39,5.51,7.34,3.1,1.36,1.36,1.95,1.9,3.4,1.33,1.36,1.95,1.9,5.25,7.5,5.0,7.5,1.3,1.29,5.0,7.0,5.5,3.2,1.36,1.34,1.92,1.87,3.6,1.37,1.38,1.95,2.01,6.2,8.4,6.2,7.8,7.5,1.35,1.35,5.5,7.0,5.25,7.25,3.25,1.36,1.37,2.02,1.96,3.41,1.36,1.38,1.98,2.0,5.68,7.93,6.25,8.1,3.15,1.36,1.93,1.93,3.29,1.36,1.96,1.94,1.34,1.37,5.63,7.76,5.69,7.48,1.35,1.36,5.0,7.0,5.0,7.0,7.0,5.0,0.0,20.0,11.0,0.0,7.0,7.0,0.0,15.0,6.0,2.0,1.0,1.0
20,7,2024-12-22,Trabzonspor,Bodrumspor,1,0,1,T1,T1,Trabzonspor,Bodrumspor,1.0,5.55,5.1,3.71,1.75,4.42,1.61,-0.75,-1.0,2.15,1.68,5.36,1.85,1.97,2.06,1.75,4.73,1.93,1.91,3.8,1.7,4.19,1.56,2.15,1.67,5.5,1.75,2.05,2.05,1.75,4.75,2.05,1.75,3.6,1.73,3.9,1.57,5.5,4.75,3.5,1.65,4.2,2.26,1.68,5.9,,,2.14,1.84,5.5,1.98,2.01,3.9,1.77,4.7,1.57,1.55,5.25,4.6,3.8,1.68,4.0,1.58,2.22,1.8,5.58,1.9,2.08,2.29,1.83,5.1,2.02,1.98,4.17,1.75,4.6,1.61,2.2,1.69,1.87,1.99,2.09,1.8,1.93,1.98,5.46,4.93,3.83,1.75,4.27,1.56,5.0,4.75,3.7,1.7,4.0,1.6,4.0,12.0,0.0,12.0,5.0,2.0,8.0,16.0,0.0,14.0,5.0,0.0,0.0,4.0
20,8,2024-12-23,Buyuksehyr,Kasimpasa,2,2,0,T1,T1,Buyuksehyr,Kasimpasa,1.0,3.46,3.22,3.59,2.24,3.74,2.13,-0.25,-0.25,1.95,1.83,3.38,2.01,1.8,2.04,1.77,3.06,1.87,1.97,3.35,2.28,3.48,2.08,2.0,1.85,3.3,2.03,1.83,2.0,1.8,2.9,1.85,2.0,3.4,2.2,3.4,2.05,3.4,2.9,3.2,2.2,3.4,,,2.8,,,2.18,1.83,3.25,1.9,2.08,3.45,2.44,3.7,1.81,2.05,3.4,2.9,3.3,2.3,3.5,2.0,2.01,1.89,3.47,2.08,1.85,2.13,1.87,3.42,2.02,2.05,3.59,2.4,3.74,2.13,1.98,1.85,2.03,1.83,2.09,1.8,1.87,2.04,3.47,3.17,3.38,2.37,3.46,2.11,3.3,3.0,3.3,2.3,3.5,2.1,4.0,19.0,0.0,13.0,4.0,4.0,4.0,17.0,0.0,19.0,8.0,1.0,2.0,2.0
20,9,2024-12-23,Hatayspor,Ad. Demirspor,1,3,2,T1,T1,Hatayspor,Ad. Demirspor,1.0,5.29,6.58,5.45,1.43,4.22,1.67,-1.25,-0.75,2.06,1.74,4.96,2.02,1.79,2.46,1.54,6.3,1.86,1.99,4.74,1.44,4.04,1.62,2.08,1.73,4.33,2.05,1.8,2.4,1.53,5.5,1.9,1.95,4.75,1.4,4.0,1.6,5.0,6.0,4.4,1.4,3.9,,,4.9,,,2.58,1.63,7.0,1.88,2.09,5.0,1.51,3.8,1.47,1.62,5.0,6.0,4.5,1.47,3.9,1.62,2.13,1.8,5.4,2.08,1.83,2.69,1.64,7.0,1.95,2.18,5.45,1.57,4.22,1.67,2.09,1.76,2.08,1.78,2.55,1.56,1.92,1.98,5.29,7.0,5.0,1.44,4.13,1.6,4.8,6.0,4.5,1.44,3.9,1.65,6.0,9.0,0.0,12.0,3.0,3.0,4.0,13.0,1.0,15.0,7.0,0.0,1.0,5.0
20,10,2024-12-20,Bayern Munich,RB Leipzig,5,1,1,D1,D1,Bayern Munich,RB Leipzig,1.0,12.9,12.8,7.28,1.23,7.95,1.23,-2.0,-2.0,3.59,1.28,11.46,1.92,1.91,3.77,1.27,11.88,1.98,1.87,7.21,1.21,7.04,1.22,3.75,1.29,11.0,2.04,1.86,3.75,1.29,13.0,2.04,1.86,7.0,1.2,7.5,1.2,11.0,11.0,6.5,1.17,7.0,4.0,1.32,13.0,2.11,1.88,4.0,1.32,14.0,2.06,1.93,8.0,1.24,7.6,1.26,1.22,12.0,11.5,7.5,1.21,7.25,1.21,3.75,1.3,13.15,2.06,2.02,4.0,1.29,13.0,2.07,1.96,7.7,1.26,7.95,1.28,3.43,1.33,2.04,1.87,3.43,1.33,2.02,1.88,13.15,12.59,7.36,1.22,7.48,1.21,11.0,11.0,7.0,1.22,6.5,1.22,1.0,10.0,0.0,4.0,1.0,2.0,8.0,9.0,0.0,22.0,9.0,1.0,3.0,5.0
20,11,2024-12-22,Wolfsburg,Dortmund,1,3,2,D1,D1,Wolfsburg,Dortmund,1.0,2.28,2.14,3.87,3.29,3.9,3.13,0.25,0.25,2.36,1.59,2.23,1.93,1.89,2.37,1.59,2.15,1.85,1.99,3.72,3.18,3.67,3.05,2.3,1.62,2.2,1.98,1.92,2.3,1.62,2.15,1.9,2.03,3.8,3.1,3.6,3.1,2.25,2.05,3.5,3.1,3.7,2.42,1.66,2.32,2.02,1.94,2.5,1.66,2.2,1.92,2.06,3.9,3.4,3.8,3.15,3.1,2.15,2.15,3.6,3.2,3.7,3.0,2.45,1.67,2.3,2.0,1.95,2.5,1.66,2.2,1.92,2.06,3.87,3.37,3.9,3.15,2.34,1.64,2.0,1.91,2.37,1.64,1.88,2.04,2.29,2.15,3.76,3.35,3.65,3.09,2.2,2.15,3.75,3.1,3.75,3.0,4.0,8.0,1.0,12.0,4.0,2.0,10.0,8.0,0.0,14.0,5.0,3.0,0.0,3.0
20,12,2024-12-22,PSV Eindhoven,Feyenoord,3,0,1,N1,N1,PSV Eindhoven,Feyenoord,1.0,4.34,4.62,4.59,1.68,4.25,1.71,-1.0,-0.75,2.55,1.48,4.44,1.97,1.83,2.72,1.44,4.79,1.84,2.01,4.35,1.62,4.18,1.67,2.6,1.48,4.5,2.02,1.88,2.7,1.44,4.75,1.87,2.03,4.5,1.62,4.33,1.67,4.6,4.75,4.2,1.55,4.2,2.72,1.5,4.5,2.01,1.81,2.94,1.51,5.3,1.92,2.07,4.7,1.65,4.9,1.68,1.62,4.4,4.75,4.33,1.63,4.2,1.68,2.65,1.52,4.6,2.02,1.9,3.0,1.48,5.11,1.9,2.11,4.59,1.68,4.33,1.71,2.59,1.5,2.01,1.85,2.79,1.47,1.88,2.03,4.59,5.11,4.42,1.63,4.25,1.66,4.33,4.5,4.2,1.62,4.0,1.7,3.0,11.0,0.0,9.0,2.0,3.0,7.0,14.0,0.0,17.0,7.0,0.0,2.0,1.0
20,13,2024-12-21,Aston Villa,Man City,2,1,1,E0,E0,Aston Villa,Man City,1.0,2.17,2.16,3.68,3.38,3.67,3.42,0.25,0.25,2.39,1.59,2.12,1.83,2.01,2.35,1.61,2.19,1.89,1.96,3.63,3.2,3.71,3.29,2.38,1.57,2.1,1.86,2.04,2.3,1.62,2.2,1.95,1.98,3.6,3.1,3.7,3.25,2.05,2.1,3.5,3.2,3.8,2.56,1.62,2.2,1.91,2.06,2.46,1.67,2.26,1.96,2.03,3.75,3.35,3.9,3.4,3.3,2.1,2.15,3.6,3.2,3.75,3.25,2.46,1.64,2.18,1.88,2.06,2.44,1.66,2.25,1.96,2.04,3.76,3.38,3.8,3.42,2.41,1.61,1.88,2.03,2.36,1.66,1.96,1.96,2.14,2.24,3.7,3.21,3.79,3.3,2.1,2.2,3.5,3.1,3.6,3.3,4.0,7.0,0.0,12.0,6.0,3.0,5.0,14.0,0.0,11.0,6.0,0.0,1.0,3.0
20,14,2024-12-22,Tottenham,Liverpool,3,6,2,E0,E0,Tottenham,Liverpool,1.0,1.71,1.64,4.62,4.87,4.64,4.42,1.0,0.75,3.52,1.29,1.72,1.86,1.97,3.74,1.27,1.64,1.99,1.87,4.57,4.69,4.33,4.29,3.5,1.3,1.73,1.89,2.01,3.75,1.29,1.6,2.02,1.91,4.5,4.75,4.0,4.5,1.7,1.6,4.5,4.75,4.33,3.85,1.34,1.77,1.92,2.03,4.0,1.32,1.66,2.05,1.94,4.8,5.1,4.5,4.6,4.5,1.75,1.63,4.6,4.5,4.33,4.1,3.7,1.3,1.76,1.92,2.02,3.99,1.29,1.7,2.05,1.92,4.8,5.1,4.64,4.5,3.28,1.33,1.88,2.02,3.28,1.33,2.04,1.89,1.71,1.65,4.55,4.9,4.37,4.47,1.73,1.65,4.5,4.6,4.33,4.2,5.0,9.0,0.0,24.0,12.0,2.0,7.0,7.0,0.0,9.0,5.0,3.0,1.0,1.0
20,15,2024-12-21,Barcelona,Ath Madrid,1,2,2,SP1,SP1,Barcelona,Ath Madrid,1.0,4.1,3.65,3.8,2.03,4.02,1.92,-0.5,-0.5,2.38,1.58,3.85,1.96,1.89,2.4,1.57,3.59,1.85,2.01,3.71,2.0,3.88,1.89,2.38,1.57,3.9,1.99,1.91,2.38,1.57,3.6,1.86,2.07,3.75,2.0,3.8,1.9,3.9,3.5,3.6,1.9,3.9,2.5,1.63,4.1,2.03,1.95,2.58,1.63,3.9,1.95,2.04,3.95,2.02,4.0,1.95,1.9,3.8,3.5,3.75,1.95,3.8,1.88,2.47,1.69,4.1,2.02,1.92,2.53,1.63,3.9,1.91,2.07,3.88,2.1,4.05,1.92,2.4,1.61,2.02,1.89,2.38,1.63,1.88,2.06,4.01,3.77,3.63,2.05,3.92,1.88,3.9,3.5,3.6,2.0,3.8,1.85,3.0,8.0,0.0,5.0,4.0,3.0,11.0,11.0,0.0,19.0,7.0,0.0,1.0,0.0
21,1,2024-12-29,Leicester,Man City,0,2,2,E0,E0,Leicester,Man City,1.0,1.36,1.3,6.38,9.7,5.9,8.45,1.75,1.5,3.07,1.36,1.34,1.89,1.95,3.3,1.34,1.27,1.9,1.95,6.36,9.62,5.62,7.92,3.2,1.36,1.36,1.9,2.0,3.4,1.33,1.27,1.92,2.01,6.25,9.5,5.5,7.5,1.33,1.25,6.0,9.5,5.5,3.25,1.41,1.37,1.93,2.04,3.5,1.39,1.29,1.97,2.02,7.0,11.5,6.0,9.0,8.0,1.34,1.28,6.5,9.5,5.75,8.0,3.2,1.39,1.37,1.96,2.03,3.56,1.37,1.31,1.94,2.03,6.8,11.0,5.9,8.8,3.13,1.39,1.88,2.03,3.22,1.37,1.93,1.98,1.33,1.27,6.42,10.25,5.9,8.42,1.36,1.25,6.0,9.5,5.0,7.5,4.0,6.0,0.0,14.0,5.0,1.0,4.0,11.0,0.0,11.0,4.0,1.0,0.0,2.0
21,2,2024-12-29,Everton,Nott'm Forest,0,2,2,E0,E0,Everton,Nott'm Forest,1.0,2.87,2.82,3.16,2.78,3.24,2.71,0.0,0.0,1.66,2.23,2.83,1.99,1.86,1.61,2.35,2.89,2.02,1.85,3.08,2.69,3.16,2.64,1.67,2.2,2.8,2.02,1.88,1.62,2.3,2.88,2.08,1.85,3.1,2.63,3.2,2.6,2.8,2.88,3.1,2.7,3.1,1.71,2.32,2.94,2.04,1.93,1.66,2.48,3.0,2.06,1.92,3.2,2.8,3.25,2.8,2.7,2.8,2.9,3.1,2.6,3.2,2.6,1.7,2.31,2.9,2.05,1.91,1.66,2.45,3.0,2.11,1.89,3.16,2.88,3.24,2.71,1.67,2.31,2.02,1.88,1.61,2.45,2.07,1.86,2.88,3.0,3.07,2.71,3.18,2.69,2.8,2.88,3.0,2.7,3.1,2.62,4.0,10.0,0.0,11.0,7.0,1.0,5.0,13.0,0.0,13.0,2.0,1.0,0.0,4.0
21,3,2024-12-29,Fulham,Bournemouth,2,2,0,E0,E0,Fulham,Bournemouth,1.0,2.97,3.26,3.46,2.3,3.77,2.36,-0.25,-0.25,2.21,1.67,2.91,1.82,2.0,2.03,1.81,3.18,1.89,1.96,3.43,2.3,3.58,2.35,2.2,1.67,2.88,1.85,2.05,2.0,1.8,3.2,1.96,1.97,3.4,2.25,3.6,2.3,3.0,3.25,3.4,2.25,3.5,2.28,1.74,3.1,1.88,2.11,2.16,1.84,3.4,1.97,2.01,3.55,2.34,3.7,2.44,2.3,2.9,3.1,3.4,2.3,3.6,2.35,2.29,1.74,3.0,1.85,2.07,2.16,1.87,3.31,2.0,2.0,3.55,2.42,3.77,2.4,2.21,1.72,1.85,2.06,2.07,1.83,1.95,1.97,3.0,3.31,3.5,2.27,3.59,2.37,2.8,3.1,3.4,2.3,3.6,2.4,7.0,16.0,0.0,16.0,9.0,3.0,1.0,7.0,0.0,11.0,6.0,0.0,1.0,1.0
21,4,2024-12-29,Tottenham,Wolves,2,2,0,E0,E0,Tottenham,Wolves,1.0,4.74,4.79,4.45,1.68,4.69,1.66,-0.75,-1.0,3.33,1.31,4.56,1.86,1.97,3.18,1.36,4.58,2.07,1.8,4.53,1.66,4.77,1.61,3.4,1.33,4.2,1.89,2.01,3.2,1.36,4.5,2.09,1.84,4.33,1.65,5.0,1.6,4.6,4.6,4.5,1.65,4.75,3.65,1.35,4.7,1.91,2.05,3.4,1.41,5.0,2.16,1.84,4.7,1.69,5.0,1.68,1.62,4.6,4.5,4.6,1.63,4.8,1.6,3.7,1.33,4.75,1.91,2.02,3.35,1.4,4.9,2.11,1.84,4.7,1.69,5.0,1.66,3.4,1.33,1.89,2.02,3.17,1.38,2.09,1.83,4.57,4.6,4.64,1.68,4.91,1.63,4.5,4.4,4.4,1.67,4.6,1.62,5.0,10.0,0.0,11.0,3.0,2.0,5.0,9.0,0.0,13.0,3.0,1.0,2.0,1.0
21,5,2024-12-29,West Ham,Liverpool,0,5,2,E0,E0,West Ham,Liverpool,1.0,1.43,1.41,5.33,7.49,5.4,7.13,1.5,1.5,2.92,1.39,1.4,2.03,1.81,2.94,1.41,1.38,2.0,1.86,5.35,7.44,5.21,7.04,3.0,1.4,1.4,2.03,1.78,3.0,1.4,1.38,2.08,1.85,5.25,7.0,5.0,7.0,1.36,1.36,5.0,7.0,5.0,3.15,1.43,1.44,2.09,1.88,3.1,1.47,1.42,2.1,1.9,5.7,8.0,5.7,7.6,7.0,1.41,1.39,5.25,7.25,5.25,7.0,3.1,1.41,1.43,2.11,1.86,3.18,1.44,1.41,2.08,1.92,5.8,8.15,5.5,7.5,3.0,1.41,2.07,1.82,2.92,1.44,2.06,1.87,1.4,1.39,5.5,7.75,5.34,7.32,1.4,1.4,5.0,7.0,5.0,6.5,6.0,10.0,0.0,22.0,13.0,0.0,3.0,7.0,0.0,7.0,0.0,3.0,0.0,0.0
21,6,2024-12-30,Aston Villa,Brighton,2,2,0,E0,E0,Aston Villa,Brighton,1.0,3.69,4.37,3.78,1.86,4.02,1.98,-0.5,-0.5,2.36,1.59,3.61,1.91,1.94,2.29,1.63,4.06,1.99,1.86,3.73,1.89,3.86,1.94,2.38,1.57,3.6,1.95,1.95,2.3,1.62,4.1,2.06,1.87,3.7,1.85,3.8,1.9,3.6,3.9,3.6,1.87,3.8,2.28,1.56,3.75,1.96,2.0,2.4,1.7,4.4,2.08,1.91,3.9,1.91,3.8,2.0,1.91,3.6,4.0,3.6,1.9,3.8,1.95,2.41,1.64,3.8,1.97,2.0,2.41,1.7,4.37,2.06,1.9,3.89,2.08,4.02,1.99,2.39,1.62,1.91,2.0,2.3,1.67,2.06,1.87,3.62,4.25,3.89,1.86,3.91,1.99,3.6,3.9,3.6,1.91,3.8,1.95,3.0,14.0,0.0,13.0,4.0,3.0,12.0,9.0,0.0,20.0,4.0,1.0,1.0,2.0
21,7,2024-12-30,Ipswich,Chelsea,2,0,1,E0,E0,Ipswich,Chelsea,1.0,1.46,1.43,5.13,7.52,5.2,6.78,1.5,1.25,2.75,1.43,1.41,1.86,1.95,2.68,1.48,1.39,2.03,1.82,5.18,7.45,5.02,6.87,2.75,1.44,1.42,1.88,2.02,2.75,1.44,1.4,2.03,1.78,5.0,7.0,4.75,6.5,1.36,1.33,5.0,7.5,5.0,2.72,1.42,1.43,1.83,1.96,2.92,1.52,1.42,2.13,1.86,5.6,8.2,5.1,7.4,7.0,1.43,1.41,5.25,6.75,5.0,6.75,2.95,1.47,1.46,1.91,2.02,2.78,1.52,1.43,2.11,1.92,5.5,8.5,5.4,7.83,2.76,1.47,1.88,2.02,2.67,1.51,2.09,1.81,1.42,1.4,5.28,7.55,5.2,7.1,1.44,1.4,4.8,7.5,4.8,6.5,7.0,5.0,0.0,20.0,5.0,4.0,4.0,9.0,0.0,9.0,6.0,0.0,1.0,4.0
21,8,2024-12-30,Man United,Newcastle,0,2,2,E0,E0,Man United,Newcastle,1.0,2.51,2.59,3.56,2.74,3.81,2.74,0.0,0.0,2.28,1.63,2.49,1.85,2.01,2.25,1.66,2.52,1.86,2.01,3.53,2.74,3.61,2.7,2.3,1.62,2.55,1.88,2.02,2.2,1.67,2.55,1.91,2.02,3.5,2.7,3.5,2.75,2.45,2.5,3.5,2.75,3.5,2.38,1.65,2.6,1.91,2.06,2.4,1.71,2.66,1.95,2.04,3.75,2.76,3.7,2.82,2.7,2.5,2.45,3.5,2.8,3.6,2.65,2.36,1.68,2.55,1.9,2.05,2.32,1.69,2.59,1.91,2.05,3.68,2.87,3.81,2.8,2.33,1.65,1.88,2.02,2.27,1.69,1.91,2.01,2.54,2.58,3.6,2.71,3.68,2.72,2.4,2.5,3.4,2.75,3.6,2.75,3.0,8.0,0.0,12.0,4.0,1.0,2.0,13.0,0.0,10.0,0.0,2.0,0.0,1.0
21,9,2024-12-28,Cagliari,Inter,0,3,2,I1,I1,Cagliari,Inter,1.0,1.49,1.42,4.87,8.19,4.92,7.04,1.25,1.25,2.26,1.64,1.44,1.96,1.86,2.24,1.65,1.39,1.86,1.97,4.84,7.87,4.73,6.91,2.3,1.62,1.44,1.99,1.91,2.2,1.67,1.4,1.94,1.99,4.75,7.5,4.75,6.5,1.4,1.33,4.6,8.0,4.75,2.42,1.68,1.46,2.0,1.96,2.34,1.73,1.41,1.93,2.05,5.2,9.6,5.2,8.0,7.0,1.44,1.4,4.8,7.5,4.8,6.25,2.38,1.71,1.49,2.01,1.92,2.33,1.71,1.42,1.94,2.03,5.0,8.5,4.92,7.54,2.28,1.68,2.01,1.9,2.24,1.71,1.93,1.99,1.43,1.41,4.89,8.43,4.82,7.54,1.44,1.4,4.6,7.0,4.6,6.5,7.0,5.0,0.0,20.0,5.0,0.0,5.0,14.0,0.0,5.0,1.0,0.0,0.0,0.0
21,10,2024-12-28,Lazio,Atalanta,1,1,0,I1,I1,Lazio,Atalanta,1.0,2.51,2.34,3.26,3.37,3.46,3.06,0.25,0.25,1.99,1.83,2.43,2.06,1.77,1.84,1.98,2.38,2.01,1.83,3.19,3.16,3.37,2.93,2.0,1.8,2.4,2.09,1.81,1.8,2.0,2.4,2.09,1.84,3.2,3.1,3.3,3.0,2.4,2.25,3.0,3.1,3.4,2.08,1.9,2.52,2.16,1.84,1.9,2.08,2.46,2.09,1.9,3.3,3.35,3.5,3.1,3.0,2.4,2.4,3.1,3.1,3.4,2.85,2.08,1.91,2.51,2.14,1.81,1.93,2.1,2.48,2.11,1.89,3.33,3.37,3.5,3.06,2.03,1.87,2.14,1.8,1.8,2.1,2.11,1.83,2.48,2.48,3.17,3.24,3.39,2.99,2.45,2.3,3.1,3.1,3.3,2.8,7.0,11.0,0.0,14.0,4.0,3.0,2.0,6.0,0.0,11.0,5.0,0.0,1.0,2.0
21,11,2024-12-29,Udinese,Torino,2,2,0,I1,I1,Udinese,Torino,1.0,3.65,3.69,3.07,2.3,3.31,2.28,-0.25,-0.25,1.54,2.47,3.52,1.94,1.88,1.59,2.35,3.61,1.93,1.91,2.96,2.29,3.12,2.23,1.53,2.5,3.5,1.97,1.93,1.62,2.3,3.6,2.0,1.93,3.0,2.25,3.1,2.25,3.6,3.5,2.75,2.25,3.1,1.59,2.62,3.85,2.02,1.95,1.66,2.48,3.85,1.96,2.02,3.0,2.42,3.15,2.32,2.25,3.5,3.6,2.9,2.3,3.1,2.2,1.59,2.58,3.65,1.98,1.94,1.66,2.55,3.9,2.01,2.0,3.3,2.35,3.31,2.28,1.56,2.54,1.97,1.93,1.59,2.46,2.01,1.92,3.64,3.9,3.01,2.28,3.13,2.27,3.4,3.4,2.9,2.3,3.1,2.2,3.0,12.0,0.0,12.0,6.0,0.0,4.0,17.0,0.0,10.0,3.0,0.0,1.0,1.0
21,12,2024-12-29,Napoli,Venezia,1,0,1,I1,I1,Napoli,Venezia,1.0,12.2,11.6,5.6,1.3,6.41,1.29,-1.5,-1.75,2.3,1.62,10.81,1.8,2.01,2.21,1.66,11.36,2.02,1.83,5.68,1.27,5.84,1.27,2.3,1.62,11.0,1.78,2.03,2.2,1.67,11.0,2.08,1.85,5.5,1.27,5.5,1.27,11.0,11.0,5.5,1.2,5.5,2.4,1.67,12.5,1.86,2.1,2.32,1.75,14.5,2.11,1.89,6.0,1.3,6.2,1.3,1.25,10.5,11.0,5.75,1.28,5.75,1.28,2.39,1.68,12.2,1.84,2.12,2.32,1.72,13.55,2.12,1.92,6.06,1.3,6.41,1.29,2.35,1.63,1.84,2.06,2.31,1.66,2.12,1.79,10.88,13.55,6.06,1.25,6.14,1.27,10.0,10.0,5.5,1.29,5.8,1.25,4.0,12.0,0.0,4.0,2.0,3.0,14.0,10.0,0.0,25.0,8.0,0.0,0.0,0.0
21,13,2024-12-29,Juventus,Fiorentina,2,2,0,I1,I1,Juventus,Fiorentina,1.0,4.29,4.8,3.49,1.86,3.66,1.97,-0.5,-0.5,1.72,2.12,4.14,1.9,1.94,1.71,2.15,4.51,1.93,1.92,3.31,1.9,3.4,1.93,1.73,2.1,4.2,1.93,1.97,1.73,2.1,4.5,2.0,1.93,3.4,1.85,3.3,1.95,4.33,4.4,3.2,1.8,3.4,1.8,2.18,4.5,2.02,1.96,1.79,2.26,4.7,1.98,2.01,3.4,2.0,3.55,1.96,1.91,3.9,4.4,3.2,1.93,3.4,1.95,1.79,2.19,4.45,1.94,1.98,1.79,2.36,5.1,2.01,1.96,3.49,1.95,3.66,1.98,1.75,2.16,1.93,1.97,1.75,2.18,1.99,1.93,4.45,4.74,3.36,1.92,3.32,1.96,3.9,4.2,3.2,1.91,3.4,1.91,2.0,9.0,0.0,11.0,4.0,1.0,7.0,14.0,0.0,15.0,5.0,1.0,1.0,3.0
21,14,2024-12-29,Milan,Roma,1,1,0,I1,I1,Milan,Roma,1.0,3.33,3.23,3.23,2.43,3.65,2.27,-0.25,-0.25,1.92,1.88,3.21,1.91,1.9,1.74,2.09,3.25,1.85,1.99,3.15,2.35,3.44,2.22,1.97,1.93,3.2,1.95,1.95,1.73,2.1,3.3,1.93,2.0,3.2,2.3,3.4,2.25,3.3,3.1,3.0,2.3,3.4,1.98,1.99,3.4,1.99,1.99,1.8,2.22,3.5,1.94,2.05,3.3,2.4,3.5,2.32,2.25,3.3,3.2,3.1,2.37,3.5,2.15,1.99,1.96,3.35,1.97,1.97,1.92,2.2,3.46,1.93,2.08,3.4,2.43,3.65,2.31,1.97,1.92,1.94,1.96,1.76,2.16,1.92,2.0,3.27,3.46,3.19,2.35,3.51,2.26,3.1,3.1,3.1,2.3,3.4,2.2,5.0,8.0,0.0,12.0,5.0,4.0,6.0,17.0,0.0,21.0,7.0,1.0,1.0,4.0
21,15,2024-12-29,Sp Lisbon,Benfica,1,0,1,P1,P1,Sp Lisbon,Benfica,1.0,2.59,2.68,3.51,2.68,3.65,2.53,0.0,0.0,2.16,1.66,2.59,1.95,1.88,1.96,1.84,2.71,2.0,1.86,3.41,2.51,3.57,2.5,2.15,1.67,2.6,2.0,1.9,1.98,1.88,2.7,2.04,1.86,3.4,2.5,3.6,2.5,2.6,2.63,3.25,2.45,3.5,2.18,1.69,2.8,,,2.04,1.95,2.9,2.07,1.91,3.5,2.68,3.7,2.62,2.55,2.55,2.65,3.4,2.45,3.6,2.45,2.25,1.7,2.75,2.0,1.9,2.19,1.98,2.8,2.04,1.89,3.57,2.68,3.66,2.6,2.18,1.7,1.97,1.88,1.97,1.92,2.03,1.88,2.64,2.79,3.45,2.6,3.63,2.53,2.5,2.7,3.3,2.5,3.5,2.5,8.0,14.0,0.0,14.0,2.0,3.0,4.0,13.0,0.0,12.0,6.0,0.0,1.0,2.0
22,1,2025-01-03,Alanyaspor,Konyaspor,2,1,1,T1,T1,Alanyaspor,Konyaspor,1.0,3.77,3.61,3.49,2.12,3.44,2.13,-0.25,-0.25,1.75,2.05,3.61,2.05,1.77,1.85,1.94,3.46,2.01,1.83,3.25,2.14,3.27,2.08,1.75,2.05,3.5,2.05,1.8,1.93,1.93,3.3,2.0,1.85,3.3,2.05,3.25,2.05,3.7,3.5,3.1,2.15,3.1,1.83,2.16,3.9,2.12,1.87,1.96,2.02,3.8,2.04,1.94,3.3,2.28,3.35,2.2,2.05,3.6,3.4,3.2,2.15,3.25,2.05,1.83,2.15,3.89,2.13,1.82,1.97,2.09,3.72,2.06,1.88,3.49,2.22,3.44,2.13,1.78,2.12,2.1,1.82,1.93,1.96,2.03,1.88,3.89,3.72,3.23,2.2,3.25,2.13,3.6,3.4,3.3,2.1,3.25,2.05,2.0,15.0,0.0,8.0,3.0,4.0,7.0,17.0,0.0,12.0,6.0,0.0,1.0,3.0
22,2,2025-01-03,Rizespor,Besiktas,1,1,0,T1,T1,Rizespor,Besiktas,1.0,2.64,2.55,3.64,2.7,3.62,2.7,0.0,0.0,2.02,1.78,2.61,1.93,1.91,2.13,1.69,2.64,1.99,1.86,3.46,2.52,3.42,2.57,2.0,1.8,2.5,1.95,1.9,2.15,1.67,2.55,2.03,1.83,3.5,2.38,3.4,2.5,2.63,2.63,3.3,2.5,3.3,2.16,1.83,2.8,2.01,1.95,2.32,1.75,2.84,2.06,1.93,3.6,2.68,3.55,2.72,2.55,2.6,2.65,3.4,2.45,3.4,2.5,2.12,1.86,2.69,1.98,1.97,2.31,1.82,2.75,2.07,1.91,3.64,2.7,3.62,2.7,2.07,1.82,1.95,1.95,2.15,1.76,2.07,1.89,2.69,2.75,3.54,2.59,3.48,2.68,2.5,2.62,3.4,2.5,3.4,2.5,2.0,15.0,0.0,9.0,2.0,2.0,6.0,17.0,0.0,21.0,5.0,1.0,1.0,4.0
22,3,2025-01-04,Ad. Demirspor,Buyuksehyr,0,1,2,T1,T1,Ad. Demirspor,Buyuksehyr,1.0,1.63,1.68,4.15,4.99,4.37,5.5,0.75,1.0,2.13,1.69,1.59,2.01,1.81,2.2,1.65,1.62,1.78,2.07,4.15,4.86,4.15,5.15,2.1,1.7,1.57,2.03,1.83,2.25,1.62,1.6,1.75,2.05,4.0,4.5,4.0,4.75,1.57,1.6,4.0,5.0,4.2,2.22,1.66,1.63,1.99,1.81,2.32,1.73,1.67,1.84,2.14,4.3,5.8,4.4,5.7,5.0,1.61,1.61,4.1,5.0,4.0,5.0,2.23,1.78,1.63,2.12,1.87,2.31,1.72,1.68,1.85,2.15,4.52,5.33,4.37,5.54,2.18,1.72,2.02,1.87,2.3,1.66,1.79,2.11,1.59,1.63,4.26,5.33,4.28,5.54,1.57,1.67,4.0,4.75,4.0,5.0,3.0,12.0,0.0,11.0,6.0,5.0,3.0,6.0,0.0,10.0,2.0,1.0,0.0,0.0
22,4,2025-01-04,Antalyaspor,Eyupspor,1,4,2,T1,T1,Antalyaspor,Eyupspor,1.0,2.77,2.55,3.48,2.8,3.62,2.57,0.0,0.0,1.98,1.8,2.68,1.99,1.85,1.87,1.91,2.46,1.8,2.06,3.3,2.82,3.44,2.49,2.03,1.83,2.63,2.03,1.83,1.9,1.95,2.35,1.78,2.1,3.3,2.75,3.4,2.4,2.63,2.5,3.2,2.8,3.4,1.95,1.77,2.96,2.11,1.8,1.96,2.0,2.64,1.86,2.13,3.4,3.0,3.45,2.54,2.45,2.6,2.45,3.25,2.75,3.4,2.5,2.06,1.85,2.79,2.04,1.89,1.97,1.97,2.55,1.83,2.13,3.48,2.98,3.62,2.57,2.05,1.82,2.04,1.85,1.93,1.96,1.8,2.13,2.79,2.52,3.32,2.98,3.49,2.54,2.62,2.45,3.3,2.75,3.4,2.5,4.0,5.0,0.0,15.0,6.0,3.0,11.0,13.0,0.0,22.0,8.0,3.0,0.0,2.0
22,5,2025-01-04,Galatasaray,Goztep,2,1,1,T1,T1,Galatasaray,Goztep,1.0,8.7,8.46,6.53,1.31,6.03,1.34,-1.75,-1.5,3.08,1.34,8.0,1.97,1.85,3.2,1.33,8.74,1.88,1.96,6.04,1.28,5.7,1.31,3.1,1.36,7.0,1.98,1.88,2.88,1.4,7.5,1.85,2.0,5.75,1.29,5.5,1.33,8.0,8.5,5.5,1.22,6.5,3.65,1.33,8.6,1.95,1.85,3.3,1.42,11.5,1.94,2.02,6.6,1.31,7.2,1.33,1.29,7.75,8.75,6.0,1.28,5.5,1.32,3.4,1.37,8.78,2.02,1.89,3.42,1.4,10.12,1.94,2.0,6.53,1.31,6.5,1.34,3.29,1.34,2.02,1.85,3.33,1.34,1.91,1.98,7.85,9.54,6.39,1.28,5.95,1.31,8.0,8.5,5.8,1.29,5.5,1.3,4.0,15.0,0.0,7.0,2.0,2.0,9.0,12.0,0.0,11.0,3.0,1.0,1.0,1.0
22,6,2025-01-04,Samsunspor,Trabzonspor,2,1,1,T1,T1,Samsunspor,Trabzonspor,1.0,3.23,3.02,3.56,2.36,3.73,2.23,-0.25,-0.25,2.1,1.71,3.15,1.93,1.86,2.07,1.74,3.01,1.85,1.98,3.39,2.28,3.56,2.14,2.08,1.73,3.2,1.98,1.88,2.08,1.73,2.88,1.8,2.05,3.4,2.25,3.5,2.1,3.3,2.9,3.2,2.2,3.5,2.16,1.76,3.45,1.99,1.93,2.14,1.84,3.25,1.9,2.07,3.5,2.4,3.5,2.24,2.1,3.2,2.95,3.4,2.25,3.6,2.05,2.17,1.77,3.3,1.98,1.94,2.23,1.8,3.21,1.9,2.08,3.6,2.42,3.73,2.23,2.13,1.75,1.95,1.92,2.11,1.79,1.84,2.07,3.17,3.11,3.38,2.41,3.63,2.18,3.1,2.9,3.3,2.3,3.5,2.15,8.0,8.0,0.0,14.0,5.0,1.0,2.0,7.0,0.0,9.0,3.0,0.0,1.0,1.0
22,7,2025-01-05,Kasimpasa,Gaziantep,2,2,0,T1,T1,Kasimpasa,Gaziantep,1.0,4.12,4.95,4.17,1.69,4.07,1.86,-0.75,-0.75,2.26,1.62,4.12,1.78,2.02,2.36,1.57,4.84,2.01,1.82,3.98,1.65,3.75,1.8,2.25,1.62,3.9,1.78,2.03,2.35,1.57,4.75,2.05,1.8,4.0,1.62,3.7,1.8,4.2,5.0,3.8,1.62,3.8,2.32,1.65,4.2,1.86,2.11,2.52,1.64,5.8,2.11,1.86,4.1,1.69,4.1,1.88,1.75,4.1,4.75,3.9,1.66,3.75,1.78,2.38,1.69,4.41,1.82,2.07,2.51,1.61,5.46,2.08,1.87,4.17,1.75,4.07,1.86,2.26,1.65,1.78,2.07,2.43,1.6,2.08,1.84,4.41,5.46,3.96,1.66,3.56,1.83,4.0,4.6,4.0,1.65,3.8,1.8,2.0,11.0,0.0,9.0,5.0,4.0,7.0,11.0,0.0,17.0,4.0,1.0,2.0,3.0
22,8,2025-01-05,Bodrumspor,Kayserispor,1,1,0,T1,T1,Bodrumspor,Kayserispor,1.0,3.64,3.94,3.29,2.02,3.62,2.11,-0.25,-0.25,1.79,1.99,3.49,2.02,1.78,1.8,1.99,3.7,2.08,1.76,3.26,2.05,3.3,2.1,1.83,2.03,3.4,,,1.83,2.03,3.7,2.08,1.73,3.2,2.0,3.2,2.1,3.3,3.7,3.1,1.95,3.3,1.85,2.02,3.9,2.1,1.85,1.89,2.1,4.1,2.2,1.81,3.45,2.12,3.35,2.14,2.15,3.25,3.5,3.2,2.1,3.3,2.15,1.86,2.05,3.8,2.06,1.85,1.88,2.09,3.94,2.17,1.83,3.37,2.12,3.62,2.15,1.84,2.01,2.06,1.81,1.85,2.04,2.14,1.78,3.79,3.91,3.36,2.08,3.19,2.11,3.4,3.7,3.2,2.05,3.4,2.05,6.0,13.0,0.0,8.0,3.0,4.0,6.0,10.0,0.0,14.0,4.0,0.0,0.0,2.0
22,9,2025-01-05,Fenerbahce,Hatayspor,2,1,1,T1,T1,Fenerbahce,Hatayspor,1.0,25.0,22.0,8.8,1.12,12.0,1.11,-2.5,-2.5,3.13,1.33,24.24,1.96,1.85,3.31,1.31,19.47,1.82,2.02,8.99,1.11,10.37,1.08,3.1,1.36,23.0,2.0,1.85,3.4,1.33,17.0,1.83,2.03,8.0,1.13,9.0,1.08,26.0,21.0,9.0,1.06,11.0,3.3,1.38,30.0,,,3.6,1.37,30.0,1.87,2.14,12.0,1.12,11.5,1.13,1.08,26.0,16.5,8.75,1.13,10.5,1.09,3.4,1.36,31.0,2.05,1.9,3.44,1.36,23.0,1.86,2.13,11.0,1.15,12.0,1.11,3.33,1.32,2.0,1.84,3.2,1.36,1.85,2.04,25.19,22.38,10.5,1.11,11.9,1.08,23.0,21.0,8.0,1.12,10.0,1.1,1.0,7.0,0.0,4.0,2.0,4.0,7.0,8.0,0.0,18.0,9.0,1.0,2.0,3.0
22,10,2025-01-04,Tottenham,Newcastle,1,2,2,E0,E0,Tottenham,Newcastle,1.0,2.24,1.82,4.62,3.77,4.06,3.0,0.75,0.25,3.31,1.32,2.24,1.95,1.87,3.82,1.27,1.79,1.97,1.88,4.5,3.81,3.94,2.88,3.4,1.33,2.25,2.0,1.9,4.0,1.25,1.73,1.98,1.95,4.5,3.9,3.8,2.88,2.2,1.75,4.6,3.9,3.9,3.6,1.37,2.3,2.02,1.96,4.2,1.3,1.82,2.02,1.97,4.8,4.0,4.1,3.05,2.9,2.25,1.77,4.4,3.8,3.9,2.85,3.47,1.35,2.31,2.03,1.94,4.14,1.3,1.94,2.02,1.95,4.69,3.9,4.06,3.0,3.29,1.35,1.96,1.94,3.29,1.35,1.98,1.94,2.22,1.79,4.69,3.9,4.06,2.97,2.25,1.75,4.4,3.8,3.9,2.8,10.0,15.0,0.0,14.0,4.0,4.0,9.0,11.0,0.0,13.0,4.0,2.0,1.0,1.0
22,11,2025-01-04,Aston Villa,Leicester,2,1,1,E0,E0,Aston Villa,Leicester,1.0,9.35,8.76,5.41,1.37,5.86,1.34,-1.5,-1.5,2.58,1.5,9.16,1.95,1.9,2.91,1.42,8.49,1.96,1.89,5.63,1.33,5.51,1.32,2.63,1.5,8.5,1.98,1.92,3.0,1.4,8.5,1.99,1.94,5.25,1.33,5.5,1.33,10.0,8.5,5.5,1.3,5.5,2.78,1.53,10.5,2.04,1.93,3.15,1.46,9.4,2.02,1.97,5.9,1.37,5.9,1.35,1.3,9.0,8.0,5.75,1.34,5.5,1.33,2.75,1.53,10.5,1.99,1.94,3.14,1.45,9.5,2.01,1.95,6.0,1.37,5.86,1.35,2.65,1.5,2.0,1.91,2.96,1.43,1.97,1.95,9.41,8.32,5.69,1.34,5.64,1.32,8.5,8.5,5.5,1.33,5.5,1.33,2.0,11.0,0.0,4.0,2.0,1.0,7.0,10.0,0.0,13.0,5.0,0.0,0.0,0.0
22,12,2025-01-04,Brighton,Arsenal,1,1,0,E0,E0,Brighton,Arsenal,1.0,1.84,1.76,3.59,5.45,4.01,4.28,0.75,0.75,2.12,1.73,1.8,2.01,1.82,1.87,1.97,1.81,2.02,1.83,3.59,4.74,3.83,4.36,2.1,1.73,1.8,2.06,1.84,1.88,2.05,1.75,2.05,1.88,3.6,5.0,3.75,4.33,1.75,1.8,3.5,4.5,3.9,2.28,1.76,1.83,2.06,1.91,1.91,2.08,1.84,2.1,1.89,3.75,5.1,4.0,4.7,4.5,1.75,1.8,3.5,4.75,4.0,4.4,2.26,1.8,1.84,2.08,1.85,2.13,2.05,1.85,2.08,1.92,3.8,5.45,4.01,4.7,2.1,1.79,2.08,1.84,1.88,2.02,2.05,1.88,1.82,1.8,3.68,4.93,3.7,4.62,1.8,1.83,3.5,4.5,3.8,4.2,5.0,14.0,0.0,9.0,3.0,3.0,2.0,17.0,0.0,11.0,4.0,1.0,0.0,2.0
22,13,2025-01-05,Liverpool,Man United,2,2,0,E0,E0,Liverpool,Man United,1.0,10.7,7.19,5.59,1.4,6.26,1.29,-1.5,-1.75,2.86,1.41,9.49,1.81,2.0,2.6,1.51,7.9,1.86,2.0,5.42,1.36,6.05,1.29,2.75,1.44,8.0,1.78,2.03,2.63,1.5,7.5,1.92,2.01,5.5,1.36,6.25,1.29,10.0,8.0,5.0,1.33,6.5,3.1,1.45,11.0,1.93,2.04,2.72,1.58,8.8,1.92,2.07,5.6,1.41,6.6,1.31,1.25,9.5,7.75,5.25,1.37,6.0,1.29,3.0,1.44,11.0,1.85,2.08,2.8,1.54,8.6,1.93,2.1,5.7,1.4,6.5,1.3,2.88,1.43,1.81,2.08,2.62,1.53,1.91,2.02,9.37,8.55,5.55,1.36,6.14,1.29,9.5,7.5,5.0,1.36,5.8,1.3,9.0,13.0,0.0,13.0,4.0,4.0,6.0,10.0,0.0,19.0,6.0,0.0,0.0,2.0
22,14,2025-01-03,Valencia,Real Madrid,1,2,2,SP1,SP1,Valencia,Real Madrid,1.0,1.48,1.44,4.87,7.64,4.94,7.21,1.25,1.25,2.23,1.65,1.44,1.95,1.87,2.26,1.64,1.42,1.91,1.93,4.8,7.34,4.67,7.11,2.2,1.67,1.42,2.0,1.93,2.2,1.67,1.42,1.98,1.95,4.75,7.0,4.5,7.0,1.4,1.33,4.6,7.5,4.75,2.4,1.7,1.45,2.0,1.96,2.38,1.71,1.46,2.02,1.96,5.1,8.0,5.0,8.6,7.5,1.44,1.43,4.75,7.0,4.6,6.75,2.36,1.72,1.48,2.03,1.93,2.42,1.69,1.45,2.0,2.01,5.04,8.36,4.94,7.58,2.28,1.68,2.0,1.92,2.28,1.68,1.99,1.93,1.45,1.44,4.89,7.47,4.78,7.58,1.44,1.4,4.75,7.5,4.5,6.5,5.0,9.0,1.0,17.0,5.0,3.0,2.0,16.0,0.0,8.0,5.0,0.0,1.0,2.0
22,15,2025-01-04,Fiorentina,Napoli,0,3,2,I1,I1,Fiorentina,Napoli,1.0,2.63,2.24,3.07,3.86,3.25,3.05,0.25,0.0,1.72,2.12,2.53,1.81,2.06,1.61,2.31,2.32,1.95,1.89,3.04,3.44,3.19,2.92,1.73,2.1,2.55,1.84,2.06,1.62,2.3,2.25,1.95,1.98,3.0,3.6,3.25,2.88,2.55,2.3,2.9,3.2,3.2,1.81,2.18,2.72,1.89,2.09,1.67,2.46,2.34,1.99,1.99,3.25,3.7,3.3,3.0,2.9,2.5,2.3,3.0,3.4,3.2,2.9,1.77,2.22,2.63,1.86,2.13,1.7,2.48,2.56,2.08,2.03,3.14,3.86,3.25,3.12,1.71,2.22,1.83,2.09,1.61,2.45,2.08,1.85,2.6,2.46,3.05,3.4,3.2,2.97,2.5,2.3,3.0,3.25,3.1,2.88,2.0,15.0,0.0,10.0,4.0,1.0,4.0,17.0,0.0,14.0,2.0,1.0,0.0,0.0
23,1,2025-01-11,Kayserispor,Samsunspor,0,1,2,T1,T1,Kayserispor,Samsunspor,1.0,2.21,2.04,3.54,3.58,3.64,3.34,0.25,0.25,1.95,1.83,2.17,1.87,1.93,1.95,1.84,2.1,1.83,2.01,3.48,3.33,3.44,3.18,2.0,1.85,2.1,1.88,1.98,1.98,1.88,2.0,1.83,2.03,3.4,3.3,3.3,3.2,2.2,2.0,3.3,3.3,3.3,1.96,1.88,2.32,1.98,1.97,2.04,1.94,2.16,1.87,2.13,3.65,3.75,3.5,3.4,3.2,2.2,2.1,3.4,3.25,3.4,3.0,2.0,1.9,2.21,1.92,1.98,2.03,1.88,2.2,1.9,2.08,3.57,3.58,3.64,3.34,1.99,1.86,1.9,1.97,2.01,1.88,1.85,2.07,2.18,2.13,3.56,3.52,3.47,3.29,2.15,2.1,3.4,3.3,3.4,3.1,3.0,14.0,0.0,11.0,3.0,2.0,5.0,15.0,0.0,8.0,1.0,1.0,0.0,1.0
23,2,2025-01-11,Hatayspor,Rizespor,1,2,2,T1,T1,Hatayspor,Rizespor,1.0,2.09,1.93,3.73,3.75,3.7,3.62,0.5,0.25,1.92,1.85,2.06,1.78,2.03,1.9,1.89,1.95,1.97,1.86,3.6,3.65,3.49,3.42,1.89,1.84,2.05,1.83,2.03,1.93,1.93,1.9,1.98,1.88,3.6,3.5,3.5,3.1,2.1,1.91,3.3,3.6,3.4,1.97,1.93,2.22,1.91,2.06,2.02,1.96,2.08,2.08,1.92,3.65,4.0,3.6,3.6,3.3,2.1,1.95,3.5,3.6,3.5,3.25,1.99,1.91,2.12,1.83,2.08,1.98,1.95,2.01,2.01,1.92,3.85,3.94,3.7,3.62,1.97,1.88,1.81,2.08,1.98,1.91,1.99,1.92,2.07,1.98,3.62,3.94,3.48,3.56,2.05,1.95,3.4,3.7,3.4,3.4,4.0,8.0,0.0,15.0,5.0,2.0,3.0,7.0,0.0,15.0,5.0,1.0,1.0,4.0
23,3,2025-01-11,Besiktas,Bodrumspor,2,1,1,T1,T1,Besiktas,Bodrumspor,1.0,6.32,5.39,4.35,1.57,4.47,1.55,-1.0,-1.0,2.07,1.74,5.79,1.96,1.86,2.11,1.71,5.73,1.96,1.88,4.32,1.52,4.37,1.5,2.08,1.73,5.25,,,2.1,1.7,5.0,2.1,1.7,4.33,1.5,4.33,1.48,6.0,5.5,4.0,1.44,4.33,2.16,1.75,6.4,1.9,1.8,2.24,1.78,6.8,1.99,1.97,4.5,1.57,4.9,1.54,1.47,5.5,5.25,4.2,1.55,4.33,1.52,2.15,1.81,6.32,2.0,1.92,2.2,1.75,6.32,2.1,1.97,4.55,1.57,4.51,1.55,2.13,1.75,1.98,1.88,2.16,1.75,1.98,1.93,5.76,5.96,4.49,1.54,4.45,1.52,6.0,5.5,4.0,1.55,4.2,1.5,12.0,6.0,0.0,17.0,4.0,1.0,4.0,8.0,0.0,8.0,5.0,0.0,2.0,1.0
23,4,2025-01-12,Sivasspor,Alanyaspor,1,1,0,T1,T1,Sivasspor,Alanyaspor,1.0,2.5,2.42,3.34,2.95,3.58,2.89,0.0,0.0,1.89,1.89,2.44,1.79,2.05,1.73,2.09,2.45,1.77,2.1,3.19,2.93,3.37,2.8,1.93,1.93,2.35,1.78,2.1,1.7,2.1,2.45,1.8,2.05,3.2,2.75,3.4,2.75,2.45,2.3,3.0,3.0,3.3,1.94,1.91,2.48,1.77,2.06,1.8,2.2,2.62,1.81,2.19,3.25,3.2,3.35,2.88,2.88,2.4,2.5,3.1,2.85,3.4,2.75,1.95,1.95,2.5,1.83,2.1,1.83,2.19,2.6,1.83,2.14,3.34,3.0,3.58,2.89,1.93,1.9,1.8,2.07,1.76,2.19,1.83,2.1,2.5,2.6,3.18,2.99,3.32,2.87,2.45,2.45,3.2,2.9,3.4,2.75,6.0,12.0,0.0,8.0,2.0,1.0,2.0,7.0,0.0,9.0,3.0,0.0,1.0,2.0
23,5,2025-01-12,Trabzonspor,Antalyaspor,5,0,1,T1,T1,Trabzonspor,Antalyaspor,1.0,5.61,6.27,4.89,1.51,4.53,1.6,-1.25,-1.0,2.32,1.59,5.36,1.89,1.93,2.59,1.48,6.07,1.85,1.99,4.67,1.46,4.33,1.54,2.3,1.6,5.0,1.9,1.95,2.6,1.48,5.75,1.88,1.98,4.5,1.44,4.2,1.53,5.5,5.5,4.4,1.4,4.2,2.44,1.6,5.5,,,2.82,1.54,7.2,1.92,2.06,5.0,1.5,4.9,1.55,1.55,5.25,5.75,4.5,1.47,4.33,1.55,2.4,1.64,5.61,1.95,2.07,2.71,1.53,6.41,1.91,2.02,4.99,1.51,4.53,1.6,2.35,1.6,1.93,1.93,2.71,1.49,1.89,2.02,5.51,6.36,4.99,1.47,4.42,1.54,5.0,5.8,4.5,1.44,4.2,1.55,5.0,19.0,0.0,10.0,2.0,0.0,7.0,14.0,0.0,16.0,6.0,0.0,1.0,1.0
23,6,2025-01-12,Buyuksehyr,Galatasaray,1,2,2,T1,T1,Buyuksehyr,Galatasaray,1.0,1.66,1.58,4.82,4.76,4.48,5.04,1.0,1.0,2.48,1.5,1.59,1.99,1.83,2.76,1.43,1.58,1.94,1.89,4.63,4.72,4.38,4.75,2.4,1.53,1.57,2.03,1.83,2.7,1.44,1.6,2.0,1.85,4.75,4.5,4.1,5.0,1.57,1.5,4.33,4.75,4.5,2.48,1.5,1.57,,,2.94,1.51,1.61,2.02,1.97,4.9,5.7,5.0,5.1,4.75,1.62,1.6,4.33,4.6,4.2,4.5,2.65,1.53,1.66,2.04,1.85,3.0,1.46,1.62,2.01,1.97,4.82,5.2,4.6,5.04,2.51,1.53,2.03,1.83,2.81,1.46,2.0,1.91,1.6,1.61,4.74,4.91,4.55,4.72,1.62,1.57,4.4,4.75,4.2,4.75,5.0,16.0,0.0,14.0,3.0,4.0,7.0,17.0,0.0,7.0,2.0,1.0,0.0,4.0
23,7,2025-01-12,Gaziantep,Ad. Demirspor,1,0,1,T1,T1,Gaziantep,Ad. Demirspor,1.0,6.43,5.4,4.69,1.53,4.89,1.5,-1.0,-1.25,2.41,1.52,6.02,1.81,2.0,2.63,1.47,5.72,2.08,1.77,4.64,1.48,4.62,1.46,2.4,1.53,5.25,1.83,2.03,2.7,1.44,5.0,2.03,1.78,4.5,1.48,4.5,1.45,6.0,5.5,4.33,1.44,4.6,2.44,1.54,5.9,,,2.86,1.52,6.6,2.14,1.86,4.9,1.54,4.7,1.46,1.44,5.5,5.25,4.75,1.49,4.5,1.5,2.55,1.56,6.43,1.85,2.13,2.78,1.64,6.17,2.15,1.86,4.8,1.53,4.89,1.5,2.46,1.55,1.84,2.02,2.77,1.47,2.12,1.78,6.31,6.17,4.79,1.5,4.68,1.46,6.0,5.5,4.5,1.5,4.5,1.44,11.0,7.0,0.0,10.0,3.0,1.0,2.0,10.0,0.0,10.0,6.0,0.0,1.0,4.0
23,8,2025-01-13,Goztep,Kasimpasa,5,0,1,T1,T1,Goztep,Kasimpasa,1.0,3.83,3.8,3.56,1.97,3.83,1.99,-0.5,-0.5,2.0,1.78,3.63,1.87,1.95,2.02,1.78,3.67,1.84,2.01,3.47,1.99,3.62,1.94,2.0,1.8,3.6,1.9,1.95,2.03,1.83,3.4,1.83,2.03,3.4,1.95,3.4,1.9,3.5,3.75,3.4,1.95,3.6,,,2.12,,,2.1,1.89,4.0,1.93,2.06,3.65,2.06,1.77,1.46,1.95,3.5,3.5,3.4,2.0,3.5,1.98,2.08,1.84,3.83,1.9,2.0,2.1,1.86,3.95,1.9,2.1,3.58,2.05,3.83,1.99,2.04,1.79,1.89,1.95,2.08,1.81,1.87,2.04,3.76,3.9,3.47,2.03,3.67,1.95,3.6,3.6,3.5,1.95,3.6,1.95,3.0,11.0,1.0,10.0,0.0,4.0,8.0,10.0,0.0,18.0,10.0,0.0,1.0,1.0
23,9,2025-01-13,Konyaspor,Fenerbahce,2,3,2,T1,T1,Konyaspor,Fenerbahce,1.0,1.54,1.39,5.11,7.25,4.48,6.48,1.25,1.0,2.05,1.74,1.48,1.83,1.99,2.37,1.57,1.39,1.84,2.0,4.8,7.58,4.36,6.07,2.08,1.73,1.5,1.85,2.0,2.35,1.57,1.36,1.78,2.03,4.75,7.0,4.0,5.5,1.44,1.36,4.5,7.5,4.33,,,1.04,,,2.54,1.63,1.46,1.94,2.04,4.9,8.6,5.0,2.4,6.5,1.5,1.38,4.8,7.25,4.33,5.75,2.12,1.81,1.54,1.91,2.05,2.51,1.68,1.48,2.02,2.07,5.11,8.5,4.55,6.53,2.08,1.76,1.83,2.04,2.45,1.6,1.85,2.07,1.49,1.39,4.99,8.49,4.55,6.05,1.5,1.4,4.75,7.0,4.2,6.0,6.0,11.0,0.0,11.0,5.0,2.0,2.0,16.0,0.0,11.0,4.0,2.0,2.0,2.0
23,10,2025-01-12,RB Leipzig,Werder Bremen,4,2,1,D1,D1,RB Leipzig,Werder Bremen,1.0,4.32,3.83,4.04,1.92,4.32,1.81,-0.5,-0.75,2.51,1.51,4.22,1.89,1.92,2.42,1.56,3.88,1.96,1.89,3.84,1.88,4.11,1.75,2.5,1.53,4.2,1.91,1.99,2.38,1.57,3.7,2.0,1.93,3.9,1.85,4.0,1.75,4.33,3.8,3.7,1.8,4.2,2.66,1.57,4.6,1.96,1.98,2.52,1.65,4.1,2.05,1.94,4.0,1.94,4.3,1.79,1.75,4.2,3.8,3.75,1.88,4.1,1.75,2.6,1.54,4.6,1.95,2.0,2.52,1.63,4.15,2.0,1.98,4.04,1.98,4.32,1.81,2.59,1.54,1.93,1.98,2.4,1.63,2.0,1.92,4.34,4.06,3.85,1.91,4.18,1.76,4.0,3.8,3.9,1.85,4.0,1.75,1.0,12.0,0.0,7.0,2.0,1.0,4.0,7.0,0.0,18.0,7.0,1.0,2.0,1.0
23,11,2025-01-12,Anderlecht,Club Brugge,0,3,2,B1,B1,Anderlecht,Club Brugge,1.0,2.01,1.83,3.7,4.72,3.75,3.55,0.75,0.25,2.08,1.72,2.05,1.75,2.03,2.04,1.75,1.76,1.98,1.83,3.62,4.58,3.44,3.51,2.08,1.73,2.0,1.73,2.08,2.05,1.75,1.7,1.93,1.93,3.6,5.0,3.4,3.7,2.1,1.67,3.5,4.6,3.5,2.12,1.76,2.16,,,2.14,1.86,1.8,2.01,1.98,3.85,5.3,3.6,3.7,3.3,2.1,1.75,3.6,4.6,3.5,3.4,2.25,1.76,2.1,1.8,2.08,2.12,1.83,1.96,2.19,1.93,3.77,5.0,3.75,3.73,2.09,1.75,1.78,2.07,2.12,1.77,1.95,1.93,2.07,1.74,3.77,4.98,3.26,3.73,2.05,1.75,3.6,4.4,3.5,3.3,5.0,5.0,0.0,12.0,5.0,0.0,8.0,8.0,0.0,10.0,5.0,2.0,0.0,1.0
23,12,2025-01-11,Espanol,Leganes,1,1,0,SP1,SP1,Espanol,Leganes,1.0,4.17,4.13,2.93,2.24,3.24,2.14,-0.25,-0.5,1.44,2.76,4.07,1.76,2.09,1.45,2.73,4.1,2.05,1.79,2.94,2.16,3.03,2.09,1.44,2.75,4.0,1.75,2.05,1.44,2.75,4.5,2.08,1.73,2.9,2.05,3.0,2.1,4.2,4.0,2.8,2.15,3.0,1.49,2.94,4.4,1.82,2.19,1.51,2.94,4.2,2.1,1.9,3.0,2.26,3.1,2.18,2.05,4.2,4.0,2.95,2.15,2.95,2.05,1.47,2.9,4.35,1.8,2.15,1.49,2.86,4.5,2.14,1.86,3.01,2.24,3.24,2.15,1.47,2.83,1.78,2.13,1.47,2.82,2.13,1.81,4.16,4.32,3.0,2.15,3.08,2.13,4.0,3.8,2.9,2.2,3.1,2.05,4.0,19.0,1.0,14.0,6.0,2.0,8.0,15.0,0.0,15.0,5.0,1.0,1.0,2.0
23,13,2025-01-11,Sevilla,Valencia,1,1,0,SP1,SP1,Sevilla,Valencia,1.0,4.22,3.84,3.28,2.15,3.54,2.02,-0.25,-0.5,1.63,2.28,3.85,1.83,2.01,1.59,2.35,3.86,2.07,1.78,3.2,2.1,3.42,2.0,1.62,2.3,4.0,1.85,2.05,1.57,2.38,3.9,2.08,1.73,3.2,2.05,3.3,2.0,4.0,3.75,3.0,2.0,3.4,1.67,2.38,4.1,1.9,2.08,1.64,2.52,4.1,2.15,1.85,3.3,2.18,3.5,2.08,1.95,3.9,3.8,3.2,2.1,3.3,2.0,1.71,2.35,4.22,1.86,2.07,1.62,2.48,4.24,2.14,1.84,3.3,2.17,3.6,2.06,1.66,2.32,1.85,2.07,1.59,2.48,2.12,1.83,3.75,4.03,3.19,2.14,3.54,2.06,4.0,3.8,3.1,2.1,3.3,1.95,1.0,8.0,0.0,5.0,1.0,2.0,10.0,16.0,0.0,15.0,5.0,0.0,0.0,1.0
23,14,2025-01-12,Genoa,Parma,1,0,1,I1,I1,Genoa,Parma,1.0,3.96,4.1,3.49,2.0,3.81,2.0,-0.5,-0.5,1.93,1.88,3.81,1.87,1.97,1.87,1.94,4.05,1.86,1.99,3.32,1.98,3.54,1.96,1.99,1.91,4.0,1.91,1.99,1.95,1.95,4.2,1.89,2.04,3.3,1.95,3.5,1.91,4.0,4.0,3.1,1.91,3.6,2.02,1.97,4.2,1.94,2.04,1.97,2.02,4.4,1.92,2.06,3.4,2.06,3.6,2.04,1.91,3.75,3.9,3.25,2.0,3.5,1.95,1.99,1.96,4.0,1.91,2.01,2.0,2.02,4.24,1.91,2.04,3.49,2.03,3.81,2.0,1.96,1.93,1.9,2.01,1.93,1.98,1.89,2.03,3.97,4.24,3.35,2.02,3.55,2.0,3.7,3.8,3.3,1.95,3.5,1.95,9.0,10.0,0.0,9.0,3.0,3.0,6.0,10.0,0.0,14.0,4.0,0.0,0.0,2.0
23,15,2025-01-12,Bologna,Roma,2,2,0,I1,I1,Bologna,Roma,1.0,2.67,2.82,3.18,2.77,3.44,2.86,0.0,0.0,1.71,2.15,2.61,1.86,1.99,1.75,2.09,2.8,1.99,1.88,3.12,2.69,3.23,2.77,1.73,2.1,2.6,1.89,2.01,1.73,2.1,2.8,2.07,1.86,3.1,2.63,3.2,2.8,2.63,2.63,3.0,2.63,3.25,1.76,2.24,2.74,1.91,2.07,1.84,2.16,3.0,2.09,1.89,3.3,2.72,3.3,2.96,2.8,2.65,2.8,3.1,2.6,3.2,2.75,1.78,2.23,2.69,1.91,2.04,1.79,2.16,2.93,2.08,1.94,3.2,2.81,3.44,2.86,1.74,2.18,1.91,2.0,1.78,2.15,1.98,1.94,2.69,2.83,3.18,2.78,3.27,2.81,2.5,2.75,2.9,2.7,3.2,2.75,4.0,10.0,0.0,11.0,4.0,1.0,5.0,18.0,0.0,14.0,8.0,0.0,0.0,4.0
24,1,2025-01-17,Hatayspor,Galatasaray,1,1,0,T1,T1,Hatayspor,Galatasaray,1.0,1.3,1.32,5.62,8.7,6.37,10.2,1.75,1.75,2.86,1.39,1.27,1.95,1.86,2.93,1.39,1.29,2.0,1.82,5.63,9.0,5.99,9.62,2.88,1.4,1.27,1.98,1.88,2.88,1.4,1.3,2.03,1.78,5.5,7.5,5.5,8.5,1.22,1.22,5.5,9.0,6.0,3.15,1.44,1.29,2.0,1.93,3.2,1.44,1.31,2.06,1.89,6.8,11.0,6.6,12.0,10.5,1.28,1.31,5.5,8.25,5.75,9.0,2.96,1.45,1.3,2.0,1.92,3.07,1.42,1.32,2.07,1.9,6.11,10.09,6.41,10.5,2.97,1.41,1.97,1.91,3.07,1.4,2.05,1.85,1.27,1.29,6.11,9.58,6.41,10.13,1.29,1.3,5.5,8.5,5.8,9.0,9.0,8.0,0.0,26.0,5.0,1.0,5.0,11.0,0.0,8.0,3.0,0.0,1.0,4.0
24,2,2025-01-18,Buyuksehyr,Rizespor,2,0,1,T1,T1,Buyuksehyr,Rizespor,1.0,3.23,3.44,3.35,2.16,3.56,2.3,-0.25,-0.25,1.86,1.93,3.13,1.88,1.93,1.79,2.0,3.28,1.91,1.93,3.21,2.24,3.43,2.22,1.88,1.98,3.1,1.9,1.95,1.75,2.05,3.2,1.93,1.93,3.25,2.15,3.4,2.2,3.1,3.4,3.1,2.2,3.3,1.88,1.97,3.45,1.98,1.92,1.86,2.14,3.75,2.03,1.95,3.3,2.3,3.35,2.22,2.2,3.1,3.2,3.1,2.25,3.4,2.2,1.92,1.98,3.23,1.93,1.97,1.87,2.1,3.48,1.97,1.97,3.35,2.33,3.56,2.3,1.89,1.97,1.93,1.96,1.79,2.1,1.93,1.97,3.21,3.48,3.21,2.3,3.51,2.26,3.1,3.2,3.2,2.25,3.3,2.25,8.0,15.0,0.0,11.0,3.0,3.0,2.0,27.0,0.0,7.0,4.0,0.0,1.0,3.0
24,3,2025-01-18,Gaziantep,Bodrumspor,0,0,0,T1,T1,Gaziantep,Bodrumspor,1.0,3.81,3.3,3.28,2.25,3.71,2.03,-0.25,-0.5,1.86,1.93,3.72,1.79,2.05,1.89,1.9,3.18,1.86,1.98,3.21,2.3,3.33,2.03,1.88,1.98,3.7,1.75,2.05,1.95,1.9,3.1,2.08,1.73,3.2,2.25,3.2,2.0,3.9,3.1,3.1,2.3,3.25,1.89,2.02,4.1,1.87,2.04,2.0,1.96,3.35,1.88,2.11,3.25,2.48,3.4,2.04,1.95,3.5,3.2,3.2,2.25,3.4,2.0,1.92,1.98,3.97,1.82,2.15,1.95,2.01,3.4,1.93,2.07,3.34,2.44,3.71,2.08,1.91,1.96,1.82,2.08,1.94,1.94,1.88,2.04,3.97,3.28,3.25,2.38,3.27,2.08,3.6,3.0,3.3,2.3,3.4,2.0,7.0,19.0,0.0,11.0,4.0,3.0,5.0,9.0,0.0,10.0,3.0,0.0,0.0,2.0
24,4,2025-01-18,Besiktas,Samsunspor,0,0,0,T1,T1,Besiktas,Samsunspor,1.0,3.31,4.21,4.09,1.84,3.71,2.2,-0.75,-0.25,1.99,1.79,3.2,1.96,1.82,2.26,1.63,4.17,1.81,2.01,3.79,1.79,3.56,2.11,2.0,1.8,3.2,2.03,1.83,2.25,1.62,4.1,1.88,1.98,3.8,1.73,3.4,2.1,3.3,4.4,3.7,1.73,3.4,2.02,1.8,3.45,2.02,1.83,2.4,1.68,4.8,1.92,2.04,3.95,1.82,3.4,2.1,2.1,3.1,4.2,3.7,1.78,3.5,2.1,2.08,1.84,3.45,2.06,1.85,2.33,1.68,4.43,1.88,2.05,4.09,1.86,3.71,2.2,2.0,1.76,1.96,1.83,2.29,1.63,1.88,2.01,3.12,4.43,3.88,1.79,3.62,2.08,3.1,4.0,3.8,1.8,3.5,2.15,4.0,16.0,1.0,5.0,3.0,4.0,5.0,6.0,0.0,24.0,6.0,0.0,0.0,0.0
24,5,2025-01-19,Goztep,Antalyaspor,1,0,1,T1,T1,Goztep,Antalyaspor,1.0,5.86,5.57,3.89,1.63,4.38,1.6,-1.0,-1.0,2.05,1.74,5.52,1.86,1.96,2.13,1.7,5.3,1.79,2.05,3.92,1.61,4.11,1.56,2.08,1.73,5.5,1.88,1.98,2.1,1.7,5.25,1.8,2.05,3.8,1.6,3.9,1.55,5.5,5.0,3.6,1.57,4.0,1.95,1.74,6.0,1.88,2.02,2.26,1.78,6.2,1.86,2.13,4.1,1.67,4.2,1.62,1.55,5.25,5.25,3.9,1.6,3.9,1.6,2.13,1.8,5.86,1.91,2.08,2.23,1.77,5.8,1.84,2.12,4.1,1.67,4.38,1.6,2.1,1.75,1.89,1.96,2.16,1.75,1.82,2.11,5.79,5.8,3.94,1.64,4.17,1.55,5.0,5.0,4.0,1.6,4.0,1.57,4.0,8.0,0.0,6.0,2.0,2.0,5.0,11.0,0.0,22.0,4.0,0.0,1.0,1.0
24,6,2025-01-19,Konyaspor,Kasimpasa,3,3,0,T1,T1,Konyaspor,Kasimpasa,1.0,3.64,3.89,3.38,2.0,3.44,2.17,-0.5,-0.25,1.91,1.87,3.4,1.99,1.8,1.96,1.83,3.67,1.81,2.04,3.39,2.02,3.37,2.09,1.98,1.88,3.5,2.0,1.85,2.0,1.85,3.8,1.83,2.03,3.3,1.95,3.25,2.05,3.3,3.6,3.25,2.0,3.4,2.0,1.86,3.55,2.03,1.87,2.04,1.94,4.2,1.9,2.07,3.45,2.06,3.3,2.14,2.1,3.2,3.6,3.4,2.0,3.3,2.2,1.98,1.94,3.64,2.05,1.88,2.03,1.88,3.89,1.86,2.1,3.5,2.12,3.65,2.2,1.88,1.88,2.01,1.77,2.03,1.86,1.85,2.07,3.48,3.82,3.47,2.06,3.31,2.05,3.4,3.8,3.3,2.0,3.25,2.1,7.0,7.0,0.0,14.0,7.0,0.0,12.0,17.0,0.0,16.0,7.0,0.0,1.0,0.0
24,7,2025-01-19,Ad. Demirspor,Fenerbahce,0,4,2,T1,T1,Ad. Demirspor,Fenerbahce,1.0,1.17,1.22,6.62,12.7,8.9,16.5,2.0,2.25,3.43,1.28,1.15,1.92,1.85,3.46,1.29,1.17,1.86,1.98,7.88,13.62,8.21,14.52,3.5,1.3,1.17,1.98,1.88,3.5,1.3,1.2,1.85,2.0,6.5,12.0,7.5,13.0,1.15,1.13,8.5,15.0,7.5,3.55,1.27,1.18,,,3.9,1.33,1.21,1.92,2.05,8.6,16.0,8.4,13.0,14.0,1.17,1.2,7.0,11.5,7.75,14.0,3.61,1.3,1.17,1.99,1.93,3.66,1.33,1.22,1.91,2.07,11.84,19.36,9.5,18.0,3.58,1.28,1.95,1.88,3.65,1.29,1.85,2.04,1.14,1.18,8.18,13.7,8.58,14.83,1.17,1.2,6.5,12.0,8.0,15.0,11.0,11.0,0.0,21.0,10.0,1.0,2.0,14.0,1.0,3.0,2.0,0.0,0.0,1.0
24,8,2025-01-19,Eyupspor,Alanyaspor,3,0,1,T1,T1,Eyupspor,Alanyaspor,1.0,3.6,3.82,3.28,2.06,3.65,2.11,-0.25,-0.25,1.9,1.88,3.43,2.0,1.8,1.8,2.0,3.71,2.04,1.8,3.17,2.1,3.36,2.1,1.93,1.93,3.4,2.03,1.83,1.85,2.0,3.6,2.03,1.83,3.2,2.05,3.25,2.1,3.3,3.8,3.1,2.0,3.4,1.93,1.9,3.8,,,1.91,2.06,4.0,2.12,1.87,3.3,2.18,3.45,2.18,2.1,3.3,3.6,3.1,2.1,3.4,2.1,1.97,1.93,3.63,2.04,1.86,1.88,2.15,4.04,2.14,1.85,3.28,2.17,3.65,2.12,1.94,1.88,2.04,1.83,1.85,2.04,2.06,1.85,3.63,3.81,3.23,2.17,3.29,2.12,3.4,3.6,3.2,2.1,3.4,2.05,5.0,13.0,0.0,11.0,2.0,2.0,11.0,13.0,0.0,17.0,9.0,0.0,1.0,1.0
24,9,2025-01-20,Trabzonspor,Sivasspor,4,0,1,T1,T1,Trabzonspor,Sivasspor,1.0,6.07,4.95,4.46,1.6,4.68,1.54,-1.0,-1.0,2.35,1.56,5.77,2.01,1.8,2.52,1.51,5.44,1.94,1.9,4.35,1.54,4.52,1.49,2.35,1.57,5.5,2.05,1.8,2.5,1.5,5.0,1.93,1.93,4.33,1.53,4.5,1.48,6.0,5.0,4.0,1.47,4.5,,,2.72,,,2.68,1.59,6.2,2.0,1.96,4.5,1.6,2.62,1.55,1.44,5.75,5.25,4.4,1.53,4.5,1.49,2.44,1.62,6.07,2.08,1.83,2.61,1.54,6.5,2.09,1.99,4.7,1.6,4.68,1.54,2.4,1.58,2.04,1.83,2.6,1.53,1.97,1.93,5.82,6.0,4.26,1.57,4.56,1.5,5.5,5.5,4.2,1.55,4.33,1.5,3.0,7.0,0.0,12.0,3.0,2.0,7.0,20.0,0.0,14.0,6.0,0.0,3.0,0.0
24,10,2025-01-17,Ein Frankfurt,Dortmund,2,0,1,D1,D1,Ein Frankfurt,Dortmund,1.0,2.7,2.41,3.57,2.99,3.75,2.65,0.0,0.0,2.41,1.56,2.65,1.95,1.92,2.26,1.64,2.49,1.82,2.05,3.53,2.76,3.59,2.56,2.38,1.57,2.63,1.99,1.94,2.2,1.67,2.45,1.83,2.1,3.5,2.8,3.6,2.55,2.63,2.4,3.4,2.63,3.6,2.52,1.64,2.76,2.03,1.95,2.34,1.73,2.58,1.88,2.11,3.7,2.88,3.8,2.64,2.55,2.6,2.5,3.4,2.75,3.5,2.55,2.64,1.61,2.72,1.99,1.96,2.5,1.73,2.61,1.86,2.14,3.85,2.99,3.75,2.65,2.43,1.61,2.0,1.93,2.25,1.73,1.83,2.12,2.71,2.49,3.58,2.89,3.64,2.61,2.6,2.5,3.5,2.75,3.6,2.5,7.0,6.0,0.0,12.0,3.0,2.0,5.0,8.0,0.0,13.0,5.0,0.0,1.0,0.0
24,11,2025-01-18,Lens,Paris SG,1,2,2,F1,F1,Lens,Paris SG,1.0,1.76,1.9,4.19,3.98,4.45,4.49,0.5,0.75,2.49,1.52,1.72,1.88,1.93,2.47,1.54,1.87,1.88,1.97,3.87,3.87,4.12,4.34,2.5,1.53,1.73,1.92,1.98,2.3,1.62,1.9,1.95,1.95,3.6,3.75,3.9,4.5,1.73,1.8,3.75,4.1,4.0,2.66,1.54,1.75,1.95,2.02,2.68,1.57,1.93,1.93,2.06,4.0,4.2,4.4,4.8,4.6,1.73,1.83,3.9,3.9,4.0,4.33,2.62,1.56,1.77,1.95,2.0,2.6,1.65,1.93,1.95,2.0,4.19,4.1,4.45,4.6,2.62,1.52,1.9,2.0,2.36,1.65,1.93,1.98,1.71,1.93,3.79,4.05,4.28,4.59,1.73,1.85,3.9,3.7,4.0,4.2,1.0,8.0,0.0,9.0,7.0,2.0,6.0,12.0,0.0,10.0,5.0,0.0,1.0,2.0
24,12,2025-01-18,Arsenal,Aston Villa,2,2,0,E0,E0,Arsenal,Aston Villa,1.0,6.52,6.04,4.2,1.59,4.41,1.55,-1.0,-1.0,2.01,1.82,6.45,1.97,1.87,2.08,1.77,6.06,1.9,1.95,4.14,1.57,4.35,1.51,2.03,1.87,7.0,2.03,1.87,2.1,1.73,6.25,1.92,1.98,4.1,1.53,4.1,1.5,7.0,6.0,3.9,1.53,4.33,2.06,1.91,7.2,2.04,1.94,2.2,1.82,6.4,1.98,2.01,4.4,1.6,4.5,1.55,1.5,6.5,5.75,4.2,1.57,4.5,1.49,2.06,1.89,7.0,2.03,1.91,2.2,2.03,6.4,1.97,2.01,4.35,1.65,4.5,1.55,2.01,1.88,2.0,1.91,2.14,1.76,1.94,1.98,6.38,6.1,4.35,1.57,4.4,1.53,6.0,5.8,4.0,1.57,4.2,1.53,1.0,18.0,0.0,8.0,4.0,3.0,10.0,10.0,0.0,18.0,6.0,0.0,1.0,2.0
24,13,2025-01-19,Man United,Brighton,1,3,2,E0,E0,Man United,Brighton,1.0,3.39,3.24,3.5,2.29,3.83,2.13,-0.25,-0.25,2.23,1.66,3.36,2.02,1.8,2.05,1.79,3.18,1.88,1.97,3.4,2.31,3.71,2.09,2.2,1.67,3.3,2.05,1.85,2.0,1.8,3.1,1.91,2.02,3.4,2.25,3.6,2.1,3.5,3.2,3.4,2.3,3.7,2.34,1.73,3.65,2.15,1.84,2.16,1.84,3.35,1.95,2.05,3.5,2.38,3.85,2.12,2.05,3.4,3.2,3.3,2.3,3.7,2.05,2.31,1.7,3.5,2.07,1.85,2.13,1.84,3.35,1.94,2.02,3.5,2.35,3.85,2.13,2.3,1.67,2.07,1.85,2.08,1.83,1.91,2.02,3.39,3.25,3.45,2.34,3.77,2.11,3.3,3.1,3.3,2.3,3.6,2.05,2.0,12.0,0.0,6.0,3.0,3.0,4.0,13.0,0.0,10.0,1.0,1.0,1.0,3.0
24,14,2025-01-18,Juventus,Milan,2,0,1,I1,I1,Juventus,Milan,1.0,3.6,3.22,3.16,2.48,3.42,2.25,-0.25,-0.25,1.7,2.14,3.47,1.95,1.85,1.67,2.21,3.27,1.84,2.0,3.11,2.37,3.24,2.2,1.73,2.1,3.4,2.01,1.89,1.67,2.2,3.3,1.85,2.05,3.1,2.35,3.3,2.15,3.75,3.25,3.0,2.3,3.2,1.73,2.32,3.9,2.1,1.89,1.74,2.32,3.45,1.94,2.05,3.3,2.42,3.3,2.22,2.15,3.4,3.2,3.2,2.3,3.2,2.2,1.77,2.22,3.75,2.01,1.9,1.74,2.33,3.35,1.9,2.1,3.25,2.48,3.42,2.25,1.72,2.2,2.01,1.9,1.7,2.24,1.86,2.07,3.64,3.32,3.18,2.43,3.25,2.22,3.4,3.25,3.0,2.3,3.2,2.15,5.0,11.0,0.0,13.0,3.0,2.0,5.0,19.0,0.0,15.0,6.0,0.0,0.0,0.0
24,15,2025-01-18,Atalanta,Napoli,2,3,2,I1,I1,Atalanta,Napoli,1.0,3.29,3.32,3.26,2.37,3.39,2.4,-0.25,-0.25,1.73,2.1,3.21,1.85,1.97,1.7,2.16,3.34,1.9,1.93,3.16,2.3,3.24,2.32,1.73,2.1,3.25,1.89,2.01,1.67,2.2,3.4,1.99,1.91,3.25,2.2,3.25,2.25,3.3,3.1,3.0,2.25,3.2,1.79,2.24,3.4,1.89,2.08,1.75,2.32,3.65,1.98,2.0,3.3,2.34,3.25,2.46,2.38,3.25,3.3,3.1,2.3,3.25,2.25,1.8,2.18,3.3,1.9,2.03,1.8,2.25,3.63,2.0,2.0,3.27,2.46,3.39,2.4,1.76,2.15,1.88,2.03,1.72,2.24,2.0,1.93,3.28,3.63,3.22,2.26,3.26,2.37,3.1,3.25,3.0,2.3,3.2,2.3,1.0,9.0,0.0,6.0,3.0,2.0,3.0,18.0,0.0,15.0,6.0,2.0,1.0,4.0
25,1,2025-01-24,Samsunspor,Gaziantep,2,1,1,T1,T1,Samsunspor,Gaziantep,1.0,4.99,5.01,4.05,1.65,4.01,1.74,-0.75,-0.75,1.96,1.85,4.9,1.95,1.87,2.05,1.75,4.94,1.98,1.87,3.85,1.68,3.87,1.68,2.0,1.85,4.75,1.98,1.88,2.08,1.73,4.5,1.98,1.88,4.0,1.7,3.9,1.67,5.0,5.5,3.6,1.65,3.75,2.1,1.89,5.5,2.03,1.93,2.1,1.89,5.7,2.03,1.95,3.9,1.74,4.0,1.73,1.65,5.0,4.8,3.8,1.66,3.7,1.66,2.05,2.04,5.41,2.02,1.93,2.17,1.84,5.5,2.06,1.91,4.05,1.71,4.01,1.74,2.03,1.86,2.01,1.9,2.11,1.79,2.0,1.91,5.17,5.36,3.83,1.7,3.97,1.69,4.6,4.6,3.75,1.7,3.75,1.7,2.0,14.0,0.0,12.0,3.0,0.0,7.0,20.0,0.0,15.0,3.0,0.0,1.0,0.0
25,2,2025-01-25,Sivasspor,Kayserispor,5,2,1,T1,T1,Sivasspor,Kayserispor,1.0,3.34,3.47,3.43,2.12,3.56,2.24,-0.25,-0.25,1.84,1.96,3.22,1.92,1.89,1.91,1.89,3.39,1.98,1.86,3.32,2.16,3.4,2.2,1.85,2.0,3.2,1.93,1.93,1.9,1.95,3.3,1.98,1.88,3.4,2.15,3.5,2.15,3.1,3.4,3.25,2.1,3.5,1.88,2.02,3.4,1.93,2.04,1.96,2.02,3.65,2.05,1.94,3.45,2.26,3.4,2.38,2.15,3.2,3.3,3.25,2.15,3.4,2.15,1.89,2.02,3.34,1.96,1.97,1.98,2.03,3.56,2.05,1.93,3.43,2.23,3.56,2.26,1.88,1.99,1.94,1.94,1.95,1.93,2.02,1.89,3.34,3.56,3.35,2.2,3.37,2.26,3.2,3.3,3.2,2.2,3.3,2.2,6.0,14.0,2.0,15.0,5.0,3.0,6.0,8.0,0.0,19.0,8.0,0.0,3.0,2.0
25,3,2025-01-25,Alanyaspor,Buyuksehyr,5,4,1,T1,T1,Alanyaspor,Buyuksehyr,1.0,2.85,2.46,3.09,3.11,3.37,2.64,0.0,0.0,1.69,2.14,2.83,2.02,1.83,1.66,2.2,2.55,1.79,2.1,3.07,2.95,3.16,2.56,1.67,2.15,2.9,2.05,1.8,1.62,2.25,2.55,1.78,2.1,3.1,3.0,3.2,2.55,2.75,2.63,3.0,2.8,3.2,1.75,2.08,3.0,2.09,1.82,1.73,2.32,2.62,1.81,2.21,3.25,3.15,3.25,2.58,2.6,2.75,2.5,3.0,2.9,3.2,2.5,1.78,2.21,2.91,2.09,1.89,1.71,2.32,2.7,1.89,2.21,3.2,3.11,3.37,2.64,1.7,2.2,2.05,1.83,1.67,2.3,1.79,2.14,2.91,2.6,3.08,3.09,3.09,2.62,2.75,2.62,3.0,2.8,3.2,2.5,4.0,14.0,0.0,12.0,6.0,5.0,4.0,16.0,0.0,14.0,7.0,2.0,2.0,8.0
25,4,2025-01-25,Galatasaray,Konyaspor,1,0,1,T1,T1,Galatasaray,Konyaspor,1.0,12.2,9.57,7.14,1.24,7.19,1.24,-2.0,-2.0,3.08,1.34,10.93,1.85,1.98,3.23,1.33,10.87,1.86,2.0,6.96,1.21,7.01,1.21,3.4,1.33,9.0,1.83,2.03,3.4,1.33,9.0,1.83,2.03,7.0,1.22,7.0,1.22,11.0,11.0,6.5,1.2,7.0,3.35,1.38,13.0,1.83,2.0,3.45,1.4,13.0,1.9,2.09,7.4,1.26,8.0,1.25,1.2,11.5,10.5,6.5,1.23,6.75,1.21,3.4,1.36,12.2,1.89,2.06,3.42,1.36,13.0,1.88,2.07,7.5,1.24,7.43,1.24,3.12,1.36,1.86,2.0,3.31,1.34,1.86,2.03,10.57,11.66,7.22,1.22,7.42,1.2,11.0,11.0,6.5,1.22,6.5,1.22,2.0,18.0,0.0,7.0,0.0,1.0,6.0,15.0,0.0,18.0,9.0,0.0,1.0,2.0
25,5,2025-01-26,Rizespor,Ad. Demirspor,3,2,1,T1,T1,Rizespor,Ad. Demirspor,1.0,9.1,9.61,5.31,1.32,5.66,1.35,-1.5,-1.5,2.44,1.52,8.59,1.9,1.92,2.58,1.49,8.87,1.95,1.89,5.44,1.31,5.29,1.32,2.4,1.53,9.0,1.93,1.93,2.6,1.48,9.5,1.95,1.9,5.25,1.3,5.0,1.33,9.5,8.0,5.5,1.25,5.5,2.54,1.55,9.8,1.94,1.82,2.8,1.55,10.0,2.03,1.96,6.4,1.34,6.2,1.33,1.29,8.75,8.5,5.25,1.32,5.25,1.31,2.55,1.57,9.5,1.99,1.96,2.66,1.52,9.61,2.02,1.94,5.73,1.34,5.75,1.35,2.42,1.57,1.91,1.94,2.64,1.51,1.98,1.93,8.34,9.12,5.73,1.33,5.35,1.33,8.5,8.5,5.0,1.3,5.0,1.33,2.0,9.0,0.0,12.0,3.0,3.0,8.0,23.0,0.0,14.0,6.0,0.0,1.0,4.0
25,6,2025-01-26,Antalyaspor,Besiktas,1,1,0,T1,T1,Antalyaspor,Besiktas,1.0,1.9,1.8,3.8,4.27,3.99,4.01,0.5,0.5,2.17,1.67,1.87,1.89,1.95,2.25,1.63,1.83,1.85,1.99,3.76,4.02,3.7,3.86,2.15,1.67,1.85,1.88,1.98,2.2,1.65,1.83,1.83,2.03,3.8,4.1,3.75,3.9,1.85,1.75,3.6,3.9,3.75,2.26,1.68,1.95,,,2.34,1.73,1.89,1.89,2.11,4.0,4.5,3.8,3.95,3.9,1.87,1.83,3.7,3.9,3.6,3.75,2.25,1.74,1.9,1.95,2.0,2.32,1.69,1.9,1.88,2.07,3.85,4.27,3.99,4.01,2.18,1.7,1.91,1.94,2.31,1.67,1.87,2.04,1.9,1.86,3.79,4.26,3.63,3.98,1.85,1.85,3.7,3.8,3.75,3.8,5.0,9.0,0.0,8.0,3.0,2.0,1.0,18.0,0.0,6.0,3.0,0.0,0.0,1.0
25,7,2025-01-26,Bodrumspor,Eyupspor,0,1,2,T1,T1,Bodrumspor,Eyupspor,1.0,2.73,2.79,3.25,2.59,3.46,2.7,-0.25,0.0,1.77,2.03,2.65,1.91,1.94,1.76,2.06,2.94,1.76,2.1,3.18,2.47,3.27,2.64,1.75,2.05,2.7,,,1.75,2.05,2.9,1.73,2.08,3.25,2.5,3.25,2.7,2.63,2.88,2.9,2.38,3.2,1.67,2.04,2.72,,,1.81,2.2,3.2,1.82,2.2,3.25,2.6,1.09,2.68,2.7,2.55,2.95,3.25,2.35,3.2,2.7,1.83,2.1,2.73,1.96,2.0,1.79,2.21,3.1,1.81,2.17,3.3,2.59,3.46,2.7,1.79,2.05,1.94,1.91,1.78,2.13,1.78,2.17,2.71,3.1,3.16,2.54,3.29,2.66,2.6,2.9,3.25,2.4,3.25,2.62,2.0,14.0,0.0,5.0,1.0,6.0,7.0,14.0,0.0,17.0,2.0,1.0,0.0,2.0
25,8,2025-01-26,Fenerbahce,Goztep,3,2,1,T1,T1,Fenerbahce,Goztep,1.0,7.6,5.47,4.1,1.6,5.14,1.43,-1.0,-1.25,2.38,1.54,7.35,1.98,1.82,2.17,1.67,5.23,1.82,2.04,4.06,1.61,4.98,1.37,2.35,1.57,7.0,2.0,1.85,2.15,1.67,5.25,1.8,2.05,4.1,1.62,4.75,1.4,8.0,5.0,3.9,1.57,5.0,2.54,1.56,7.6,,,2.28,1.77,5.6,1.86,2.15,4.3,1.68,6.2,1.37,1.33,7.25,5.0,4.0,1.62,5.0,1.37,2.46,1.57,8.5,2.02,1.88,2.29,1.76,5.8,1.94,2.13,4.24,1.65,5.2,1.43,2.46,1.56,2.0,1.85,2.23,1.71,1.83,2.09,7.32,5.48,4.1,1.64,5.02,1.39,7.0,4.8,3.9,1.65,4.75,1.4,4.0,25.0,0.0,15.0,6.0,2.0,4.0,16.0,0.0,13.0,6.0,1.0,0.0,3.0
25,9,2025-01-27,Kasimpasa,Hatayspor,5,4,1,T1,T1,Kasimpasa,Hatayspor,1.0,4.62,4.22,4.15,1.74,4.11,1.77,-0.75,-0.75,2.15,1.67,4.52,1.91,1.89,2.31,1.6,4.3,1.89,1.95,3.93,1.75,3.94,1.7,2.15,1.67,4.5,1.93,1.93,2.35,1.57,4.0,1.88,1.98,4.1,1.75,4.0,1.7,4.75,4.1,3.6,1.73,3.9,,,4.8,,,2.42,1.68,4.6,1.9,2.07,4.0,1.85,1.1,1.6,1.67,4.5,4.1,3.8,1.75,3.8,1.7,2.25,1.74,4.75,1.95,1.95,2.44,1.64,4.85,2.0,2.04,4.15,1.81,4.11,1.77,2.17,1.68,1.93,1.93,2.38,1.64,1.91,2.0,4.5,4.56,3.94,1.78,4.0,1.72,4.4,4.0,3.9,1.75,3.8,1.73,5.0,10.0,1.0,10.0,8.0,3.0,11.0,11.0,0.0,31.0,10.0,3.0,2.0,3.0
25,10,2025-01-25,RB Leipzig,Leverkusen,2,2,0,D1,D1,RB Leipzig,Leverkusen,1.0,1.94,2.1,3.58,3.63,4.16,3.84,0.5,0.5,2.48,1.53,1.91,1.91,1.94,2.05,1.79,2.07,2.07,1.79,3.53,3.56,3.95,3.7,2.45,1.49,1.9,1.94,1.99,2.05,1.85,2.1,2.05,1.75,3.5,3.4,3.9,3.7,1.95,1.95,3.4,3.4,3.9,2.64,1.57,1.99,1.99,2.0,2.12,1.89,2.14,2.16,1.85,3.75,3.7,4.1,3.9,3.75,1.9,2.05,3.5,3.5,3.9,3.7,2.63,1.56,1.95,1.95,1.99,2.33,1.87,2.16,2.15,1.91,3.85,4.02,4.16,3.84,2.53,1.56,1.93,1.98,2.05,1.86,2.12,1.8,1.92,2.13,3.54,3.63,4.03,3.79,1.91,2.05,3.6,3.4,3.9,3.6,3.0,6.0,0.0,13.0,7.0,0.0,7.0,12.0,0.0,8.0,4.0,2.0,1.0,0.0
25,11,2025-01-26,Nice,Marseille,2,0,1,F1,F1,Nice,Marseille,1.0,2.46,2.63,3.45,2.77,3.67,2.98,0.0,0.25,2.14,1.71,2.4,2.06,1.77,1.99,1.84,2.64,1.92,1.96,3.38,2.67,3.52,2.85,2.1,1.73,2.45,2.08,1.73,2.02,1.88,2.7,1.98,1.95,3.4,2.63,3.5,2.8,2.45,2.55,3.2,2.6,3.5,2.26,1.7,2.44,2.1,1.85,2.06,1.93,2.74,1.96,2.02,3.5,2.82,3.6,2.98,2.8,2.3,2.6,3.4,2.65,3.6,2.9,2.26,1.77,2.5,2.14,1.83,2.1,1.92,2.73,1.98,1.99,3.5,2.77,3.67,3.05,2.22,1.72,2.11,1.81,2.02,1.88,1.94,1.98,2.42,2.69,3.42,2.75,3.6,2.92,2.38,2.5,3.25,2.75,3.4,2.8,12.0,9.0,0.0,18.0,6.0,1.0,6.0,12.0,0.0,14.0,5.0,0.0,1.0,1.0
25,12,2025-01-25,Man City,Chelsea,3,1,1,E0,E0,Man City,Chelsea,1.0,3.36,2.96,3.81,2.33,4.22,2.04,-0.25,-0.5,2.88,1.41,3.29,1.81,2.04,2.84,1.43,2.84,1.82,2.04,3.8,2.34,4.03,2.03,3.0,1.4,3.3,1.84,2.06,2.75,1.44,2.7,1.73,2.08,3.7,2.38,4.0,2.05,3.4,2.8,3.75,2.25,3.9,3.2,1.44,3.5,1.9,2.08,3.05,1.47,2.94,1.89,2.11,4.0,2.4,4.1,2.08,2.0,3.4,2.85,3.75,2.3,4.0,1.98,3.0,1.43,3.4,1.87,2.08,3.15,1.46,3.05,1.93,2.12,4.01,2.4,4.22,2.08,2.94,1.42,1.85,2.07,2.84,1.46,1.84,2.1,3.36,2.85,3.89,2.39,4.09,2.03,3.25,2.75,3.9,2.3,4.0,2.0,4.0,8.0,0.0,10.0,4.0,2.0,2.0,6.0,0.0,15.0,6.0,1.0,1.0,3.0
25,13,2025-01-25,Ath Madrid,Villarreal,1,1,0,SP1,SP1,Ath Madrid,Villarreal,1.0,4.73,3.95,3.58,2.01,4.32,1.75,-0.5,-0.75,2.28,1.63,4.61,1.96,1.86,2.05,1.79,3.95,1.88,1.99,3.56,1.96,4.09,1.7,2.3,1.62,4.75,1.99,1.91,2.02,1.88,3.7,1.87,2.06,3.5,2.0,4.0,1.7,5.0,4.2,3.6,1.85,4.0,2.42,1.69,5.1,2.04,1.93,2.14,1.85,4.3,1.97,2.02,3.65,2.02,4.3,1.74,1.65,4.6,3.75,3.5,1.98,4.1,1.66,2.36,1.69,5.0,2.02,1.93,2.22,1.9,4.42,1.98,2.07,3.78,2.05,4.32,1.75,2.31,1.66,1.98,1.92,2.03,1.88,1.88,2.05,4.65,3.96,3.48,2.04,4.16,1.72,4.6,3.9,3.6,1.91,4.0,1.7,6.0,14.0,0.0,11.0,1.0,2.0,5.0,10.0,0.0,20.0,8.0,1.0,0.0,4.0
25,14,2025-01-25,Napoli,Juventus,2,1,1,I1,I1,Napoli,Juventus,1.0,3.99,3.5,2.93,2.48,3.21,2.21,-0.25,-0.25,1.53,2.49,3.82,2.03,1.8,1.55,2.46,3.27,1.76,2.11,2.89,2.54,3.1,2.14,1.49,2.45,3.8,2.09,1.84,1.53,2.5,3.3,1.79,2.15,2.88,2.5,3.1,2.15,4.0,3.3,2.8,2.45,3.0,1.59,2.62,4.2,2.12,1.88,1.6,2.62,3.5,1.85,2.16,2.94,2.66,3.15,2.24,2.15,3.7,3.2,2.85,2.55,3.1,2.15,1.59,2.58,4.0,2.09,1.84,1.58,2.55,3.5,1.86,2.19,3.01,2.7,3.21,2.21,1.55,2.56,2.09,1.83,1.56,2.55,1.78,2.18,3.99,3.33,2.92,2.6,3.12,2.16,3.75,3.1,2.8,2.5,3.0,2.15,1.0,15.0,0.0,5.0,2.0,0.0,9.0,9.0,0.0,14.0,3.0,1.0,0.0,0.0
25,15,2025-01-26,Lazio,Fiorentina,1,2,2,I1,I1,Lazio,Fiorentina,1.0,3.98,3.8,3.41,2.1,3.56,2.07,-0.25,-0.5,1.83,1.99,3.78,1.84,2.01,1.91,1.91,3.62,2.05,1.81,3.34,2.11,3.47,2.0,1.86,2.04,3.8,1.89,2.04,1.89,2.01,3.5,2.06,1.87,3.3,2.1,3.5,2.0,4.0,3.5,3.2,2.0,3.4,1.88,2.08,4.2,1.92,2.04,1.99,1.99,3.85,2.12,1.88,3.5,2.18,3.55,2.04,1.95,3.6,3.5,3.3,2.1,3.4,2.05,1.88,2.07,4.0,1.89,2.04,2.02,2.02,3.8,2.11,1.87,3.49,2.2,3.6,2.07,1.85,2.04,1.89,2.01,2.02,1.89,2.1,1.84,3.97,3.73,3.43,2.14,3.53,2.0,3.75,3.4,3.3,2.1,3.3,2.0,2.0,12.0,1.0,7.0,3.0,4.0,14.0,9.0,0.0,22.0,3.0,2.0,0.0,1.0
27,1,2025-02-07,Samsunspor,Hatayspor,2,0,1,T1,T1,Samsunspor,Hatayspor,1.0,6.53,6.32,4.55,1.48,4.63,1.52,-1.25,-1.25,2.17,1.69,6.35,1.78,2.05,2.24,1.64,6.41,1.8,2.04,4.52,1.47,4.49,1.48,2.1,1.7,6.0,1.8,2.05,2.15,1.67,6.0,1.8,2.05,4.5,1.48,4.5,1.48,6.5,6.5,4.5,1.44,4.5,2.28,1.74,7.2,1.84,2.09,2.38,1.72,7.4,1.86,2.13,4.8,1.51,4.8,1.51,1.44,6.0,6.0,4.5,1.47,4.5,1.47,2.25,1.75,6.75,1.84,2.13,2.33,1.7,6.8,1.85,2.12,4.7,1.51,4.7,1.52,2.2,1.72,1.83,2.1,2.26,1.69,1.81,2.11,6.75,6.68,4.59,1.49,4.61,1.49,6.0,6.0,4.4,1.44,4.33,1.5,7.0,18.0,0.0,14.0,4.0,2.0,4.0,13.0,0.0,16.0,6.0,0.0,2.0,1.0
27,2,2025-02-08,Kayserispor,Konyaspor,3,2,1,T1,T1,Kayserispor,Konyaspor,1.0,2.9,2.78,3.42,2.5,3.52,2.52,-0.25,-0.25,1.85,1.95,2.83,1.74,2.09,1.81,2.0,2.96,1.77,2.1,3.24,2.43,3.35,2.45,1.88,1.98,2.8,1.73,2.08,1.88,1.98,2.88,1.78,2.1,3.4,2.4,3.4,2.4,2.8,2.9,3.0,2.3,3.3,1.9,1.96,2.96,1.78,2.16,1.93,2.06,3.25,1.86,2.13,3.35,2.5,3.35,2.52,2.45,2.7,2.95,3.25,2.35,3.3,2.5,1.92,2.02,2.93,1.81,2.15,1.9,2.08,3.14,1.83,2.15,3.42,2.5,3.52,2.55,1.86,1.99,1.75,2.12,1.84,2.06,1.81,2.11,2.9,3.14,3.24,2.47,3.34,2.47,2.75,2.8,3.3,2.4,3.3,2.45,7.0,11.0,1.0,18.0,7.0,3.0,4.0,16.0,0.0,14.0,8.0,1.0,2.0,3.0
27,3,2025-02-08,Sivasspor,Besiktas,0,2,2,T1,T1,Sivasspor,Besiktas,1.0,2.0,1.97,3.63,3.73,3.87,3.76,0.5,0.5,2.1,1.72,1.95,1.95,1.88,1.99,1.82,1.95,1.96,1.89,3.58,3.77,3.66,3.66,2.1,1.7,1.95,1.98,1.88,2.03,1.83,1.95,2.0,1.85,3.6,3.7,3.6,3.6,1.95,1.91,3.3,3.6,3.6,2.18,1.78,2.0,2.0,1.86,2.08,1.9,2.1,2.1,1.89,3.65,3.9,3.65,3.8,3.75,1.93,1.93,3.5,3.6,3.6,3.6,2.17,1.8,2.01,2.04,1.95,2.11,1.95,2.09,2.09,1.95,3.7,4.1,3.87,4.1,2.14,1.72,1.98,1.88,2.01,1.88,2.05,1.86,1.96,2.04,3.6,3.76,3.68,3.69,1.95,1.91,3.6,3.8,3.6,3.6,5.0,12.0,0.0,13.0,6.0,0.0,5.0,8.0,0.0,7.0,4.0,1.0,0.0,0.0
27,4,2025-02-09,Kasimpasa,Rizespor,3,2,1,T1,T1,Kasimpasa,Rizespor,1.0,3.54,3.15,3.76,2.13,3.85,2.07,-0.25,-0.25,2.18,1.66,3.4,2.05,1.77,2.35,1.58,3.07,1.92,1.92,3.57,2.2,3.58,2.03,2.15,1.67,3.25,2.03,1.78,2.35,1.57,2.9,1.93,1.93,3.6,2.1,3.5,2.0,3.4,3.1,3.4,2.2,3.6,2.26,1.7,3.55,,,2.52,1.64,3.35,2.0,1.99,3.75,2.28,3.85,2.14,2.0,3.4,3.0,3.5,2.2,3.5,2.0,2.24,1.73,3.55,2.13,1.83,2.5,1.66,3.25,2.02,2.01,3.76,2.36,3.85,2.07,2.21,1.68,2.08,1.78,2.42,1.61,1.96,1.94,3.5,3.25,3.6,2.23,3.61,2.05,3.3,3.0,3.6,2.2,3.6,2.0,11.0,16.0,0.0,10.0,2.0,5.0,4.0,10.0,0.0,12.0,5.0,1.0,2.0,2.0
27,5,2025-02-09,Alanyaspor,Fenerbahce,0,2,2,T1,T1,Alanyaspor,Fenerbahce,1.0,1.54,1.56,4.5,5.31,4.63,6.17,1.0,1.0,2.21,1.65,1.5,1.84,1.98,2.55,1.5,1.55,1.88,1.96,4.39,5.29,4.38,5.87,2.2,1.65,1.5,1.85,2.0,2.5,1.5,1.53,1.85,2.0,4.33,4.75,4.2,5.25,1.47,1.47,4.1,5.0,4.5,2.12,1.59,1.5,,,2.78,1.55,1.59,1.93,2.06,4.7,6.2,4.6,5.8,6.0,1.5,1.53,4.4,5.25,4.4,5.75,2.3,1.71,1.54,1.91,2.06,2.72,1.55,1.67,2.09,2.06,4.5,5.8,4.63,6.2,2.2,1.68,1.86,1.99,2.62,1.52,1.91,1.99,1.51,1.57,4.44,5.7,4.38,6.1,1.5,1.53,4.4,5.0,4.33,5.8,3.0,13.0,0.0,8.0,5.0,4.0,2.0,17.0,0.0,12.0,3.0,2.0,0.0,4.0
27,6,2025-02-09,Antalyaspor,Buyuksehyr,0,0,0,T1,T1,Antalyaspor,Buyuksehyr,1.0,2.39,2.13,3.53,3.35,3.6,3.04,0.25,0.25,1.9,1.89,2.3,2.0,1.82,1.76,2.05,2.18,1.89,1.95,3.39,3.27,3.52,2.89,1.93,1.93,2.2,2.0,1.85,1.75,2.05,2.1,1.88,1.98,3.4,3.1,3.5,2.88,2.3,2.1,3.1,3.2,3.5,1.94,1.9,2.28,,,1.85,2.14,2.3,1.96,1.99,3.45,3.5,3.5,3.05,2.88,2.35,2.2,3.25,3.25,3.4,2.8,1.98,1.96,2.39,2.06,1.91,1.83,2.13,2.24,1.94,2.0,3.62,3.43,3.62,3.04,1.9,1.93,2.02,1.84,1.78,2.13,1.93,1.97,2.31,2.24,3.44,3.38,3.62,2.94,2.3,2.2,3.3,3.2,3.3,2.9,2.0,18.0,0.0,5.0,0.0,4.0,3.0,17.0,0.0,14.0,0.0,0.0,0.0,3.0
27,7,2025-02-09,Galatasaray,Ad. Demirspor,3,0,1,T1,T1,Galatasaray,Ad. Demirspor,1.0,29.0,25.0,11.8,1.08,15.5,1.08,-3.0,-3.0,5.09,1.14,22.89,1.87,1.93,5.04,1.15,24.53,1.87,1.97,12.78,1.07,12.53,1.07,5.0,1.17,21.0,1.88,1.98,4.5,1.18,21.0,1.85,2.0,10.0,1.08,10.0,1.08,29.0,23.0,12.0,1.05,13.0,5.1,1.11,10.0,,,5.8,1.2,38.0,1.9,2.08,15.0,1.1,12.0,1.05,1.06,26.0,26.0,12.0,1.08,12.5,1.08,5.59,1.17,29.0,1.96,2.0,5.97,1.18,31.0,1.94,2.08,15.17,1.08,15.5,1.08,5.59,1.13,1.85,1.97,5.85,1.13,1.88,1.99,20.92,27.67,15.17,1.07,13.75,1.07,26.0,26.0,13.0,1.07,13.0,1.07,,,,,,,,,,,,,,
27,8,2025-02-10,Bodrumspor,Goztep,0,0,0,T1,T1,Bodrumspor,Goztep,1.0,2.27,2.34,2.97,3.47,3.52,3.31,0.25,0.25,1.78,2.03,2.21,1.91,1.9,1.53,2.46,2.36,2.0,1.84,3.02,3.3,3.36,3.17,1.8,2.05,2.15,2.1,1.7,1.5,2.5,2.35,2.08,1.73,2.9,3.25,3.1,3.1,2.25,2.25,3.0,3.3,3.25,,,1.18,,,1.59,2.68,2.56,2.15,1.85,3.1,3.4,1.12,1.18,3.1,2.25,,,,3.3,3.1,1.84,2.12,2.27,1.99,1.94,1.62,2.61,2.45,2.08,1.9,3.19,3.5,3.52,3.31,1.8,2.05,1.92,1.93,1.54,2.57,2.08,1.84,2.21,2.45,3.05,3.36,3.45,3.25,2.25,2.4,2.9,3.25,3.3,3.1,5.0,14.0,0.0,14.0,1.0,1.0,4.0,4.0,0.0,8.0,1.0,0.0,0.0,0.0
27,9,2025-02-10,Trabzonspor,Eyupspor,1,0,1,T1,T1,Trabzonspor,Eyupspor,1.0,4.31,4.15,3.68,1.86,4.16,1.81,-0.5,-0.75,2.3,1.59,4.14,1.86,1.95,2.22,1.65,3.81,1.91,1.92,3.68,1.91,4.01,1.74,2.25,1.62,4.2,1.88,1.98,2.2,1.65,3.9,1.95,1.9,3.6,1.85,3.6,1.7,4.33,3.9,3.5,1.8,4.0,,,4.3,,,2.32,1.74,4.3,2.05,1.94,3.9,1.94,1.09,1.04,1.7,4.2,,,,3.9,1.73,2.38,1.65,4.33,1.92,2.0,2.35,1.71,4.15,2.0,2.01,3.87,2.04,4.2,1.81,2.35,1.6,1.86,1.99,2.25,1.69,1.97,1.93,4.1,3.97,3.8,1.93,4.12,1.76,4.0,3.9,3.6,1.85,3.9,1.75,4.0,7.0,0.0,14.0,5.0,1.0,6.0,7.0,0.0,13.0,2.0,0.0,0.0,0.0
27,10,2025-02-08,Dortmund,Stuttgart,1,2,2,D1,D1,Dortmund,Stuttgart,1.0,3.91,3.79,3.91,1.95,4.27,1.9,-0.5,-0.5,2.6,1.5,3.84,1.97,1.89,2.64,1.49,3.62,1.9,1.97,3.87,1.96,3.92,1.89,2.63,1.5,3.9,2.01,1.89,2.63,1.5,3.5,1.91,2.02,3.8,1.95,3.8,1.85,3.9,3.5,3.7,1.91,3.9,2.74,1.54,4.1,2.06,1.92,2.8,1.54,3.75,1.93,2.06,4.0,2.04,4.1,1.92,1.87,3.7,3.5,3.75,1.98,3.9,1.87,2.69,1.53,4.1,2.02,1.92,2.77,1.53,3.81,1.94,2.06,4.0,2.04,4.27,1.92,2.62,1.52,2.01,1.89,2.7,1.5,1.91,2.01,3.98,3.62,3.95,2.0,3.93,1.88,3.75,3.5,3.75,1.95,3.9,1.85,4.0,14.0,0.0,4.0,2.0,2.0,9.0,13.0,1.0,16.0,5.0,0.0,0.0,5.0
27,11,2025-02-08,M'gladbach,Ein Frankfurt,1,1,0,D1,D1,M'gladbach,Ein Frankfurt,1.0,2.64,2.59,3.59,2.73,3.83,2.67,0.0,0.0,2.48,1.54,2.59,1.93,1.94,2.61,1.5,2.63,1.96,1.92,3.6,2.58,3.64,2.59,2.5,1.53,2.55,1.95,1.95,2.63,1.5,2.63,1.99,1.94,3.5,2.55,3.5,2.63,2.55,2.55,3.5,2.4,3.6,2.62,1.59,2.66,1.95,2.02,2.78,1.55,2.76,2.03,1.96,3.8,2.66,3.75,2.74,2.63,2.5,2.6,3.6,2.55,3.6,2.55,2.57,1.57,2.69,1.96,1.99,2.77,1.57,2.71,2.01,1.96,3.75,2.73,3.83,2.67,2.52,1.56,1.95,1.95,2.69,1.51,2.0,1.93,2.63,2.68,3.73,2.59,3.7,2.62,2.6,2.5,3.6,2.5,3.6,2.5,1.0,9.0,0.0,15.0,7.0,3.0,6.0,10.0,0.0,8.0,3.0,1.0,1.0,3.0
27,12,2025-02-07,Paris SG,Monaco,4,1,1,F1,F1,Paris SG,Monaco,1.0,7.18,6.13,5.62,1.45,5.72,1.43,-1.25,-1.5,3.34,1.32,6.79,1.86,1.99,3.62,1.28,6.22,2.02,1.84,5.41,1.43,5.46,1.4,3.5,1.3,6.5,1.9,2.03,3.75,1.29,6.0,2.05,1.88,5.5,1.42,5.5,1.38,6.5,6.0,5.0,1.4,5.5,3.65,1.35,7.4,1.9,2.05,4.0,1.32,6.8,2.11,1.86,5.8,1.46,5.8,1.43,1.4,6.75,6.0,5.25,1.43,5.5,1.39,3.52,1.36,7.3,1.91,2.05,3.95,1.32,7.16,2.09,1.91,5.62,1.48,5.72,1.44,3.44,1.33,1.89,2.01,3.44,1.34,2.04,1.89,6.93,6.29,5.48,1.45,5.56,1.4,6.5,5.8,5.0,1.44,5.0,1.4,1.0,11.0,0.0,9.0,3.0,0.0,1.0,9.0,0.0,16.0,7.0,1.0,1.0,1.0
27,13,2025-02-08,Ath Bilbao,Girona,3,0,1,SP1,SP1,Ath Bilbao,Girona,1.0,5.55,5.34,3.69,1.74,3.96,1.72,-0.75,-0.75,1.76,2.09,5.29,1.97,1.86,1.82,2.02,5.03,1.89,1.97,3.64,1.75,3.84,1.67,1.73,2.1,5.0,2.0,1.9,1.84,2.06,5.0,1.9,2.03,3.6,1.73,4.0,1.65,5.5,5.0,3.5,1.73,3.8,1.82,2.14,5.8,2.04,1.91,1.88,2.12,5.5,1.92,2.05,3.7,1.81,3.95,1.71,1.67,5.25,4.75,3.6,1.75,3.75,1.68,1.82,2.16,5.55,2.02,1.9,1.88,2.08,5.34,1.93,2.03,3.78,1.8,4.0,1.72,1.79,2.09,2.01,1.9,1.85,2.07,1.92,2.01,5.36,5.18,3.69,1.77,3.92,1.68,5.0,4.8,3.7,1.75,3.75,1.67,2.0,12.0,0.0,3.0,1.0,4.0,11.0,7.0,0.0,23.0,8.0,0.0,2.0,0.0
27,14,2025-02-08,Real Madrid,Ath Madrid,1,1,0,SP1,SP1,Real Madrid,Ath Madrid,1.0,4.27,3.89,3.85,1.95,3.87,1.91,-0.5,-0.5,2.04,1.79,4.13,1.97,1.89,2.32,1.62,3.68,1.88,1.99,3.74,1.98,3.68,1.88,2.0,1.8,4.2,2.0,1.9,2.3,1.62,3.6,1.93,2.0,3.75,1.95,3.6,1.85,4.2,3.6,3.5,1.9,3.6,2.16,1.81,4.3,2.04,1.95,2.42,1.69,3.95,1.97,2.02,3.9,2.02,3.85,1.95,1.87,4.1,3.6,3.6,1.98,3.7,1.85,2.13,1.85,4.35,2.02,1.93,2.45,1.68,3.91,1.94,2.02,3.87,2.03,3.87,1.93,2.06,1.82,2.0,1.91,2.33,1.66,1.93,1.99,4.21,3.86,3.8,1.98,3.67,1.9,4.0,3.6,3.7,1.95,3.7,1.85,1.0,13.0,0.0,10.0,1.0,3.0,6.0,14.0,0.0,23.0,9.0,1.0,0.0,1.0
27,15,2025-02-09,Sevilla,Barcelona,1,4,2,SP1,SP1,Sevilla,Barcelona,1.0,1.58,1.48,4.92,6.6,4.79,5.81,1.25,1.0,2.69,1.45,1.54,1.85,1.99,2.82,1.43,1.45,1.93,1.92,4.95,6.43,4.63,5.47,2.75,1.44,1.55,1.88,2.02,2.75,1.44,1.45,1.99,1.91,4.75,6.0,4.5,5.25,1.5,1.4,4.6,5.5,4.75,2.84,1.51,1.56,1.85,2.09,3.0,1.49,1.5,2.03,1.94,5.3,6.8,4.9,6.0,5.5,1.57,1.46,4.8,6.25,4.4,5.25,2.79,1.5,1.58,1.9,2.04,3.0,1.47,1.49,2.02,2.02,5.36,7.5,4.8,6.0,2.72,1.48,1.88,2.02,2.81,1.47,2.01,1.92,1.55,1.48,4.99,6.5,4.68,5.62,1.55,1.44,4.75,6.0,4.5,5.0,6.0,6.0,1.0,10.0,6.0,2.0,5.0,14.0,0.0,8.0,4.0,1.0,1.0,5.0
28,1,2025-02-14,Ad. Demirspor,Antalyaspor,1,1,0,T1,T1,Ad. Demirspor,Antalyaspor,1.0,1.87,1.7,3.88,4.84,4.06,4.08,0.75,0.5,2.28,1.62,1.81,1.81,2.0,2.29,1.61,1.65,1.84,2.0,4.0,4.99,3.78,4.18,2.25,1.62,1.8,1.83,2.03,2.15,1.67,1.65,1.83,2.03,3.8,5.0,3.7,4.2,1.75,1.62,3.9,5.0,3.5,2.4,1.69,1.87,1.86,2.14,2.48,1.66,1.7,1.88,2.1,4.3,5.4,3.8,4.8,4.4,,,,,,,2.36,1.67,1.9,1.91,2.1,2.38,1.7,1.75,1.92,2.08,4.24,6.02,4.06,4.55,2.35,1.64,1.85,2.07,2.22,1.7,1.86,2.05,1.84,1.68,4.05,5.17,3.8,4.37,1.85,1.67,4.0,4.5,3.8,3.8,9.0,12.0,0.0,17.0,8.0,6.0,0.0,19.0,0.0,5.0,3.0,1.0,1.0,3.0
28,2,2025-02-15,Gaziantep,Sivasspor,2,1,1,T1,T1,Gaziantep,Sivasspor,1.0,3.64,3.73,3.63,1.97,3.7,2.08,-0.5,-0.5,1.94,1.86,3.51,1.79,2.04,2.05,1.76,3.75,1.86,1.96,3.57,1.96,3.53,2.04,2.0,1.85,3.4,1.75,2.05,2.08,1.73,3.75,1.87,1.87,3.6,1.9,3.4,2.05,3.4,3.7,3.3,1.9,3.4,2.1,1.24,3.8,1.86,2.12,2.2,1.79,4.1,1.95,2.04,3.7,2.04,3.6,2.12,2.05,,,,,,,2.02,1.91,3.64,1.84,2.1,2.2,1.82,4.0,1.98,2.02,3.7,2.1,3.7,2.08,1.98,1.88,1.82,2.08,2.11,1.79,1.94,1.96,3.62,4.0,3.67,1.95,3.57,2.07,3.5,3.5,3.5,2.0,3.5,2.0,2.0,15.0,0.0,10.0,2.0,5.0,6.0,20.0,0.0,12.0,6.0,1.0,1.0,4.0
28,3,2025-02-15,Buyuksehyr,Bodrumspor,0,1,2,T1,T1,Buyuksehyr,Bodrumspor,1.0,4.78,5.0,3.29,1.83,3.7,1.83,-0.5,-0.75,1.69,2.15,4.71,1.79,2.04,1.63,2.27,4.66,1.95,1.88,3.25,1.86,3.49,1.79,1.67,2.1,5.0,,,1.6,2.3,4.75,2.03,1.78,3.25,1.83,3.4,1.72,4.75,4.4,3.0,1.83,3.5,1.76,2.18,5.4,1.89,2.03,1.68,2.44,5.6,2.09,1.9,3.35,1.9,3.55,1.79,1.75,,,,,,,1.79,2.21,5.0,1.87,2.08,1.66,2.36,5.05,2.05,1.95,3.45,1.92,3.7,1.83,1.69,2.19,1.82,2.08,1.64,2.36,2.01,1.89,4.87,5.05,3.25,1.88,3.53,1.81,4.5,4.2,3.3,1.85,3.5,1.8,1.0,11.0,0.0,7.0,3.0,1.0,1.0,10.0,1.0,14.0,3.0,0.0,0.0,4.0
28,4,2025-02-15,Besiktas,Trabzonspor,2,1,1,T1,T1,Besiktas,Trabzonspor,1.0,3.95,4.01,3.85,1.84,4.05,1.9,-0.5,-0.5,2.34,1.58,4.04,1.96,1.86,2.43,1.54,3.83,1.94,1.89,3.75,1.89,3.66,1.85,2.35,1.54,4.2,2.0,1.85,2.4,1.53,3.8,1.98,1.88,3.8,1.85,3.75,1.77,4.0,3.8,3.5,1.8,3.9,2.4,1.64,4.3,2.08,1.91,2.62,1.59,4.2,2.02,1.97,3.85,1.97,4.0,1.91,1.8,,,,,,,2.45,1.64,4.33,2.04,1.95,2.51,1.58,4.11,2.04,2.0,3.97,1.94,4.05,1.9,2.36,1.61,2.01,1.86,2.51,1.57,2.0,1.91,4.3,4.11,3.78,1.89,3.58,1.85,3.8,3.6,3.75,1.91,3.8,1.85,1.0,16.0,0.0,6.0,1.0,1.0,8.0,16.0,0.0,12.0,3.0,1.0,0.0,2.0
28,5,2025-02-16,Hatayspor,Alanyaspor,1,0,1,T1,T1,Hatayspor,Alanyaspor,1.0,2.38,2.12,3.54,3.37,3.64,3.03,0.25,0.25,1.94,1.85,2.32,2.01,1.8,2.09,1.72,2.2,1.91,1.92,3.52,3.14,3.42,2.93,2.0,1.85,2.3,2.03,1.83,2.1,1.7,2.2,1.95,1.9,3.5,3.1,3.6,2.8,2.3,2.1,3.4,3.2,3.5,2.02,1.84,2.44,,,2.24,1.79,2.26,1.96,2.02,3.65,3.4,3.6,3.0,2.88,,,,,,,2.04,1.9,2.43,2.08,1.88,2.23,1.8,2.29,2.0,1.97,3.6,3.37,3.64,3.05,1.98,1.86,2.02,1.84,2.14,1.77,1.93,1.97,2.33,2.29,3.56,3.16,3.43,3.04,2.3,2.2,3.5,3.0,3.4,2.88,6.0,16.0,1.0,16.0,4.0,3.0,3.0,16.0,0.0,14.0,5.0,0.0,0.0,5.0
28,6,2025-02-16,Eyupspor,Kayserispor,1,1,0,T1,T1,Eyupspor,Kayserispor,1.0,4.01,5.58,3.67,1.66,3.86,1.93,-0.75,-0.5,2.02,1.78,4.02,1.95,1.87,1.98,1.83,4.86,1.9,1.93,3.7,1.72,3.6,1.86,2.05,1.75,4.0,1.98,1.88,1.98,1.88,5.25,1.98,1.88,3.6,1.65,3.4,1.85,4.2,4.75,3.5,1.65,3.75,2.08,1.8,4.5,2.05,1.89,2.12,1.86,5.4,2.0,1.97,3.9,1.77,3.7,1.89,1.8,,,,,,,2.12,1.85,4.6,2.02,1.95,2.04,1.94,5.58,2.02,2.07,3.82,1.84,3.86,1.93,2.02,1.83,1.98,1.88,2.02,1.87,1.97,1.93,4.18,5.29,3.8,1.71,3.59,1.87,3.8,4.33,3.75,1.75,3.6,1.85,6.0,15.0,0.0,9.0,5.0,3.0,4.0,12.0,0.0,6.0,2.0,0.0,0.0,3.0
28,7,2025-02-16,Konyaspor,Samsunspor,0,1,2,T1,T1,Konyaspor,Samsunspor,1.0,2.8,3.08,3.08,2.48,3.46,2.64,0.0,0.0,1.76,2.04,2.76,1.98,1.84,1.65,2.22,2.94,2.06,1.79,3.06,2.55,3.26,2.54,1.75,2.05,2.75,2.03,1.83,1.62,2.25,2.88,2.05,1.8,3.0,2.5,3.2,2.5,2.75,2.88,2.88,2.45,3.2,1.72,1.98,2.9,,,1.71,2.38,3.2,2.18,1.83,3.15,2.68,3.25,2.62,2.55,,,,,,,1.82,2.1,2.88,2.05,1.9,1.71,2.35,3.08,2.14,1.83,3.25,2.65,3.46,2.65,1.77,2.07,2.03,1.83,1.65,2.35,2.11,1.82,2.84,3.05,3.05,2.65,3.27,2.56,2.7,2.8,3.1,2.5,3.25,2.5,5.0,14.0,0.0,10.0,6.0,6.0,7.0,12.0,0.0,9.0,3.0,1.0,0.0,4.0
28,8,2025-02-16,Fenerbahce,Kasimpasa,3,1,1,T1,T1,Fenerbahce,Kasimpasa,1.0,9.25,7.03,5.28,1.39,7.12,1.29,-1.5,-1.75,3.35,1.3,9.77,1.97,1.83,3.15,1.35,6.97,1.85,1.98,5.35,1.37,6.55,1.23,3.4,1.33,9.0,1.98,1.88,3.1,1.36,6.5,1.83,2.03,5.25,1.4,6.25,1.27,11.0,7.0,5.0,1.3,6.5,3.55,1.28,11.5,,,3.5,1.39,8.0,1.91,2.06,6.0,1.4,7.6,1.26,1.2,,,,,,,3.6,1.34,11.0,2.01,1.89,3.3,1.37,8.0,1.92,2.09,5.8,1.4,7.12,1.29,3.35,1.31,1.99,1.85,3.24,1.37,1.86,2.05,10.7,7.22,5.49,1.39,6.66,1.22,8.5,6.0,5.5,1.36,6.5,1.25,3.0,12.0,0.0,13.0,5.0,1.0,1.0,15.0,0.0,13.0,6.0,0.0,1.0,1.0
28,9,2025-02-17,Rizespor,Galatasaray,1,2,2,T1,T1,Rizespor,Galatasaray,1.0,1.69,1.71,4.19,4.37,4.47,4.78,0.75,0.75,2.57,1.47,1.62,1.78,2.01,2.59,1.49,1.71,1.93,1.91,4.04,4.42,4.28,4.71,2.6,1.48,1.62,1.78,2.03,2.5,1.5,1.8,2.0,1.85,4.0,3.8,4.33,4.5,1.62,1.62,3.9,4.33,4.33,,,1.51,,,2.8,1.55,1.8,2.01,1.96,4.2,4.7,4.7,4.6,4.5,,,,,,,2.66,1.5,1.69,1.82,2.09,2.95,1.52,1.81,2.07,1.98,4.41,4.8,4.77,5.23,2.64,1.48,1.82,2.05,2.62,1.52,2.01,1.89,1.64,1.79,3.95,4.45,4.27,4.73,1.65,1.75,3.9,4.2,4.2,4.6,7.0,15.0,0.0,18.0,3.0,2.0,3.0,11.0,0.0,16.0,4.0,0.0,0.0,3.0
28,10,2025-02-15,Leverkusen,Bayern Munich,0,0,0,D1,D1,Leverkusen,Bayern Munich,1.0,2.3,2.32,3.61,3.1,3.87,3.11,0.25,0.25,2.26,1.65,2.26,1.96,1.87,2.03,1.81,2.33,2.01,1.85,3.49,3.05,3.66,3.01,2.2,1.67,2.25,2.0,1.9,2.0,1.8,2.25,2.04,1.89,3.5,3.0,3.7,2.9,2.25,2.2,3.3,2.9,3.6,2.32,1.73,2.36,2.04,1.92,2.12,1.87,2.4,2.07,1.91,3.6,3.2,3.75,3.15,3.1,,,,,,,2.36,1.7,2.3,2.02,1.93,2.13,1.87,2.4,2.06,1.9,3.61,3.16,3.87,3.14,2.28,1.68,1.99,1.92,2.06,1.83,2.04,1.88,2.27,2.35,3.56,3.11,3.71,3.08,2.25,2.3,3.5,3.0,3.6,3.0,0.0,13.0,0.0,2.0,0.0,3.0,6.0,16.0,0.0,15.0,3.0,0.0,0.0,2.0
28,11,2025-02-15,Man City,Newcastle,4,0,1,E0,E0,Man City,Newcastle,1.0,3.53,3.57,4.01,2.0,4.18,1.99,-0.25,-0.5,2.77,1.45,3.44,1.88,1.96,3.13,1.38,3.26,2.05,1.82,4.02,2.07,4.07,1.97,2.75,1.44,3.3,1.91,1.99,3.2,1.36,3.2,2.08,1.85,3.9,2.05,4.2,1.95,3.5,3.25,3.8,2.0,4.1,2.98,1.5,3.65,1.98,2.0,3.3,1.42,3.45,2.13,1.86,4.1,2.1,4.3,2.0,1.95,,,,,,,2.9,1.48,3.55,1.95,2.01,3.37,1.42,3.57,2.14,1.86,4.2,2.12,4.2,2.01,2.76,1.47,1.91,1.99,3.11,1.38,2.09,1.85,3.49,3.29,4.07,2.09,4.09,1.99,3.4,3.1,4.0,2.05,4.0,1.95,4.0,13.0,0.0,3.0,1.0,1.0,7.0,5.0,0.0,11.0,7.0,0.0,3.0,0.0
28,12,2025-02-16,Tottenham,Man United,1,0,1,E0,E0,Tottenham,Man United,1.0,2.74,3.16,3.87,2.19,3.83,2.5,-0.25,0.0,2.67,1.48,2.69,2.01,1.84,2.67,1.49,3.08,1.94,1.92,3.85,2.2,3.73,2.45,2.63,1.5,2.62,2.04,1.86,2.63,1.5,3.1,1.99,1.94,3.8,2.15,3.75,2.45,2.7,3.0,3.7,2.15,3.7,2.8,1.54,2.86,2.13,1.84,2.86,1.53,3.25,2.03,1.96,4.0,2.24,3.9,2.48,2.45,,,,,,,2.79,1.5,2.8,2.06,1.88,2.85,1.57,3.16,2.0,1.95,4.0,2.25,3.85,2.51,2.68,1.49,2.06,1.85,2.64,1.52,1.98,1.94,2.73,3.13,3.9,2.21,3.84,2.46,2.62,3.0,3.7,2.25,3.7,2.45,5.0,9.0,0.0,16.0,6.0,2.0,10.0,13.0,0.0,22.0,7.0,0.0,1.0,1.0
28,13,2025-02-15,Osasuna,Real Madrid,1,1,0,SP1,SP1,Osasuna,Real Madrid,1.0,1.61,1.48,4.88,6.76,4.59,5.71,1.25,1.0,2.31,1.62,1.57,1.93,1.9,2.72,1.47,1.47,1.96,1.89,4.83,6.44,4.32,5.58,2.25,1.57,1.57,1.92,1.86,2.75,1.44,1.45,2.0,1.93,4.75,6.25,4.1,5.75,1.57,1.4,4.5,6.5,4.2,2.42,1.65,1.61,1.99,1.95,2.92,1.51,1.5,2.04,1.93,5.0,7.2,4.5,6.2,5.5,,,,,,,2.38,1.69,1.61,2.0,1.94,2.9,1.54,1.56,2.15,1.97,5.01,7.0,4.59,6.0,2.35,1.64,1.96,1.94,2.63,1.52,2.0,1.93,1.57,1.47,4.91,6.72,4.33,5.82,1.57,1.44,4.6,6.0,4.33,5.0,2.0,7.0,1.0,17.0,6.0,1.0,6.0,16.0,0.0,11.0,4.0,1.0,0.0,3.0
28,14,2025-02-15,Lazio,Napoli,2,2,0,I1,I1,Lazio,Napoli,1.0,2.81,3.23,3.19,2.45,3.44,2.72,-0.25,0.0,1.74,2.13,2.79,1.97,1.88,1.65,2.27,3.22,1.8,2.07,3.05,2.48,3.18,2.66,1.73,2.1,2.8,2.0,1.9,1.62,2.3,3.3,1.88,2.05,3.1,2.3,3.2,2.63,2.8,3.0,3.0,2.5,3.1,1.79,2.2,2.96,2.04,1.93,1.7,2.4,3.55,1.91,2.08,3.1,2.48,3.25,2.8,2.7,,,,,,,1.79,2.2,2.89,2.01,1.94,1.73,2.4,3.51,1.89,2.15,3.25,2.61,3.44,2.73,1.74,2.18,2.01,1.9,1.63,2.39,1.86,2.05,2.85,3.48,2.99,2.43,3.19,2.71,2.75,3.1,3.0,2.4,3.0,2.62,1.0,19.0,0.0,6.0,3.0,2.0,7.0,9.0,0.0,12.0,5.0,1.0,1.0,2.0
28,15,2025-02-16,Juventus,Inter,1,0,1,I1,I1,Juventus,Inter,1.0,2.25,2.09,3.35,3.96,3.52,3.5,0.5,0.25,1.75,2.1,2.24,1.9,1.92,1.81,2.04,2.09,2.09,1.8,3.29,3.84,3.25,3.38,1.73,2.1,2.25,1.93,1.97,1.86,2.04,2.1,2.08,1.85,3.3,3.75,3.2,3.4,2.2,2.05,3.2,3.75,3.3,1.8,2.18,2.3,1.96,2.02,1.88,2.12,2.12,2.12,1.88,3.4,4.2,3.4,3.55,3.4,,,,,,,1.81,2.17,2.32,1.98,1.98,1.88,2.14,2.17,2.15,1.86,3.35,4.01,3.52,3.55,1.76,2.14,1.93,1.98,1.87,2.04,2.1,1.84,2.25,2.09,3.32,4.01,3.26,3.54,2.2,2.05,3.2,3.7,3.3,3.2,5.0,10.0,0.0,17.0,2.0,1.0,7.0,17.0,0.0,16.0,8.0,0.0,0.0,1.0
29,1,2025-02-21,Eyupspor,Besiktas,1,3,2,T1,T1,Eyupspor,Besiktas,1.0,2.23,2.25,3.43,3.15,3.6,3.33,0.25,0.25,1.89,1.91,2.22,1.91,1.91,1.89,1.89,2.28,1.97,1.86,3.39,3.08,3.38,3.22,1.9,1.95,2.2,1.93,1.93,1.9,1.95,2.3,2.03,1.83,3.4,3.0,3.4,3.2,2.2,2.15,3.3,3.2,3.3,1.96,2.0,2.36,2.02,1.95,1.99,2.0,2.42,2.09,1.9,3.5,3.25,3.55,3.35,3.2,,,,,,,1.94,1.98,2.31,1.98,1.96,1.98,2.0,2.38,2.06,1.95,3.55,3.25,3.6,3.37,1.93,1.96,1.95,1.95,1.93,1.95,2.06,1.86,2.26,2.38,3.42,3.12,3.42,3.35,2.2,2.25,3.3,3.0,3.3,3.1,2.0,7.0,0.0,18.0,7.0,1.0,4.0,10.0,0.0,7.0,3.0,2.0,1.0,2.0
29,2,2025-02-21,Bodrumspor,Hatayspor,1,0,1,T1,T1,Bodrumspor,Hatayspor,1.0,5.45,5.58,3.83,1.63,3.95,1.7,-1.0,-0.75,1.8,2.01,5.29,1.94,1.88,1.8,2.01,5.8,1.77,2.09,3.8,1.61,3.71,1.67,1.8,2.05,5.25,1.78,2.03,1.83,2.03,5.75,1.73,2.08,3.9,1.6,3.7,1.67,5.5,5.5,3.7,1.57,3.6,1.86,2.14,6.0,2.03,1.93,1.89,2.08,6.6,1.84,2.16,3.95,1.66,3.85,1.73,1.62,,,,,,,1.86,2.08,5.7,2.02,1.91,1.86,2.09,6.25,1.85,2.15,3.9,1.64,3.95,1.7,1.81,2.08,2.01,1.9,1.84,2.06,1.81,2.11,5.66,6.25,3.9,1.61,3.75,1.68,5.0,5.0,3.75,1.62,3.7,1.67,6.0,13.0,0.0,8.0,3.0,2.0,9.0,10.0,0.0,10.0,4.0,0.0,1.0,1.0
29,3,2025-02-22,Sivasspor,Konyaspor,1,1,0,T1,T1,Sivasspor,Konyaspor,1.0,2.71,2.71,3.11,2.76,3.44,2.74,0.0,0.0,1.75,2.07,2.69,1.92,1.92,1.75,2.07,2.67,1.9,1.94,3.16,2.74,3.2,2.69,1.73,2.08,2.7,1.9,1.95,1.73,2.08,2.7,1.9,1.95,3.1,2.75,3.1,2.7,2.7,2.63,3.0,2.75,3.0,1.77,2.12,2.82,1.95,1.99,1.83,2.18,2.86,1.99,1.99,3.25,2.86,3.15,2.92,2.75,,,,,,,1.8,2.13,2.76,1.95,1.99,1.81,2.19,2.82,1.95,2.0,3.25,2.86,3.44,2.78,1.75,2.11,1.94,1.94,1.76,2.15,1.93,1.97,2.76,2.74,3.21,2.8,3.21,2.76,2.62,2.6,3.25,2.62,3.25,2.62,2.0,18.0,0.0,9.0,5.0,4.0,4.0,11.0,1.0,11.0,2.0,1.0,1.0,2.0
29,4,2025-02-22,Antalyaspor,Kasimpasa,2,1,1,T1,T1,Antalyaspor,Kasimpasa,1.0,2.94,2.78,3.45,2.48,3.64,2.43,0.0,-0.25,2.27,1.62,2.84,1.78,2.04,2.04,1.77,2.83,2.05,1.81,3.37,2.46,3.54,2.36,2.25,1.62,2.8,1.8,2.05,2.03,1.83,2.75,2.03,1.83,3.4,2.5,3.6,2.35,2.75,2.88,3.25,2.4,3.5,2.34,1.64,2.98,1.84,2.09,2.12,1.88,2.94,2.12,1.86,3.55,2.58,3.7,2.38,2.3,,,,,,,2.33,1.68,2.94,1.82,2.12,2.16,1.85,3.0,2.08,1.87,3.55,2.6,3.75,2.43,2.31,1.63,1.81,2.09,2.04,1.85,2.05,1.86,2.93,2.85,3.36,2.6,3.55,2.4,2.8,2.9,3.3,2.4,3.5,2.3,6.0,11.0,0.0,11.0,5.0,2.0,4.0,19.0,0.0,9.0,5.0,0.0,2.0,1.0
29,5,2025-02-22,Samsunspor,Rizespor,2,3,2,T1,T1,Samsunspor,Rizespor,1.0,3.64,3.34,3.29,2.23,3.68,2.09,-0.25,-0.5,1.9,1.89,3.56,1.79,2.04,1.72,2.11,3.28,1.87,1.97,3.15,2.29,3.44,2.04,1.93,1.93,3.6,1.75,2.05,1.67,2.15,3.25,1.88,1.98,3.2,2.25,3.4,2.05,3.75,3.25,2.9,2.2,3.3,1.92,1.94,3.95,1.89,2.1,1.8,2.24,3.65,1.96,2.02,3.15,2.4,3.55,2.08,2.0,,,,,,,1.95,1.96,3.75,1.85,2.12,1.75,2.21,3.53,1.93,2.05,3.31,2.37,3.68,2.09,1.91,1.94,1.8,2.09,1.73,2.2,1.9,2.01,3.62,3.48,3.09,2.37,3.43,2.07,3.5,3.1,3.3,2.25,3.4,2.05,5.0,13.0,0.0,13.0,4.0,2.0,1.0,12.0,0.0,9.0,3.0,0.0,2.0,1.0
29,6,2025-02-23,Kayserispor,Goztep,1,0,1,T1,T1,Kayserispor,Goztep,1.0,2.22,2.25,3.43,3.15,3.65,3.31,0.25,0.25,1.94,1.85,2.15,1.87,1.93,1.79,2.02,2.36,2.03,1.81,3.3,3.02,3.53,3.15,1.95,1.9,2.2,1.9,1.95,1.75,2.05,2.3,2.03,1.83,3.4,3.0,3.25,3.3,2.15,2.25,3.0,3.0,3.6,1.98,1.9,2.24,1.96,1.95,1.89,2.1,2.46,2.11,1.88,3.35,3.3,3.65,3.25,3.0,,,,,,,2.01,1.94,2.22,1.95,2.02,1.83,2.12,2.44,2.08,1.87,3.43,3.15,3.77,3.35,1.96,1.8,1.88,1.88,1.81,2.08,2.08,1.84,2.15,2.42,3.35,3.11,3.6,3.0,2.1,2.38,3.3,2.9,3.4,3.25,3.0,14.0,0.0,15.0,3.0,2.0,5.0,14.0,0.0,10.0,4.0,0.0,1.0,1.0
29,7,2025-02-23,Alanyaspor,Ad. Demirspor,3,2,1,T1,T1,Alanyaspor,Ad. Demirspor,1.0,9.6,7.33,5.53,1.36,5.89,1.33,-1.5,-1.5,2.52,1.49,8.49,1.92,1.9,2.66,1.46,7.74,1.89,1.94,5.48,1.34,5.5,1.31,2.5,1.5,8.0,1.93,1.93,2.6,1.48,7.0,1.88,1.98,5.5,1.36,5.5,1.33,9.5,7.5,5.0,1.29,5.5,2.32,1.44,3.55,1.83,1.81,2.86,1.52,9.2,1.93,2.02,5.8,1.38,5.8,1.31,1.29,,,,,,,2.7,1.54,9.6,1.97,1.98,2.78,1.5,8.5,1.92,2.02,5.8,1.38,5.89,1.34,2.56,1.52,1.94,1.91,2.61,1.49,1.92,1.99,8.57,8.21,5.64,1.35,5.63,1.31,8.5,8.0,5.0,1.33,5.0,1.3,1.0,16.0,0.0,7.0,5.0,2.0,10.0,15.0,0.0,25.0,9.0,2.0,0.0,5.0
29,8,2025-02-23,Trabzonspor,Gaziantep,3,2,1,T1,T1,Trabzonspor,Gaziantep,1.0,4.57,5.58,4.28,1.57,4.26,1.75,-1.0,-0.75,2.38,1.55,4.39,1.92,1.88,2.2,1.66,5.43,1.84,2.0,4.16,1.58,4.06,1.69,2.35,1.57,4.2,1.95,1.9,2.1,1.7,5.0,1.83,2.03,4.1,1.6,4.1,1.7,4.6,5.5,4.0,1.55,4.0,2.2,1.49,4.8,1.94,1.81,2.3,1.75,6.0,1.93,2.06,4.4,1.63,4.3,1.67,1.67,,,,,,,2.45,1.58,4.6,1.99,1.93,2.35,1.72,5.74,1.9,2.1,4.3,1.63,4.26,1.75,2.42,1.57,1.96,1.89,2.2,1.72,1.83,2.1,4.52,5.47,4.17,1.63,4.12,1.69,4.2,5.0,4.0,1.57,4.0,1.7,6.0,14.0,0.0,17.0,6.0,1.0,1.0,18.0,0.0,20.0,6.0,0.0,2.0,1.0
29,9,2025-02-24,Galatasaray,Fenerbahce,0,0,0,T1,T1,Galatasaray,Fenerbahce,1.0,2.88,2.92,3.43,2.39,4.12,2.3,-0.25,-0.25,2.81,1.4,2.85,1.81,2.0,2.28,1.62,3.0,1.84,1.99,3.48,2.29,3.65,2.27,2.7,1.44,2.9,1.85,2.0,2.25,1.62,3.1,1.85,2.0,3.4,2.25,3.6,2.25,2.8,2.88,3.3,2.15,3.5,,,3.0,,,2.42,1.7,3.25,1.93,2.06,3.6,2.36,3.6,2.44,2.3,,,,,,,2.95,1.45,2.95,1.89,2.16,2.4,1.74,3.16,1.92,2.08,3.65,2.39,4.12,2.35,2.83,1.43,1.84,2.02,2.36,1.64,1.89,2.02,2.95,3.11,3.55,2.32,3.59,2.31,2.8,3.0,3.4,2.25,3.75,2.25,5.0,15.0,0.0,10.0,3.0,2.0,0.0,20.0,0.0,4.0,1.0,0.0,0.0,5.0
29,10,2025-02-23,Bayern Munich,Ein Frankfurt,4,0,1,D1,D1,Bayern Munich,Ein Frankfurt,1.0,8.35,8.63,7.39,1.28,6.65,1.34,-1.75,-1.75,3.3,1.33,8.27,1.86,1.97,3.13,1.37,10.11,1.97,1.88,6.63,1.25,6.33,1.3,3.4,1.33,7.5,1.89,2.01,3.2,1.36,8.5,2.05,1.88,7.0,1.25,6.5,1.3,9.0,10.0,6.5,1.22,6.0,3.5,1.38,9.6,1.9,2.0,3.3,1.42,12.0,2.08,1.9,7.2,1.27,6.8,1.32,1.3,,,,,,,3.4,1.37,9.5,1.91,2.02,3.39,1.41,11.25,2.06,1.94,7.39,1.29,6.8,1.34,3.34,1.34,1.89,2.0,3.13,1.38,2.01,1.9,8.28,10.75,6.85,1.26,6.5,1.3,8.0,9.5,6.5,1.25,6.0,1.3,1.0,7.0,0.0,7.0,2.0,1.0,4.0,8.0,0.0,19.0,12.0,0.0,1.0,1.0
29,11,2025-02-22,Lille,Monaco,2,1,1,F1,F1,Lille,Monaco,1.0,3.29,2.96,3.7,2.37,3.91,2.19,-0.25,-0.25,2.32,1.63,3.13,1.94,1.89,2.22,1.68,2.96,1.82,2.04,3.55,2.36,3.72,2.17,2.3,1.62,3.1,1.97,1.93,2.2,1.67,2.8,1.73,2.08,3.5,2.4,3.7,2.15,3.1,3.1,3.4,2.1,3.7,2.4,1.67,3.3,2.0,1.96,2.32,1.74,3.05,1.86,2.15,3.6,2.5,3.8,2.26,2.2,,,,,,,2.38,1.69,3.3,1.98,1.96,2.32,1.73,3.3,1.99,2.14,3.77,2.51,3.91,2.21,2.35,1.64,1.98,1.93,2.22,1.72,1.79,2.14,3.19,2.91,3.57,2.48,3.8,2.19,3.1,3.1,3.4,2.2,3.5,2.15,6.0,18.0,0.0,13.0,3.0,2.0,1.0,11.0,0.0,9.0,6.0,1.0,2.0,4.0
29,12,2025-02-23,Lyon,Paris SG,2,3,2,F1,F1,Lyon,Paris SG,1.0,1.77,1.54,4.67,5.95,4.55,4.35,1.25,0.75,2.91,1.4,1.72,1.89,1.93,2.96,1.41,1.51,2.03,1.83,4.68,5.83,4.26,4.25,3.0,1.4,1.7,1.91,1.99,3.0,1.4,1.5,2.08,1.85,4.5,5.5,4.33,4.2,1.7,1.44,4.5,5.5,4.33,3.05,1.44,1.76,1.92,2.02,3.1,1.47,1.55,2.09,1.9,5.0,6.4,4.6,4.5,4.33,,,,,,,3.05,1.44,1.77,1.94,2.0,3.16,1.44,1.56,2.11,1.91,4.9,6.2,4.55,4.5,2.88,1.44,1.92,1.99,2.96,1.43,2.08,1.85,1.72,1.53,4.79,5.99,4.29,4.48,1.7,1.5,4.6,5.0,4.0,4.0,4.0,8.0,0.0,15.0,8.0,1.0,5.0,12.0,0.0,14.0,7.0,0.0,0.0,1.0
29,13,2025-02-22,Aston Villa,Chelsea,2,1,1,E0,E0,Aston Villa,Chelsea,1.0,2.59,2.72,3.42,2.7,3.77,2.67,0.0,0.0,2.45,1.56,2.56,1.89,1.95,2.36,1.62,2.65,1.95,1.93,3.53,2.62,3.7,2.62,2.38,1.57,2.6,1.92,1.98,2.3,1.62,2.63,1.98,1.95,3.3,2.6,3.4,2.63,2.63,2.6,3.5,2.55,3.6,2.54,1.61,2.7,2.0,1.98,2.5,1.65,2.74,2.0,1.98,3.7,2.7,3.8,2.7,2.63,,,,,,,2.55,1.58,2.63,1.95,2.0,2.44,1.65,2.72,1.99,1.97,3.67,2.7,3.84,2.67,2.49,1.58,1.93,1.97,2.38,1.63,1.95,1.97,2.58,2.65,3.61,2.68,3.78,2.62,2.5,2.5,3.5,2.62,3.6,2.62,3.0,16.0,0.0,15.0,7.0,3.0,2.0,15.0,0.0,12.0,6.0,1.0,0.0,1.0
29,14,2025-02-23,Man City,Liverpool,0,2,2,E0,E0,Man City,Liverpool,1.0,2.27,2.17,3.87,3.22,3.97,3.0,0.25,0.25,2.89,1.41,2.26,1.97,1.87,2.6,1.52,2.19,1.91,1.95,3.82,3.14,3.86,2.9,3.0,1.4,2.25,2.0,1.9,2.63,1.5,2.2,1.93,1.97,3.8,3.0,3.8,2.88,2.2,2.15,3.75,3.0,3.9,3.1,1.44,2.32,2.04,1.95,2.7,1.58,2.26,1.98,2.02,4.0,3.2,4.1,3.0,2.9,,,,,,,3.02,1.44,2.3,2.02,1.91,2.79,1.58,2.25,1.98,2.02,3.92,3.31,3.97,3.0,2.87,1.44,1.99,1.91,2.61,1.53,1.94,1.98,2.26,2.21,3.87,3.24,3.97,2.95,2.3,2.15,3.7,3.2,3.75,2.88,5.0,10.0,0.0,8.0,4.0,0.0,7.0,3.0,0.0,16.0,5.0,2.0,0.0,0.0
29,15,2025-02-22,Valencia,Ath Madrid,0,3,2,SP1,SP1,Valencia,Ath Madrid,1.0,1.95,1.98,3.37,4.35,3.63,4.43,0.5,0.5,1.68,2.22,1.91,1.9,1.94,1.64,2.29,2.06,2.08,1.81,3.25,4.03,3.42,4.35,1.67,2.2,1.91,1.92,1.98,1.62,2.3,2.05,2.11,1.82,3.2,3.9,3.4,4.2,1.91,2.0,3.25,3.9,3.4,1.72,2.3,1.96,1.96,2.03,1.72,2.36,2.1,2.1,1.89,3.4,4.2,3.55,4.7,4.5,,,,,,,1.73,2.29,1.96,1.96,1.99,1.69,2.42,2.15,2.15,1.85,3.37,4.35,3.63,4.6,1.68,2.26,1.92,1.99,1.68,2.3,2.12,1.83,1.91,2.11,3.2,4.14,3.43,4.54,1.91,2.0,3.3,3.8,3.4,4.2,0.0,16.0,0.0,11.0,3.0,3.0,7.0,18.0,0.0,18.0,2.0,2.0,0.0,1.0
30,1,2025-03-01,Ad. Demirspor,Bodrumspor,0,0,0,T1,T1,Ad. Demirspor,Bodrumspor,1.0,1.75,1.62,4.06,5.29,4.17,4.68,0.75,0.75,2.09,1.72,1.72,1.91,1.88,1.97,1.84,1.62,1.81,2.04,3.97,5.31,3.87,4.43,2.08,1.73,1.73,2.03,1.78,1.98,1.88,1.62,1.75,2.05,4.0,5.0,3.9,4.33,1.7,1.57,4.0,5.5,3.9,2.16,1.74,1.76,1.96,1.95,2.06,1.92,1.68,1.86,2.12,4.1,6.0,4.2,4.7,4.6,,,,,,,2.17,1.79,1.82,2.0,1.95,2.08,1.94,1.65,2.0,2.08,4.1,5.8,4.17,4.7,2.1,1.69,1.91,1.88,2.01,1.88,1.84,2.08,1.69,1.65,4.0,5.51,3.8,4.38,1.73,1.62,4.0,5.0,3.8,4.5,6.0,12.0,0.0,13.0,4.0,0.0,3.0,9.0,0.0,11.0,1.0,0.0,0.0,0.0
30,2,2025-03-01,Besiktas,Kayserispor,2,0,1,T1,T1,Besiktas,Kayserispor,1.0,6.17,5.83,4.58,1.51,4.73,1.53,-1.0,-1.0,2.37,1.57,5.96,2.05,1.77,2.43,1.54,5.63,1.99,1.85,4.48,1.52,4.57,1.48,2.35,1.57,5.5,2.05,1.8,2.35,1.57,5.5,2.05,1.8,4.5,1.5,4.5,1.48,5.5,5.5,4.2,1.44,4.6,2.48,1.59,6.4,2.1,1.83,2.62,1.59,6.6,2.11,1.89,4.7,1.55,5.0,1.54,1.47,,,,,,,2.48,1.62,6.4,2.11,1.83,2.51,1.58,5.98,2.13,1.94,4.67,1.58,4.75,1.53,2.4,1.59,2.09,1.79,2.51,1.57,2.05,1.86,6.19,5.98,4.67,1.53,4.59,1.48,5.8,5.5,4.4,1.53,4.4,1.5,5.0,15.0,0.0,8.0,2.0,2.0,4.0,8.0,0.0,13.0,6.0,0.0,1.0,0.0
30,3,2025-03-02,Rizespor,Alanyaspor,3,1,1,T1,T1,Rizespor,Alanyaspor,1.0,3.97,4.21,3.64,1.85,3.89,1.94,-0.5,-0.5,2.05,1.75,4.06,1.93,1.89,2.14,1.69,4.3,2.01,1.83,3.61,1.82,3.48,1.88,2.05,1.75,4.2,1.98,1.88,2.15,1.67,4.33,2.03,1.83,3.6,1.8,3.5,1.85,4.0,4.2,3.4,1.75,3.6,2.08,1.79,4.5,2.11,1.87,2.3,1.75,4.6,2.08,1.91,3.75,1.91,3.75,1.86,1.85,,,,,,,2.12,1.83,4.4,2.05,2.0,2.22,1.74,4.6,2.07,1.9,3.75,1.88,3.89,1.94,2.04,1.73,1.9,1.87,2.19,1.74,2.05,1.86,4.2,4.54,3.62,1.85,3.27,1.86,3.9,4.0,3.75,1.8,3.7,1.85,5.0,17.0,0.0,12.0,4.0,1.0,5.0,17.0,0.0,10.0,5.0,0.0,0.0,2.0
30,4,2025-03-02,Kasimpasa,Galatasaray,3,3,0,T1,T1,Kasimpasa,Galatasaray,1.0,1.69,1.69,4.52,4.73,4.63,4.63,1.0,1.0,2.85,1.39,1.62,2.02,1.8,2.66,1.46,1.61,2.01,1.83,4.28,4.91,4.36,4.5,2.88,1.4,1.62,2.03,1.83,2.6,1.48,1.62,2.0,1.85,4.33,4.75,4.33,4.75,1.67,1.53,4.2,4.75,4.33,3.1,1.4,1.66,,,2.92,1.51,1.65,2.04,1.93,4.7,5.5,4.6,4.4,4.33,,,,,,,3.0,1.43,1.69,2.07,1.93,2.95,1.5,1.69,2.08,1.93,4.52,5.27,4.63,4.75,2.92,1.36,2.02,1.76,2.78,1.47,2.04,1.88,1.61,1.62,4.33,5.27,4.25,4.43,1.67,1.62,4.2,4.8,4.2,4.33,3.0,11.0,0.0,18.0,6.0,2.0,10.0,13.0,0.0,14.0,8.0,1.0,0.0,3.0
30,5,2025-03-02,Fenerbahce,Antalyaspor,3,0,1,T1,T1,Fenerbahce,Antalyaspor,1.0,11.3,9.57,7.14,1.24,6.26,1.29,-1.75,-1.75,2.51,1.5,10.09,1.84,1.96,2.67,1.45,11.89,1.98,1.85,6.79,1.21,6.12,1.24,2.5,1.5,8.5,1.88,1.98,2.7,1.41,9.0,1.98,1.88,7.0,1.19,6.5,1.27,11.0,13.0,6.5,1.18,6.5,2.54,1.55,12.5,,,2.84,1.53,15.5,2.04,1.93,7.6,1.24,7.4,1.25,1.2,,,,,,,2.8,1.55,11.3,1.95,2.0,2.85,1.48,14.0,2.08,1.95,7.53,1.24,6.59,1.29,2.54,1.52,1.85,1.99,2.73,1.47,1.99,1.9,10.33,12.93,6.93,1.21,6.27,1.24,10.0,12.0,6.0,1.22,5.5,1.25,5.0,3.0,0.0,4.0,0.0,0.0,8.0,10.0,0.0,15.0,8.0,0.0,3.0,0.0
30,6,2025-03-03,Gaziantep,Eyupspor,3,1,1,T1,T1,Gaziantep,Eyupspor,1.0,2.96,2.91,3.33,2.45,3.6,2.44,-0.25,-0.25,1.91,1.88,2.87,1.77,2.04,1.8,2.01,2.99,1.78,2.06,3.25,2.41,3.42,2.36,1.95,1.9,3.0,1.8,2.05,1.8,2.05,2.88,1.72,2.04,3.3,2.45,3.4,2.3,2.9,3.1,3.2,2.3,3.3,,,3.0,,,1.87,2.1,3.3,1.89,2.09,3.4,2.48,1.09,2.12,2.3,,,,,,,1.99,1.94,3.0,1.83,2.1,1.88,2.08,3.17,1.85,2.17,3.33,2.58,3.65,2.44,1.92,1.92,1.79,2.08,1.84,2.06,1.85,2.15,2.92,3.03,3.29,2.52,3.44,2.4,2.88,2.9,3.3,2.3,3.3,2.38,1.0,13.0,1.0,13.0,5.0,5.0,4.0,8.0,0.0,20.0,9.0,0.0,0.0,1.0
30,7,2025-03-03,Konyaspor,Trabzonspor,1,0,1,T1,T1,Konyaspor,Trabzonspor,1.0,2.66,2.32,3.37,3.08,3.62,2.67,0.25,0.0,1.95,1.85,2.58,1.91,1.91,2.04,1.76,2.36,2.02,1.79,3.43,2.91,3.42,2.6,1.98,1.88,2.63,1.93,1.93,2.1,1.7,2.35,2.1,1.78,3.4,2.8,3.3,2.63,2.63,2.25,3.3,2.88,3.3,,,2.72,,,2.18,1.83,2.46,2.11,1.88,3.55,3.15,1.13,2.0,2.55,,,,,,,2.02,1.9,2.66,1.97,1.96,2.25,1.78,2.47,2.12,1.87,3.53,3.08,3.62,2.67,1.97,1.87,1.92,1.93,2.13,1.78,2.11,1.81,2.62,2.44,3.5,2.97,3.45,2.64,2.6,2.3,3.4,2.9,3.4,2.5,4.0,12.0,0.0,10.0,3.0,5.0,5.0,12.0,0.0,13.0,4.0,0.0,0.0,3.0
30,8,2025-03-03,Buyuksehyr,Sivasspor,1,0,1,T1,T1,Buyuksehyr,Sivasspor,1.0,5.14,7.37,4.38,1.46,3.96,1.73,-1.0,-0.75,1.87,1.92,4.85,1.93,1.87,1.94,1.86,6.81,2.05,1.78,4.22,1.48,3.79,1.68,1.88,1.98,4.75,1.98,1.88,1.98,1.88,7.0,2.05,1.75,4.2,1.42,4.0,1.67,5.0,6.5,3.9,1.44,3.8,,,5.2,,,2.06,1.93,7.8,2.08,1.89,4.3,1.55,3.85,1.28,1.67,,,,,,,1.98,1.99,5.14,1.99,1.93,2.05,1.94,7.4,2.17,1.84,4.38,1.6,4.0,1.73,1.87,1.97,1.94,1.91,1.96,1.93,2.09,1.83,4.97,7.32,4.29,1.5,3.8,1.69,4.8,6.5,4.33,1.44,3.7,1.7,2.0,13.0,0.0,7.0,0.0,2.0,6.0,14.0,0.0,11.0,3.0,0.0,1.0,2.0
30,9,2025-03-03,Goztep,Samsunspor,2,2,0,T1,T1,Goztep,Samsunspor,1.0,3.85,4.83,3.32,1.84,3.52,2.08,-0.5,-0.5,1.68,2.14,3.7,1.8,2.02,1.68,2.18,4.81,2.0,1.83,3.32,1.82,3.34,2.02,1.67,2.15,3.75,1.83,2.03,1.65,2.2,5.0,2.05,1.8,3.3,1.77,3.4,2.0,3.8,4.75,3.1,1.75,3.3,,,3.9,,,1.74,2.3,5.4,2.09,1.9,3.4,1.9,1.09,1.09,1.95,,,,,,,1.75,2.21,3.85,1.85,2.1,1.73,2.28,5.2,2.11,1.88,3.45,1.88,3.52,2.08,1.69,2.19,1.81,2.05,1.7,2.25,2.08,1.84,3.79,5.2,3.36,1.83,3.35,2.05,3.7,4.4,3.4,1.83,3.3,2.0,2.0,7.0,0.0,8.0,2.0,1.0,1.0,15.0,0.0,13.0,3.0,0.0,1.0,4.0
30,10,2025-03-01,Werder Bremen,Wolfsburg,1,2,2,D1,D1,Werder Bremen,Wolfsburg,1.0,2.61,2.32,3.5,3.19,3.79,2.72,0.25,0.0,2.2,1.68,2.59,1.9,1.95,2.14,1.73,2.34,1.99,1.85,3.49,3.04,3.53,2.65,2.2,1.67,2.6,1.94,1.99,2.1,1.73,2.3,2.04,1.89,3.5,3.0,3.4,2.63,2.63,2.38,3.4,2.88,3.6,2.26,1.76,2.7,1.97,2.0,2.24,1.79,2.4,2.08,1.92,3.6,3.2,3.7,2.74,2.63,,,,,,,2.28,1.75,2.7,1.95,2.01,2.23,1.78,2.43,2.06,1.9,3.55,3.19,3.79,2.75,2.21,1.72,1.91,1.99,2.16,1.77,2.04,1.88,2.61,2.36,3.52,3.13,3.55,2.72,2.5,2.3,3.5,2.9,3.6,2.62,2.0,9.0,0.0,9.0,3.0,0.0,8.0,13.0,0.0,15.0,7.0,1.0,0.0,2.0
30,11,2025-03-01,Ein Frankfurt,Leverkusen,1,4,2,D1,D1,Ein Frankfurt,Leverkusen,1.0,1.78,1.82,4.02,4.29,4.22,4.63,0.5,0.75,2.21,1.68,1.74,1.94,1.89,2.45,1.57,1.83,1.83,2.03,3.89,4.18,3.92,4.58,2.2,1.67,1.73,2.0,1.93,2.5,1.53,1.85,1.78,2.03,3.9,3.9,3.75,4.75,1.75,1.75,3.7,4.33,3.9,2.32,1.72,1.82,2.03,1.94,2.6,1.62,1.89,1.89,2.11,4.0,4.3,4.0,4.9,4.5,,,,,,,2.3,1.73,1.78,2.0,1.93,2.53,1.64,1.89,1.9,2.11,4.02,4.5,4.22,4.9,2.22,1.71,1.98,1.93,2.52,1.57,1.88,2.05,1.76,1.87,3.93,4.16,3.92,4.72,1.73,1.83,3.75,4.2,3.9,4.5,6.0,7.0,0.0,20.0,9.0,1.0,2.0,9.0,0.0,7.0,3.0,3.0,1.0,1.0
30,12,2025-03-01,Paris SG,Lille,4,1,1,F1,F1,Paris SG,Lille,1.0,7.55,9.12,5.41,1.36,5.35,1.44,-1.5,-1.25,2.66,1.47,7.34,2.02,1.82,2.48,1.55,8.72,1.9,1.95,5.34,1.34,5.18,1.39,2.63,1.5,7.5,2.08,1.85,2.38,1.57,8.5,1.92,2.01,5.25,1.33,4.75,1.4,7.5,9.0,5.0,1.3,5.0,2.8,1.52,8.2,2.11,1.85,2.68,1.58,10.0,1.98,2.0,5.8,1.37,5.7,1.41,1.36,,,,,,,2.85,1.51,7.9,2.11,1.88,2.75,1.6,9.5,1.97,2.01,5.7,1.4,5.5,1.44,2.69,1.49,2.08,1.84,2.49,1.58,1.92,2.01,7.62,9.13,5.43,1.35,5.36,1.39,6.5,8.0,5.0,1.33,4.8,1.4,3.0,10.0,0.0,6.0,2.0,1.0,9.0,6.0,0.0,26.0,11.0,0.0,4.0,0.0
30,13,2025-03-01,Ath Madrid,Ath Bilbao,1,0,1,SP1,SP1,Ath Madrid,Ath Bilbao,1.0,4.0,3.85,3.41,2.1,3.54,2.07,-0.25,-0.5,1.7,2.17,3.78,1.82,2.04,1.72,2.15,3.71,2.04,1.82,3.27,2.14,3.44,2.04,1.67,2.2,3.6,1.85,2.08,1.67,2.2,3.5,2.06,1.87,3.3,2.1,3.5,2.05,3.9,3.7,3.1,2.0,3.4,1.76,2.24,4.0,1.9,2.08,1.76,2.28,4.1,2.15,1.85,3.3,2.18,3.55,2.08,2.0,,,,,,,1.76,2.24,4.0,1.87,2.08,1.8,2.25,3.9,2.13,1.88,3.41,2.21,3.54,2.08,1.72,2.2,1.86,2.05,1.72,2.23,2.09,1.85,3.88,3.82,3.31,2.2,3.48,2.04,3.8,3.6,3.25,2.1,3.4,2.0,2.0,8.0,0.0,15.0,3.0,3.0,6.0,7.0,0.0,12.0,4.0,0.0,0.0,2.0
30,14,2025-03-02,Milan,Lazio,1,2,2,I1,I1,Milan,Lazio,1.0,3.62,3.62,3.48,2.14,3.77,2.11,-0.25,-0.5,2.01,1.83,3.5,1.81,2.05,2.1,1.75,3.46,2.0,1.86,3.45,2.15,3.59,2.05,2.04,1.86,3.5,1.84,2.09,2.1,1.73,3.4,2.03,1.9,3.4,2.15,3.6,2.05,3.6,3.3,3.25,2.05,3.5,2.1,1.87,3.7,1.86,2.14,2.2,1.83,3.65,2.07,1.92,3.55,2.24,3.7,2.14,2.1,,,,,,,2.1,1.89,3.63,1.85,2.09,2.21,1.81,3.66,2.07,1.93,3.53,2.25,3.77,2.11,2.04,1.85,1.84,2.08,2.16,1.77,2.05,1.88,3.61,3.52,3.53,2.17,3.65,2.07,3.4,3.2,3.5,2.1,3.5,2.0,5.0,6.0,0.0,21.0,8.0,1.0,3.0,14.0,1.0,15.0,4.0,1.0,0.0,2.0
30,15,2025-03-01,Napoli,Inter,1,1,0,I1,I1,Napoli,Inter,1.0,2.43,2.54,3.2,3.09,3.29,3.33,0.25,0.25,1.71,2.16,2.39,1.99,1.82,1.74,2.14,2.51,2.07,1.77,3.09,3.11,3.16,3.2,1.67,2.2,2.38,2.07,1.86,1.73,2.1,2.5,2.1,1.7,3.1,2.9,3.2,3.1,2.38,2.4,2.88,3.0,3.1,1.76,2.24,2.46,2.08,1.9,1.79,2.26,2.56,2.16,1.85,3.15,3.35,3.25,3.4,3.3,,,,,,,1.76,2.24,2.44,2.09,1.86,1.8,2.27,2.57,2.16,1.82,3.2,3.3,3.29,3.35,1.71,2.22,2.05,1.86,1.76,2.18,2.14,1.81,2.4,2.52,3.13,3.19,3.18,3.31,2.4,2.5,3.0,2.9,3.1,3.1,3.0,15.0,0.0,6.0,1.0,0.0,12.0,7.0,0.0,19.0,4.0,1.0,0.0,1.0
32,1,2025-03-14,Galatasaray,Antalyaspor,4,0,1,T1,T1,Galatasaray,Antalyaspor,1.0,11.3,13.0,6.59,1.22,7.15,1.25,-2.0,-1.75,3.26,1.32,10.04,1.97,1.84,2.97,1.37,11.31,1.78,2.06,6.63,1.22,6.52,1.24,3.4,1.33,8.5,1.98,1.88,2.88,1.4,9.5,1.8,2.05,6.25,1.22,6.0,1.25,10.5,12.0,6.5,1.18,6.0,3.6,1.36,11.5,2.03,1.91,3.25,1.42,14.0,1.85,2.13,7.6,1.25,7.0,1.28,1.22,,,,,,,3.44,1.35,11.3,2.02,1.91,3.1,1.43,13.0,1.87,2.15,7.09,1.24,7.15,1.28,3.36,1.33,2.02,1.88,3.08,1.38,1.79,2.08,10.85,12.42,7.0,1.22,6.76,1.24,10.0,11.0,6.5,1.22,6.5,1.22,4.0,14.0,0.0,6.0,1.0,3.0,7.0,12.0,0.0,23.0,7.0,0.0,3.0,0.0
32,2,2025-03-15,Gaziantep,Kayserispor,1,0,1,T1,T1,Gaziantep,Kayserispor,1.0,3.25,3.54,3.3,2.14,3.7,2.23,-0.25,-0.25,2.01,1.78,3.26,1.89,1.93,2.04,1.76,3.17,1.88,1.95,3.31,2.27,3.26,2.24,2.0,1.8,3.3,1.88,1.98,2.05,1.75,3.25,1.88,1.98,3.3,2.25,3.1,2.3,3.1,3.25,3.1,2.1,3.4,1.92,1.78,3.45,1.98,1.92,2.1,1.87,3.6,2.02,1.96,3.4,2.3,3.5,2.16,2.2,,,,,,,2.1,1.85,3.51,1.94,2.0,2.1,1.81,3.54,1.98,2.05,3.45,2.41,3.7,2.31,2.03,1.82,1.92,1.95,2.09,1.8,1.93,1.97,3.45,3.36,3.34,2.29,3.12,2.27,3.1,3.0,3.4,2.25,3.5,2.15,4.0,18.0,0.0,15.0,4.0,1.0,3.0,12.0,0.0,14.0,2.0,0.0,0.0,2.0
32,3,2025-03-15,Kasimpasa,Alanyaspor,2,1,1,T1,T1,Kasimpasa,Alanyaspor,1.0,3.55,4.38,3.49,1.86,3.95,2.04,-0.5,-0.5,2.3,1.59,3.42,1.79,2.04,1.93,1.85,4.15,1.94,1.89,3.49,1.88,3.6,2.03,2.25,1.58,3.3,1.75,2.05,1.95,1.9,4.1,1.98,1.88,3.4,1.85,3.5,2.05,3.3,4.0,3.6,1.85,3.6,2.38,1.63,3.55,1.84,2.08,2.02,1.96,4.5,2.02,1.96,3.65,1.96,3.75,2.08,2.0,,,,,,,2.38,1.65,3.62,1.83,2.11,2.05,1.94,4.5,2.0,1.95,3.63,1.92,3.95,2.09,2.35,1.61,1.83,2.05,1.95,1.93,1.99,1.92,3.59,4.38,3.54,1.91,3.56,2.03,3.3,3.8,3.6,1.85,3.6,2.0,6.0,12.0,0.0,15.0,2.0,1.0,2.0,13.0,0.0,11.0,5.0,1.0,2.0,1.0
32,4,2025-03-15,Buyuksehyr,Trabzonspor,0,3,2,T1,T1,Buyuksehyr,Trabzonspor,1.0,3.36,3.26,3.06,2.39,3.34,2.34,-0.25,-0.25,1.97,1.82,3.18,1.86,1.95,1.89,1.89,3.23,1.86,1.98,3.17,2.31,3.24,2.27,2.0,1.85,3.25,1.88,1.98,1.88,1.98,3.2,1.85,2.0,3.0,2.35,3.1,2.25,3.0,3.25,3.1,2.25,3.4,2.0,1.88,3.3,1.94,1.99,1.98,1.98,3.4,1.92,2.06,3.35,2.42,3.45,2.3,2.2,,,,,,,2.1,1.9,3.36,1.92,2.0,1.94,2.04,3.64,1.97,2.05,3.4,2.46,3.4,2.34,2.0,1.85,1.9,1.97,1.92,1.97,1.88,2.02,3.33,3.35,3.2,2.37,3.19,2.29,3.0,3.0,3.3,2.3,3.4,2.25,2.0,13.0,0.0,9.0,4.0,2.0,4.0,10.0,1.0,13.0,5.0,1.0,0.0,4.0
32,5,2025-03-15,Konyaspor,Besiktas,1,0,1,T1,T1,Konyaspor,Besiktas,1.0,2.43,2.04,3.67,3.45,3.62,2.96,0.25,0.25,1.94,1.84,2.3,1.98,1.8,1.84,1.95,2.08,1.78,2.02,3.41,3.49,3.67,2.81,1.98,1.88,2.25,2.03,1.83,1.88,1.98,2.05,1.8,2.05,3.6,3.25,3.6,2.9,2.25,2.0,3.25,3.7,3.6,2.0,1.87,2.38,2.06,1.91,1.94,2.02,2.16,1.86,2.14,3.5,3.85,3.8,3.05,2.88,,,,,,,2.01,1.92,2.43,2.07,1.9,1.92,2.02,2.16,1.86,2.11,3.67,3.71,4.0,3.0,1.96,1.81,1.99,1.8,1.9,1.99,1.82,2.11,2.24,2.1,3.46,3.71,3.84,2.7,2.38,2.1,3.3,3.4,3.4,2.88,12.0,8.0,0.0,26.0,5.0,2.0,4.0,6.0,2.0,7.0,1.0,0.0,1.0,3.0
32,6,2025-03-16,Rizespor,Bodrumspor,0,2,2,T1,T1,Rizespor,Bodrumspor,1.0,4.32,4.51,3.09,1.97,3.08,2.13,-0.5,-0.25,1.7,2.12,4.02,2.05,1.77,1.75,2.05,4.21,1.82,2.01,3.11,1.99,2.98,2.08,1.7,2.1,4.0,2.08,1.73,1.7,2.1,4.33,1.73,2.08,3.0,1.91,3.0,2.0,3.9,4.0,3.0,1.91,3.1,1.73,2.16,4.3,,,1.87,2.12,4.7,1.97,2.02,3.4,2.02,3.1,2.1,2.0,,,,,,,1.77,2.19,4.36,2.17,1.87,1.82,2.19,4.58,1.88,2.1,3.4,2.06,3.35,2.21,1.7,2.17,2.12,1.75,1.72,2.19,1.88,2.04,4.36,4.58,3.1,2.03,2.9,2.1,3.6,4.0,3.2,2.0,3.1,2.15,7.0,14.0,0.0,14.0,6.0,3.0,5.0,18.0,1.0,6.0,2.0,1.0,0.0,4.0
32,7,2025-03-16,Goztep,Eyupspor,1,1,0,T1,T1,Goztep,Eyupspor,1.0,4.73,4.81,3.8,1.72,3.74,1.83,-0.75,-0.75,1.85,1.94,4.46,1.8,2.01,1.9,1.89,4.81,1.9,1.92,3.71,1.71,3.59,1.78,1.88,1.98,4.5,1.83,2.03,1.93,1.93,4.5,1.88,1.98,3.7,1.73,3.6,1.75,4.6,4.75,3.5,1.62,3.6,1.88,1.96,4.9,,,1.99,1.98,5.5,1.99,1.99,3.95,1.76,3.6,1.79,1.75,,,,,,,1.9,2.0,4.73,1.9,2.06,1.97,2.04,5.1,1.96,2.0,3.91,1.76,3.74,1.83,1.87,1.97,1.79,2.06,1.97,1.92,1.96,1.94,4.49,4.92,3.8,1.76,3.65,1.8,4.4,4.75,3.6,1.73,3.5,1.8,4.0,14.0,1.0,7.0,3.0,6.0,4.0,16.0,0.0,13.0,4.0,0.0,0.0,4.0
32,8,2025-03-16,Hatayspor,Sivasspor,3,2,1,T1,T1,Hatayspor,Sivasspor,1.0,3.01,2.29,3.46,3.06,3.89,2.3,0.25,-0.25,1.97,1.81,2.91,1.84,1.94,1.94,1.84,2.28,1.94,1.86,3.29,3.13,3.68,2.21,1.98,1.88,3.1,1.85,2.0,2.0,1.85,2.2,1.93,1.93,3.4,3.1,3.4,2.2,3.0,2.25,3.1,3.0,3.6,1.98,1.86,3.2,,,2.06,1.91,2.38,2.03,1.95,3.4,3.45,3.75,2.3,2.2,,,,,,,2.04,1.91,3.2,1.9,2.02,2.02,1.95,2.42,2.04,1.97,3.46,3.44,3.97,2.3,1.97,1.79,1.83,1.93,1.99,1.89,1.93,1.97,2.84,2.25,3.35,3.44,3.78,2.17,2.9,2.25,3.2,3.2,3.6,2.25,9.0,7.0,0.0,22.0,8.0,2.0,8.0,13.0,1.0,15.0,8.0,1.0,1.0,3.0
32,9,2025-03-16,Fenerbahce,Samsunspor,0,0,0,T1,T1,Fenerbahce,Samsunspor,1.0,8.3,7.6,4.78,1.46,5.1,1.41,-1.25,-1.25,2.15,1.68,7.68,1.94,1.86,2.11,1.71,7.53,1.88,1.93,4.59,1.41,4.84,1.37,2.15,1.67,7.0,1.89,1.84,2.1,1.7,7.0,1.93,1.93,4.75,1.4,4.75,1.38,8.0,7.0,4.5,1.4,4.75,2.22,1.7,8.6,,,2.24,1.78,8.4,1.93,2.01,4.9,1.46,5.0,1.4,1.33,,,,,,,2.21,1.75,8.5,2.0,1.92,2.19,1.8,8.38,1.96,2.01,4.8,1.46,5.14,1.41,2.16,1.71,1.97,1.88,2.17,1.75,1.96,1.94,8.02,8.38,4.77,1.41,4.9,1.37,7.5,7.0,4.5,1.4,4.75,1.36,2.0,17.0,1.0,2.0,1.0,6.0,10.0,5.0,0.0,28.0,6.0,0.0,0.0,1.0
32,10,2025-03-15,Mainz,Freiburg,2,2,0,D1,D1,Mainz,Freiburg,1.0,4.07,4.83,3.61,1.83,3.52,2.06,-0.5,-0.5,1.75,2.1,3.91,1.85,2.0,1.84,2.0,4.54,2.01,1.86,3.52,1.84,3.42,2.01,1.73,2.1,4.1,1.88,2.02,1.83,2.07,4.5,2.06,1.87,3.5,1.8,3.3,1.95,3.9,4.4,3.3,1.75,3.4,1.8,2.18,4.2,1.92,2.04,1.92,2.06,5.0,2.13,1.87,3.7,1.88,3.5,2.04,2.0,,,,,,,1.8,2.17,4.1,1.9,2.05,1.91,2.08,4.83,2.11,1.88,3.63,1.9,3.52,2.06,1.76,2.14,1.88,2.03,1.84,2.08,2.06,1.88,4.0,4.74,3.54,1.86,3.45,2.02,3.9,4.4,3.4,1.85,3.4,2.0,4.0,7.0,0.0,24.0,8.0,2.0,1.0,7.0,1.0,9.0,4.0,0.0,1.0,1.0
32,11,2025-03-16,Twente,Feyenoord,2,6,2,N1,N1,Twente,Feyenoord,1.0,3.03,2.71,3.59,2.61,3.6,2.25,0.0,-0.25,2.04,1.76,3.03,1.86,1.95,1.86,1.94,2.84,2.04,1.82,3.36,2.49,3.48,2.25,2.0,1.77,3.0,1.91,1.99,1.8,2.0,2.75,2.08,1.82,3.5,2.45,3.6,2.2,3.1,2.75,3.2,2.4,3.4,2.08,1.81,3.1,,,1.93,2.04,2.98,2.14,1.86,3.5,2.58,3.65,2.28,2.2,,,,,,,2.11,1.85,3.15,1.94,2.04,1.97,2.03,3.11,2.12,1.89,3.59,2.61,3.6,2.3,2.07,1.77,1.88,1.97,1.87,2.02,2.12,1.81,3.14,2.95,3.36,2.52,3.44,2.27,3.0,2.7,3.3,2.5,3.4,2.25,5.0,11.0,0.0,15.0,8.0,3.0,2.0,12.0,0.0,9.0,3.0,3.0,1.0,2.0
32,12,2025-03-15,Man City,Brighton,2,2,0,E0,E0,Man City,Brighton,1.0,4.89,4.25,4.2,1.79,4.58,1.66,-0.75,-0.75,2.68,1.47,4.63,2.04,1.81,2.65,1.5,4.15,1.85,2.02,4.03,1.81,4.45,1.66,2.75,1.44,4.5,2.06,1.84,2.63,1.5,3.9,1.85,2.08,4.1,1.8,4.33,1.67,4.6,4.2,3.9,1.8,4.4,2.78,1.55,5.0,2.11,1.87,2.86,1.53,4.4,1.89,2.1,4.1,1.88,4.6,1.7,1.67,,,,,,,2.82,1.52,4.89,2.09,1.87,2.78,1.53,4.5,1.91,2.08,4.22,1.86,4.7,1.7,2.72,1.48,2.08,1.84,2.74,1.49,1.87,2.06,4.62,4.3,3.99,1.83,4.55,1.67,4.6,4.0,4.0,1.75,4.33,1.65,5.0,10.0,0.0,15.0,3.0,5.0,4.0,10.0,0.0,11.0,3.0,1.0,2.0,2.0
32,13,2025-03-16,Arsenal,Chelsea,1,0,1,E0,E0,Arsenal,Chelsea,1.0,4.53,5.38,3.69,1.74,3.91,1.82,-0.75,-0.75,1.94,1.88,4.44,1.81,2.03,1.8,2.06,5.24,1.92,1.94,3.68,1.73,3.74,1.81,1.92,1.86,4.5,1.84,2.06,1.8,2.0,5.25,1.95,1.95,3.6,1.7,3.6,1.8,4.5,5.0,3.6,1.67,3.75,2.0,1.95,4.8,1.87,2.1,1.82,2.2,5.7,2.02,1.96,3.85,1.74,3.9,1.86,1.8,,,,,,,1.98,1.93,4.6,1.85,2.08,1.9,2.13,5.5,1.97,1.97,3.82,1.8,3.91,1.85,1.97,1.92,1.85,2.07,1.79,2.12,1.96,1.96,4.55,5.39,3.74,1.73,3.78,1.81,4.33,5.0,3.6,1.75,3.7,1.8,4.0,13.0,0.0,8.0,2.0,3.0,5.0,10.0,0.0,12.0,4.0,0.0,1.0,3.0
32,14,2025-03-15,Villarreal,Real Madrid,1,2,2,SP1,SP1,Villarreal,Real Madrid,1.0,2.21,2.16,3.68,3.38,4.1,3.13,0.25,0.25,2.66,1.47,2.16,1.87,1.94,2.44,1.57,2.22,1.92,1.91,3.68,3.12,3.9,3.05,2.63,1.5,2.15,1.92,1.98,2.38,1.57,2.2,1.99,1.94,3.6,3.1,3.75,3.1,2.2,2.2,3.5,3.1,3.9,2.78,1.53,2.24,1.97,2.01,2.64,1.6,2.28,1.97,2.01,3.75,3.35,4.0,3.15,3.0,,,,,,,2.79,1.5,2.21,1.94,2.0,2.55,1.65,2.3,1.99,1.99,3.8,3.38,4.1,3.15,2.69,1.49,1.93,1.97,2.48,1.59,1.98,1.94,2.19,2.24,3.71,3.2,3.96,3.08,2.15,2.2,3.75,3.0,3.8,3.0,4.0,3.0,0.0,9.0,5.0,1.0,11.0,17.0,0.0,23.0,10.0,2.0,1.0,2.0
32,15,2025-03-16,Fiorentina,Juventus,3,0,1,I1,I1,Fiorentina,Juventus,1.0,2.35,2.41,3.18,3.33,3.25,3.54,0.25,0.25,1.64,2.28,2.28,1.9,1.9,1.65,2.27,2.39,1.98,1.84,3.08,3.31,3.16,3.41,1.62,2.3,2.25,1.95,1.95,1.67,2.2,2.35,2.05,1.85,3.1,3.25,3.2,3.4,2.3,2.3,3.0,3.3,3.1,1.68,2.44,2.36,1.99,1.97,1.72,2.36,2.48,2.09,1.9,3.2,3.5,3.2,3.65,3.5,,,,,,,1.69,2.35,2.35,1.97,1.96,1.68,2.41,2.45,2.06,1.91,3.25,3.45,3.25,3.54,1.65,2.33,1.97,1.93,1.68,2.3,2.06,1.87,2.32,2.43,3.14,3.36,3.18,3.48,2.25,2.3,3.0,3.25,3.1,3.3,6.0,13.0,0.0,11.0,2.0,3.0,1.0,9.0,0.0,9.0,3.0,0.0,2.0,2.0
34,1,2025-03-28,Antalyaspor,Alanyaspor,2,1,1,T1,T1,Antalyaspor,Alanyaspor,1.0,3.17,3.13,3.21,2.38,3.1,2.58,-0.25,-0.25,1.76,2.04,3.02,1.74,2.1,1.79,2.01,2.97,1.78,2.07,3.21,2.43,3.09,2.46,1.72,2.05,2.88,1.78,2.1,1.75,2.05,2.8,1.73,2.08,3.25,2.38,3.25,2.35,3.0,2.9,3.1,2.45,3.0,1.8,2.12,3.15,1.81,2.14,1.87,2.12,3.15,1.84,2.16,3.35,2.54,3.3,2.52,2.4,,,,,,,1.83,2.12,3.18,1.78,2.2,1.89,2.11,3.13,1.86,2.15,3.3,2.51,3.35,2.58,1.77,2.12,1.77,2.15,1.79,2.11,1.79,2.15,3.18,3.06,3.25,2.51,3.02,2.54,,,,,,,3.0,15.0,0.0,4.0,1.0,2.0,4.0,16.0,0.0,11.0,4.0,1.0,1.0,3.0
34,2,2025-03-28,Kayserispor,Hatayspor,5,0,1,T1,T1,Kayserispor,Hatayspor,1.0,4.88,6.38,4.59,1.48,4.22,1.71,-1.25,-0.75,2.26,1.61,4.7,1.98,1.82,2.41,1.55,6.19,1.83,2.02,4.55,1.47,4.08,1.65,2.3,1.6,4.75,2.03,1.83,2.35,1.57,6.0,1.83,2.03,4.33,1.44,3.9,1.6,4.5,6.0,4.5,1.44,4.0,2.42,1.64,5.3,2.15,1.84,2.58,1.62,6.8,1.89,2.09,4.8,1.53,4.5,1.67,1.67,,,,,,,2.33,1.68,5.3,2.06,1.85,2.6,1.6,6.53,1.88,2.07,4.7,1.5,4.22,1.71,2.25,1.61,1.97,1.83,2.43,1.6,1.86,2.05,4.61,6.51,4.64,1.5,4.09,1.64,,,,,,,3.0,5.0,0.0,14.0,4.0,2.0,8.0,14.0,0.0,20.0,11.0,0.0,2.0,1.0
34,3,2025-03-28,Bodrumspor,Fenerbahce,2,4,2,T1,T1,Bodrumspor,Fenerbahce,1.0,1.51,1.42,4.81,7.16,4.37,7.4,1.25,1.0,1.83,1.97,1.46,1.79,2.04,2.13,1.69,1.41,1.91,1.94,4.64,7.49,4.21,6.94,1.85,2.0,1.48,1.75,2.05,2.15,1.67,1.4,2.05,1.75,4.33,6.0,3.9,5.75,1.4,1.44,4.33,7.0,4.2,1.87,2.04,1.5,1.84,2.07,2.2,1.81,1.43,2.01,1.95,5.0,9.2,4.5,7.8,7.5,,,,,,,1.89,2.05,1.51,1.85,2.1,2.25,1.73,1.48,1.95,2.0,4.9,8.66,4.7,7.51,1.83,2.05,1.83,2.07,2.18,1.72,1.94,1.96,1.47,1.4,4.76,8.66,4.3,7.51,,,,,,,1.0,8.0,0.0,16.0,10.0,1.0,4.0,10.0,0.0,14.0,8.0,4.0,1.0,2.0
34,4,2025-03-28,Konyaspor,Gaziantep,1,0,1,T1,T1,Konyaspor,Gaziantep,1.0,3.6,3.26,3.34,2.25,3.65,2.11,-0.25,-0.25,1.89,1.89,3.52,2.01,1.82,1.88,1.91,3.31,1.97,1.88,3.3,2.2,3.27,2.12,1.93,1.93,3.4,2.03,1.83,1.93,1.93,3.25,2.0,1.85,3.2,2.1,3.25,2.05,3.5,3.5,3.3,2.05,3.3,1.94,1.95,3.75,2.1,1.86,1.95,2.02,3.6,2.02,1.97,3.4,2.32,3.45,2.16,2.1,,,,,,,1.95,1.96,3.82,2.07,1.9,1.95,1.99,3.56,2.04,1.95,3.4,2.3,3.65,2.22,1.93,1.93,2.03,1.86,1.94,1.94,2.01,1.89,3.82,3.56,3.35,2.2,3.11,2.19,,,,,,,2.0,15.0,0.0,6.0,5.0,4.0,2.0,16.0,0.0,14.0,4.0,0.0,0.0,4.0
34,5,2025-03-29,Sivasspor,Ad. Demirspor,5,1,1,T1,T1,Sivasspor,Ad. Demirspor,1.0,7.7,9.38,6.36,1.27,5.36,1.41,-1.75,-1.25,2.52,1.49,7.72,2.01,1.8,2.83,1.4,10.39,1.95,1.89,6.25,1.24,5.19,1.36,2.5,1.5,6.5,2.03,1.78,2.88,1.4,8.5,1.95,1.9,6.0,1.25,5.0,1.38,7.5,10.5,6.0,1.22,5.0,2.68,1.52,8.2,2.08,1.74,3.15,1.45,12.5,2.02,1.93,7.2,1.27,5.8,1.36,1.33,,,,,,,2.64,1.53,9.09,2.09,1.89,2.92,1.42,12.68,2.0,1.93,6.54,1.28,5.81,1.41,2.64,1.5,2.09,1.8,2.92,1.42,1.96,1.93,8.4,10.17,6.52,1.26,5.33,1.35,,,,,,,6.0,8.0,0.0,7.0,3.0,1.0,3.0,13.0,0.0,12.0,6.0,1.0,2.0,3.0
34,6,2025-03-29,Samsunspor,Kasimpasa,0,2,2,T1,T1,Samsunspor,Kasimpasa,1.0,3.85,3.71,3.56,1.99,3.6,2.05,-0.5,-0.5,1.92,1.87,3.73,1.86,2.0,1.95,1.84,3.66,1.82,2.04,3.46,2.01,3.48,1.98,1.95,1.9,3.7,1.85,2.0,1.95,1.85,3.5,1.8,2.05,3.5,2.0,3.5,1.91,3.6,3.9,3.3,1.91,3.4,1.95,1.92,4.2,1.94,1.98,2.04,1.94,4.0,1.89,2.1,3.55,2.12,3.45,1.98,1.95,,,,,,,1.98,1.93,3.97,1.9,2.05,2.01,1.94,3.9,1.84,2.1,3.56,2.08,3.6,2.05,1.95,1.92,1.88,2.01,2.01,1.88,1.84,2.07,3.97,3.8,3.49,2.07,3.46,2.0,,,,,,,2.0,13.0,0.0,9.0,5.0,3.0,2.0,7.0,0.0,13.0,5.0,0.0,0.0,1.0
34,7,2025-03-29,Trabzonspor,Goztep,1,1,0,T1,T1,Trabzonspor,Goztep,1.0,3.64,3.5,3.47,2.09,3.58,2.12,-0.25,-0.5,1.96,1.84,3.47,1.78,2.07,1.9,1.89,3.41,1.98,1.86,3.36,2.14,3.47,2.07,1.98,1.88,3.3,1.75,2.05,1.85,1.95,3.25,1.95,1.9,3.4,2.15,3.4,2.05,3.4,3.7,3.3,2.0,3.4,2.0,1.88,3.75,1.87,2.1,1.95,2.04,3.75,2.07,1.91,3.4,2.24,3.65,2.1,2.05,,,,,,,2.01,1.89,3.7,1.83,2.12,1.95,2.0,3.7,2.02,1.92,3.47,2.22,3.58,2.12,2.0,1.88,1.83,2.07,1.92,1.96,2.0,1.91,3.7,3.51,3.36,2.22,3.51,2.06,,,,,,,1.0,17.0,0.0,6.0,3.0,2.0,7.0,7.0,0.0,12.0,2.0,1.0,1.0,1.0
34,8,2025-03-29,Besiktas,Galatasaray,2,1,1,T1,T1,Besiktas,Galatasaray,1.0,2.26,2.09,3.57,3.4,3.66,3.22,0.25,0.25,2.34,1.57,2.19,1.87,1.88,2.32,1.59,2.17,1.87,1.94,3.53,3.16,3.57,3.05,2.3,1.6,2.1,1.84,1.89,2.3,1.6,2.15,1.93,1.93,3.5,3.1,3.5,3.1,2.15,2.1,3.3,3.0,3.6,2.38,1.63,2.28,1.97,2.0,2.46,1.67,2.22,1.94,2.05,3.75,3.5,3.7,3.3,3.0,,,,,,,2.45,1.64,2.26,1.96,1.95,2.47,1.63,2.26,1.95,2.02,3.63,3.4,3.66,3.22,2.32,1.56,1.9,1.88,2.34,1.63,1.95,1.95,2.17,2.24,3.61,3.22,3.5,3.03,,,,,,,3.0,23.0,1.0,9.0,3.0,3.0,9.0,14.0,1.0,20.0,6.0,1.0,1.0,3.0
34,9,2025-03-31,Eyupspor,Buyuksehyr,1,3,2,T1,T1,Eyupspor,Buyuksehyr,1.0,2.62,2.73,3.23,2.66,3.42,2.85,0.0,0.0,1.73,2.06,2.55,1.85,1.99,1.69,2.14,2.62,1.86,2.0,3.11,2.81,3.24,2.75,1.7,2.1,2.55,1.88,1.98,1.67,2.15,2.6,1.85,2.0,3.2,2.75,3.2,2.63,2.5,2.63,3.0,2.7,3.25,,,2.72,,,1.78,2.28,2.74,1.89,2.08,3.25,3.0,1.2,1.06,2.7,,,,,,,1.78,2.16,2.62,1.88,2.04,1.73,2.25,2.73,1.9,2.02,3.23,2.88,3.42,2.85,1.73,2.13,1.85,2.01,1.72,2.21,1.88,2.02,2.6,2.69,3.18,2.88,3.22,2.83,,,,,,,3.0,18.0,0.0,12.0,7.0,1.0,4.0,5.0,0.0,11.0,4.0,1.0,1.0,1.0
34,10,2025-03-30,Dortmund,Mainz,3,1,1,D1,D1,Dortmund,Mainz,1.0,5.04,4.71,4.27,1.71,4.32,1.71,-0.75,-0.75,2.2,1.67,4.86,2.0,1.83,2.2,1.68,4.92,2.03,1.83,4.12,1.66,4.1,1.66,2.2,1.67,5.0,2.04,1.86,2.1,1.73,4.75,2.06,1.87,4.1,1.62,3.9,1.62,5.0,4.75,4.0,1.65,4.0,2.34,1.69,5.3,2.05,1.9,2.34,1.73,5.3,2.13,1.87,4.4,1.7,4.2,1.72,1.67,,,,,,,2.28,1.73,5.07,2.06,1.86,2.45,1.75,5.2,2.13,1.9,4.3,1.71,4.32,1.71,2.24,1.69,2.06,1.85,2.17,1.75,2.07,1.86,5.07,5.02,4.24,1.67,4.17,1.67,,,,,,,4.0,8.0,0.0,12.0,3.0,0.0,6.0,10.0,0.0,18.0,7.0,0.0,2.0,2.0
34,11,2025-03-30,Club Brugge,Anderlecht,2,0,1,B1,B1,Club Brugge,Anderlecht,1.0,5.94,6.99,4.23,1.54,4.34,1.54,-1.0,-1.0,2.07,1.73,6.02,1.91,1.89,2.1,1.72,6.42,1.99,1.85,4.09,1.52,4.03,1.54,2.08,1.73,6.25,1.87,1.87,2.08,1.73,7.0,2.03,1.83,4.1,1.5,3.9,1.52,5.5,6.0,4.0,1.44,4.0,2.12,1.79,6.6,1.94,1.93,2.2,1.81,7.0,2.05,1.92,4.4,1.57,4.3,1.56,1.55,,,,,,,2.12,1.8,6.59,1.95,1.94,2.2,1.9,7.15,2.07,1.93,4.3,1.6,4.34,1.59,2.12,1.74,1.95,1.9,2.15,1.76,2.07,1.85,6.59,7.15,4.18,1.52,3.94,1.54,,,,,,,2.0,15.0,0.0,4.0,0.0,2.0,7.0,13.0,0.0,19.0,9.0,0.0,1.0,0.0
34,12,2025-03-29,Monaco,Nice,2,1,1,F1,F1,Monaco,Nice,1.0,3.95,4.25,3.98,1.84,3.95,1.96,-0.5,-0.5,2.31,1.61,3.76,1.94,1.91,2.31,1.62,3.95,1.98,1.88,3.83,1.87,3.83,1.9,2.3,1.62,3.75,1.97,1.93,2.3,1.62,3.8,2.0,1.93,3.8,1.9,3.9,1.9,3.8,3.75,3.75,1.9,3.8,2.44,1.65,4.0,2.0,1.98,2.42,1.68,4.4,2.09,1.9,4.0,1.9,4.0,1.98,1.91,,,,,,,2.38,1.68,3.95,1.97,1.93,2.42,1.68,4.25,2.07,1.93,3.98,1.95,3.95,1.96,2.34,1.65,1.97,1.93,2.31,1.68,2.0,1.93,3.89,4.09,3.8,1.92,3.88,1.93,,,,,,,4.0,14.0,1.0,9.0,4.0,4.0,7.0,17.0,0.0,17.0,6.0,1.0,0.0,2.0
34,13,2025-03-30,PSV Eindhoven,Ajax,0,2,2,N1,N1,PSV Eindhoven,Ajax,1.0,4.32,5.37,4.61,1.59,4.3,1.7,-1.0,-0.75,2.53,1.47,4.35,1.95,1.85,2.85,1.41,5.4,2.01,1.84,4.53,1.54,4.25,1.68,2.5,1.5,4.5,2.01,1.89,2.88,1.4,5.5,2.05,1.85,4.5,1.53,4.0,1.67,4.6,4.6,4.1,1.57,4.2,2.62,1.53,4.8,2.04,1.87,3.15,1.45,6.2,2.13,1.85,5.0,1.56,4.5,1.71,1.62,,,,,,,2.61,1.5,4.6,2.01,1.89,3.04,1.44,5.79,2.08,1.9,4.7,1.63,4.45,1.7,2.61,1.49,1.97,1.88,2.94,1.43,2.08,1.82,4.25,5.79,4.69,1.53,4.37,1.69,,,,,,,2.0,8.0,0.0,11.0,3.0,2.0,5.0,10.0,0.0,17.0,4.0,1.0,0.0,1.0
34,14,2025-03-30,Barcelona,Girona,4,1,1,SP1,SP1,Barcelona,Girona,1.0,11.6,9.14,6.13,1.32,7.22,1.26,-1.75,-2.0,3.34,1.31,10.69,1.81,2.01,3.03,1.38,9.38,1.86,2.0,6.07,1.29,6.72,1.24,3.4,1.33,10.0,1.85,2.05,3.0,1.4,8.5,1.87,2.06,6.0,1.3,6.5,1.25,10.5,10.5,6.5,1.22,6.0,3.55,1.36,12.5,1.84,2.04,3.4,1.4,11.5,1.93,2.04,6.6,1.3,7.6,1.26,1.25,,,,,,,3.6,1.35,12.0,1.85,2.11,3.25,1.4,10.5,1.91,2.06,6.5,1.32,7.22,1.26,3.36,1.33,1.85,2.04,3.02,1.38,1.85,2.06,11.38,9.3,6.33,1.29,7.13,1.23,,,,,,,2.0,11.0,0.0,4.0,2.0,1.0,10.0,8.0,0.0,21.0,9.0,0.0,1.0,0.0
34,15,2025-03-30,Napoli,Milan,2,1,1,I1,I1,Napoli,Milan,1.0,3.96,3.92,3.61,2.01,3.71,2.03,-0.5,-0.5,1.85,1.98,3.82,1.88,1.97,1.93,1.9,4.0,1.91,1.96,3.52,1.95,3.57,1.96,1.88,2.02,3.75,1.9,2.0,1.95,1.95,3.9,1.95,1.98,3.5,1.91,3.7,1.91,4.1,3.9,3.4,1.95,3.6,1.92,2.04,4.1,1.94,2.04,2.04,1.95,4.2,2.0,1.99,3.7,1.99,3.7,2.04,1.91,,,,,,,1.9,2.05,4.1,1.92,2.0,2.01,1.97,4.17,1.98,2.0,3.61,2.01,3.71,2.03,1.87,2.03,1.91,1.99,1.93,1.97,1.93,1.99,3.91,4.17,3.51,1.98,3.64,1.98,,,,,,,6.0,5.0,0.0,17.0,4.0,2.0,2.0,10.0,0.0,8.0,3.0,0.0,2.0,2.0
35,1,2025-04-04,Ad. Demirspor,Kayserispor,0,2,2,T1,T1,Ad. Demirspor,Kayserispor,1.0,1.41,1.42,4.82,7.1,5.14,6.95,1.5,1.25,2.72,1.43,1.4,1.84,1.98,2.75,1.43,1.38,2.03,1.8,5.09,7.08,5.03,6.87,2.7,1.44,1.4,1.85,2.0,2.5,1.5,1.4,2.03,1.78,4.75,7.0,4.75,7.0,1.36,1.33,5.0,6.5,5.0,2.96,1.48,1.43,1.89,2.08,2.86,1.51,1.42,2.1,1.87,5.5,8.2,5.5,7.6,7.0,,,,,,,2.84,1.45,1.41,1.89,2.04,2.95,1.5,1.42,2.09,1.84,5.36,8.0,5.34,7.75,2.84,1.45,1.87,2.04,2.77,1.47,2.09,1.82,1.4,1.39,5.36,7.45,5.34,7.28,,,,,,,7.0,14.0,1.0,10.0,7.0,3.0,7.0,10.0,0.0,12.0,3.0,1.0,0.0,3.0
35,2,2025-04-05,Rizespor,Sivasspor,1,1,0,T1,T1,Rizespor,Sivasspor,1.0,3.95,3.63,3.93,1.91,3.79,1.89,-0.5,-0.5,2.02,1.78,3.85,1.93,1.91,2.1,1.72,3.65,1.9,1.94,3.75,1.92,3.7,1.88,2.05,1.75,3.75,1.95,1.9,2.1,1.7,3.6,1.93,1.93,3.9,1.9,3.8,1.85,3.9,3.75,3.6,1.8,3.7,2.06,1.81,4.1,2.0,1.92,2.22,1.81,4.1,1.98,1.99,3.85,1.99,3.75,1.92,1.85,,,,,,,2.05,1.84,4.2,2.02,2.0,2.21,1.74,3.9,1.95,2.0,3.93,2.0,3.9,1.95,2.04,1.84,1.94,1.94,2.17,1.74,1.94,1.96,3.88,3.83,3.82,1.95,3.77,1.93,,,,,,,2.0,6.0,0.0,13.0,3.0,0.0,9.0,12.0,0.0,9.0,4.0,0.0,0.0,0.0
35,3,2025-04-05,Buyuksehyr,Konyaspor,1,0,1,T1,T1,Buyuksehyr,Konyaspor,1.0,4.43,4.58,3.46,1.83,3.67,1.82,-0.5,-0.5,1.78,2.01,4.4,1.98,1.84,1.8,1.99,4.58,2.03,1.8,3.46,1.8,3.4,1.83,1.8,2.05,4.75,2.03,1.78,1.83,2.03,4.5,1.97,1.77,3.4,1.8,3.4,1.8,4.2,4.5,3.3,1.8,3.4,1.84,2.06,5.0,2.1,1.9,1.9,2.06,5.1,2.14,1.85,3.65,1.86,3.6,1.9,1.85,,,,,,,1.8,2.08,4.75,2.03,1.9,1.88,2.05,4.8,2.09,1.87,3.6,1.83,3.67,1.9,1.77,2.02,1.99,1.81,1.8,2.01,2.03,1.8,4.59,4.73,3.38,1.79,3.27,1.79,,,,,,,5.0,12.0,0.0,15.0,7.0,1.0,0.0,13.0,0.0,7.0,2.0,0.0,0.0,2.0
35,4,2025-04-05,Antalyaspor,Samsunspor,2,1,1,T1,T1,Antalyaspor,Samsunspor,1.0,2.63,2.62,3.13,2.84,3.28,2.76,0.0,0.0,1.67,2.17,2.63,1.88,1.96,1.68,2.16,2.68,1.92,1.93,3.15,2.7,3.18,2.71,1.67,2.15,2.63,1.88,1.98,1.67,2.15,2.7,1.93,1.93,3.1,2.7,3.1,2.75,2.7,2.6,3.0,2.6,3.2,1.67,2.3,2.8,1.93,1.95,1.72,2.34,2.88,1.98,2.0,3.2,2.9,3.2,2.78,2.7,,,,,,,1.72,2.26,2.8,1.91,2.01,1.74,2.29,2.85,1.97,1.97,3.2,2.84,3.3,2.8,1.67,2.26,1.88,1.99,1.71,2.22,1.97,1.93,2.66,2.8,3.2,2.75,3.17,2.8,,,,,,,1.0,9.0,0.0,12.0,4.0,1.0,3.0,18.0,0.0,12.0,6.0,0.0,1.0,2.0
35,5,2025-04-06,Alanyaspor,Bodrumspor,0,1,2,T1,T1,Alanyaspor,Bodrumspor,1.0,3.66,3.23,3.1,2.38,3.39,2.09,-0.25,-0.25,1.65,2.19,3.53,2.01,1.81,1.57,2.36,3.13,1.78,2.07,3.04,2.44,3.21,2.13,1.65,2.2,3.5,,,1.57,2.35,3.1,1.73,2.08,3.1,2.45,3.2,2.15,3.4,3.2,2.88,2.4,3.2,1.67,2.3,3.9,2.06,1.85,1.63,2.54,3.5,1.84,2.15,3.0,2.6,3.25,2.18,2.15,,,,,,,1.68,2.22,3.77,2.05,1.86,1.63,2.58,3.33,1.82,2.2,3.15,2.52,3.39,2.2,1.67,2.22,2.05,1.81,1.59,2.46,1.81,2.12,3.77,3.33,2.98,2.52,3.19,2.12,,,,,,,2.0,12.0,0.0,4.0,1.0,0.0,3.0,10.0,0.0,12.0,3.0,0.0,0.0,0.0
35,6,2025-04-06,Hatayspor,Eyupspor,0,1,2,T1,T1,Hatayspor,Eyupspor,1.0,2.14,1.8,3.86,4.23,3.67,3.27,0.75,0.25,2.0,1.77,2.13,1.82,1.94,2.51,1.5,1.78,2.0,1.85,4.04,3.99,3.52,3.16,2.05,1.75,2.15,1.88,1.98,2.5,1.5,1.8,2.03,1.83,3.8,4.0,3.3,3.2,2.15,1.73,4.0,4.0,3.4,2.1,1.79,2.18,,,2.7,1.56,1.85,2.07,1.91,4.3,4.2,3.75,3.3,3.2,,,,,,,2.06,1.8,2.21,1.92,2.0,2.63,1.53,1.83,2.06,1.91,4.28,4.23,3.67,3.27,1.98,1.75,1.83,1.95,2.63,1.51,2.06,1.85,2.08,1.83,4.23,3.96,3.58,3.15,,,,,,,5.0,12.0,0.0,21.0,4.0,5.0,2.0,12.0,0.0,10.0,4.0,1.0,0.0,3.0
35,7,2025-04-06,Fenerbahce,Trabzonspor,4,1,1,T1,T1,Fenerbahce,Trabzonspor,1.0,6.64,6.13,4.86,1.46,4.94,1.28,-1.25,-1.25,2.41,1.52,6.87,1.91,1.89,2.41,1.55,6.39,1.85,2.0,4.76,1.44,4.9,1.38,2.4,1.53,6.5,1.9,1.95,2.3,1.6,5.5,1.8,2.05,4.75,1.48,4.75,1.42,7.0,6.5,5.0,1.36,4.75,2.28,1.48,7.4,,,2.56,1.62,7.4,1.93,2.05,5.4,1.46,6.0,1.41,1.36,,,,,,,2.47,1.55,7.75,1.98,1.95,2.55,1.64,7.25,1.92,2.11,5.0,1.48,5.25,1.43,2.47,1.55,1.93,1.93,2.35,1.64,1.82,2.11,7.37,6.84,4.78,1.47,5.0,1.39,,,,,,,3.0,19.0,0.0,13.0,3.0,3.0,2.0,8.0,0.0,21.0,8.0,1.0,0.0,2.0
35,8,2025-04-07,Goztep,Gaziantep,1,1,0,T1,T1,Goztep,Gaziantep,1.0,4.94,5.83,4.38,1.53,3.99,1.68,-1.0,-0.75,1.97,1.8,4.55,1.9,1.89,2.13,1.7,5.88,1.95,1.89,4.19,1.52,3.89,1.69,2.0,1.85,4.75,1.93,1.93,2.1,1.7,6.0,1.98,1.88,4.33,1.5,3.8,1.7,5.0,6.0,4.2,1.44,3.8,,,3.5,,,2.24,1.79,6.4,1.99,1.97,4.4,1.6,3.75,1.8,1.67,,,,,,,2.04,1.85,5.0,1.95,1.95,2.25,1.78,6.23,2.01,1.92,4.38,1.58,4.13,1.75,1.96,1.8,1.88,1.89,2.15,1.75,2.0,1.91,4.1,6.23,4.25,1.56,3.99,1.7,,,,,,,2.0,8.0,0.0,13.0,2.0,4.0,6.0,17.0,0.0,20.0,9.0,0.0,0.0,1.0
35,9,2025-04-07,Kasimpasa,Besiktas,1,1,0,T1,T1,Kasimpasa,Besiktas,1.0,2.17,1.95,3.68,3.73,3.49,3.35,0.5,0.25,2.11,1.69,2.13,1.81,1.95,2.33,1.59,1.97,2.0,1.86,3.66,3.54,3.46,3.22,2.1,1.7,2.15,1.88,1.98,2.35,1.57,1.95,2.03,1.83,3.6,3.5,3.4,3.25,2.1,1.91,3.4,3.4,3.5,,,2.22,,,2.52,1.64,2.12,2.1,1.89,3.85,3.65,3.3,2.92,3.1,,,,,,,2.2,1.73,2.21,1.88,2.03,2.5,1.67,2.04,2.05,1.9,3.82,3.8,3.55,3.35,2.08,1.69,1.83,1.94,2.43,1.6,2.02,1.88,2.11,2.01,3.82,3.63,3.37,3.26,,,,,,,5.0,5.0,1.0,8.0,2.0,1.0,4.0,11.0,0.0,18.0,4.0,0.0,1.0,5.0
35,10,2025-04-05,Freiburg,Dortmund,1,4,2,D1,D1,Freiburg,Dortmund,1.0,2.35,2.12,3.61,3.55,3.59,3.22,0.25,0.25,2.05,1.77,2.27,1.92,1.87,2.17,1.69,2.12,1.81,2.02,3.6,3.35,3.53,3.07,2.0,1.8,2.2,2.0,1.9,2.1,1.73,2.1,1.89,2.04,3.5,3.3,3.5,3.1,2.3,2.0,3.4,3.25,3.5,2.14,1.83,2.36,2.04,1.94,2.24,1.77,2.22,1.92,2.07,3.8,3.45,3.7,3.2,3.1,,,,,,,2.13,1.84,2.35,2.03,1.9,2.26,1.74,2.2,1.89,2.08,3.75,3.55,3.61,3.22,2.11,1.79,2.01,1.9,2.21,1.72,1.88,2.06,2.31,2.15,3.68,3.42,3.61,3.1,,,,,,,4.0,6.0,0.0,18.0,7.0,0.0,3.0,8.0,0.0,12.0,3.0,1.0,0.0,1.0
35,11,2025-04-05,Lyon,Lille,2,1,1,F1,F1,Lyon,Lille,1.0,3.15,3.23,3.61,2.26,3.65,2.36,-0.25,-0.25,2.12,1.72,3.05,1.87,1.96,2.07,1.77,3.07,1.89,1.97,3.52,2.29,3.56,2.26,2.1,1.73,3.1,1.9,2.0,2.0,1.8,3.0,1.92,2.01,3.5,2.25,3.6,2.2,3.1,3.0,3.5,2.3,3.6,2.22,1.77,3.2,1.94,2.04,2.18,1.83,3.35,1.95,2.04,3.6,2.34,3.75,2.36,2.25,,,,,,,2.18,1.8,3.25,1.91,2.01,2.2,1.86,3.25,1.94,2.02,3.61,2.36,3.65,2.36,2.15,1.76,1.9,2.01,2.1,1.81,1.93,2.0,3.1,3.23,3.5,2.31,3.6,2.31,,,,,,,3.0,14.0,0.0,10.0,4.0,2.0,1.0,15.0,0.0,10.0,4.0,1.0,1.0,3.0
35,12,2025-04-06,Man United,Man City,0,0,0,E0,E0,Man United,Man City,1.0,2.15,2.14,3.71,3.46,3.71,3.44,0.25,0.25,2.23,1.66,2.13,1.8,2.0,2.27,1.65,2.11,1.79,2.03,3.67,3.39,3.61,3.33,2.2,1.67,2.1,1.85,2.05,2.2,1.67,2.05,1.85,2.08,3.6,3.4,3.6,3.4,2.1,2.1,3.6,3.4,3.6,2.28,1.74,2.2,1.9,2.06,2.4,1.71,2.16,1.89,2.11,3.8,3.55,3.75,3.5,3.4,,,,,,,2.31,1.72,2.2,1.87,2.05,2.43,1.68,2.19,1.87,2.1,3.81,3.64,3.75,3.45,2.26,1.69,1.87,2.04,2.32,1.67,1.84,2.1,2.15,2.11,3.75,3.48,3.66,3.39,,,,,,,3.0,9.0,0.0,9.0,5.0,2.0,5.0,13.0,0.0,13.0,2.0,0.0,0.0,3.0
35,13,2025-04-05,Barcelona,Betis,1,1,0,SP1,SP1,Barcelona,Betis,1.0,7.95,7.08,5.95,1.38,5.75,1.4,-1.5,-1.5,3.08,1.35,7.35,1.88,1.96,3.23,1.34,7.66,1.92,1.94,5.57,1.36,5.5,1.37,3.2,1.36,7.0,1.9,2.0,3.2,1.36,6.5,1.93,1.97,5.75,1.36,5.5,1.36,8.0,6.5,5.0,1.36,5.5,3.35,1.39,8.4,1.97,1.99,3.5,1.39,8.4,2.0,1.99,5.9,1.4,6.0,1.39,1.36,,,,,,,3.2,1.38,8.0,1.93,2.02,3.56,1.37,9.5,2.06,2.0,5.95,1.38,5.76,1.4,3.17,1.37,1.93,1.98,3.3,1.37,1.92,2.0,7.51,7.53,5.64,1.37,5.76,1.37,,,,,,,3.0,12.0,0.0,6.0,2.0,1.0,9.0,16.0,0.0,13.0,5.0,1.0,1.0,2.0
35,14,2025-04-05,Milan,Fiorentina,2,2,0,I1,I1,Milan,Fiorentina,1.0,4.18,5.1,3.78,1.75,3.77,1.96,-0.75,-0.5,2.08,1.75,4.01,1.94,1.9,1.94,1.88,4.64,1.84,2.02,3.65,1.79,3.65,1.91,2.1,1.73,4.2,1.98,1.92,1.95,1.95,4.75,1.88,2.05,3.7,1.75,3.5,1.9,4.1,4.5,3.5,1.75,3.6,2.16,1.81,4.3,2.01,1.97,2.0,1.97,5.0,1.89,2.1,3.8,1.85,3.7,1.97,1.91,,,,,,,2.17,1.81,4.2,1.99,1.92,2.02,1.97,5.1,1.92,2.09,3.78,1.85,3.77,1.96,2.1,1.78,1.98,1.92,1.96,1.94,1.89,2.04,4.08,4.9,3.73,1.79,3.75,1.91,,,,,,,4.0,12.0,0.0,15.0,8.0,3.0,7.0,12.0,0.0,19.0,6.0,2.0,1.0,4.0
35,15,2025-04-06,Roma,Juventus,1,1,0,I1,I1,Roma,Juventus,1.0,3.13,3.17,3.17,2.5,3.24,2.59,-0.25,0.0,1.67,2.2,3.01,2.13,1.76,1.63,2.27,3.13,1.79,2.09,3.09,2.47,3.13,2.51,1.67,2.2,3.0,2.11,1.79,1.62,2.3,3.1,1.81,2.13,3.1,2.45,3.1,2.5,3.0,2.88,3.1,2.3,3.1,1.72,2.34,3.2,2.21,1.81,1.66,2.48,3.3,1.83,2.17,3.15,2.58,3.2,2.64,2.55,,,,,,,1.73,2.29,3.13,2.2,1.81,1.67,2.42,3.28,1.83,2.13,3.19,2.55,3.25,2.59,1.68,2.28,2.16,1.78,1.64,2.38,1.82,2.13,3.09,3.28,3.09,2.51,3.15,2.55,,,,,,,4.0,15.0,0.0,11.0,7.0,1.0,4.0,11.0,0.0,11.0,4.0,1.0,0.0,1.0
37,1,2025-04-18,Galatasaray,Bodrumspor,2,0,1,T1,T1,Galatasaray,Bodrumspor,1.0,9.85,12.6,5.56,1.26,5.64,1.3,-1.75,-1.5,2.38,1.54,9.04,1.93,1.87,2.29,1.6,12.0,1.88,1.96,5.93,1.23,5.56,1.28,2.35,1.57,8.0,2.08,1.73,2.2,1.65,12.0,1.78,2.03,5.5,1.25,5.5,1.3,10.0,12.0,5.5,1.22,5.5,2.52,1.59,12.0,2.02,1.86,2.4,1.7,18.0,1.91,2.04,6.6,1.25,6.0,1.31,1.25,,,,,,,2.45,1.58,10.0,2.08,1.97,2.45,1.69,13.16,1.94,2.03,6.5,1.26,6.11,1.32,2.37,1.54,1.92,1.87,2.28,1.65,1.89,2.0,8.64,13.16,6.36,1.23,5.42,1.27,,,,,,,1.0,7.0,0.0,1.0,0.0,0.0,16.0,8.0,0.0,35.0,14.0,0.0,1.0,1.0
37,2,2025-04-18,Hatayspor,Konyaspor,2,3,2,T1,T1,Hatayspor,Konyaspor,1.0,1.82,1.74,4.06,4.33,3.87,4.18,0.75,0.5,2.04,1.74,1.81,1.83,2.01,2.5,1.51,1.72,1.93,1.92,4.09,4.15,3.75,3.98,2.05,1.75,1.8,1.83,2.03,2.4,1.53,1.7,1.95,1.9,3.9,4.0,3.6,3.9,1.8,1.62,4.2,4.6,3.75,2.08,1.8,1.84,1.8,2.09,2.66,1.59,1.8,2.0,1.96,4.3,4.5,3.9,3.95,4.2,,,,,,,2.18,1.78,1.86,1.87,2.05,2.6,1.55,1.8,2.01,2.0,4.3,4.6,3.9,4.2,2.01,1.75,1.8,2.0,2.55,1.55,2.01,1.9,1.79,1.78,4.2,4.23,3.77,3.91,,,,,,,3.0,13.0,0.0,14.0,5.0,1.0,2.0,8.0,0.0,15.0,6.0,1.0,2.0,1.0
37,3,2025-04-19,Kasimpasa,Sivasspor,3,1,1,T1,T1,Kasimpasa,Sivasspor,1.0,4.28,3.62,3.77,1.96,3.91,1.79,-0.5,-0.75,2.23,1.63,4.0,1.8,2.01,2.36,1.57,3.76,1.98,1.87,3.82,1.87,3.87,1.79,2.2,1.65,3.9,1.78,2.03,2.3,1.6,3.6,1.98,1.88,3.6,1.83,3.6,1.8,4.0,4.0,4.0,1.75,3.8,2.26,1.57,4.0,,,2.42,1.69,4.2,2.05,1.94,3.95,1.94,3.95,1.89,1.8,,,,,,,2.28,1.66,4.3,1.88,2.07,2.6,1.63,4.01,2.12,1.95,4.1,1.96,4.01,1.84,2.26,1.65,1.79,2.06,2.35,1.63,2.0,1.9,3.99,4.01,3.88,1.89,3.95,1.82,,,,,,,4.0,17.0,0.0,6.0,4.0,1.0,12.0,9.0,0.0,22.0,10.0,0.0,2.0,4.0
37,4,2025-04-19,Ad. Demirspor,Trabzonspor,0,1,2,T1,T1,Ad. Demirspor,Trabzonspor,1.0,1.22,1.22,7.83,9.9,6.95,12.0,2.0,2.0,3.13,1.33,1.19,1.91,1.89,3.32,1.31,1.2,1.97,1.87,7.08,11.02,7.01,11.88,3.1,1.36,1.2,1.93,1.93,3.5,1.3,1.2,2.0,1.85,7.0,8.5,7.0,9.5,1.2,1.17,7.0,12.0,6.5,3.2,1.32,1.21,,,3.55,1.38,1.24,2.01,1.95,8.0,14.0,6.8,8.2,13.0,,,,,,,3.3,1.36,1.22,1.95,1.95,3.58,1.33,1.22,2.01,1.91,7.83,12.62,7.82,13.52,3.13,1.35,1.9,1.93,3.29,1.33,1.98,1.89,1.18,1.2,7.18,12.62,7.3,13.52,,,,,,,4.0,12.0,0.0,9.0,3.0,0.0,2.0,9.0,0.0,6.0,1.0,1.0,0.0,1.0
37,5,2025-04-19,Goztep,Besiktas,1,1,0,T1,T1,Goztep,Besiktas,1.0,2.66,2.38,3.38,2.98,3.39,2.66,0.25,0.0,1.95,1.84,2.62,1.92,1.91,1.93,1.87,2.44,2.04,1.77,3.36,2.83,3.34,2.6,1.98,1.88,2.6,1.93,1.93,1.95,1.9,2.38,2.1,1.78,3.3,2.88,3.3,2.6,2.63,2.63,3.3,2.55,3.3,1.99,1.86,2.64,,,2.0,1.95,2.54,2.17,1.82,3.5,3.05,3.45,2.62,2.6,,,,,,,2.0,1.88,2.69,1.95,1.93,2.02,1.94,2.63,2.14,1.81,3.45,2.98,3.45,2.66,1.99,1.85,1.94,1.91,1.98,1.91,2.14,1.78,2.69,2.49,3.42,2.94,3.35,2.64,,,,,,,3.0,10.0,0.0,7.0,2.0,1.0,5.0,12.0,0.0,16.0,7.0,1.0,0.0,3.0
37,6,2025-04-20,Buyuksehyr,Gaziantep,2,1,1,T1,T1,Buyuksehyr,Gaziantep,1.0,4.79,4.54,4.09,1.7,4.03,1.69,-0.75,-0.75,2.06,1.73,4.55,1.92,1.89,2.27,1.62,4.86,2.04,1.81,4.09,1.63,3.9,1.69,2.08,1.73,4.33,1.93,1.93,2.25,1.62,4.5,2.05,1.8,3.9,1.6,3.7,1.63,4.75,5.0,4.0,1.53,3.9,,,1.09,,,2.4,1.7,5.5,2.14,1.85,4.4,1.68,1.09,1.04,1.67,,,,,,,2.1,1.77,4.8,1.95,1.93,2.36,1.67,5.88,2.11,1.85,4.2,1.7,4.03,1.72,2.1,1.75,1.93,1.93,2.3,1.67,2.07,1.84,4.6,5.14,4.15,1.66,3.93,1.72,,,,,,,1.0,21.0,1.0,16.0,5.0,6.0,5.0,13.0,1.0,9.0,4.0,1.0,2.0,1.0
37,7,2025-04-20,Rizespor,Eyupspor,1,0,1,T1,T1,Rizespor,Eyupspor,1.0,3.28,3.38,3.37,2.18,3.65,2.14,-0.25,-0.25,2.0,1.79,3.24,1.97,1.83,1.87,1.93,3.38,2.03,1.82,3.38,2.11,3.48,2.12,2.03,1.83,3.25,2.0,1.85,1.85,2.0,3.4,2.03,1.83,3.25,2.05,3.3,2.1,3.25,3.25,3.3,2.0,3.4,,,1.72,,,1.99,1.97,3.85,2.14,1.87,3.55,2.18,3.2,1.37,2.1,,,,,,,2.04,1.83,3.34,2.06,1.86,1.96,2.0,3.68,2.06,1.87,3.6,2.25,3.65,2.14,2.02,1.82,1.99,1.86,1.9,1.99,2.06,1.85,3.34,3.68,3.36,2.15,3.52,2.14,,,,,,,6.0,11.0,0.0,7.0,1.0,0.0,9.0,11.0,0.0,11.0,3.0,0.0,0.0,0.0
37,8,2025-04-20,Fenerbahce,Kayserispor,3,3,0,T1,T1,Fenerbahce,Kayserispor,1.0,14.3,18.0,8.64,1.14,7.65,1.18,-2.25,-2.0,2.91,1.37,13.74,1.94,1.88,3.29,1.31,17.05,1.89,1.95,8.19,1.13,7.56,1.16,2.88,1.4,11.0,1.98,1.88,3.5,1.3,17.0,1.88,1.98,8.5,1.13,7.5,1.18,15.0,15.0,7.5,1.1,7.5,,,6.0,,,3.5,1.38,22.0,1.93,2.04,9.4,1.17,6.0,1.18,1.14,,,,,,,3.06,1.4,15.79,2.0,1.98,3.5,1.35,22.33,1.92,2.01,9.0,1.16,8.69,1.19,2.99,1.38,1.97,1.86,3.33,1.35,1.91,1.98,15.79,22.24,8.81,1.14,8.17,1.15,,,,,,,0.0,11.0,0.0,4.0,3.0,2.0,12.0,10.0,0.0,27.0,7.0,1.0,1.0,1.0
37,9,2025-04-21,Alanyaspor,Samsunspor,1,0,1,T1,T1,Alanyaspor,Samsunspor,1.0,3.02,2.85,3.28,2.52,3.07,2.56,-0.25,0.0,1.59,2.29,3.0,2.08,1.76,1.73,2.09,2.94,1.77,2.11,3.15,2.44,2.94,2.53,1.62,2.25,2.8,2.1,1.78,1.73,2.08,2.8,1.78,2.1,3.1,2.3,3.1,2.38,2.9,2.8,2.9,2.4,3.0,,,1.04,,,1.81,2.2,3.2,1.85,2.15,3.3,2.54,1.03,1.04,2.45,,,,,,,1.62,2.35,3.13,2.11,1.78,1.79,2.19,3.13,1.82,2.15,3.28,2.52,3.1,2.64,1.61,2.35,2.11,1.77,1.77,2.14,1.81,2.12,3.13,3.13,3.22,2.48,2.84,2.64,,,,,,,1.0,9.0,0.0,14.0,3.0,4.0,5.0,11.0,0.0,6.0,2.0,0.0,1.0,5.0
37,10,2025-04-20,Dortmund,M'gladbach,3,2,1,D1,D1,Dortmund,M'gladbach,1.0,6.99,6.72,5.95,1.4,5.45,1.45,-1.5,-1.25,3.07,1.36,6.6,1.99,1.84,3.62,1.28,7.12,1.93,1.91,5.65,1.36,5.25,1.41,3.2,1.36,6.5,2.03,1.87,3.75,1.29,6.5,2.0,1.93,5.75,1.36,5.25,1.42,7.5,6.5,5.0,1.3,5.0,2.96,1.35,6.8,1.94,1.79,3.9,1.33,8.2,2.03,1.95,5.9,1.4,5.6,1.43,1.36,,,,,,,3.2,1.38,7.5,2.03,1.88,3.95,1.33,7.62,2.01,1.94,5.95,1.4,5.5,1.45,3.19,1.37,2.02,1.88,3.5,1.33,2.0,1.93,6.47,7.62,5.91,1.37,5.46,1.43,,,,,,,2.0,10.0,0.0,6.0,3.0,2.0,6.0,13.0,0.0,14.0,6.0,1.0,3.0,1.0
37,11,2025-04-19,Monaco,Strasbourg,0,0,0,F1,F1,Monaco,Strasbourg,1.0,5.3,5.89,4.85,1.53,4.79,1.62,-1.25,-1.0,2.77,1.42,5.02,1.94,1.9,2.83,1.43,5.85,1.84,2.02,4.72,1.5,4.65,1.56,2.75,1.44,4.75,1.97,1.93,2.75,1.44,6.0,1.9,2.03,4.75,1.48,4.75,1.57,5.5,5.0,4.2,1.5,4.6,2.88,1.47,5.6,1.88,1.81,2.98,1.5,6.2,1.88,2.1,4.9,1.56,5.0,1.59,1.53,,,,,,,2.88,1.46,5.5,1.98,1.93,3.0,1.45,6.4,1.9,2.07,4.88,1.55,4.79,1.62,2.81,1.46,1.98,1.93,2.88,1.45,1.9,2.03,5.19,6.16,4.88,1.51,4.79,1.57,,,,,,,2.0,10.0,0.0,5.0,2.0,3.0,3.0,18.0,0.0,12.0,4.0,0.0,0.0,3.0
37,12,2025-04-19,Barcelona,Celta,4,3,1,SP1,SP1,Barcelona,Celta,1.0,9.05,10.1,7.12,1.26,6.26,1.34,-2.0,-1.75,3.21,1.33,8.61,1.82,2.0,3.68,1.28,10.16,1.85,2.01,6.94,1.24,6.1,1.3,3.2,1.36,8.0,1.87,2.03,3.75,1.29,9.5,1.86,2.04,7.0,1.25,5.75,1.3,9.5,9.5,6.5,1.22,6.0,3.4,1.39,9.8,1.9,2.03,4.1,1.31,12.0,1.9,2.05,7.6,1.26,6.4,1.32,1.3,,,,,,,3.3,1.36,9.5,1.88,2.05,3.95,1.32,11.38,1.91,2.08,7.54,1.26,6.53,1.34,3.29,1.34,1.88,2.02,3.5,1.32,1.81,2.08,8.64,10.35,7.02,1.25,6.53,1.29,,,,,,,1.0,13.0,0.0,11.0,8.0,2.0,4.0,10.0,0.0,18.0,6.0,1.0,1.0,2.0
37,13,2025-04-20,Real Madrid,Ath Bilbao,1,0,1,SP1,SP1,Real Madrid,Ath Bilbao,1.0,5.4,7.71,4.63,1.46,4.08,1.71,-1.25,-0.75,2.13,1.71,5.04,1.99,1.84,2.14,1.72,7.51,1.92,1.93,4.58,1.43,3.94,1.67,2.1,1.73,5.25,2.03,1.87,2.1,1.73,7.5,1.95,1.95,4.5,1.42,3.9,1.65,5.5,6.0,4.0,1.44,3.8,2.18,1.81,5.5,2.02,1.86,2.22,1.8,8.4,1.96,2.01,4.8,1.47,3.85,1.71,1.67,,,,,,,2.21,1.78,5.5,2.05,1.87,2.28,1.78,8.01,1.98,1.96,4.75,1.46,4.08,1.71,2.16,1.75,2.05,1.86,2.15,1.76,1.95,1.96,5.32,8.01,4.67,1.44,3.98,1.68,,,,,,,1.0,15.0,0.0,3.0,1.0,2.0,14.0,7.0,0.0,22.0,7.0,0.0,0.0,1.0
37,14,2025-04-20,Bologna,Inter,1,0,1,I1,I1,Bologna,Inter,1.0,2.42,2.24,3.19,3.68,3.24,3.4,0.25,0.25,1.69,2.17,2.34,1.94,1.85,1.73,2.12,2.3,1.92,1.89,3.09,3.43,3.13,3.28,1.67,2.2,2.3,2.01,1.89,1.73,2.1,2.25,2.02,1.91,3.1,3.4,3.1,3.4,2.3,2.2,2.88,3.4,3.0,1.63,2.14,2.26,1.92,1.94,1.8,2.24,2.38,2.01,1.97,3.2,3.65,3.2,3.55,3.5,,,,,,,1.76,2.27,2.42,2.04,1.89,1.8,2.2,2.4,2.03,1.97,3.19,3.68,3.24,3.5,1.7,2.24,2.04,1.87,1.76,2.17,1.98,1.94,2.39,2.33,3.15,3.55,3.19,3.32,,,,,,,6.0,21.0,0.0,8.0,1.0,3.0,5.0,12.0,0.0,12.0,3.0,0.0,0.0,2.0
37,15,2025-04-20,Milan,Atalanta,0,1,2,I1,I1,Milan,Atalanta,1.0,2.79,2.77,3.68,2.51,3.56,2.66,0.0,0.0,2.2,1.67,2.7,1.99,1.88,2.37,1.59,2.64,1.96,1.93,3.53,2.58,3.47,2.53,2.2,1.67,2.75,2.01,1.89,2.38,1.57,2.6,1.98,1.95,3.6,2.55,3.4,2.5,2.7,2.55,3.3,2.55,3.5,2.12,1.64,2.82,2.02,1.95,2.52,1.65,2.74,2.0,1.99,3.7,2.72,3.55,2.72,2.55,,,,,,,2.34,1.75,2.79,2.02,1.93,2.51,1.67,2.77,1.99,1.97,3.68,2.67,3.6,2.66,2.25,1.7,2.02,1.89,2.46,1.6,1.97,1.95,2.75,2.67,3.65,2.64,3.55,2.58,,,,,,,5.0,7.0,0.0,11.0,2.0,1.0,7.0,8.0,0.0,12.0,1.0,0.0,0.0,0.0
38,1,2025-04-25,Besiktas,Hatayspor,5,1,1,T1,T1,Besiktas,Hatayspor,1.0,10.3,11.6,6.56,1.23,6.69,1.25,-2.0,-2.0,3.48,1.28,10.38,1.84,2.0,3.88,1.24,11.12,1.95,1.89,6.94,1.21,6.61,1.23,3.6,1.29,10.0,1.83,2.03,4.0,1.25,11.0,1.98,1.88,6.5,1.22,6.0,1.25,11.0,11.0,7.0,1.18,6.5,3.9,1.33,12.0,1.87,2.05,4.3,1.29,13.0,2.01,1.95,7.6,1.25,7.2,1.27,1.2,,,,,,,3.61,1.31,12.0,1.89,2.05,4.12,1.28,12.5,2.02,1.95,7.5,1.23,7.0,1.26,3.52,1.31,1.85,2.04,3.94,1.26,1.96,1.93,10.87,11.77,7.16,1.22,6.78,1.24,,,,,,,4.0,7.0,0.0,15.0,6.0,1.0,4.0,7.0,0.0,16.0,8.0,1.0,1.0,0.0
38,2,2025-04-26,Sivasspor,Antalyaspor,2,0,1,T1,T1,Sivasspor,Antalyaspor,1.0,3.45,3.91,3.55,1.94,3.61,2.09,-0.5,-0.25,1.92,1.87,3.38,2.02,1.8,1.97,1.83,3.7,1.85,2.01,3.49,1.98,3.47,2.09,1.95,1.9,3.4,2.05,1.8,2.0,1.85,3.7,1.85,2.0,3.5,1.95,3.4,2.1,3.4,3.75,3.3,2.0,3.4,1.94,1.94,3.8,2.1,1.81,2.04,1.92,4.1,1.89,2.06,3.5,2.06,3.45,2.1,2.05,,,,,,,1.98,1.9,3.54,2.07,1.85,2.05,1.95,4.01,1.91,2.05,3.6,2.02,3.61,2.17,1.98,1.89,2.07,1.83,2.05,1.84,1.89,2.02,3.54,4.01,3.49,2.01,3.53,2.11,,,,,,,4.0,12.0,0.0,9.0,2.0,3.0,6.0,13.0,0.0,12.0,4.0,0.0,0.0,4.0
38,3,2025-04-26,Gaziantep,Fenerbahce,1,3,2,T1,T1,Gaziantep,Fenerbahce,1.0,1.43,1.46,4.56,6.85,5.08,6.59,1.25,1.25,2.67,1.44,1.42,1.92,1.89,2.73,1.44,1.45,1.98,1.87,4.73,6.23,4.81,6.57,2.7,1.44,1.44,1.93,1.93,2.6,1.48,1.45,2.0,1.85,4.5,6.5,4.5,6.5,1.4,1.4,4.6,6.0,4.75,2.92,1.46,1.47,1.94,1.96,2.88,1.51,1.5,2.01,1.94,5.1,7.2,5.5,6.8,6.5,,,,,,,2.74,1.47,1.44,1.95,1.96,2.98,1.49,1.48,2.06,1.91,5.0,6.85,5.08,7.04,2.7,1.47,1.94,1.93,2.72,1.48,2.02,1.89,1.41,1.46,4.89,6.75,4.9,7.04,,,,,,,8.0,9.0,0.0,13.0,7.0,2.0,1.0,19.0,0.0,8.0,5.0,0.0,1.0,4.0
38,4,2025-04-26,Bodrumspor,Samsunspor,1,2,2,T1,T1,Bodrumspor,Samsunspor,1.0,3.15,3.02,3.03,2.56,3.15,2.43,-0.25,-0.25,1.54,2.43,3.1,1.77,2.05,1.51,2.5,3.13,1.75,2.12,2.94,2.48,3.08,2.4,1.5,2.5,3.2,1.7,2.1,1.5,2.5,3.1,1.7,2.1,3.0,2.45,3.0,2.38,3.0,3.0,2.9,2.3,3.2,1.56,2.58,3.45,1.88,2.08,1.56,2.72,3.45,1.82,2.2,3.0,2.64,3.1,2.48,2.4,,,,,,,1.57,2.53,3.2,1.81,2.1,1.54,2.63,3.43,1.9,2.2,3.05,2.58,3.2,2.43,1.54,2.53,1.81,2.07,1.53,2.61,1.78,2.16,3.2,3.33,2.9,2.58,3.09,2.42,,,,,,,6.0,20.0,0.0,6.0,4.0,5.0,9.0,10.0,0.0,23.0,7.0,2.0,1.0,2.0
38,5,2025-04-27,Trabzonspor,Alanyaspor,4,3,1,T1,T1,Trabzonspor,Alanyaspor,1.0,4.48,5.32,3.98,1.63,3.91,1.76,-0.75,-0.75,2.02,1.77,4.53,1.84,1.97,2.18,1.67,5.0,2.03,1.82,3.86,1.66,3.65,1.75,2.0,1.8,4.5,1.85,2.0,2.2,1.65,5.0,2.05,1.8,3.9,1.62,3.6,1.75,4.33,5.0,3.7,1.57,3.75,2.08,1.8,5.0,1.9,2.02,2.32,1.72,5.8,2.12,1.86,4.1,1.69,3.8,1.79,1.75,,,,,,,2.06,1.8,5.19,1.88,2.02,2.33,1.74,5.74,2.11,1.87,3.98,1.76,3.91,1.78,2.03,1.8,1.88,1.96,2.22,1.7,2.08,1.84,5.19,5.74,3.87,1.65,3.49,1.74,,,,,,,4.0,10.0,0.0,8.0,4.0,3.0,2.0,11.0,0.0,15.0,10.0,2.0,4.0,3.0
38,6,2025-04-27,Konyaspor,Ad. Demirspor,3,1,1,T1,T1,Konyaspor,Ad. Demirspor,1.0,14.1,10.1,7.68,1.22,7.36,1.19,-2.0,-2.0,2.95,1.36,12.88,1.92,1.9,3.03,1.36,12.2,1.92,1.92,7.36,1.18,7.4,1.17,3.1,1.36,10.0,1.98,1.88,3.1,1.36,9.5,1.9,1.95,7.5,1.2,8.0,1.18,14.0,13.0,7.0,1.12,7.0,2.68,1.34,16.0,1.86,1.78,3.25,1.42,17.5,1.94,1.98,8.2,1.21,7.8,1.19,1.17,,,,,,,3.1,1.4,14.1,1.98,2.02,3.15,1.39,15.0,1.96,1.97,8.0,1.22,8.37,1.19,2.98,1.37,1.93,1.89,3.09,1.37,1.92,1.95,13.85,14.42,7.67,1.18,7.5,1.16,,,,,,,0.0,7.0,0.0,6.0,3.0,3.0,11.0,12.0,0.0,26.0,8.0,1.0,0.0,3.0
38,7,2025-04-27,Kayserispor,Rizespor,1,0,1,T1,T1,Kayserispor,Rizespor,1.0,3.29,3.43,3.45,2.13,2.97,2.46,-0.25,-0.25,1.93,1.84,3.13,1.79,2.02,2.0,1.8,3.25,1.95,1.9,3.31,2.21,3.08,2.36,1.98,1.88,3.0,1.83,2.03,2.0,1.8,3.25,1.98,1.88,3.4,2.15,3.3,2.25,3.2,3.2,3.0,2.2,3.2,1.96,1.87,3.3,,,2.12,1.85,3.5,2.02,1.95,3.5,2.28,3.45,2.34,2.3,,,,,,,2.03,1.88,3.29,1.84,2.1,2.06,1.86,3.46,2.02,1.94,3.46,2.28,3.3,2.46,1.93,1.83,1.78,2.01,2.05,1.81,1.97,1.93,3.2,3.46,3.32,2.26,2.92,2.37,,,,,,,7.0,9.0,0.0,15.0,1.0,5.0,1.0,10.0,0.0,13.0,2.0,0.0,1.0,1.0
38,8,2025-04-27,Eyupspor,Galatasaray,1,5,2,T1,T1,Eyupspor,Galatasaray,1.0,1.52,1.49,4.26,6.87,4.43,6.09,1.25,1.0,2.33,1.57,1.49,1.8,2.01,2.43,1.54,1.43,1.96,1.89,4.57,6.7,4.36,5.96,2.3,1.6,1.5,1.85,2.0,2.35,1.57,1.48,1.98,1.88,4.2,6.5,4.1,6.5,1.47,1.36,4.4,6.0,4.33,2.34,1.63,1.53,,,2.6,1.61,1.45,2.01,1.95,5.4,7.8,4.6,6.0,6.0,,,,,,,2.4,1.61,1.52,1.85,2.09,2.55,1.57,1.49,2.01,1.92,4.85,7.5,4.52,6.5,2.31,1.56,1.78,2.0,2.49,1.57,2.01,1.9,1.46,1.41,4.85,7.33,4.36,5.74,,,,,,,5.0,14.0,0.0,17.0,8.0,2.0,3.0,12.0,0.0,8.0,3.0,1.0,0.0,2.0
38,9,2025-04-28,Goztep,Buyuksehyr,4,1,1,T1,T1,Goztep,Buyuksehyr,1.0,3.31,3.03,3.36,2.36,3.38,2.23,-0.25,-0.25,1.74,2.05,3.29,1.91,1.9,1.77,2.04,3.13,1.88,1.96,3.28,2.28,3.26,2.19,1.73,2.08,3.2,1.93,1.93,1.75,2.05,3.1,1.82,1.92,3.3,2.25,3.3,2.2,3.3,3.0,3.1,2.2,3.25,,,3.4,,,1.86,2.14,3.4,1.93,2.05,3.35,2.4,1.63,1.04,2.15,,,,,,,1.77,2.12,3.35,1.95,1.95,1.82,2.19,3.3,1.93,2.01,3.38,2.38,3.38,2.27,1.74,2.12,1.91,1.94,1.82,2.08,1.89,2.01,3.34,3.23,3.38,2.34,3.22,2.27,,,,,,,4.0,10.0,0.0,12.0,8.0,2.0,7.0,23.0,0.0,29.0,12.0,0.0,2.0,2.0
38,10,2025-04-26,Ein Frankfurt,RB Leipzig,4,0,1,D1,D1,Ein Frankfurt,RB Leipzig,1.0,3.15,3.45,4.05,2.03,4.1,2.2,-0.5,-0.25,2.59,1.48,3.03,1.94,1.88,2.76,1.45,3.35,1.84,2.02,3.94,2.02,3.84,2.16,2.63,1.5,3.0,1.98,1.92,2.75,1.44,3.4,1.86,2.04,4.0,2.0,3.8,2.15,3.0,3.3,3.75,1.95,3.9,2.84,1.53,3.25,2.02,1.96,2.92,1.5,3.6,1.92,2.06,4.1,2.08,4.0,2.24,2.15,,,,,,,2.65,1.51,3.15,2.0,1.92,2.95,1.49,3.48,1.88,2.07,4.05,2.07,4.1,2.23,2.64,1.51,2.0,1.91,2.76,1.49,1.88,2.07,3.15,3.48,3.91,2.06,3.92,2.17,,,,,,,4.0,13.0,1.0,7.0,3.0,2.0,8.0,10.0,0.0,9.0,6.0,0.0,1.0,1.0
38,11,2025-04-27,Lens,Auxerre,0,4,2,F1,F1,Lens,Auxerre,1.0,5.66,5.9,4.31,1.59,4.46,1.63,-1.0,-1.0,2.22,1.66,5.3,1.85,1.98,2.35,1.59,5.59,1.93,1.92,4.33,1.56,4.2,1.59,2.2,1.67,5.5,1.9,2.0,2.38,1.57,5.75,1.95,1.95,4.2,1.55,4.0,1.6,5.5,5.5,4.2,1.5,4.33,2.3,1.72,5.9,1.87,1.89,2.48,1.65,6.2,1.98,1.99,4.5,1.61,4.4,1.61,1.57,,,,,,,2.3,1.72,5.66,1.91,2.05,2.45,1.65,5.9,1.96,1.96,4.5,1.59,4.46,1.63,2.27,1.68,1.91,2.0,2.45,1.6,1.96,1.96,5.4,5.62,4.48,1.58,4.31,1.61,,,,,,,1.0,13.0,0.0,12.0,8.0,4.0,8.0,12.0,1.0,16.0,5.0,3.0,0.0,4.0
38,12,2025-04-27,Bournemouth,Man United,1,1,0,E0,E0,Bournemouth,Man United,1.0,4.89,3.58,3.9,2.02,4.23,1.71,-0.5,-0.75,2.2,1.68,4.77,1.98,1.85,2.17,1.71,3.69,1.91,1.94,3.83,1.95,4.13,1.67,2.2,1.67,4.5,2.02,1.88,2.1,1.73,3.7,1.92,1.98,3.8,1.91,4.0,1.67,4.75,3.9,3.7,1.87,4.1,2.3,1.74,5.0,2.06,1.92,2.34,1.73,3.9,2.02,1.98,4.0,1.99,4.3,1.72,1.7,,,,,,,2.25,1.74,4.95,2.03,1.88,2.28,1.82,4.0,2.0,2.0,4.1,2.02,4.25,1.71,2.2,1.71,2.03,1.88,2.19,1.74,1.93,1.99,4.86,3.72,3.93,1.98,4.21,1.68,,,,,,,10.0,12.0,0.0,25.0,6.0,2.0,5.0,11.0,1.0,8.0,1.0,0.0,1.0,4.0
38,13,2025-04-27,Liverpool,Tottenham,5,1,1,E0,E0,Liverpool,Tottenham,1.0,10.7,13.4,7.1,1.23,6.78,1.27,-2.0,-1.75,3.38,1.31,9.98,2.0,1.83,3.55,1.3,12.79,1.99,1.87,7.4,1.2,6.57,1.25,3.4,1.33,11.0,2.03,1.87,3.5,1.3,13.0,2.04,1.86,7.0,1.2,6.0,1.25,11.0,11.0,7.0,1.18,6.5,3.65,1.36,11.5,2.08,1.87,3.95,1.33,14.0,2.06,1.92,8.0,1.24,7.2,1.27,1.22,,,,,,,3.55,1.33,11.0,2.04,1.87,4.1,1.32,15.0,2.04,2.0,8.0,1.26,6.89,1.27,3.43,1.32,2.02,1.87,3.48,1.32,2.04,1.87,9.07,13.75,7.95,1.2,6.89,1.27,,,,,,,2.0,9.0,0.0,8.0,3.0,1.0,8.0,16.0,0.0,25.0,8.0,1.0,3.0,2.0
38,14,2025-04-28,Verona,Cagliari,0,2,2,I1,I1,Verona,Cagliari,1.0,3.3,3.69,2.87,2.43,2.96,2.67,-0.25,-0.25,1.51,2.52,3.24,1.72,2.14,1.55,2.46,3.68,1.84,2.02,2.72,2.4,2.79,2.6,1.5,2.63,3.5,1.8,2.1,1.53,2.5,3.6,1.87,2.03,2.8,2.38,2.75,2.5,3.1,3.7,2.63,2.25,2.9,1.48,2.5,3.6,1.8,2.22,1.61,2.62,3.9,1.9,2.08,2.86,2.52,2.82,2.7,2.6,,,,,,,1.57,2.64,3.5,1.8,2.23,1.62,2.58,3.91,1.97,2.1,2.87,2.48,2.96,2.7,1.53,2.61,1.72,2.23,1.54,2.58,1.87,2.05,3.33,3.83,2.71,2.48,2.76,2.7,,,,,,,3.0,9.0,0.0,6.0,4.0,1.0,2.0,14.0,1.0,6.0,2.0,1.0,0.0,2.0
38,15,2025-04-27,Inter,Roma,0,1,2,I1,I1,Inter,Roma,1.0,4.9,5.1,3.78,1.75,3.94,1.79,-0.75,-0.75,1.85,1.97,4.65,1.85,1.98,2.07,1.77,4.64,1.86,2.0,3.67,1.78,3.73,1.76,1.88,2.02,4.75,1.89,2.01,2.1,1.73,4.75,1.9,2.0,3.7,1.75,3.8,1.73,4.75,4.75,3.4,1.67,3.7,1.87,2.08,5.1,1.91,2.06,2.22,1.8,5.1,1.92,2.06,3.85,1.83,3.85,1.82,1.75,,,,,,,1.91,2.03,4.9,1.91,2.03,2.15,1.82,5.1,1.93,2.06,3.8,1.85,3.94,1.8,1.88,2.01,1.88,2.03,2.15,1.76,1.93,2.0,4.76,5.0,3.74,1.77,3.78,1.78,,,,,,,3.0,9.0,0.0,19.0,7.0,2.0,4.0,11.0,0.0,17.0,2.0,1.0,0.0,1.0
39,1,2025-05-02,Antalyaspor,Konyaspor,1,0,1,T1,T1,Antalyaspor,Konyaspor,1.0,2.88,2.63,3.25,2.74,3.25,2.55,0.0,0.0,1.76,2.05,2.86,2.05,1.8,1.75,2.06,2.75,1.99,1.87,3.18,2.61,3.19,2.5,1.75,2.05,2.88,2.03,1.78,1.75,2.05,2.7,1.95,1.85,3.2,2.6,3.2,2.45,2.8,2.8,3.0,2.6,3.25,1.85,2.12,3.0,2.1,1.87,1.86,2.12,2.98,2.07,1.92,3.25,2.76,3.3,2.68,2.4,,,,,,,1.81,2.09,2.99,2.12,1.82,1.8,2.19,2.96,2.1,1.92,3.25,2.74,3.25,2.59,1.79,2.08,2.1,1.82,1.78,2.09,2.01,1.9,2.99,2.85,3.2,2.7,3.2,2.59,,,,,,,6.0,18.0,1.0,15.0,7.0,3.0,4.0,19.0,0.0,8.0,3.0,0.0,0.0,5.0
39,2,2025-05-03,Alanyaspor,Kayserispor,1,1,0,T1,T1,Alanyaspor,Kayserispor,1.0,3.45,3.33,3.35,2.21,3.67,2.07,-0.25,-0.25,1.98,1.81,3.41,2.01,1.81,1.86,1.94,3.19,1.9,1.94,3.3,2.24,3.45,2.07,2.0,1.8,3.4,2.03,1.83,1.88,1.98,3.1,1.9,1.95,3.25,2.2,3.4,2.0,3.3,3.1,3.1,2.15,3.6,2.08,1.81,3.65,2.1,1.87,1.95,2.02,3.45,1.98,2.01,3.4,2.34,3.65,2.16,2.0,,,,,,,2.04,1.85,3.56,2.04,1.85,1.9,2.04,3.37,1.94,1.98,3.45,2.31,3.67,2.13,2.03,1.82,2.04,1.84,1.9,1.99,1.93,1.98,3.56,3.37,3.29,2.31,3.36,2.12,,,,,,,6.0,21.0,0.0,7.0,3.0,3.0,4.0,5.0,0.0,16.0,1.0,0.0,1.0,1.0
39,3,2025-05-03,Rizespor,Gaziantep,2,0,1,T1,T1,Rizespor,Gaziantep,1.0,3.63,4.41,4.07,1.73,3.77,1.98,-0.75,-0.5,2.1,1.7,3.55,1.9,1.91,2.35,1.58,4.47,2.0,1.85,4.12,1.68,3.85,1.9,2.1,1.7,3.75,1.93,1.93,2.4,1.53,4.75,2.05,1.8,4.1,1.62,3.6,1.85,3.8,4.4,3.9,1.62,3.8,2.22,1.73,4.0,2.02,1.96,2.5,1.66,5.0,2.03,1.93,4.3,1.75,4.1,1.96,1.85,,,,,,,2.19,1.74,3.8,1.95,1.97,2.45,1.65,4.78,2.08,1.94,4.37,1.74,4.13,1.98,2.07,1.69,1.89,1.89,2.45,1.58,2.06,1.85,3.38,4.78,4.37,1.67,3.96,1.88,,,,,,,6.0,10.0,0.0,14.0,3.0,0.0,12.0,10.0,0.0,20.0,10.0,0.0,0.0,3.0
39,4,2025-05-03,Galatasaray,Sivasspor,4,1,1,T1,T1,Galatasaray,Sivasspor,1.0,13.3,13.6,9.54,1.14,7.75,1.19,-2.5,-2.0,3.34,1.29,12.39,1.98,1.82,4.04,1.22,16.46,1.88,1.95,9.18,1.12,7.48,1.17,3.5,1.3,11.0,2.03,1.83,4.2,1.22,13.0,1.85,2.0,9.5,1.14,7.5,1.2,14.0,17.0,10.5,1.1,7.5,3.75,1.3,16.0,2.01,1.81,4.5,1.27,22.0,1.95,2.0,12.5,1.14,8.4,1.2,1.15,,,,,,,3.5,1.33,15.0,2.07,1.85,4.35,1.28,19.42,1.94,2.0,10.5,1.14,8.37,1.2,3.31,1.29,1.97,1.81,4.31,1.22,1.9,1.99,10.95,18.26,9.61,1.14,7.21,1.16,,,,,,,0.0,11.0,0.0,3.0,1.0,2.0,3.0,7.0,0.0,26.0,10.0,1.0,4.0,1.0
39,5,2025-05-03,Hatayspor,Buyuksehyr,2,4,2,T1,T1,Hatayspor,Buyuksehyr,1.0,1.5,1.51,4.58,5.83,4.64,6.04,1.25,1.25,2.48,1.5,1.48,2.03,1.78,2.88,1.4,1.49,2.02,1.83,4.69,5.58,4.5,5.84,2.4,1.53,1.45,2.05,1.8,2.88,1.4,1.5,2.05,1.8,4.75,5.25,4.0,5.75,1.44,1.47,4.6,5.5,4.75,2.34,1.46,1.49,1.81,1.67,3.05,1.48,1.56,2.08,1.87,5.0,6.0,5.2,6.0,6.0,,,,,,,2.55,1.53,1.52,2.07,1.81,3.06,1.45,1.52,2.06,1.87,4.87,6.1,4.75,6.1,2.55,1.52,2.07,1.81,3.02,1.41,2.06,1.85,1.5,1.52,4.87,5.67,4.6,5.86,,,,,,,7.0,13.0,0.0,18.0,5.0,1.0,4.0,14.0,0.0,8.0,4.0,2.0,1.0,4.0
39,6,2025-05-04,Samsunspor,Eyupspor,3,0,1,T1,T1,Samsunspor,Eyupspor,1.0,3.65,3.42,3.39,2.15,3.09,2.23,-0.25,-0.25,1.68,2.15,3.47,1.91,1.87,1.88,1.93,3.34,2.0,1.86,3.32,2.16,3.09,2.2,1.67,2.15,3.3,1.83,1.78,1.93,1.93,3.2,2.0,1.85,3.3,2.15,3.1,2.15,3.4,3.25,3.0,2.1,3.2,1.71,2.2,3.7,,,1.98,2.0,3.6,2.05,1.94,3.55,2.26,3.2,2.22,2.15,,,,,,,1.79,2.22,3.73,1.97,1.95,1.95,2.04,3.55,2.05,1.9,3.4,2.21,3.4,2.27,1.66,2.22,1.95,1.9,1.95,1.93,2.02,1.89,3.73,3.55,3.38,2.19,2.96,2.25,,,,,,,3.0,10.0,0.0,9.0,0.0,4.0,5.0,11.0,0.0,18.0,4.0,0.0,1.0,1.0
39,7,2025-05-04,Ad. Demirspor,Goztep,1,2,2,T1,T1,Ad. Demirspor,Goztep,1.0,1.23,1.25,6.55,9.98,6.8,11.3,2.0,2.0,2.55,1.46,1.21,2.06,1.74,3.07,1.35,1.22,2.01,1.84,6.68,10.58,6.41,11.09,2.5,1.47,1.17,2.05,1.75,3.4,1.33,1.22,2.03,1.83,6.0,9.5,6.0,11.0,1.2,1.2,6.0,10.0,6.5,2.3,1.41,1.22,,,3.45,1.39,1.27,2.07,1.86,7.4,11.5,6.4,7.8,13.0,,,,,,,2.67,1.5,1.23,2.1,1.8,3.4,1.39,1.25,2.08,1.94,7.5,12.5,6.97,13.27,2.47,1.47,2.03,1.72,3.08,1.36,2.02,1.83,1.22,1.23,6.88,9.38,6.32,8.78,,,,,,,4.0,26.0,0.0,15.0,6.0,3.0,3.0,8.0,0.0,12.0,3.0,2.0,1.0,3.0
39,8,2025-05-04,Fenerbahce,Besiktas,0,1,2,T1,T1,Fenerbahce,Besiktas,1.0,5.54,5.97,4.99,1.46,4.59,1.54,-1.25,-1.0,2.41,1.52,5.42,1.96,1.85,2.65,1.46,5.75,1.82,2.03,4.73,1.48,4.45,1.52,2.4,1.5,5.25,1.92,1.82,2.7,1.44,5.75,1.83,2.03,5.0,1.48,4.2,1.5,5.5,5.5,4.4,1.4,4.4,2.56,1.56,5.7,,,2.82,1.53,6.8,1.88,2.11,5.0,1.52,5.1,1.55,1.5,,,,,,,2.55,1.57,5.65,2.0,1.9,2.85,1.5,6.14,1.87,2.09,5.0,1.52,4.59,1.54,2.41,1.57,1.98,1.87,2.67,1.5,1.87,2.04,5.44,6.14,4.95,1.49,4.58,1.53,,,,,,,5.0,20.0,0.0,8.0,4.0,4.0,8.0,13.0,0.0,17.0,7.0,1.0,0.0,3.0
39,9,2025-05-05,Kasimpasa,Trabzonspor,1,1,0,T1,T1,Kasimpasa,Trabzonspor,1.0,2.49,2.96,3.96,2.17,3.79,2.62,-0.25,0.0,2.38,1.53,2.43,1.85,1.97,2.95,1.38,2.82,1.88,1.96,3.89,2.23,3.66,2.6,2.35,1.54,2.38,1.83,1.98,2.88,1.4,2.8,1.85,1.95,3.9,2.2,3.5,2.55,2.4,2.8,3.8,2.2,3.7,,,2.52,,,3.2,1.43,3.0,1.92,2.06,4.0,2.36,1.03,2.66,2.55,,,,,,,2.45,1.57,2.49,1.86,2.0,3.06,1.42,2.96,1.94,2.05,3.96,2.32,3.79,2.66,2.42,1.57,1.85,2.0,2.96,1.42,1.92,1.99,2.47,2.92,3.95,2.28,3.72,2.66,,,,,,,1.0,14.0,0.0,9.0,2.0,2.0,12.0,19.0,0.0,14.0,6.0,0.0,1.0,5.0
39,10,2025-05-03,RB Leipzig,Bayern Munich,3,3,0,D1,D1,RB Leipzig,Bayern Munich,1.0,1.69,1.78,4.45,4.11,4.73,4.73,0.75,1.0,3.17,1.34,1.64,2.01,1.81,3.48,1.3,1.71,1.87,1.98,4.52,4.12,4.57,4.49,3.2,1.33,1.62,2.07,1.83,3.75,1.29,1.7,1.88,2.02,4.5,4.2,4.33,4.5,1.62,1.67,4.5,4.1,4.5,3.4,1.38,1.7,2.08,1.87,3.8,1.34,1.76,1.93,2.05,4.8,4.4,4.8,4.8,4.6,,,,,,,3.4,1.37,1.69,2.11,1.85,3.75,1.34,1.78,1.92,2.04,4.77,4.2,4.75,4.75,3.2,1.37,2.06,1.85,3.38,1.34,1.88,2.04,1.66,1.72,4.77,4.19,4.73,4.46,,,,,,,7.0,6.0,0.0,20.0,6.0,1.0,2.0,9.0,0.0,8.0,6.0,0.0,2.0,3.0
39,11,2025-05-04,Lille,Marseille,1,1,0,F1,F1,Lille,Marseille,1.0,3.17,3.08,3.38,2.44,3.48,2.42,-0.25,-0.25,1.95,1.87,3.06,1.84,1.99,2.0,1.83,3.0,1.81,2.04,3.36,2.38,3.37,2.32,2.0,1.9,3.1,1.86,2.04,2.02,1.88,3.0,1.83,2.07,3.3,2.38,3.25,2.35,3.1,3.0,3.25,2.3,3.3,1.99,1.92,3.1,1.91,2.07,2.08,1.9,3.15,1.86,2.14,3.45,2.48,3.55,2.4,2.3,,,,,,,2.02,1.93,3.17,1.89,2.05,2.1,1.89,3.1,1.84,2.1,3.45,2.47,3.48,2.42,2.01,1.88,1.86,2.05,2.02,1.89,1.84,2.1,3.13,3.1,3.4,2.44,3.43,2.37,,,,,,,5.0,8.0,0.0,13.0,6.0,2.0,2.0,9.0,0.0,5.0,1.0,0.0,0.0,2.0
39,12,2025-05-04,West Ham,Tottenham,1,1,0,E0,E0,West Ham,Tottenham,1.0,3.4,3.92,3.98,1.9,3.85,2.12,-0.5,-0.25,2.4,1.56,3.31,2.02,1.8,2.4,1.58,3.97,1.99,1.85,3.93,1.86,3.73,2.1,2.38,1.57,3.25,2.05,1.75,2.38,1.57,4.0,2.06,1.84,3.9,1.83,3.7,2.1,3.25,3.9,3.75,1.85,3.75,2.52,1.62,3.5,2.12,1.86,2.54,1.64,4.2,2.08,1.91,4.1,1.91,3.85,2.14,2.1,,,,,,,2.5,1.62,3.5,2.09,1.83,2.5,1.61,4.22,2.07,1.89,4.0,1.91,3.85,2.15,2.4,1.62,2.09,1.81,2.44,1.61,2.07,1.86,3.5,4.22,3.95,1.85,3.73,2.08,,,,,,,3.0,15.0,0.0,7.0,2.0,2.0,1.0,18.0,0.0,11.0,2.0,1.0,1.0,2.0
39,13,2025-05-04,Chelsea,Liverpool,3,1,1,E0,E0,Chelsea,Liverpool,1.0,3.24,2.77,3.73,2.49,3.77,2.21,-0.25,-0.25,2.45,1.54,3.14,1.96,1.88,2.61,1.5,2.86,1.84,2.03,3.71,2.35,3.71,2.18,2.5,1.53,3.1,2.02,1.88,2.63,1.5,2.8,1.87,2.03,3.6,2.3,3.7,2.15,3.2,2.8,3.6,2.25,3.75,2.58,1.6,3.3,2.02,1.95,2.84,1.53,3.0,1.91,2.09,3.9,2.4,3.9,2.24,2.15,,,,,,,2.53,1.56,3.24,2.04,1.92,2.71,1.53,2.98,1.88,2.11,3.85,2.49,3.8,2.21,2.51,1.56,1.99,1.92,2.71,1.5,1.88,2.05,3.21,2.95,3.84,2.34,3.78,2.19,,,,,,,6.0,11.0,0.0,11.0,2.0,2.0,3.0,10.0,0.0,17.0,7.0,0.0,1.0,2.0
39,14,2025-05-04,Real Madrid,Celta,3,2,1,SP1,SP1,Real Madrid,Celta,1.0,7.42,7.5,5.86,1.38,5.67,1.42,-1.5,-1.5,3.16,1.34,7.26,1.88,1.96,3.24,1.34,7.25,1.86,1.99,5.66,1.36,5.64,1.36,3.2,1.36,7.0,1.92,1.98,3.2,1.36,7.0,1.87,2.03,5.75,1.36,5.75,1.33,7.5,7.0,5.0,1.3,5.5,3.4,1.39,8.2,1.94,1.99,3.55,1.37,8.4,1.92,2.06,5.9,1.4,6.2,1.39,1.33,,,,,,,3.31,1.36,7.6,1.96,2.04,3.4,1.38,8.49,1.9,2.07,6.0,1.39,6.0,1.42,3.31,1.35,1.92,1.98,3.28,1.36,1.87,2.06,7.34,8.2,5.75,1.35,5.85,1.37,,,,,,,6.0,11.0,0.0,14.0,7.0,1.0,4.0,5.0,0.0,17.0,6.0,0.0,2.0,2.0
39,15,2025-05-04,Roma,Fiorentina,1,0,1,I1,I1,Roma,Fiorentina,1.0,5.51,5.13,3.59,1.8,4.02,1.71,-0.75,-0.75,1.84,1.98,5.32,2.0,1.83,1.82,2.02,4.94,1.87,1.99,3.59,1.76,3.85,1.65,1.87,2.03,5.5,2.06,1.84,1.85,2.05,5.0,1.89,2.01,3.5,1.75,3.7,1.65,5.5,4.75,3.4,1.7,3.9,1.89,2.1,6.0,2.12,1.85,1.91,2.08,5.5,1.95,2.03,3.8,1.79,4.0,1.67,1.62,,,,,,,1.89,2.06,5.6,2.06,1.87,1.89,2.13,5.13,1.91,2.04,3.7,1.8,4.02,1.71,1.86,2.03,2.04,1.87,1.86,2.05,1.91,2.01,5.58,5.11,3.69,1.76,3.9,1.66,,,,,,,4.0,8.0,1.0,13.0,5.0,2.0,7.0,9.0,0.0,12.0,4.0,0.0,1.0,2.0
40,1,2025-05-09,Buyuksehyr,Fenerbahce,1,4,2,T1,T1,Buyuksehyr,Fenerbahce,1.0,1.82,1.68,4.22,4.53,3.93,4.13,0.75,0.75,2.3,1.6,1.81,2.01,1.81,2.42,1.54,1.7,1.89,1.95,4.06,4.36,3.86,4.02,2.3,1.57,1.8,2.03,1.78,2.4,1.53,1.7,1.9,1.9,4.1,4.2,3.9,3.8,1.8,1.65,3.8,4.33,3.8,2.16,1.73,1.86,,,2.6,1.61,1.76,1.95,2.01,4.2,5.0,3.85,4.1,4.0,,,,,,,2.4,1.65,1.86,2.08,1.86,2.56,1.58,1.8,1.92,2.02,4.22,4.59,4.0,4.32,2.35,1.64,2.05,1.86,2.51,1.57,1.92,1.99,1.82,1.72,4.19,4.59,3.93,4.32,,,,,,,5.0,16.0,0.0,19.0,9.0,4.0,5.0,9.0,0.0,14.0,6.0,1.0,0.0,1.0
40,2,2025-05-09,Gaziantep,Alanyaspor,0,1,2,T1,T1,Gaziantep,Alanyaspor,1.0,2.86,2.46,3.47,2.79,3.53,2.42,0.0,-0.25,2.12,1.71,2.8,1.76,2.07,2.12,1.71,2.52,1.86,1.99,3.42,2.67,3.47,2.4,2.1,1.7,2.75,1.73,2.08,2.1,1.7,2.5,1.83,1.98,3.4,2.63,3.4,2.4,2.75,2.5,3.2,2.6,3.4,2.18,1.71,2.76,,,2.26,1.78,2.74,1.95,2.02,3.5,2.82,3.6,2.5,2.4,,,,,,,2.17,1.75,2.93,1.81,2.13,2.19,1.78,2.75,1.93,2.05,3.6,2.81,3.6,2.46,2.16,1.75,1.8,2.13,2.17,1.75,1.87,2.04,2.93,2.58,3.45,2.81,3.52,2.46,,,,,,,0.0,13.0,0.0,8.0,4.0,2.0,2.0,13.0,1.0,10.0,3.0,0.0,0.0,2.0
40,3,2025-05-10,Eyupspor,Kasimpasa,0,3,2,T1,T1,Eyupspor,Kasimpasa,1.0,2.79,2.3,3.64,2.9,3.81,2.35,0.25,-0.25,2.34,1.55,2.79,1.78,2.03,2.35,1.57,2.23,1.92,1.88,3.63,2.94,3.61,2.32,2.35,1.57,2.75,1.78,2.03,2.35,1.54,2.15,1.87,1.82,3.5,2.9,3.5,2.3,2.8,2.2,3.5,2.9,3.5,,,2.9,,,2.5,1.64,2.34,2.03,1.93,3.8,3.1,1.67,1.04,2.3,,,,,,,2.4,1.59,2.95,1.85,2.1,2.48,1.65,2.3,2.02,1.94,3.75,3.11,3.81,2.4,2.38,1.59,1.77,2.09,2.36,1.61,1.97,1.93,2.79,2.24,3.75,3.11,3.63,2.4,,,,,,,2.0,20.0,0.0,9.0,4.0,3.0,2.0,7.0,0.0,7.0,2.0,1.0,0.0,3.0
40,4,2025-05-10,Konyaspor,Rizespor,2,1,1,T1,T1,Konyaspor,Rizespor,1.0,3.77,2.87,3.37,2.46,3.47,2.03,0.0,-0.5,1.89,1.88,3.6,1.81,2.03,1.94,1.86,2.79,2.01,1.83,3.27,2.52,3.42,2.01,1.9,1.9,3.7,1.78,2.03,1.98,1.83,2.7,1.92,1.77,3.3,2.5,3.4,2.0,3.5,2.88,3.2,2.45,3.4,,,1.08,,,2.04,1.92,2.98,2.1,1.88,3.4,2.66,1.08,2.02,2.0,,,,,,,1.91,1.96,3.77,1.85,2.1,2.02,1.95,2.9,2.05,1.92,3.4,2.69,3.55,2.06,1.88,1.88,1.81,1.99,2.0,1.88,2.04,1.87,3.68,2.88,3.26,2.64,3.34,1.97,,,,,,,5.0,8.0,0.0,12.0,4.0,2.0,5.0,14.0,0.0,18.0,7.0,0.0,0.0,2.0
40,5,2025-05-10,Trabzonspor,Galatasaray,0,2,2,T1,T1,Trabzonspor,Galatasaray,1.0,1.74,1.56,4.75,4.95,4.64,3.87,1.0,0.75,2.85,1.38,1.73,1.9,1.91,2.65,1.46,1.53,1.84,2.0,4.62,5.21,4.27,3.94,3.1,1.36,1.7,1.9,1.9,2.6,1.48,1.5,1.88,1.93,4.5,4.5,4.33,3.5,1.75,1.5,4.4,5.5,4.0,,,1.57,,,2.8,1.53,1.6,1.91,2.07,4.7,5.9,3.05,2.46,4.0,,,,,,,3.1,1.44,1.77,1.96,1.96,2.9,1.51,1.58,1.94,2.11,4.77,5.62,4.64,4.21,2.84,1.42,1.91,1.96,2.59,1.51,1.94,1.96,1.71,1.58,4.5,5.38,4.28,4.21,,,,,,,9.0,12.0,0.0,19.0,10.0,2.0,1.0,8.0,0.0,13.0,5.0,0.0,0.0,1.0
40,6,2025-05-11,Sivasspor,Bodrumspor,0,0,0,T1,T1,Sivasspor,Bodrumspor,1.0,3.27,3.57,3.23,2.16,3.43,2.23,-0.25,-0.25,1.76,2.02,3.21,1.88,1.92,1.71,2.12,3.38,1.95,1.89,3.19,2.2,3.29,2.23,1.75,2.05,3.25,0.0,0.0,1.67,2.15,3.5,0.0,0.0,3.1,2.2,3.2,2.25,3.1,3.3,3.0,2.1,3.25,1.15,1.01,1.04,1.82,1.02,1.75,2.28,3.7,2.04,1.94,3.35,2.28,1.01,1.04,2.25,,,,,,,1.8,2.06,3.31,1.93,1.95,1.78,2.29,3.61,2.0,1.94,3.35,2.26,3.43,2.26,1.78,2.06,1.92,1.93,1.71,2.21,1.99,1.91,3.31,3.61,3.23,2.24,3.31,2.24,,,,,,,5.0,10.0,0.0,7.0,0.0,4.0,9.0,10.0,0.0,13.0,2.0,0.0,0.0,2.0
40,7,2025-05-11,Besiktas,Ad. Demirspor,4,1,1,T1,T1,Besiktas,Ad. Demirspor,1.0,20.0,22.0,12.6,1.08,11.6,1.1,-3.0,-2.75,4.41,1.17,20.9,1.9,1.89,5.36,1.14,26.27,1.97,1.84,13.71,1.05,11.0,1.08,4.33,1.2,19.0,1.9,1.9,5.5,1.14,23.0,2.05,1.75,13.0,1.06,10.0,1.09,20.0,26.0,15.0,1.05,12.0,,,1.04,,,6.6,1.17,44.0,2.06,1.87,19.5,1.07,1.03,1.04,1.06,,,,,,,4.8,1.2,26.0,1.95,1.96,5.7,1.15,34.35,2.05,1.94,16.5,1.08,12.5,1.1,4.22,1.2,1.9,1.9,5.21,1.15,2.02,1.78,20.3,34.35,16.5,1.04,12.27,1.07,,,,,,,4.0,13.0,0.0,8.0,4.0,4.0,13.0,11.0,0.0,30.0,14.0,1.0,2.0,3.0
40,8,2025-05-11,Goztep,Hatayspor,1,1,0,T1,T1,Goztep,Hatayspor,1.0,10.5,8.03,8.03,1.25,6.59,1.25,-2.0,-1.75,3.17,1.32,9.4,1.96,1.85,3.52,1.28,10.03,1.83,2.0,6.97,1.22,6.34,1.24,3.4,1.33,7.5,1.95,1.85,3.6,1.29,7.5,1.8,2.0,7.5,1.22,7.0,1.25,10.0,9.5,6.0,1.18,6.5,,,2.68,,,3.9,1.34,12.0,1.9,2.06,7.4,1.27,2.66,1.04,1.2,,,,,,,3.4,1.37,10.5,2.0,1.89,3.8,1.32,12.51,1.92,2.05,8.03,1.25,7.0,1.26,3.19,1.34,1.96,1.87,3.42,1.3,1.82,2.02,9.18,10.0,6.55,1.23,6.26,1.26,,,,,,,4.0,9.0,1.0,7.0,2.0,2.0,9.0,13.0,0.0,22.0,8.0,1.0,1.0,2.0
40,9,2025-05-12,Kayserispor,Antalyaspor,3,1,1,T1,T1,Kayserispor,Antalyaspor,1.0,3.63,3.93,3.67,1.9,3.63,2.02,-0.5,-0.5,1.87,1.9,3.61,1.83,1.99,1.97,1.83,3.88,1.92,1.92,3.58,1.9,3.49,1.97,1.88,1.93,3.7,1.83,1.98,2.0,1.8,3.7,1.9,1.9,3.6,1.9,3.5,1.91,3.7,3.8,3.4,1.83,3.4,,,1.78,,,2.1,1.88,4.2,2.0,1.99,3.8,1.98,1.78,1.05,1.95,,,,,,,1.88,1.96,3.7,1.87,2.05,2.03,1.88,4.15,1.97,1.98,3.67,1.98,3.63,2.02,1.88,1.88,1.81,1.97,2.02,1.87,1.97,1.93,3.6,4.15,3.65,1.93,3.44,1.96,,,,,,,1.0,6.0,0.0,6.0,2.0,1.0,6.0,11.0,0.0,12.0,6.0,1.0,2.0,3.0
40,10,2025-05-11,Leverkusen,Dortmund,2,4,2,D1,D1,Leverkusen,Dortmund,1.0,2.47,2.46,3.89,2.72,4.07,2.74,0.0,0.0,2.64,1.47,2.39,1.83,2.03,2.69,1.47,2.55,1.92,1.96,3.8,2.54,3.94,2.65,2.63,1.5,2.35,1.84,2.06,2.75,1.44,2.55,1.95,1.95,3.8,2.5,3.9,2.7,2.5,2.4,3.6,2.45,4.0,2.56,1.46,2.54,1.96,2.02,2.9,1.52,2.68,2.01,1.98,3.95,2.66,4.2,2.64,2.5,,,,,,,2.72,1.5,2.5,1.88,2.07,2.75,1.49,2.66,1.97,2.02,3.9,2.72,4.08,2.74,2.72,1.49,1.87,2.05,2.74,1.48,1.97,1.95,2.43,2.6,3.89,2.59,4.08,2.66,,,,,,,0.0,8.0,0.0,9.0,5.0,2.0,12.0,7.0,0.0,19.0,10.0,2.0,1.0,0.0
40,11,2025-05-10,Monaco,Lyon,2,0,1,F1,F1,Monaco,Lyon,1.0,3.95,3.86,4.31,1.86,4.32,1.88,-0.5,-0.5,2.85,1.4,3.72,2.01,1.82,3.05,1.37,3.78,2.02,1.83,4.25,1.82,4.22,1.82,3.0,1.4,3.7,2.04,1.86,3.2,1.36,3.6,2.04,1.86,4.2,1.83,4.2,1.83,4.0,4.0,4.1,1.75,4.2,1.15,1.02,3.9,2.14,1.82,3.35,1.42,4.1,2.16,1.85,4.4,1.85,4.4,1.82,1.8,,,,,,,3.0,1.42,4.0,2.05,1.86,3.25,1.42,4.0,2.09,1.86,4.42,1.86,4.4,1.88,2.86,1.42,2.04,1.84,3.13,1.39,2.07,1.86,3.75,3.86,4.33,1.85,4.2,1.83,,,,,,,5.0,18.0,0.0,9.0,4.0,4.0,3.0,16.0,0.0,11.0,5.0,0.0,0.0,2.0
40,12,2025-05-11,Feyenoord,PSV Eindhoven,2,3,2,N1,N1,Feyenoord,PSV Eindhoven,1.0,2.39,2.11,4.03,3.23,3.85,2.65,0.25,0.0,2.8,1.39,2.41,1.83,1.99,3.05,1.36,2.16,1.87,1.93,3.92,2.98,3.76,2.6,2.88,1.4,2.4,1.86,2.04,3.1,1.36,2.1,1.93,1.97,3.9,3.0,3.9,2.55,2.25,2.05,3.75,2.88,3.9,,,1.3,,,3.4,1.41,2.24,1.97,2.01,4.1,3.15,1.01,1.3,2.7,,,,,,,3.1,1.42,2.48,1.9,2.04,3.25,1.4,2.23,1.97,2.02,4.05,3.23,3.9,2.7,2.71,1.41,1.81,1.96,3.05,1.38,1.93,1.97,2.41,2.19,4.03,3.04,3.63,2.6,,,,,,,12.0,14.0,0.0,24.0,9.0,3.0,1.0,7.0,1.0,11.0,4.0,0.0,2.0,2.0
40,13,2025-05-11,Liverpool,Arsenal,2,2,0,E0,E0,Liverpool,Arsenal,1.0,3.69,3.44,3.57,2.17,3.63,2.09,-0.25,-0.5,2.14,1.71,3.57,1.8,2.04,2.25,1.66,3.16,1.93,1.94,3.56,2.24,3.54,2.06,2.1,1.73,3.6,1.83,2.07,2.3,1.62,3.1,1.95,1.95,3.6,2.2,3.6,2.0,3.3,3.1,3.4,2.2,3.4,2.06,1.83,3.5,1.78,2.24,2.34,1.74,3.3,1.99,2.0,3.65,2.32,3.6,2.24,2.1,,,,,,,2.2,1.76,3.71,1.83,2.08,2.32,1.7,3.44,1.98,1.98,3.68,2.31,3.65,2.1,2.18,1.73,1.83,2.08,2.32,1.66,1.96,1.96,3.71,3.22,3.68,2.24,3.54,2.08,,,,,,,1.0,10.0,1.0,15.0,7.0,1.0,3.0,13.0,0.0,14.0,5.0,0.0,2.0,1.0
40,14,2025-05-11,Barcelona,Real Madrid,4,3,1,SP1,SP1,Barcelona,Real Madrid,1.0,3.39,3.48,4.43,1.94,4.32,2.05,-0.5,-0.5,3.28,1.32,3.34,1.88,1.96,3.82,1.26,3.54,1.99,1.87,4.33,1.88,4.08,1.97,3.4,1.33,3.2,1.91,1.99,4.0,1.25,3.6,2.04,1.86,4.33,1.83,3.7,1.9,3.6,3.4,4.2,1.8,4.0,2.94,1.36,3.7,2.0,1.99,4.2,1.3,3.75,2.07,1.92,4.5,1.93,4.3,1.99,1.91,,,,,,,3.4,1.35,3.6,1.93,2.0,4.21,1.35,3.76,2.06,1.9,4.47,1.95,4.32,2.05,3.32,1.35,1.93,1.97,3.33,1.35,2.06,1.88,3.5,3.76,4.47,1.88,4.19,1.96,,,,,,,2.0,15.0,0.0,9.0,5.0,3.0,10.0,17.0,0.0,23.0,9.0,2.0,4.0,4.0
40,15,2025-05-10,Lazio,Juventus,1,1,0,I1,I1,Lazio,Juventus,1.0,3.2,3.23,3.19,2.45,3.28,2.52,-0.25,-0.25,1.67,2.19,3.03,1.78,2.06,1.69,2.19,3.24,1.84,2.02,3.08,2.4,3.2,2.46,1.67,2.2,3.0,1.8,2.1,1.67,2.2,3.3,1.88,2.02,3.1,2.3,3.2,2.45,3.0,3.3,3.0,2.3,3.25,1.65,2.14,3.1,1.79,2.19,1.74,2.32,3.55,1.91,2.08,3.15,2.48,3.3,2.58,2.45,,,,,,,1.74,2.29,3.2,1.83,2.11,1.73,2.31,3.47,1.9,2.06,3.19,2.54,3.28,2.52,1.68,2.28,1.83,2.1,1.68,2.28,1.89,2.04,3.15,3.47,3.08,2.41,3.25,2.45,,,,,,,3.0,10.0,1.0,8.0,3.0,4.0,3.0,14.0,0.0,19.0,6.0,0.0,0.0,5.0
41,1,2025-05-17,Ad. Demirspor,Hatayspor,0,5,2,T1,T1,Ad. Demirspor,Hatayspor,1.0,1.9,2.17,4.2,2.83,4.53,3.32,0.25,0.5,3.95,1.22,1.88,1.89,1.93,3.44,1.29,2.2,1.94,1.85,4.06,2.75,4.47,3.21,4.2,1.22,1.85,1.9,1.9,3.6,1.29,2.2,1.98,1.83,4.1,2.63,4.5,3.2,1.91,2.2,4.0,2.7,4.33,3.7,1.21,1.97,1.97,2.01,3.85,1.34,2.32,2.06,1.92,4.3,2.9,5.2,3.25,3.3,,,,,,,4.22,1.41,1.97,1.97,2.0,3.61,1.31,2.23,2.07,1.9,4.2,2.83,4.73,3.35,4.0,1.23,1.87,1.94,3.44,1.31,1.98,1.87,1.85,2.23,4.04,2.82,4.53,3.22,,,,,,,6.0,10.0,0.0,16.0,8.0,3.0,5.0,9.0,0.0,15.0,5.0,3.0,0.0,2.0
41,2,2025-05-18,Alanyaspor,Besiktas,1,1,0,T1,T1,Alanyaspor,Besiktas,1.0,1.98,2.06,3.65,3.42,3.81,3.59,0.25,0.5,2.18,1.65,1.98,2.0,1.84,2.09,1.72,2.12,1.82,1.99,3.52,3.27,3.66,3.46,2.15,1.67,1.95,1.98,1.83,2.08,1.73,2.15,1.9,1.9,3.6,3.1,3.7,3.4,2.0,2.05,3.3,3.2,3.6,2.04,1.79,2.04,,,2.24,1.78,2.22,1.92,2.05,3.65,3.5,3.85,1.09,3.5,,,,,,,2.3,1.69,2.02,2.05,1.87,2.1,1.78,2.26,1.95,2.05,3.7,3.43,3.81,3.62,2.19,1.67,1.98,1.86,2.08,1.75,1.95,1.93,1.97,2.26,3.41,3.29,3.66,3.62,,,,,,,2.0,14.0,0.0,12.0,6.0,2.0,4.0,10.0,0.0,11.0,4.0,0.0,1.0,0.0
41,3,2025-05-18,Antalyaspor,Gaziantep,0,0,0,T1,T1,Antalyaspor,Gaziantep,1.0,4.22,3.1,3.05,2.49,3.3,1.97,-0.25,-0.5,2.1,1.7,3.94,1.82,2.02,1.95,1.85,3.07,1.77,2.09,3.13,2.39,3.25,1.99,2.1,1.7,3.9,1.83,1.98,1.93,1.88,2.9,1.68,2.15,3.0,2.55,3.3,1.95,3.8,2.88,3.0,2.3,3.5,2.1,1.77,4.2,,,2.04,1.92,3.15,1.83,2.16,3.35,2.58,3.4,2.0,1.95,,,,,,,2.16,1.74,4.38,1.88,2.15,2.1,2.04,3.34,1.82,2.15,3.2,2.55,3.5,2.07,2.1,1.72,1.85,1.99,1.97,1.89,1.78,2.13,4.38,3.12,3.15,2.5,3.09,1.98,,,,,,,6.0,14.0,0.0,7.0,2.0,2.0,5.0,10.0,0.0,8.0,3.0,0.0,0.0,2.0
41,4,2025-05-18,Bodrumspor,Trabzonspor,1,1,0,T1,T1,Bodrumspor,Trabzonspor,1.0,3.7,4.17,3.55,1.89,3.7,1.97,-0.5,-0.5,1.95,1.83,3.58,1.83,2.0,1.85,1.95,4.16,2.0,1.83,3.57,1.84,3.56,1.98,1.95,1.85,3.7,1.75,2.05,1.9,1.9,4.5,2.08,1.73,3.7,1.73,3.5,1.95,3.6,3.9,3.3,1.85,3.5,1.99,1.72,4.0,,,1.98,1.98,5.0,2.0,1.99,3.85,1.84,3.55,1.97,2.0,,,,,,,2.0,1.9,3.76,1.9,2.06,1.93,2.08,4.65,2.1,1.95,3.78,1.89,3.7,2.06,1.97,1.85,1.87,1.97,1.93,1.94,2.1,1.78,3.76,4.65,3.75,1.79,3.56,1.96,,,,,,,4.0,15.0,0.0,9.0,5.0,2.0,5.0,7.0,0.0,17.0,4.0,0.0,1.0,0.0
41,5,2025-05-18,Fenerbahce,Eyupspor,2,1,1,T1,T1,Fenerbahce,Eyupspor,1.0,8.45,8.83,5.51,1.32,6.79,1.28,-1.75,-2.0,3.31,1.3,10.16,1.83,1.99,3.29,1.31,8.65,1.88,1.96,6.0,1.28,6.7,1.22,3.4,1.33,11.0,1.83,1.98,3.4,1.33,8.0,1.8,2.0,5.25,1.33,6.0,1.22,12.0,9.0,6.0,1.2,6.5,1.15,1.26,12.5,,,3.55,1.38,10.0,1.9,2.05,7.0,1.29,8.0,1.16,1.2,,,,,,,3.44,1.33,12.0,1.87,2.05,3.4,1.34,9.2,1.97,2.03,6.5,1.33,7.43,1.28,3.35,1.3,1.84,1.98,3.2,1.33,1.85,2.03,9.96,8.77,6.22,1.25,6.96,1.21,,,,,,,2.0,9.0,0.0,10.0,3.0,1.0,7.0,9.0,0.0,21.0,7.0,0.0,1.0,2.0
41,6,2025-05-18,Galatasaray,Kayserispor,3,0,1,T1,T1,Galatasaray,Kayserispor,1.0,13.6,14.5,8.36,1.16,7.95,1.18,-2.25,-2.25,3.69,1.25,12.29,1.78,2.03,3.88,1.24,14.0,1.91,1.93,8.15,1.15,7.64,1.17,3.6,1.29,12.0,1.78,2.03,4.0,1.25,13.0,1.9,1.9,7.5,1.14,7.0,1.18,14.0,13.0,8.0,1.1,8.0,3.35,1.24,15.5,,,4.0,1.32,20.0,2.04,1.92,10.0,1.17,8.2,1.21,1.15,,,,,,,3.82,1.29,14.0,1.81,2.07,4.04,1.27,16.0,1.98,1.96,8.69,1.18,8.37,1.18,3.68,1.26,1.78,2.03,3.93,1.25,1.92,1.95,11.11,14.7,8.49,1.16,7.85,1.18,,,,,,,3.0,9.0,0.0,4.0,2.0,2.0,5.0,13.0,0.0,24.0,5.0,0.0,2.0,4.0
41,7,2025-05-18,Kasimpasa,Buyuksehyr,2,3,2,T1,T1,Kasimpasa,Buyuksehyr,1.0,3.09,2.52,3.66,2.62,3.65,2.23,0.0,-0.25,2.21,1.64,3.02,1.85,1.95,2.62,1.47,2.76,2.02,1.83,3.57,2.39,3.44,2.25,2.15,1.67,3.0,1.83,1.98,2.6,1.48,2.6,1.98,1.83,3.6,2.45,3.4,2.2,2.88,2.7,3.5,2.25,3.5,2.24,1.58,3.25,,,2.74,1.55,3.25,2.19,1.82,3.8,2.28,3.6,2.3,2.25,,,,,,,2.31,1.67,3.17,1.88,2.03,2.77,1.49,3.2,2.11,1.9,3.68,2.62,3.65,2.32,2.2,1.66,1.88,1.95,2.64,1.48,2.02,1.87,3.17,2.73,3.6,2.53,3.36,2.26,,,,,,,2.0,16.0,0.0,10.0,7.0,3.0,6.0,18.0,0.0,19.0,7.0,1.0,1.0,4.0
41,8,2025-05-18,Rizespor,Goztep,6,3,1,T1,T1,Rizespor,Goztep,1.0,3.73,3.67,3.59,1.99,3.85,1.93,-0.25,-0.5,2.25,1.62,3.53,1.86,1.96,2.0,1.79,3.45,2.06,1.79,3.44,2.07,3.74,1.94,2.25,1.62,3.5,1.85,1.95,2.0,1.8,3.4,2.05,1.75,3.5,2.0,3.7,1.91,3.6,3.4,3.25,2.0,3.75,2.3,1.56,3.9,,,2.14,1.86,3.9,2.14,1.84,3.55,2.1,3.8,2.0,1.95,,,,,,,2.29,1.67,3.73,1.9,2.0,2.06,1.86,3.67,2.15,1.83,3.59,2.19,3.85,1.99,2.28,1.62,1.88,1.96,2.03,1.82,2.07,1.83,3.62,3.59,3.47,2.12,3.72,1.95,,,,,,,2.0,14.0,0.0,20.0,5.0,1.0,2.0,11.0,0.0,11.0,8.0,2.0,2.0,0.0
41,9,2025-05-18,Samsunspor,Sivasspor,1,0,1,T1,T1,Samsunspor,Sivasspor,1.0,4.13,4.63,3.68,1.77,3.86,1.83,-0.75,-0.5,2.03,1.76,4.02,1.98,1.85,2.03,1.77,4.57,1.91,1.93,3.8,1.72,3.71,1.82,2.05,1.75,4.2,1.98,1.83,2.0,1.8,4.75,1.88,1.93,3.6,1.7,3.6,1.8,4.2,4.6,3.6,1.65,3.75,2.08,1.68,4.5,,,2.14,1.83,5.2,1.95,2.01,4.0,1.78,3.75,1.85,1.8,,,,,,,2.09,1.78,4.2,2.02,1.9,2.15,1.86,4.96,1.95,2.01,3.99,1.77,3.86,1.86,2.05,1.76,1.99,1.85,2.07,1.79,1.93,1.95,4.12,4.96,3.81,1.73,3.68,1.84,,,,,,,4.0,14.0,1.0,5.0,2.0,3.0,5.0,15.0,0.0,13.0,8.0,0.0,1.0,1.0
41,10,2025-05-18,Anderlecht,Club Brugge,1,3,2,B1,B1,Anderlecht,Club Brugge,1.0,1.72,1.71,4.08,4.96,4.01,4.59,0.75,0.75,2.09,1.71,1.7,1.88,1.91,2.14,1.7,1.69,1.84,1.99,3.95,4.67,3.9,4.53,2.1,1.7,1.7,1.9,1.9,2.15,1.67,1.67,1.83,1.98,3.9,4.5,3.9,4.5,1.73,1.65,3.8,4.75,3.9,2.16,1.74,1.75,1.94,1.97,2.28,1.75,1.75,1.95,2.03,4.2,5.0,4.1,4.8,4.5,,,,,,,2.15,1.74,1.76,1.96,1.95,2.26,1.82,1.74,1.87,2.08,4.2,4.99,4.1,4.7,2.07,1.73,1.88,1.93,2.17,1.7,1.87,2.0,1.68,1.67,3.97,4.99,3.88,4.7,,,,,,,4.0,13.0,0.0,13.0,6.0,4.0,6.0,11.0,0.0,16.0,6.0,3.0,1.0,2.0
41,11,2025-05-18,Ajax,Twente,2,0,1,N1,N1,Ajax,Twente,1.0,6.0,6.45,5.62,1.43,5.1,1.45,-1.25,-1.25,2.81,1.39,5.87,1.88,1.91,2.98,1.38,6.01,1.94,1.89,5.17,1.44,5.05,1.44,2.88,1.4,6.0,1.9,1.9,3.1,1.36,6.0,1.93,1.88,5.5,1.42,5.0,1.44,6.5,5.5,4.75,1.44,5.0,2.94,1.45,6.6,1.93,1.89,3.25,1.42,6.6,2.0,1.96,5.2,1.51,5.2,1.47,1.36,,,,,,,2.95,1.42,6.5,1.93,1.95,3.1,1.41,6.45,2.06,1.95,5.62,1.48,5.25,1.45,2.81,1.42,1.91,1.93,3.03,1.39,1.93,1.95,5.48,5.92,5.0,1.48,5.25,1.45,,,,,,,6.0,17.0,0.0,7.0,3.0,2.0,4.0,10.0,0.0,11.0,3.0,0.0,1.0,0.0
41,12,2025-05-18,Arsenal,Newcastle,1,0,1,E0,E0,Arsenal,Newcastle,1.0,3.79,4.1,3.79,1.91,3.65,2.05,-0.5,-0.5,2.06,1.77,3.7,1.84,2.0,2.14,1.73,3.99,1.95,1.9,3.76,1.9,3.59,2.01,2.1,1.73,3.7,1.89,2.01,2.1,1.73,3.8,1.95,1.95,3.7,1.91,3.7,1.95,3.75,4.1,3.75,1.87,3.6,2.18,1.82,4.0,1.94,2.04,2.22,1.8,4.3,2.05,1.94,3.9,1.94,3.75,2.04,1.95,,,,,,,2.13,1.82,3.83,1.91,2.05,2.23,1.76,4.28,2.04,1.95,3.85,1.94,3.7,2.08,2.09,1.81,1.88,2.03,2.18,1.74,1.97,1.95,3.83,3.98,3.79,1.94,3.58,2.03,,,,,,,7.0,9.0,0.0,14.0,5.0,3.0,10.0,9.0,0.0,12.0,4.0,0.0,0.0,3.0
41,13,2025-05-18,Roma,Milan,3,1,1,I1,I1,Roma,Milan,1.0,3.07,3.18,3.8,2.21,3.63,2.41,-0.25,-0.25,2.12,1.73,2.97,1.85,1.97,2.11,1.74,3.21,1.97,1.89,3.57,2.18,3.54,2.31,2.1,1.73,2.9,1.86,2.04,2.1,1.73,3.1,1.99,1.91,3.7,2.15,3.6,2.3,3.0,3.1,3.4,2.05,3.5,2.12,1.83,3.05,1.88,2.08,2.18,1.82,3.4,2.04,1.95,3.7,2.24,3.65,2.42,2.3,,,,,,,2.2,1.78,3.25,1.98,2.05,2.16,1.82,3.35,2.04,1.92,3.8,2.23,3.63,2.41,2.17,1.75,1.86,2.05,2.16,1.75,2.0,1.92,3.02,3.35,3.62,2.21,3.6,2.36,,,,,,,2.0,16.0,1.0,12.0,3.0,2.0,4.0,12.0,0.0,15.0,6.0,1.0,1.0,3.0
41,14,2025-05-18,Inter,Lazio,2,2,0,I1,I1,Inter,Lazio,1.0,5.25,5.39,4.0,1.68,4.28,1.69,-0.75,-0.75,2.07,1.76,5.06,2.03,1.79,2.2,1.68,4.93,2.01,1.85,4.0,1.68,4.13,1.63,2.1,1.73,5.0,2.09,1.81,2.2,1.67,5.0,2.02,1.88,3.9,1.67,4.2,1.62,5.5,4.75,3.75,1.62,4.0,2.14,1.81,5.9,2.14,1.84,2.18,1.83,5.5,2.04,1.93,4.1,1.73,4.2,1.66,1.62,,,,,,,2.13,1.84,5.5,2.12,1.84,2.28,1.71,5.39,2.08,1.89,4.2,1.7,4.28,1.69,2.09,1.8,2.07,1.84,2.24,1.7,2.04,1.89,5.17,5.06,4.09,1.69,4.17,1.65,,,,,,,1.0,10.0,0.0,12.0,4.0,3.0,5.0,14.0,0.0,10.0,3.0,0.0,1.0,1.0
41,15,2025-05-18,Juventus,Udinese,2,0,1,I1,I1,Juventus,Udinese,1.0,9.65,7.7,4.87,1.44,5.1,1.4,-1.25,-1.25,1.92,1.9,9.02,1.98,1.85,2.01,1.81,8.12,1.94,1.92,4.75,1.4,4.82,1.36,1.95,1.95,8.5,2.01,1.89,2.0,1.8,7.5,1.95,1.95,4.75,1.4,4.75,1.38,9.5,8.0,4.4,1.33,4.75,1.97,1.95,10.5,1.98,1.89,2.12,1.87,9.6,2.02,1.95,5.0,1.43,5.2,1.39,1.36,,,,,,,1.99,1.95,9.65,2.04,1.89,2.11,1.9,8.85,1.97,1.98,5.0,1.44,5.1,1.4,1.97,1.92,2.04,1.88,2.07,1.81,1.97,1.95,9.57,8.85,4.77,1.4,5.03,1.36,,,,,,,3.0,13.0,0.0,7.0,2.0,3.0,12.0,9.0,0.0,24.0,7.0,0.0,0.0,0.0
42,1,2025-05-25,Buyuksehyr,Ad. Demirspor,2,3,2,T1,T1,Buyuksehyr,Ad. Demirspor,1.0,27.0,19.4,10.9,1.1,12.1,1.08,-2.75,-3.0,5.61,1.11,23.21,1.91,1.87,4.93,1.15,21.98,2.0,1.83,10.26,1.08,11.64,1.07,5.5,1.14,21.0,1.9,1.9,4.5,1.18,21.0,2.0,1.8,11.0,1.07,11.0,1.07,26.0,21.0,10.0,1.06,14.0,1.16,1.15,1.09,,,5.6,1.2,24.0,2.0,1.93,13.5,1.12,11.0,1.11,1.06,,,,,,,6.0,1.14,31.0,1.98,1.9,5.9,1.21,41.0,2.05,1.95,13.0,1.12,15.0,1.09,5.94,1.1,1.89,1.88,5.9,1.1,1.99,1.8,18.57,16.41,9.89,1.07,11.03,1.08,,,,,,,0.0,11.0,1.0,8.0,4.0,4.0,10.0,20.0,0.0,32.0,5.0,1.0,2.0,3.0
42,2,2025-05-25,Besiktas,Rizespor,1,2,2,T1,T1,Besiktas,Rizespor,1.0,6.6,7.02,5.07,1.41,4.74,1.46,-1.25,-1.25,2.35,1.56,6.39,1.82,1.99,2.96,1.38,6.7,2.01,1.84,5.03,1.39,4.56,1.44,2.35,1.57,6.0,1.83,1.98,3.1,1.36,6.25,2.05,1.75,5.0,1.38,4.33,1.45,6.0,6.0,4.6,1.36,4.5,2.22,1.57,6.8,,,3.25,1.44,7.8,2.08,1.9,5.2,1.46,5.3,1.46,1.44,,,,,,,2.45,1.61,6.6,1.86,2.03,3.1,1.41,7.21,2.09,1.93,5.28,1.43,4.75,1.46,2.32,1.6,1.82,2.03,2.98,1.41,2.05,1.85,6.5,7.21,5.28,1.4,4.52,1.45,,,,,,,7.0,15.0,0.0,10.0,5.0,3.0,6.0,9.0,0.0,25.0,4.0,0.0,0.0,2.0
42,3,2025-05-24,Eyupspor,Antalyaspor,2,1,1,T1,T1,Eyupspor,Antalyaspor,1.0,3.95,3.97,3.67,1.89,3.55,1.95,-0.5,-0.5,2.05,1.75,3.75,1.87,1.96,2.15,1.68,3.84,1.92,1.92,3.58,1.91,3.55,1.94,2.08,1.73,3.7,1.88,1.93,2.15,1.67,3.7,1.9,1.9,3.6,1.9,3.6,1.9,3.75,3.9,3.3,1.83,3.6,2.12,1.78,4.2,,,2.28,1.76,4.3,2.0,1.98,3.7,1.99,3.8,1.98,1.95,,,,,,,2.12,1.78,3.95,1.92,2.05,2.25,1.72,4.09,1.98,1.95,3.68,1.97,3.7,1.98,2.05,1.78,1.89,1.96,2.2,1.7,1.97,1.92,3.95,4.09,3.68,1.91,3.46,1.94,,,,,,,6.0,16.0,0.0,12.0,4.0,0.0,2.0,10.0,0.0,7.0,5.0,0.0,2.0,1.0
42,4,2025-05-24,Gaziantep,Kasimpasa,2,2,0,T1,T1,Gaziantep,Kasimpasa,1.0,2.39,2.27,3.86,2.83,3.75,2.76,0.25,0.0,2.56,1.47,2.37,1.79,2.04,2.72,1.44,2.31,2.02,1.79,3.79,2.72,3.69,2.69,2.6,1.48,2.38,1.78,2.03,2.7,1.44,2.3,2.03,1.78,3.75,2.7,3.7,2.6,2.38,2.45,3.6,2.4,3.75,2.7,1.51,2.5,,,2.92,1.51,2.44,2.15,1.86,4.0,2.9,3.95,2.72,2.7,,,,,,,2.63,1.5,2.39,1.84,2.08,2.78,1.46,2.45,2.28,1.86,3.9,2.85,3.75,2.76,2.57,1.5,1.79,2.08,2.78,1.46,2.05,1.85,2.38,2.32,3.9,2.85,3.71,2.74,,,,,,,8.0,12.0,0.0,14.0,4.0,5.0,3.0,16.0,0.0,10.0,3.0,0.0,2.0,2.0
42,5,2025-05-24,Goztep,Galatasaray,0,2,2,T1,T1,Goztep,Galatasaray,1.0,1.74,2.16,4.43,2.75,4.48,4.01,0.25,0.75,2.88,1.38,1.72,1.9,1.9,2.83,1.41,2.22,1.97,1.84,4.16,2.68,4.42,3.86,2.88,1.4,1.7,1.9,1.9,2.88,1.4,2.25,2.03,1.78,4.33,2.55,4.5,3.7,1.7,2.1,4.0,2.6,4.33,1.15,1.02,1.78,,,2.94,1.49,2.32,2.06,1.91,4.4,2.84,4.9,4.1,4.0,,,,,,,2.96,1.4,1.75,1.96,1.95,2.9,1.45,2.34,2.07,1.88,4.43,2.75,4.57,4.01,2.95,1.4,1.96,1.89,2.86,1.43,2.07,1.8,1.75,2.34,4.21,2.67,4.54,3.73,,,,,,,6.0,9.0,0.0,15.0,3.0,0.0,7.0,12.0,0.0,21.0,5.0,0.0,0.0,3.0
42,6,2025-05-26,Hatayspor,Fenerbahce,4,2,1,T1,T1,Hatayspor,Fenerbahce,1.0,1.23,1.2,7.97,10.6,7.15,10.5,2.25,2.0,4.02,1.21,1.21,1.88,1.9,4.87,1.16,1.18,1.9,1.92,7.93,11.44,6.92,9.98,4.2,1.22,1.22,1.88,1.93,5.0,1.17,1.18,1.88,1.93,7.5,10.0,6.5,9.0,1.18,1.17,7.5,11.0,7.0,1.15,1.01,1.09,,,5.2,1.23,1.21,1.95,2.01,8.8,14.5,5.8,1.24,11.0,,,,,,,4.22,1.22,1.23,1.98,1.95,5.17,1.18,1.2,1.95,1.97,9.0,13.5,7.43,11.7,3.88,1.22,1.85,1.93,4.74,1.18,1.9,1.93,1.2,1.17,8.08,11.89,7.03,9.59,,,,,,,8.0,11.0,1.0,20.0,7.0,2.0,2.0,10.0,0.0,15.0,7.0,1.0,1.0,1.0
42,7,2025-05-25,Kayserispor,Bodrumspor,1,1,0,T1,T1,Kayserispor,Bodrumspor,1.0,2.06,2.1,3.59,3.34,3.61,3.5,0.25,0.5,1.84,1.94,2.04,2.05,1.79,2.01,1.79,2.12,1.79,2.02,3.49,3.28,3.51,3.44,1.85,1.95,2.0,0.0,0.0,2.05,1.75,2.1,1.73,2.08,3.5,3.2,3.4,3.5,2.1,2.0,3.5,3.1,3.3,,,,,,2.12,1.85,2.18,1.88,2.09,3.6,3.65,,,3.5,,,,,,,1.88,2.0,2.1,2.1,1.83,2.06,1.86,2.24,1.86,2.08,3.6,3.46,3.63,3.5,1.87,1.95,2.06,1.78,2.06,1.8,1.86,2.04,2.06,2.14,3.54,3.46,3.63,3.37,,,,,,,6.0,13.0,0.0,17.0,6.0,2.0,8.0,12.0,0.0,10.0,5.0,1.0,0.0,3.0
42,8,2025-05-25,Konyaspor,Alanyaspor,1,2,2,T1,T1,Konyaspor,Alanyaspor,1.0,2.41,2.71,3.51,2.5,3.23,3.11,0.0,0.25,1.92,1.86,2.37,2.0,1.78,1.83,1.97,2.64,1.9,1.95,3.22,2.67,3.26,2.97,1.95,1.85,2.25,2.0,1.8,1.83,1.98,2.5,1.85,1.95,3.4,2.55,3.5,2.8,2.3,2.5,3.0,2.63,3.4,1.98,1.76,2.4,,,1.94,2.04,2.74,1.92,2.06,3.35,2.92,3.15,2.96,2.88,,,,,,,1.95,1.94,2.51,2.15,1.83,1.91,2.08,2.73,1.93,1.99,3.51,2.81,3.5,3.11,1.93,1.89,2.08,1.78,1.88,2.0,1.92,1.97,2.44,2.73,3.16,2.81,3.09,3.11,,,,,,,2.0,12.0,0.0,10.0,5.0,5.0,6.0,13.0,1.0,12.0,4.0,2.0,0.0,4.0
42,9,2025-05-25,Trabzonspor,Samsunspor,2,2,0,T1,T1,Trabzonspor,Samsunspor,1.0,2.9,2.61,3.53,2.59,3.65,2.34,0.0,-0.25,2.19,1.65,2.85,1.8,2.0,2.01,1.79,2.58,1.87,1.98,3.43,2.6,3.55,2.3,2.15,1.67,2.8,1.8,2.0,2.05,1.75,2.4,1.8,2.0,3.4,2.63,3.5,2.25,2.88,2.4,3.2,2.63,3.5,2.24,1.69,3.1,,,2.12,1.86,2.76,1.98,2.0,3.55,2.78,1.09,2.34,2.3,,,,,,,2.24,1.7,2.9,1.86,2.05,2.07,1.86,2.91,1.92,2.05,3.53,2.76,3.67,2.34,2.24,1.65,1.81,2.03,2.06,1.81,1.87,2.02,2.9,2.55,3.53,2.76,3.57,2.33,,,,,,,2.0,13.0,0.0,7.0,3.0,2.0,11.0,15.0,0.0,22.0,5.0,1.0,0.0,5.0
42,10,2025-05-25,Liverpool,Crystal Palace,1,1,0,E0,E0,Liverpool,Crystal Palace,1.0,6.62,6.31,6.31,1.4,5.75,1.43,-1.5,-1.5,3.43,1.3,6.27,1.82,2.02,3.49,1.31,6.99,1.94,1.91,5.95,1.37,5.65,1.4,3.5,1.3,5.75,1.85,2.0,3.5,1.3,6.0,1.93,1.93,6.0,1.36,6.0,1.4,6.5,6.5,5.5,1.36,5.5,3.5,1.36,7.0,1.14,1.44,3.85,1.34,7.6,2.01,1.97,6.4,1.39,6.0,1.44,1.4,,,,,,,3.7,1.33,6.62,1.87,2.08,3.9,1.33,7.91,1.98,1.96,6.5,1.4,6.1,1.43,3.45,1.33,1.87,2.05,3.48,1.33,1.97,1.95,6.36,7.14,6.04,1.38,5.68,1.42,,,,,,,0.0,10.0,0.0,8.0,5.0,0.0,11.0,7.0,1.0,14.0,3.0,1.0,0.0,1.0
42,11,2025-05-25,Tottenham,Brighton,1,4,2,E0,E0,Tottenham,Brighton,1.0,1.73,1.95,4.12,3.63,4.54,4.38,0.5,0.75,3.34,1.32,1.71,1.85,1.97,2.69,1.47,1.91,1.89,1.95,4.02,3.71,4.43,4.23,3.4,1.33,1.7,1.85,2.0,2.63,1.5,1.85,1.9,1.95,4.0,3.7,4.33,4.2,1.7,1.87,3.9,3.75,4.4,3.65,1.35,1.75,1.75,1.64,2.92,1.51,1.93,1.93,2.06,4.2,3.95,4.7,4.4,4.2,,,,,,,3.55,1.34,1.73,1.92,2.02,2.8,1.51,1.95,1.93,2.01,4.15,3.9,4.55,4.38,3.38,1.34,1.88,2.02,2.72,1.49,1.93,2.0,1.71,1.92,4.06,3.83,4.52,4.33,,,,,,,11.0,8.0,0.0,23.0,8.0,1.0,2.0,13.0,0.0,4.0,2.0,0.0,1.0,3.0
42,12,2025-05-25,Empoli,Verona,1,2,2,I1,I1,Empoli,Verona,1.0,4.33,5.13,2.98,2.0,3.4,2.04,-0.5,-0.5,1.57,2.39,4.21,1.85,1.97,1.38,3.05,4.94,1.87,1.98,2.93,1.98,3.24,1.98,1.57,2.38,4.33,1.88,1.98,1.36,3.2,5.0,1.88,1.98,2.9,1.95,3.2,1.95,4.33,4.75,2.75,1.91,3.2,1.62,2.5,4.5,1.9,2.08,1.41,3.3,5.4,1.94,2.04,3.0,2.04,3.3,2.08,2.0,,,,,,,1.65,2.49,4.35,1.9,2.01,1.44,3.24,5.19,1.95,2.02,3.0,2.01,3.4,2.04,1.58,2.46,1.9,2.01,1.38,3.16,1.91,2.02,4.33,5.19,2.95,2.01,3.29,2.0,,,,,,,1.0,29.0,0.0,5.0,2.0,2.0,13.0,10.0,0.0,14.0,5.0,1.0,1.0,2.0
42,13,2025-05-25,Lazio,Lecce,0,1,2,I1,I1,Lazio,Lecce,1.0,6.85,8.05,4.33,1.48,3.86,1.64,-1.25,-1.0,2.01,1.82,7.09,1.92,1.89,2.3,1.63,7.66,1.92,1.93,4.45,1.44,3.72,1.56,2.03,1.83,7.5,1.95,1.9,2.3,1.62,8.5,1.93,1.93,4.5,1.4,3.7,1.53,7.0,7.0,4.0,1.4,3.6,2.04,1.9,8.2,1.41,1.86,2.42,1.68,8.6,1.98,1.98,4.9,1.46,4.0,1.57,1.57,,,,,,,2.06,1.89,8.0,1.97,1.94,2.32,1.68,8.5,1.98,1.97,4.8,1.49,3.86,1.64,2.04,1.85,1.96,1.94,2.32,1.66,1.95,1.97,7.99,8.07,4.59,1.45,3.74,1.55,,,,,,,4.0,11.0,1.0,9.0,3.0,3.0,14.0,11.0,1.0,26.0,7.0,1.0,0.0,2.0
42,14,2025-05-25,Udinese,Fiorentina,2,3,2,I1,I1,Udinese,Fiorentina,1.0,2.06,2.33,3.46,3.21,3.73,3.81,0.25,0.5,1.87,1.95,1.99,1.97,1.86,1.97,1.85,2.37,2.0,1.82,3.36,3.03,3.64,3.68,1.88,1.98,2.0,2.0,1.85,2.0,1.8,2.35,2.05,1.8,3.5,2.9,3.6,3.7,2.0,2.25,3.1,3.0,3.6,1.92,1.98,2.08,2.08,1.91,2.1,1.87,2.48,2.11,1.88,3.45,3.2,3.75,3.9,3.8,,,,,,,1.94,2.0,2.06,2.02,1.91,2.11,1.99,2.45,2.11,1.87,3.5,3.21,3.75,3.81,1.92,1.97,2.02,1.89,2.05,1.86,2.1,1.84,2.01,2.43,3.44,3.08,3.75,3.71,,,,,,,8.0,6.0,0.0,25.0,11.0,2.0,2.0,15.0,1.0,12.0,3.0,0.0,1.0,3.0
42,15,2025-05-25,Venezia,Juventus,2,3,2,I1,I1,Venezia,Juventus,1.0,1.6,1.46,5.16,6.45,4.43,6.12,1.25,1.0,1.97,1.85,1.55,1.94,1.88,2.43,1.56,1.46,1.98,1.87,4.75,6.57,4.23,5.8,1.98,1.88,1.53,1.95,1.9,2.38,1.57,1.48,2.0,1.85,4.75,6.0,4.33,5.75,1.55,1.4,4.33,6.5,4.2,2.02,1.91,1.6,1.88,1.89,2.66,1.58,1.5,2.04,1.93,4.8,7.6,4.4,6.4,6.0,,,,,,,2.02,1.92,1.6,1.99,1.94,2.58,1.61,1.5,2.04,1.93,5.16,7.0,4.43,6.12,2.01,1.88,1.99,1.92,2.49,1.58,2.03,1.89,1.56,1.47,4.77,6.82,4.33,5.97,,,,,,,6.0,18.0,0.0,15.0,5.0,2.0,6.0,10.0,0.0,12.0,5.0,2.0,1.0,1.0
49,1,2025-07-12,Goteborg,Elfsborg,1,2,2,new_SWE,Sweden/Allsvenskan,Goteborg,Elfsborg,1.0,,,,,,,,,,,,,,,,2.73,,,3.35,2.4,,,,,,,,,,,,,,,,,,,,,,,,,,,,,2.98,,,3.65,2.5,,,,,,,,,,,,,,,,,2.89,,,3.55,2.5,,,,,,,,,,,,2.89,3.5,2.44,,,,,,,,,,,,,,,,,,,,,,
49,2,2025-07-12,Malmo FF,Norrkoping,3,1,1,new_SWE,Sweden/Allsvenskan,Malmo FF,Norrkoping,1.0,,,,,,,,,,,,,,,,9.95,,,5.78,1.24,,,,,,,,,,,,,,,,,,,,,,,,,,,,,13.0,,,6.4,1.29,,,,,,,,,,,,,,,,,12.0,,,6.25,1.27,,,,,,,,,,,,11.16,6.06,1.26,,,,,,,,,,,,,,,,,,,,,,
49,3,2025-07-13,Brommapojkarna,Oster,2,0,1,new_SWE,Sweden/Allsvenskan,Brommapojkarna,Oster,1.0,,,,,,,,,,,,,,,,5.72,,,4.35,1.48,,,,,,,,,,,,,,,,,,,,,,,,,,,,,6.0,,,4.8,1.58,,,,,,,,,,,,,,,,,6.16,,,4.6,1.52,,,,,,,,,,,,6.16,4.56,1.51,,,,,,,,,,,,,,,,,,,,,,
49,4,2025-07-13,GAIS,Hammarby,3,2,1,new_SWE,Sweden/Allsvenskan,GAIS,Hammarby,1.0,,,,,,,,,,,,,,,,2.75,,,3.21,2.47,,,,,,,,,,,,,,,,,,,,,,,,,,,,,3.05,,,3.4,2.62,,,,,,,,,,,,,,,,,2.89,,,3.33,2.65,,,,,,,,,,,,2.89,3.33,2.52,,,,,,,,,,,,,,,,,,,,,,
49,5,2025-07-13,Hacken,Halmstad,4,1,1,new_SWE,Sweden/Allsvenskan,Hacken,Halmstad,1.0,,,,,,,,,,,,,,,,4.49,,,3.96,1.65,,,,,,,,,,,,,,,,,,,,,,,,,,,,,5.1,,,4.2,1.74,,,,,,,,,,,,,,,,,4.9,,,4.3,1.71,,,,,,,,,,,,4.58,4.12,1.71,,,,,,,,,,,,,,,,,,,,,,
49,6,2025-07-12,Bodo/Glimt,Sandefjord,2,0,1,new_NOR,Norway/Eliteserien,Bodo/Glimt,Sandefjord,1.0,,,,,,,,,,,,,,,,8.35,,,5.89,1.27,,,,,,,,,,,,,,,,,,,,,,,,,,,,,10.0,,,7.0,1.31,,,,,,,,,,,,,,,,,9.0,,,6.46,1.31,,,,,,,,,,,,8.83,6.46,1.29,,,,,,,,,,,,,,,,,,,,,,
49,7,2025-07-12,Fredrikstad,Molde,4,2,1,new_NOR,Norway/Eliteserien,Fredrikstad,Molde,1.0,,,,,,,,,,,,,,,,2.73,,,3.2,2.5,,,,,,,,,,,,,,,,,,,,,,,,,,,,,2.92,,,3.35,2.74,,,,,,,,,,,,,,,,,2.86,,,3.4,2.69,,,,,,,,,,,,2.86,3.21,2.69,,,,,,,,,,,,,,,,,,,,,,
49,8,2025-07-13,Bryne,Valerenga,1,0,1,new_NOR,Norway/Eliteserien,Bryne,Valerenga,1.0,,,,,,,,,,,,,,,,2.6,,,3.42,2.47,,,,,,,,,,,,,,,,,,,,,,,,,,,,,2.78,,,3.6,2.7,,,,,,,,,,,,,,,,,2.72,,,3.65,2.61,,,,,,,,,,,,2.72,3.53,2.61,,,,,,,,,,,,,,,,,,,,,,
49,9,2025-07-13,Haugesund,KFUM Oslo,0,2,2,new_NOR,Norway/Eliteserien,Haugesund,KFUM Oslo,1.0,,,,,,,,,,,,,,,,1.79,,,3.45,4.28,,,,,,,,,,,,,,,,,,,,,,,,,,,,,1.87,,,3.7,5.0,,,,,,,,,,,,,,,,,1.84,,,3.66,4.75,,,,,,,,,,,,1.82,3.66,4.75,,,,,,,,,,,,,,,,,,,,,,
49,10,2025-07-13,Kristiansund,Sarpsborg 08,0,0,0,new_NOR,Norway/Eliteserien,Kristiansund,Sarpsborg 08,1.0,,,,,,,,,,,,,,,,2.26,,,3.71,2.71,,,,,,,,,,,,,,,,,,,,,,,,,,,,,2.42,,,4.0,2.9,,,,,,,,,,,,,,,,,2.35,,,3.91,2.85,,,,,,,,,,,,2.35,3.91,2.85,,,,,,,,,,,,,,,,,,,,,,
49,11,2025-07-13,Rosenborg,HamKam,2,0,1,new_NOR,Norway/Eliteserien,Rosenborg,HamKam,1.0,,,,,,,,,,,,,,,,5.93,,,4.41,1.46,,,,,,,,,,,,,,,,,,,,,,,,,,,,,7.2,,,4.8,1.51,,,,,,,,,,,,,,,,,6.38,,,4.72,1.5,,,,,,,,,,,,6.38,4.72,1.5,,,,,,,,,,,,,,,,,,,,,,
49,12,2025-07-13,Brann,Viking,3,1,1,new_NOR,Norway/Eliteserien,Brann,Viking,1.0,,,,,,,,,,,,,,,,2.91,,,3.58,2.19,,,,,,,,,,,,,,,,,,,,,,,,,,,,,3.25,,,3.9,2.26,,,,,,,,,,,,,,,,,3.1,,,3.83,2.25,,,,,,,,,,,,3.08,3.83,2.24,,,,,,,,,,,,,,,,,,,,,,
49,13,2025-07-12,Inter Turku,Jaro,3,1,1,new_FIN,Finland/Veikkausliiga,Inter Turku,Jaro,1.0,,,,,,,,,,,,,,,,9.37,,,5.23,1.26,,,,,,,,,,,,,,,,,,,,,,,,,,,,,13.0,,,6.0,1.31,,,,,,,,,,,,,,,,,11.3,,,5.6,1.31,,,,,,,,,,,,11.3,5.5,1.3,,,,,,,,,,,,,,,,,,,,,,
49,14,2025-07-13,Gnistan,Haka,2,0,1,new_FIN,Finland/Veikkausliiga,Gnistan,Haka,1.0,,,,,,,,,,,,,,,,2.96,,,3.54,2.12,,,,,,,,,,,,,,,,,,,,,,,,,,,,,3.25,,,3.9,2.26,,,,,,,,,,,,,,,,,3.19,,,3.74,2.21,,,,,,,,,,,,3.19,3.74,2.21,,,,,,,,,,,,,,,,,,,,,,
49,15,2025-07-13,AC Oulu,KTP,3,2,1,new_FIN,Finland/Veikkausliiga,AC Oulu,KTP,1.0,,,,,,,,,,,,,,,,4.05,,,3.75,1.73,,,,,,,,,,,,,,,,,,,,,,,,,,,,,4.6,,,4.2,1.81,,,,,,,,,,,,,,,,,4.46,,,4.07,1.77,,,,,,,,,,,,4.46,4.07,1.77,,,,,,,,,,,,,,,,,,,,,,
