week,no,kickoff,home,away,hg,ag,code,kaynak_dosya,kaynak_lig,kaynak_ev,kaynak_dep,guven,AHCh,AHh,Avg<2.5,Avg>2.5,AvgA,AvgAHA,AvgAHH,AvgC<2.5,AvgC>2.5,AvgCA,AvgCAHA,AvgCAHH,AvgCD,AvgCH,AvgD,AvgH,B365<2.5,B365>2.5,B365A,B365AHA,B365AHH,B365C<2.5,B365C>2.5,B365CA,B365CAHA,B365CAHH,B365CD,B365CH,B365D,B365H,BWA,BWCA,BWCD,BWCH,BWD,BWH,IWA,IWCA,IWCD,IWCH,IWD,IWH,Max<2.5,Max>2.5,MaxA,MaxAHA,MaxAHH,MaxC<2.5,MaxC>2.5,MaxCA,MaxCAHA,MaxCAHH,MaxCD,MaxCH,MaxD,MaxH,P<2.5,P>2.5,PAHA,PAHH,PC<2.5,PC>2.5,PCAHA,PCAHH,PSA,PSCA,PSCD,PSCH,PSD,PSH,VCA,VCCA,VCCD,VCCH,VCD,VCH,WHA,WHCA,WHCD,WHCH,WHD,WHH,stat_AC,stat_AF,stat_AR,stat_AS,stat_AST,stat_AY,stat_HC,stat_HF,stat_HR,stat_HS,stat_HST,stat_HTAG,stat_HTHG,stat_HY
21,1,2022-12-23,Antalyaspor,Ankaragucu,0,2,2,T1,T1,Antalyaspor,Ankaragucu,1.0,-0.25,-0.25,1.76,2.06,3.45,2.01,1.84,1.78,2.04,3.41,1.99,1.86,3.34,2.14,3.35,2.12,1.75,2.05,3.4,2.02,1.83,1.75,2.05,3.3,2.0,1.85,3.5,2.1,3.5,2.1,3.4,3.4,3.3,2.1,3.3,2.1,3.4,3.35,3.35,2.2,3.4,2.15,1.83,2.16,3.66,2.08,1.87,1.85,2.1,3.62,2.05,1.91,3.5,2.22,3.52,2.18,1.79,2.1,2.05,1.86,1.81,2.08,2.02,1.89,3.66,3.55,3.42,2.2,3.38,2.18,3.5,3.5,3.3,2.15,3.3,2.15,3.3,3.4,3.2,2.15,3.4,2.1,6.0,12.0,0.0,8.0,2.0,2.0,1.0,9.0,0.0,11.0,2.0,0.0,0.0,2.0
21,2,2022-12-23,Umraniyespor,Buyuksehyr,1,3,2,T1,T1,Umraniyespor,Buyuksehyr,1.0,0.5,0.25,1.75,2.08,2.19,1.89,1.96,1.79,2.02,2.01,2.01,1.84,3.42,3.7,3.31,3.34,1.73,2.08,2.15,1.9,1.95,1.83,2.02,1.91,1.95,1.9,3.5,3.75,3.3,3.3,2.15,1.95,3.4,3.75,3.25,3.4,2.2,2.05,3.4,3.65,3.3,3.3,1.8,2.14,2.26,1.95,2.02,1.91,2.09,2.15,2.1,1.95,3.64,4.1,3.5,3.48,1.78,2.13,1.93,1.98,1.85,2.05,2.0,1.9,2.24,2.0,3.56,4.02,3.41,3.47,2.2,2.0,3.4,3.75,3.3,3.4,2.15,2.0,3.4,3.6,3.2,3.4,2.0,18.0,0.0,12.0,4.0,1.0,1.0,16.0,0.0,11.0,5.0,1.0,1.0,3.0
21,3,2022-12-24,Hatayspor,Giresunspor,1,1,0,T1,T1,Hatayspor,Giresunspor,1.0,-0.25,-0.25,2.02,1.8,3.14,1.95,1.89,2.09,1.74,3.38,2.04,1.81,3.61,2.05,3.57,2.16,2.0,1.8,3.1,1.95,1.9,2.08,1.73,3.3,2.05,1.8,3.75,2.05,3.6,2.15,3.1,3.2,3.5,2.1,3.6,2.1,3.15,3.25,3.65,2.1,3.6,2.15,2.11,1.86,3.32,2.02,1.97,2.16,1.8,3.57,2.13,1.87,3.8,2.11,3.7,2.25,2.03,1.86,1.95,1.95,2.15,1.76,2.09,1.83,3.21,3.52,3.7,2.11,3.68,2.25,3.2,3.4,3.6,2.05,3.6,2.15,3.3,3.4,3.6,2.0,3.4,2.1,4.0,12.0,0.0,12.0,4.0,3.0,4.0,10.0,0.0,11.0,4.0,0.0,0.0,2.0
21,4,2022-12-24,Kasimpasa,Sivasspor,1,2,2,T1,T1,Kasimpasa,Sivasspor,1.0,-0.25,-0.25,1.94,1.87,3.09,1.89,1.96,2.12,1.72,3.07,1.92,1.93,3.55,2.21,3.4,2.26,1.95,1.9,3.1,1.9,1.95,2.08,1.73,3.1,1.93,1.93,3.5,2.15,3.5,2.2,2.95,3.0,3.6,2.15,3.5,2.2,3.05,3.05,3.6,2.25,3.45,2.3,2.03,1.95,3.3,1.94,1.99,2.26,2.0,3.25,1.97,1.97,3.7,2.3,3.6,2.32,1.94,1.94,1.92,1.99,2.15,1.76,1.93,1.97,3.3,3.25,3.58,2.28,3.4,2.32,3.13,3.13,3.5,2.25,3.4,2.25,3.1,3.1,3.5,2.15,3.3,2.25,6.0,9.0,0.0,9.0,3.0,2.0,4.0,18.0,0.0,10.0,1.0,1.0,1.0,4.0
21,5,2022-12-24,Trabzonspor,Fenerbahce,2,0,1,T1,T1,Trabzonspor,Fenerbahce,1.0,0.25,0.0,2.04,1.78,2.47,1.82,2.02,1.87,1.93,2.48,2.14,1.74,3.28,2.83,3.43,2.75,2.0,1.8,2.45,1.85,2.0,1.9,1.95,2.45,2.05,1.75,3.3,2.9,3.5,2.75,2.4,2.4,3.25,2.8,3.5,2.7,2.5,2.5,3.35,2.8,3.4,2.75,2.11,1.82,2.56,1.89,2.08,1.95,1.99,2.6,2.18,1.81,3.45,3.08,3.66,2.86,2.07,1.81,1.86,2.05,1.93,1.96,2.17,1.76,2.56,2.54,3.37,2.97,3.52,2.83,2.55,2.5,3.3,2.88,3.3,2.8,2.4,2.4,3.2,2.9,3.4,2.75,2.0,19.0,1.0,8.0,0.0,5.0,5.0,20.0,0.0,18.0,7.0,0.0,0.0,4.0
21,6,2022-12-25,Ad. Demirspor,Karagumruk,2,1,1,T1,T1,Ad. Demirspor,Karagumruk,1.0,-1.0,-0.75,2.2,1.67,4.6,1.95,1.89,3.04,1.37,4.57,1.84,2.0,4.42,1.62,3.89,1.71,2.15,1.67,4.75,1.95,1.9,3.1,1.36,4.5,1.85,2.0,4.5,1.6,3.8,1.67,4.5,4.5,4.4,1.6,3.9,1.68,4.6,4.5,4.4,1.65,3.85,1.73,2.29,1.72,4.93,2.0,1.94,3.25,1.4,5.0,1.9,2.07,4.7,1.68,4.18,1.75,2.21,1.72,1.96,1.94,3.1,1.4,1.88,2.03,4.91,4.9,4.5,1.65,3.91,1.75,4.75,4.8,4.5,1.6,3.9,1.7,4.6,4.75,4.2,1.6,3.9,1.67,4.0,10.0,0.0,14.0,3.0,2.0,4.0,15.0,0.0,16.0,6.0,1.0,2.0,3.0
21,7,2022-12-25,Gaziantep,Besiktas,1,1,0,T1,T1,Gaziantep,Besiktas,1.0,0.75,0.5,2.24,1.64,1.85,1.86,1.99,2.38,1.57,1.72,1.92,1.93,4.06,4.33,3.88,3.8,2.25,1.62,1.83,1.85,2.0,2.35,1.57,1.7,1.98,1.88,4.0,4.0,4.0,3.75,1.88,1.72,4.0,4.1,3.75,3.6,1.9,1.73,4.1,4.3,3.8,3.7,2.31,1.69,1.94,1.91,2.06,2.56,1.63,1.8,2.01,2.0,4.36,4.8,4.15,4.23,2.3,1.67,1.85,2.06,2.37,1.63,1.99,1.92,1.85,1.78,4.09,4.44,4.15,4.01,1.85,1.73,4.1,4.33,3.75,4.0,1.85,1.73,4.0,4.2,3.7,3.8,4.0,9.0,0.0,20.0,1.0,2.0,2.0,15.0,0.0,10.0,3.0,0.0,0.0,4.0
21,8,2022-12-25,Konyaspor,Alanyaspor,2,2,0,T1,T1,Konyaspor,Alanyaspor,1.0,-0.75,-0.75,2.07,1.75,4.36,1.83,2.02,2.38,1.58,4.11,1.84,2.01,3.87,1.79,3.67,1.79,2.08,1.73,4.0,1.77,2.02,2.3,1.6,4.0,1.85,2.0,3.75,1.75,3.8,1.8,4.2,4.0,3.9,1.77,3.6,1.78,4.2,4.1,3.85,1.8,3.7,1.83,2.13,1.8,4.77,1.88,2.07,2.55,1.65,4.47,1.9,2.05,4.1,1.83,3.96,1.86,2.12,1.78,1.85,2.07,2.34,1.65,1.87,2.04,4.77,4.45,3.95,1.81,3.67,1.83,4.5,4.1,3.9,1.8,3.6,1.8,4.33,4.2,3.7,1.8,3.6,1.78,5.0,21.0,0.0,15.0,6.0,4.0,4.0,9.0,0.0,10.0,3.0,0.0,1.0,3.0
21,9,2022-12-25,Galatasaray,Istanbulspor,2,1,1,T1,T1,Galatasaray,Istanbulspor,1.0,-2.0,-1.75,2.74,1.44,10.43,1.94,1.9,3.73,1.27,12.32,2.03,1.82,7.31,1.19,6.12,1.25,2.7,1.44,9.0,1.93,1.93,4.0,1.25,11.0,2.0,1.85,7.0,1.2,6.0,1.25,10.5,10.5,7.25,1.21,5.75,1.25,11.0,11.0,7.25,1.2,6.0,1.27,2.88,1.48,12.0,1.99,1.99,4.0,1.31,17.0,2.17,1.88,8.2,1.23,6.7,1.28,2.77,1.47,1.94,1.94,3.85,1.28,2.01,1.88,10.68,12.2,7.11,1.23,6.35,1.27,12.0,13.0,7.5,1.18,6.0,1.25,11.0,13.0,6.5,1.2,5.8,1.24,5.0,7.0,0.0,12.0,2.0,2.0,12.0,13.0,0.0,17.0,5.0,0.0,2.0,4.0
21,10,2022-12-26,Brentford,Tottenham,2,2,0,E0,E0,Brentford,Tottenham,1.0,0.25,0.5,2.01,1.8,1.95,1.95,1.92,2.09,1.77,2.1,1.83,2.06,3.66,3.46,3.74,3.85,2.0,1.8,1.91,1.95,1.95,2.1,1.73,2.1,1.91,1.99,3.6,3.3,3.6,4.0,1.95,2.1,3.6,3.4,3.7,3.7,1.95,2.15,3.5,3.35,3.65,3.85,2.11,1.86,2.04,2.0,1.99,2.23,1.82,2.21,1.94,2.18,3.8,3.72,3.9,4.05,2.11,1.81,1.93,1.99,2.12,1.8,1.91,2.01,1.93,2.2,3.68,3.36,3.89,4.0,1.91,2.1,3.5,3.4,3.5,3.8,1.95,2.05,3.5,3.5,3.6,3.75,5.0,10.0,0.0,16.0,8.0,1.0,6.0,11.0,0.0,9.0,5.0,0.0,1.0,3.0
21,11,2022-12-26,Crystal Palace,Fulham,0,3,2,E0,E0,Crystal Palace,Fulham,1.0,-0.25,-0.5,1.85,1.97,3.58,1.82,2.06,1.89,1.94,3.31,1.95,1.92,3.51,2.22,3.55,2.07,1.88,2.02,3.5,1.83,2.07,1.92,1.98,3.1,1.97,1.93,3.6,2.2,3.6,2.05,3.5,3.25,3.4,2.2,3.4,2.05,3.5,3.2,3.5,2.2,3.5,2.1,1.93,2.03,3.7,1.86,2.11,2.03,1.99,3.53,2.03,1.98,3.68,2.32,3.68,2.12,1.89,2.02,1.85,2.09,1.92,1.99,1.95,1.97,3.68,3.3,3.55,2.29,3.66,2.09,3.7,3.2,3.3,2.2,3.3,2.0,3.5,3.25,3.4,2.2,3.5,2.05,8.0,15.0,0.0,23.0,11.0,0.0,1.0,12.0,2.0,4.0,0.0,1.0,0.0,0.0
21,12,2022-12-26,Everton,Wolves,1,2,2,E0,E0,Everton,Wolves,1.0,0.0,-0.25,1.68,2.2,3.24,1.88,2.0,1.65,2.27,3.01,2.11,1.78,3.21,2.52,3.25,2.35,1.67,2.2,3.2,1.9,2.0,1.62,2.3,3.0,2.13,1.78,3.25,2.4,3.25,2.3,3.1,2.95,3.1,2.45,3.25,2.3,3.2,3.0,3.2,2.5,3.25,2.35,1.74,2.28,3.35,1.93,2.05,1.73,2.4,3.28,2.17,1.83,3.35,2.62,3.44,2.45,1.71,2.25,1.88,2.05,1.68,2.29,2.15,1.8,3.34,3.07,3.25,2.57,3.26,2.41,3.2,2.9,3.1,2.5,3.13,2.3,3.2,3.0,3.2,2.45,3.2,2.3,2.0,22.0,0.0,7.0,4.0,6.0,2.0,9.0,0.0,12.0,6.0,1.0,1.0,1.0
21,13,2022-12-26,Leicester,Newcastle,0,3,2,E0,E0,Leicester,Newcastle,1.0,0.25,0.25,2.0,1.83,2.21,1.92,1.94,1.91,1.92,2.16,1.87,2.01,3.49,3.44,3.54,3.24,2.04,1.86,2.2,1.94,1.96,1.91,1.99,2.15,1.91,1.99,3.5,3.3,3.5,3.25,2.15,2.1,3.4,3.4,3.5,3.2,2.2,2.1,3.5,3.4,3.5,3.2,2.07,1.93,2.28,1.98,2.0,2.03,2.02,2.28,1.94,2.07,3.65,3.65,3.68,3.36,2.07,1.85,1.93,2.0,1.91,2.0,1.92,2.01,2.22,2.23,3.51,3.47,3.64,3.36,2.2,2.15,3.3,3.3,3.4,3.13,2.15,2.15,3.3,3.4,3.5,3.25,5.0,6.0,0.0,12.0,5.0,0.0,5.0,9.0,0.0,8.0,2.0,3.0,0.0,0.0
21,14,2022-12-26,Southampton,Brighton,1,3,2,E0,E0,Southampton,Brighton,1.0,0.25,0.25,1.89,1.89,2.15,1.85,2.01,1.87,1.97,2.11,1.82,2.06,3.48,3.6,3.51,3.4,1.96,1.94,2.15,1.87,2.03,1.88,2.02,2.05,1.79,2.11,3.5,3.5,3.5,3.3,2.1,2.05,3.4,3.6,3.4,3.4,2.15,2.15,3.35,3.45,3.5,3.3,1.97,1.98,2.22,1.89,2.05,1.93,2.12,2.18,1.86,2.16,3.6,3.83,3.66,3.59,1.97,1.93,1.88,2.05,1.89,2.01,1.79,2.06,2.18,2.08,3.52,3.83,3.6,3.5,2.1,2.1,3.3,3.4,3.3,3.4,2.1,2.05,3.3,3.7,3.4,3.4,2.0,10.0,0.0,7.0,4.0,2.0,4.0,9.0,0.0,14.0,4.0,2.0,0.0,1.0
21,15,2022-12-26,Aston Villa,Liverpool,1,3,2,E0,E0,Aston Villa,Liverpool,1.0,0.75,0.75,2.27,1.65,1.75,1.95,1.91,2.29,1.65,1.72,1.91,1.96,4.05,4.79,4.04,4.51,2.2,1.67,1.7,2.0,1.9,2.2,1.67,1.7,1.92,1.98,3.8,4.75,4.0,4.75,1.7,1.7,4.0,4.6,4.1,4.5,1.75,1.73,3.8,4.8,3.85,4.5,2.38,1.72,1.8,2.02,1.97,2.41,1.72,1.76,1.95,2.02,4.3,5.0,4.26,4.85,2.31,1.68,2.01,1.92,2.32,1.68,1.93,2.0,1.79,1.73,4.13,4.89,4.09,4.51,1.73,1.67,3.9,4.75,3.8,4.4,1.7,1.7,3.8,4.75,4.0,4.6,6.0,12.0,0.0,16.0,9.0,0.0,0.0,7.0,0.0,12.0,6.0,2.0,0.0,0.0
22,1,2022-12-30,West Ham,Brentford,0,2,2,E0,E0,West Ham,Brentford,1.0,-0.25,-0.5,1.89,1.93,3.64,1.83,2.05,1.97,1.85,3.58,2.09,1.79,3.6,2.06,3.59,2.06,1.95,1.98,3.6,1.87,2.06,2.03,1.9,3.5,2.02,1.77,3.6,2.0,3.6,2.0,3.5,3.6,3.5,2.05,3.5,2.05,3.6,3.55,3.55,2.05,3.55,2.05,1.95,2.0,3.78,1.87,2.11,2.13,1.92,3.85,2.16,1.86,3.75,2.15,3.7,2.12,1.94,1.96,1.85,2.08,2.04,1.87,2.07,1.86,3.73,3.53,3.65,2.15,3.66,2.08,3.4,3.6,3.4,2.0,3.5,2.05,3.6,3.6,3.5,2.0,3.5,2.0,1.0,5.0,0.0,9.0,6.0,0.0,8.0,9.0,0.0,20.0,5.0,2.0,0.0,1.0
22,2,2022-12-30,Liverpool,Leicester,2,1,1,E0,E0,Liverpool,Leicester,1.0,-1.75,-1.75,2.8,1.44,9.64,1.86,2.01,2.88,1.42,11.81,2.06,1.82,6.45,1.25,6.03,1.3,2.75,1.44,9.5,1.89,2.04,2.75,1.44,11.0,2.09,1.84,6.0,1.25,6.0,1.29,9.25,12.0,6.5,1.24,5.75,1.3,9.0,12.0,6.0,1.25,6.0,1.3,2.95,1.47,10.75,1.9,2.04,3.0,1.45,13.25,2.17,1.85,7.2,1.28,6.55,1.33,2.91,1.44,1.88,2.03,2.94,1.43,2.1,1.81,9.55,12.34,6.43,1.26,6.08,1.31,10.5,11.5,6.5,1.2,5.75,1.25,10.0,12.0,6.0,1.24,5.8,1.27,5.0,15.0,0.0,7.0,2.0,1.0,4.0,8.0,0.0,21.0,5.0,1.0,2.0,0.0
22,3,2022-12-31,Wolves,Man United,0,1,2,E0,E0,Wolves,Man United,1.0,0.5,0.5,1.86,1.97,1.92,1.92,1.95,1.95,1.88,1.93,1.94,1.94,3.63,4.07,3.64,4.09,1.9,2.03,1.91,1.93,2.0,1.99,1.91,1.91,1.96,1.97,3.6,4.0,3.6,4.0,1.9,1.88,3.5,4.1,3.6,3.9,1.9,1.95,3.6,3.85,3.6,4.0,1.93,2.06,1.98,1.96,2.03,2.03,1.95,1.99,1.98,1.99,3.84,4.53,3.76,4.31,1.93,1.98,1.94,1.98,2.01,1.9,1.96,1.96,1.94,1.96,3.69,4.12,3.71,4.16,1.87,1.87,3.5,4.0,3.4,4.1,1.95,1.85,3.5,4.2,3.5,3.9,5.0,11.0,0.0,16.0,6.0,3.0,7.0,11.0,0.0,10.0,3.0,0.0,0.0,1.0
22,4,2022-12-31,Bournemouth,Crystal Palace,0,2,2,E0,E0,Bournemouth,Crystal Palace,1.0,0.0,0.0,1.73,2.13,2.55,1.81,2.07,1.65,2.28,2.61,1.83,2.05,3.16,2.93,3.27,2.91,1.73,2.1,2.5,1.84,2.09,1.62,2.3,2.55,1.85,2.08,3.2,2.88,3.3,2.8,2.5,2.6,3.1,2.85,3.25,2.85,2.5,2.6,3.15,2.8,3.25,2.85,1.8,2.2,2.66,1.85,2.11,1.7,2.35,2.7,1.88,2.1,3.27,3.12,3.4,3.03,1.75,2.19,1.84,2.1,1.68,2.31,1.85,2.09,2.6,2.65,3.22,3.01,3.32,2.97,2.5,2.55,3.0,2.88,3.13,2.88,2.5,2.6,3.1,2.8,3.2,2.9,7.0,11.0,0.0,15.0,6.0,1.0,2.0,17.0,0.0,6.0,2.0,2.0,0.0,4.0
22,5,2022-12-31,Fulham,Southampton,2,1,1,E0,E0,Fulham,Southampton,1.0,-0.5,-0.5,2.11,1.74,3.77,1.86,2.01,2.08,1.78,4.36,2.05,1.83,3.8,1.83,3.57,2.02,2.1,1.73,3.75,1.9,2.03,2.1,1.73,4.2,2.02,1.77,3.8,1.8,3.6,1.95,3.6,4.33,3.7,1.8,3.6,1.98,3.65,4.3,3.75,1.83,3.6,2.0,2.19,1.8,4.02,1.92,2.08,2.23,1.83,4.67,2.12,1.89,3.9,1.91,3.7,2.09,2.17,1.76,1.89,2.04,2.12,1.79,2.09,1.83,3.95,4.47,3.9,1.84,3.59,2.04,3.6,4.33,3.7,1.75,3.6,1.95,3.6,4.33,3.6,1.8,3.5,2.0,4.0,13.0,0.0,9.0,3.0,1.0,4.0,8.0,0.0,8.0,2.0,0.0,1.0,0.0
22,6,2022-12-31,Man City,Everton,1,1,0,E0,E0,Man City,Everton,1.0,-2.25,-2.5,3.04,1.38,21.51,1.82,2.07,3.22,1.35,18.7,1.94,1.93,8.52,1.15,8.61,1.14,3.2,1.36,19.0,1.86,2.07,3.2,1.36,19.0,2.05,1.88,8.0,1.14,9.0,1.13,21.0,16.5,7.25,1.15,8.25,1.13,20.0,17.0,8.0,1.15,8.75,1.12,3.2,1.42,25.0,1.87,2.15,3.41,1.38,22.0,2.15,2.04,9.8,1.18,10.0,1.17,3.09,1.4,1.85,2.07,3.28,1.36,1.95,1.95,23.85,20.0,9.75,1.15,7.97,1.16,23.0,19.0,8.5,1.11,9.0,1.09,23.0,21.0,7.5,1.14,8.5,1.11,1.0,14.0,0.0,2.0,1.0,4.0,7.0,13.0,0.0,16.0,3.0,0.0,1.0,3.0
22,7,2022-12-31,Newcastle,Leeds,0,0,0,E0,E0,Newcastle,Leeds,1.0,-1.25,-1.25,2.29,1.64,6.73,1.87,2.01,2.26,1.65,6.98,1.86,2.01,4.74,1.46,4.73,1.47,2.3,1.62,7.0,1.9,2.03,2.3,1.62,6.5,1.86,2.07,4.75,1.45,4.5,1.45,6.25,6.5,4.6,1.46,4.75,1.46,6.5,6.75,4.7,1.45,4.7,1.45,2.36,1.7,7.3,1.93,2.06,2.45,1.72,7.7,1.9,2.08,4.9,1.49,4.9,1.51,2.33,1.67,1.88,2.05,2.3,1.68,1.85,2.02,6.8,6.94,4.87,1.46,4.8,1.49,7.0,7.0,4.4,1.44,4.6,1.4,7.0,7.0,4.5,1.44,4.5,1.44,3.0,19.0,0.0,8.0,1.0,5.0,9.0,13.0,0.0,16.0,5.0,0.0,0.0,3.0
22,8,2022-12-31,Brighton,Arsenal,2,4,2,E0,E0,Brighton,Arsenal,1.0,0.5,0.25,2.0,1.84,2.12,1.83,2.04,1.94,1.89,1.88,1.88,2.0,3.67,4.29,3.56,3.46,2.04,1.89,2.1,1.87,2.06,2.01,1.89,1.85,1.87,2.06,3.75,4.2,3.5,3.4,2.1,1.88,3.5,4.1,3.5,3.4,2.15,1.9,3.6,4.2,3.45,3.4,2.08,1.91,2.17,1.9,2.09,2.09,1.96,1.95,1.94,2.07,3.98,4.78,3.72,3.6,2.02,1.89,1.85,2.09,1.98,1.93,1.87,2.06,2.13,1.87,3.77,4.47,3.62,3.6,2.1,1.83,3.5,4.2,3.4,3.4,2.1,1.78,3.7,4.4,3.5,3.4,4.0,11.0,0.0,14.0,7.0,3.0,7.0,7.0,0.0,9.0,5.0,2.0,0.0,3.0
22,9,2023-01-01,Tottenham,Aston Villa,0,2,2,E0,E0,Tottenham,Aston Villa,1.0,-0.75,-0.75,2.06,1.77,4.94,2.02,1.86,2.27,1.65,5.09,2.05,1.84,4.16,1.66,4.06,1.68,2.0,1.8,5.0,2.06,1.87,2.3,1.62,5.25,2.09,1.84,4.2,1.65,4.0,1.67,4.8,4.8,4.1,1.65,4.0,1.65,4.9,5.0,4.1,1.65,4.0,1.67,2.15,1.83,5.25,2.08,1.9,2.46,1.72,5.67,2.13,1.87,4.4,1.7,4.22,1.73,2.11,1.8,2.03,1.89,2.44,1.61,2.06,1.87,5.01,5.1,4.26,1.68,4.21,1.7,5.25,5.25,4.0,1.6,3.8,1.62,5.0,5.5,4.0,1.6,3.9,1.65,3.0,10.0,0.0,13.0,4.0,3.0,5.0,15.0,0.0,6.0,2.0,0.0,0.0,4.0
22,10,2023-01-01,Nott'm Forest,Chelsea,1,1,0,E0,E0,Nott'm Forest,Chelsea,1.0,1.0,0.75,1.85,1.96,1.69,1.88,1.98,1.94,1.89,1.61,2.06,1.83,4.08,5.77,3.88,5.21,1.91,2.02,1.7,1.91,2.02,1.99,1.91,1.62,2.07,1.86,4.0,5.5,3.8,5.0,1.68,1.6,4.0,5.5,3.8,5.0,1.7,1.6,4.0,5.5,3.8,5.0,1.92,2.05,1.74,1.92,2.03,2.03,1.96,1.65,2.1,1.9,4.2,6.23,4.0,5.5,1.89,2.02,1.9,2.03,2.0,1.91,2.08,1.84,1.7,1.63,4.2,5.8,3.98,5.43,1.65,1.57,3.9,5.75,3.7,5.25,1.7,1.57,3.9,6.0,3.7,5.0,2.0,14.0,0.0,7.0,2.0,2.0,1.0,16.0,0.0,12.0,5.0,1.0,0.0,2.0
22,11,2023-01-01,Angers,Lorient,1,2,2,F1,F1,Angers,Lorient,1.0,0.0,0.0,1.92,1.9,2.53,1.86,2.01,1.89,1.93,2.81,2.05,1.83,3.36,2.54,3.48,2.75,1.98,1.92,2.5,1.87,2.03,1.91,1.99,2.75,2.08,1.85,3.4,2.5,3.4,2.75,2.45,2.8,3.3,2.5,3.5,2.75,2.55,2.75,3.4,2.55,3.4,2.75,1.99,2.11,2.6,1.91,2.05,1.94,2.12,2.9,2.11,1.87,3.5,2.74,3.74,2.98,1.99,1.92,1.88,2.05,1.93,1.97,2.07,1.86,2.57,2.9,3.39,2.62,3.59,2.82,2.55,2.8,3.3,2.5,3.3,2.75,2.5,2.7,3.25,2.6,3.3,2.8,7.0,9.0,0.0,10.0,5.0,0.0,7.0,16.0,0.0,14.0,6.0,0.0,1.0,3.0
22,12,2023-01-01,Monaco,Brest,1,0,1,F1,F1,Monaco,Brest,1.0,-1.0,-1.0,2.45,1.55,5.94,2.08,1.78,2.41,1.57,6.07,2.07,1.8,4.63,1.5,4.67,1.5,2.5,1.53,5.5,2.05,1.75,2.38,1.57,5.75,2.1,1.83,4.5,1.5,4.75,1.5,5.25,6.0,4.6,1.49,4.5,1.47,6.0,6.0,4.7,1.5,4.7,1.5,2.55,1.62,6.5,2.13,1.86,2.53,1.62,6.5,2.14,1.84,5.0,1.53,5.0,1.56,2.52,1.58,2.09,1.83,2.43,1.62,2.1,1.84,5.95,6.37,4.63,1.53,4.66,1.56,6.5,6.5,4.6,1.45,4.6,1.45,6.5,6.0,4.33,1.5,4.4,1.47,5.0,14.0,0.0,13.0,6.0,4.0,7.0,23.0,0.0,17.0,5.0,0.0,0.0,3.0
22,13,2023-01-01,Nantes,Auxerre,1,0,1,F1,F1,Nantes,Auxerre,1.0,-0.5,-0.5,1.89,1.93,4.23,1.96,1.9,1.82,2.01,4.45,1.98,1.88,3.45,1.88,3.46,1.92,1.93,1.97,4.33,2.0,1.9,1.83,2.07,4.75,2.05,1.88,3.4,1.83,3.4,1.85,4.4,4.5,3.4,1.85,3.5,1.83,4.2,4.2,3.4,1.95,3.55,1.9,1.95,2.0,4.68,2.03,1.94,1.91,2.26,5.15,2.05,1.97,3.69,1.99,3.6,2.05,1.93,1.97,2.03,1.9,1.85,2.07,2.05,1.88,4.65,4.79,3.54,1.88,3.55,1.9,4.2,4.5,3.5,1.8,3.5,1.85,4.33,4.6,3.3,1.85,3.3,1.91,7.0,19.0,0.0,14.0,6.0,2.0,3.0,10.0,0.0,10.0,3.0,0.0,0.0,1.0
22,14,2023-01-01,Toulouse,Ajaccio,2,0,1,F1,F1,Toulouse,Ajaccio,1.0,-0.25,-0.5,1.81,2.02,3.87,1.85,2.01,1.82,2.02,3.6,2.05,1.82,3.35,2.12,3.37,2.03,1.86,2.04,3.8,1.88,2.02,1.83,2.07,3.6,2.1,1.83,3.3,2.05,3.4,2.0,3.75,3.6,3.3,2.1,3.3,2.0,3.75,3.6,3.3,2.1,3.35,2.05,1.9,2.12,4.22,1.91,2.05,1.9,2.08,3.97,2.11,1.85,3.59,2.21,3.63,2.1,1.89,2.02,1.88,2.04,1.87,2.05,2.1,1.84,4.2,3.8,3.39,2.15,3.38,2.04,3.9,3.6,3.3,2.1,3.4,1.95,4.0,3.6,3.25,2.1,3.2,2.0,2.0,15.0,0.0,1.0,0.0,1.0,5.0,15.0,0.0,11.0,4.0,0.0,0.0,3.0
22,15,2023-01-01,Lyon,Clermont,0,1,2,F1,F1,Lyon,Clermont,1.0,-1.0,-1.25,2.31,1.62,6.28,1.82,2.05,2.16,1.71,5.75,1.93,1.93,4.28,1.57,4.56,1.5,2.3,1.62,6.0,1.84,2.06,2.1,1.73,5.75,1.92,2.01,4.2,1.55,4.5,1.5,6.25,5.25,4.1,1.61,4.33,1.47,6.0,5.75,4.4,1.53,4.6,1.5,2.39,1.68,7.4,1.89,2.11,2.27,1.78,6.54,2.05,2.09,4.8,1.64,5.05,1.56,2.35,1.66,1.83,2.1,2.18,1.75,1.88,2.05,6.2,5.85,4.12,1.64,4.45,1.56,7.0,5.75,4.1,1.55,4.5,1.44,6.5,5.5,4.0,1.6,4.33,1.47,4.0,13.0,0.0,13.0,3.0,3.0,7.0,21.0,0.0,13.0,2.0,0.0,0.0,1.0
23,1,2023-01-07,Hatayspor,Antalyaspor,0,0,0,T1,T1,Hatayspor,Antalyaspor,1.0,0.25,0.0,1.9,1.9,2.47,1.81,2.03,1.86,1.94,2.4,2.08,1.79,3.37,2.89,3.44,2.77,1.93,1.93,2.5,1.83,2.02,1.88,1.98,2.4,2.05,1.8,3.3,2.9,3.4,2.7,2.45,2.35,3.3,2.87,3.4,2.65,2.5,2.4,3.35,2.9,3.45,2.75,1.99,1.98,2.55,1.87,2.09,1.94,2.02,2.5,2.12,1.87,3.52,3.15,3.56,2.88,1.91,1.98,1.83,2.09,1.87,2.02,2.1,1.82,2.51,2.47,3.29,3.15,3.56,2.87,2.55,2.4,3.4,2.9,3.3,2.8,2.45,2.4,3.3,2.88,3.3,2.75,2.0,8.0,0.0,11.0,4.0,2.0,3.0,17.0,0.0,9.0,4.0,0.0,0.0,2.0
23,2,2023-01-07,Besiktas,Kasimpasa,2,1,1,T1,T1,Besiktas,Kasimpasa,1.0,-0.75,-1.0,2.73,1.44,4.93,1.9,1.94,2.65,1.47,4.18,1.9,1.94,4.09,1.74,4.46,1.59,2.7,1.44,5.25,1.9,1.95,2.6,1.48,3.8,1.85,2.0,4.2,1.75,4.2,1.57,5.0,4.2,4.0,1.71,4.4,1.55,5.0,4.2,4.1,1.73,4.5,1.57,2.88,1.47,5.5,1.97,2.0,2.85,1.51,4.5,1.95,2.06,4.4,1.82,4.7,1.63,2.8,1.47,1.91,1.99,2.67,1.51,1.89,2.02,5.05,4.24,4.06,1.81,4.55,1.63,5.25,4.33,4.0,1.75,4.33,1.57,5.0,4.33,4.0,1.7,4.33,1.57,7.0,13.0,0.0,12.0,4.0,4.0,6.0,18.0,0.0,14.0,8.0,0.0,2.0,2.0
23,3,2023-01-08,Karagumruk,Konyaspor,3,3,0,T1,T1,Karagumruk,Konyaspor,1.0,0.0,0.0,2.14,1.7,2.48,1.85,1.99,2.29,1.62,2.69,2.0,1.84,3.59,2.45,3.54,2.68,2.1,1.7,2.5,1.85,2.0,2.25,1.62,2.8,2.05,1.8,3.6,2.38,3.4,2.7,2.45,2.65,3.5,2.4,3.4,2.65,2.5,2.7,3.55,2.45,3.45,2.7,2.26,1.78,2.56,1.92,2.04,2.51,1.69,2.86,2.11,1.92,3.73,2.6,3.71,2.8,2.21,1.72,1.89,2.02,2.35,1.65,2.08,1.83,2.56,2.82,3.68,2.49,3.71,2.73,2.5,2.7,3.6,2.45,3.4,2.75,2.45,2.6,3.5,2.5,3.4,2.7,6.0,11.0,0.0,17.0,9.0,1.0,1.0,16.0,0.0,6.0,5.0,0.0,2.0,5.0
23,4,2023-01-08,Ankaragucu,Kayserispor,2,1,1,T1,T1,Ankaragucu,Kayserispor,1.0,-0.5,-0.25,1.97,1.83,3.28,1.99,1.85,1.9,1.9,3.87,1.91,1.94,3.54,1.93,3.51,2.13,2.0,1.8,3.0,1.88,1.98,1.93,1.93,3.8,1.95,1.9,3.6,1.91,3.5,2.25,3.25,3.8,3.4,1.93,3.4,2.15,3.2,3.75,3.55,1.95,3.5,2.2,2.05,1.89,3.46,2.07,1.98,1.97,2.0,4.3,1.99,2.0,3.8,2.0,3.7,2.25,2.01,1.88,2.03,1.88,1.94,1.94,1.97,1.93,3.46,4.3,3.58,1.93,3.57,2.18,3.25,3.6,3.4,1.9,3.4,2.2,3.3,3.8,3.5,1.91,3.4,2.1,2.0,10.0,0.0,10.0,1.0,1.0,8.0,16.0,0.0,20.0,5.0,1.0,1.0,4.0
23,5,2023-01-08,Giresunspor,Umraniyespor,0,1,2,T1,T1,Giresunspor,Umraniyespor,1.0,-0.25,-0.25,1.93,1.86,3.25,1.97,1.87,2.02,1.79,3.43,2.06,1.79,3.55,2.06,3.49,2.15,1.95,1.9,3.3,1.98,1.88,2.08,1.73,3.4,2.02,1.77,3.75,2.05,3.5,2.1,3.2,3.3,3.4,2.05,3.5,2.1,3.25,3.35,3.55,2.1,3.5,2.15,1.99,1.92,3.4,2.04,1.93,2.12,1.84,3.7,2.13,1.84,3.85,2.12,3.64,2.24,1.99,1.9,1.97,1.93,2.1,1.79,2.13,1.79,3.32,3.7,3.64,2.07,3.57,2.24,3.3,3.3,3.6,2.1,3.4,2.2,3.3,3.5,3.5,2.0,3.4,2.1,7.0,11.0,0.0,11.0,2.0,2.0,14.0,10.0,0.0,24.0,6.0,0.0,0.0,2.0
23,6,2023-01-08,Fenerbahce,Galatasaray,0,3,2,T1,T1,Fenerbahce,Galatasaray,1.0,-0.25,-0.25,2.18,1.68,3.29,2.01,1.83,1.94,1.87,3.32,1.96,1.88,3.36,2.18,3.57,2.11,2.15,1.67,3.4,2.02,1.83,1.93,1.93,3.4,1.95,1.9,3.4,2.1,3.5,2.05,3.2,3.25,3.3,2.15,3.5,2.1,3.3,3.3,3.3,2.25,3.55,2.15,2.32,1.75,3.6,2.06,1.86,2.04,1.99,3.71,2.0,1.93,3.55,2.27,3.8,2.17,2.22,1.71,2.05,1.86,1.97,1.92,1.98,1.93,3.43,3.5,3.35,2.25,3.7,2.14,3.4,3.13,3.3,2.1,3.5,2.1,3.3,3.3,3.3,2.15,3.4,2.1,4.0,20.0,0.0,13.0,8.0,5.0,8.0,10.0,1.0,13.0,4.0,1.0,0.0,2.0
23,7,2023-01-09,Buyuksehyr,Ad. Demirspor,2,1,1,T1,T1,Buyuksehyr,Ad. Demirspor,1.0,-0.25,-0.5,2.02,1.78,3.46,1.82,2.03,1.99,1.82,3.29,1.98,1.87,3.43,2.16,3.58,2.03,2.0,1.8,3.6,1.83,2.02,1.98,1.88,3.4,2.05,1.8,3.4,2.1,3.5,2.0,3.4,3.25,3.4,2.1,3.5,2.05,3.4,3.25,3.45,2.2,3.5,2.1,2.12,1.84,3.7,1.87,2.1,2.09,1.95,3.71,2.07,1.95,3.58,2.28,3.78,2.12,2.05,1.82,1.85,2.04,1.99,1.9,2.05,1.87,3.57,3.63,3.41,2.18,3.78,2.04,3.6,3.3,3.5,2.15,3.5,2.05,3.5,3.4,3.3,2.1,3.4,2.05,4.0,12.0,0.0,18.0,5.0,2.0,6.0,19.0,0.0,16.0,5.0,0.0,0.0,2.0
23,8,2023-01-09,Alanyaspor,Trabzonspor,5,0,1,T1,T1,Alanyaspor,Trabzonspor,1.0,0.25,0.25,2.11,1.71,2.21,1.92,1.91,2.0,1.8,2.23,1.95,1.9,3.44,3.12,3.57,3.04,2.1,1.7,2.2,1.93,1.93,2.02,1.83,2.2,1.95,1.9,3.4,3.1,3.5,3.0,2.25,2.25,3.4,3.0,3.4,2.95,2.3,2.25,3.45,3.05,3.55,3.0,2.21,1.76,2.31,2.0,1.96,2.11,1.89,2.29,2.0,1.94,3.6,3.41,3.78,3.18,2.18,1.73,1.93,1.95,2.05,1.85,1.97,1.93,2.22,2.29,3.49,3.29,3.78,3.14,2.25,2.25,3.5,3.13,3.5,3.1,2.2,2.2,3.4,3.1,3.5,3.0,4.0,12.0,0.0,15.0,5.0,3.0,2.0,12.0,0.0,11.0,6.0,0.0,3.0,2.0
23,9,2023-01-09,Istanbulspor,Gaziantep,1,1,0,T1,T1,Istanbulspor,Gaziantep,1.0,0.0,0.0,2.13,1.7,2.46,1.83,2.0,2.07,1.75,2.46,1.82,2.02,3.45,2.75,3.51,2.7,2.08,1.73,2.5,1.83,2.02,2.05,1.75,2.4,1.8,2.05,3.5,2.75,3.5,2.63,2.37,2.4,3.4,2.7,3.5,2.7,2.45,2.55,3.45,2.7,3.5,2.75,2.24,1.76,2.55,1.89,2.09,2.16,1.89,2.6,1.89,2.13,3.6,2.91,3.65,2.82,2.19,1.72,1.86,2.03,2.09,1.8,1.84,2.08,2.53,2.54,3.52,2.87,3.64,2.75,2.5,2.45,3.5,2.75,3.4,2.75,2.45,2.45,3.3,2.75,3.4,2.7,3.0,8.0,0.0,8.0,4.0,1.0,7.0,6.0,0.0,12.0,2.0,1.0,0.0,1.0
23,10,2023-01-07,Antwerp,Gent,2,0,1,B1,B1,Antwerp,Gent,1.0,0.0,0.0,1.82,1.98,2.79,2.04,1.8,1.73,2.1,2.7,1.94,1.9,3.18,2.66,3.36,2.46,1.83,2.02,2.63,2.05,1.8,1.67,2.15,2.63,1.95,1.9,3.1,2.55,3.25,2.45,2.8,2.75,3.3,2.65,3.4,2.45,2.7,2.6,3.2,2.6,3.35,2.45,1.89,2.06,2.91,2.1,1.84,1.82,2.25,2.97,2.0,1.96,3.32,2.85,3.6,2.62,1.83,2.05,2.1,1.81,1.71,2.2,1.99,1.89,2.89,2.86,3.16,2.73,3.35,2.51,2.8,2.7,3.2,2.6,3.2,2.5,2.75,2.7,3.25,2.55,3.4,2.4,6.0,10.0,0.0,9.0,1.0,1.0,3.0,10.0,0.0,11.0,5.0,0.0,1.0,2.0
23,11,2023-01-08,Utrecht,Feyenoord,1,1,0,N1,N1,Utrecht,Feyenoord,1.0,0.5,0.5,2.37,1.57,1.81,1.81,2.02,2.22,1.65,1.95,1.95,1.89,3.78,3.61,4.01,3.92,2.35,1.57,1.83,1.83,1.98,2.2,1.65,1.91,1.99,1.91,3.75,,3.8,4.0,1.8,1.95,3.8,3.6,4.0,4.0,1.85,1.95,3.75,3.55,3.85,3.75,2.45,1.62,1.86,1.86,2.08,2.33,1.7,2.05,2.02,1.93,3.9,3.81,4.25,4.1,2.4,1.62,1.85,2.07,2.26,1.69,1.98,1.93,1.85,1.98,3.86,3.78,4.24,3.98,1.8,1.93,3.7,3.6,3.9,3.9,1.83,1.95,3.6,3.6,3.75,3.9,2.0,4.0,0.0,10.0,4.0,1.0,5.0,9.0,0.0,8.0,4.0,0.0,1.0,2.0
23,12,2023-01-07,Villarreal,Real Madrid,2,1,1,SP1,SP1,Villarreal,Real Madrid,1.0,0.5,0.5,2.3,1.64,2.09,2.08,1.8,2.12,1.75,2.08,2.07,1.81,3.67,3.48,3.83,3.34,2.3,1.62,2.05,2.11,1.79,2.1,1.73,2.0,2.08,1.85,3.6,3.4,3.8,3.25,2.05,2.05,3.6,3.4,3.8,3.2,2.1,2.1,3.55,3.4,3.75,3.25,2.39,1.71,2.14,2.13,1.85,2.23,1.81,2.15,2.11,1.88,3.78,3.7,4.05,3.5,2.29,1.69,2.11,1.81,2.18,1.75,2.1,1.82,2.12,2.11,3.75,3.61,3.86,3.42,2.0,2.0,3.6,3.3,3.75,3.25,2.0,2.1,3.6,3.3,3.7,3.4,5.0,6.0,0.0,13.0,3.0,1.0,6.0,13.0,0.0,17.0,5.0,0.0,0.0,4.0
23,13,2023-01-08,Ath Madrid,Barcelona,0,1,2,SP1,SP1,Ath Madrid,Barcelona,1.0,0.25,0.25,1.91,1.92,2.33,2.0,1.86,1.67,2.25,2.41,2.06,1.82,3.21,3.18,3.46,3.1,1.93,1.97,2.3,2.03,1.87,1.62,2.3,2.4,2.09,1.84,3.2,3.2,3.4,3.1,2.25,2.35,3.2,3.1,3.4,3.1,2.35,2.45,3.15,3.1,3.4,3.05,1.99,2.0,2.4,2.06,1.91,1.73,2.39,2.52,2.13,1.87,3.3,3.51,3.68,3.22,1.94,1.96,2.02,1.91,1.67,2.33,2.1,1.84,2.35,2.47,3.21,3.27,3.51,3.21,2.3,2.3,3.2,3.0,3.4,2.9,2.3,2.3,3.1,3.3,3.4,3.0,4.0,16.0,1.0,10.0,2.0,3.0,7.0,8.0,1.0,20.0,5.0,1.0,0.0,2.0
23,14,2023-01-07,Juventus,Udinese,1,0,1,I1,I1,Juventus,Udinese,1.0,-0.75,-0.75,1.88,1.95,4.66,1.87,2.0,1.82,2.01,5.17,1.94,1.93,3.7,1.72,3.75,1.78,1.89,2.01,4.5,1.89,2.01,1.84,2.06,5.0,1.93,2.0,3.7,1.7,3.8,1.75,4.6,4.8,3.6,1.75,3.7,1.77,4.5,4.9,3.7,1.73,3.75,1.77,1.96,2.03,4.99,1.91,2.05,1.9,2.12,5.58,2.08,2.0,3.84,1.8,4.0,1.84,1.9,2.01,1.91,2.02,1.83,2.09,1.96,1.96,4.99,5.43,3.77,1.74,3.84,1.78,4.8,5.25,3.3,1.65,3.3,1.7,4.5,5.25,3.7,1.67,3.7,1.78,4.0,13.0,0.0,11.0,3.0,2.0,6.0,16.0,0.0,14.0,4.0,0.0,0.0,1.0
23,15,2023-01-08,Milan,Roma,2,2,0,I1,I1,Milan,Roma,1.0,-0.5,-0.5,1.79,2.06,4.35,2.01,1.86,1.93,1.89,4.32,2.01,1.86,3.61,1.85,3.59,1.87,1.81,2.09,4.33,2.05,1.85,1.98,1.92,4.2,2.04,1.89,3.6,1.85,3.6,1.83,4.33,4.2,3.6,1.83,3.5,1.85,4.3,4.3,3.55,1.85,3.55,1.85,1.87,2.13,4.65,2.07,1.89,2.03,1.98,4.7,2.06,1.9,3.75,1.93,3.78,1.91,1.8,2.11,2.04,1.89,1.97,1.93,2.03,1.89,4.5,4.44,3.69,1.89,3.66,1.89,4.4,4.2,3.25,1.8,3.2,1.8,4.2,4.4,3.5,1.83,3.5,1.85,4.0,13.0,0.0,12.0,3.0,7.0,3.0,19.0,0.0,12.0,5.0,0.0,1.0,4.0
24,1,2023-01-14,Ad. Demirspor,Ankaragucu,3,1,1,T1,T1,Ad. Demirspor,Ankaragucu,1.0,-0.25,-0.75,2.16,1.68,4.12,1.81,2.05,2.25,1.64,3.24,2.01,1.84,3.63,2.1,3.79,1.81,2.15,1.67,4.2,1.8,2.0,2.25,1.62,3.2,2.0,1.85,3.75,2.05,3.8,1.8,4.1,3.2,3.6,2.1,3.8,1.77,4.1,3.2,3.65,2.15,3.8,1.8,2.23,1.74,4.36,1.87,2.11,2.33,1.68,3.48,2.12,1.9,3.9,2.19,4.0,1.86,2.22,1.71,1.82,2.09,2.3,1.67,2.01,1.89,4.36,3.35,3.68,2.18,3.87,1.85,4.1,3.13,3.6,2.0,3.6,1.75,4.2,3.25,3.6,2.05,3.6,1.8,13.0,10.0,0.0,25.0,11.0,1.0,5.0,8.0,0.0,12.0,5.0,0.0,0.0,2.0
24,2,2023-01-14,Antalyaspor,Giresunspor,2,2,0,T1,T1,Antalyaspor,Giresunspor,1.0,-0.5,-0.5,1.83,1.97,3.9,1.91,1.93,1.82,1.99,3.72,1.82,2.04,3.39,2.02,3.53,1.92,1.85,2.0,4.0,1.93,1.93,1.77,2.1,3.8,1.83,2.02,3.4,2.0,3.5,1.91,3.9,3.7,3.3,2.0,3.5,1.87,3.9,3.6,3.45,2.05,3.55,1.95,1.89,2.04,4.1,1.99,2.0,1.92,2.13,4.01,1.91,2.1,3.54,2.08,3.7,1.98,1.86,2.03,1.93,1.96,1.85,2.04,1.85,2.07,4.07,4.01,3.37,2.07,3.59,1.95,3.8,3.5,3.3,1.95,3.4,1.85,3.9,3.7,3.3,2.0,3.4,1.91,4.0,13.0,0.0,21.0,9.0,4.0,5.0,12.0,1.0,12.0,5.0,1.0,1.0,3.0
24,3,2023-01-13,Galatasaray,Hatayspor,4,0,1,T1,T1,Galatasaray,Hatayspor,1.0,-1.75,-1.5,2.67,1.46,8.59,1.98,1.86,2.87,1.4,10.42,2.0,1.84,6.26,1.25,5.69,1.31,2.7,1.44,8.5,2.0,1.85,2.88,1.4,9.5,2.0,1.85,6.5,1.25,5.75,1.3,8.25,11.0,6.5,1.22,5.75,1.3,8.5,8.25,6.0,1.3,5.75,1.3,2.75,1.5,9.7,2.05,1.91,3.08,1.47,12.0,2.16,2.07,7.1,1.34,6.05,1.34,2.73,1.49,2.02,1.88,2.92,1.43,2.07,1.82,8.77,10.75,6.35,1.27,5.89,1.34,8.5,11.0,6.0,1.2,5.25,1.29,9.5,9.5,6.0,1.25,5.5,1.27,3.0,10.0,0.0,10.0,4.0,0.0,8.0,11.0,0.0,28.0,10.0,0.0,3.0,0.0
24,4,2023-01-15,Gaziantep,Fenerbahce,1,2,2,T1,T1,Gaziantep,Fenerbahce,1.0,0.75,0.75,2.18,1.67,1.66,1.84,2.0,2.19,1.67,1.73,1.94,1.9,3.9,4.43,4.03,4.75,2.15,1.67,1.65,1.85,2.0,2.15,1.67,1.7,1.93,1.93,3.75,4.75,4.0,5.0,1.65,1.75,3.8,4.2,4.0,4.6,1.7,1.77,3.75,4.5,3.95,4.7,2.26,1.74,1.72,1.9,2.06,2.29,1.71,1.78,1.99,2.0,4.18,5.2,4.22,5.03,2.19,1.74,1.86,2.05,2.25,1.7,1.98,1.93,1.68,1.76,3.91,4.59,4.2,5.03,1.62,1.67,3.8,4.33,3.9,4.6,1.65,1.73,3.8,4.33,3.9,4.8,11.0,17.0,0.0,20.0,7.0,3.0,4.0,15.0,1.0,10.0,3.0,1.0,0.0,5.0
24,5,2023-01-15,Kasimpasa,Karagumruk,2,2,0,T1,T1,Kasimpasa,Karagumruk,1.0,-0.25,-0.25,2.43,1.54,3.02,1.93,1.91,2.56,1.5,2.97,1.91,1.93,3.67,2.21,3.69,2.18,2.4,1.53,3.1,1.95,1.9,2.6,1.48,3.0,1.93,1.93,3.6,2.2,3.5,2.2,2.8,2.87,3.7,2.2,3.6,2.25,3.0,2.95,3.65,2.25,3.65,2.25,2.55,1.6,3.24,1.99,1.97,2.75,1.53,3.13,1.98,2.02,3.85,2.37,3.94,2.31,2.49,1.58,1.99,1.92,2.61,1.53,1.94,1.96,3.24,3.13,3.77,2.25,3.79,2.2,2.9,2.8,3.7,2.15,3.6,2.1,2.9,3.0,3.7,2.15,3.6,2.25,8.0,16.0,0.0,11.0,4.0,2.0,5.0,13.0,0.0,12.0,4.0,0.0,1.0,3.0
24,6,2023-01-13,Kayserispor,Sivasspor,4,1,1,T1,T1,Kayserispor,Sivasspor,1.0,-0.25,-0.25,1.93,1.86,3.04,1.88,1.97,1.75,2.07,3.23,1.92,1.93,3.31,2.23,3.47,2.26,1.98,1.88,3.1,1.88,1.98,1.73,2.08,3.2,1.95,1.9,3.3,2.25,3.4,2.25,2.9,3.2,3.2,2.2,3.4,2.3,3.0,3.2,3.3,2.25,3.45,2.3,2.03,1.94,3.15,1.92,2.02,1.87,2.21,3.48,1.99,2.01,3.53,2.37,3.63,2.37,1.96,1.93,1.92,1.99,1.8,2.1,1.94,1.96,3.15,3.4,3.36,2.3,3.63,2.3,3.0,3.13,3.2,2.15,3.3,2.2,3.1,3.25,3.2,2.2,3.3,2.25,4.0,15.0,0.0,17.0,6.0,5.0,5.0,15.0,0.0,15.0,11.0,0.0,3.0,2.0
24,7,2023-01-14,Konyaspor,Besiktas,1,2,2,T1,T1,Konyaspor,Besiktas,1.0,0.0,0.25,2.07,1.75,2.42,2.11,1.75,2.0,1.81,2.55,1.88,1.95,3.45,2.64,3.51,2.77,2.05,1.75,2.45,2.1,1.7,2.02,1.83,2.6,1.88,1.98,3.3,2.7,3.4,2.8,2.37,2.5,3.3,2.65,3.5,2.75,2.4,2.55,3.4,2.7,3.45,2.85,2.13,1.8,2.5,2.16,1.83,2.08,1.93,2.65,1.94,2.05,3.62,2.75,3.68,2.95,2.13,1.78,2.16,1.76,2.03,1.86,1.91,1.99,2.5,2.62,3.56,2.74,3.66,2.82,2.38,2.45,3.4,2.55,3.4,2.63,2.4,2.55,3.4,2.6,3.4,2.75,5.0,18.0,0.0,20.0,4.0,1.0,4.0,10.0,0.0,15.0,6.0,0.0,1.0,1.0
24,8,2023-01-14,Trabzonspor,Buyuksehyr,1,0,1,T1,T1,Trabzonspor,Buyuksehyr,1.0,-0.5,-0.5,1.9,1.88,3.4,1.78,2.08,1.7,2.14,4.0,1.88,1.97,3.32,1.96,3.52,2.08,1.93,1.93,3.4,1.75,2.05,1.6,2.3,4.2,1.9,1.95,3.2,1.91,3.4,2.1,2.9,4.0,3.2,1.95,3.5,2.25,3.3,3.95,3.35,1.97,3.5,2.15,2.01,1.96,3.64,1.85,2.15,1.85,2.42,4.44,1.95,2.01,3.5,2.02,3.67,2.18,1.93,1.96,1.83,2.09,1.61,2.42,1.9,2.01,3.6,4.44,3.27,2.01,3.67,2.09,3.3,3.9,3.25,1.87,3.4,2.0,3.5,3.8,3.4,1.95,3.4,2.05,10.0,14.0,1.0,17.0,3.0,4.0,2.0,17.0,0.0,9.0,4.0,0.0,1.0,1.0
24,9,2023-01-15,Umraniyespor,Istanbulspor,0,2,2,T1,T1,Umraniyespor,Istanbulspor,1.0,-0.25,-0.5,2.14,1.7,3.61,1.9,1.94,2.14,1.7,3.25,2.0,1.85,3.61,2.11,3.73,1.94,2.15,1.67,3.8,1.93,1.93,2.1,1.7,3.4,2.02,1.83,3.5,2.1,3.6,1.91,3.5,3.2,3.6,2.05,3.6,1.95,3.55,3.25,3.6,2.15,3.65,2.0,2.21,1.75,3.84,1.96,2.0,2.23,1.75,3.69,2.06,1.88,3.83,2.16,3.9,2.03,2.2,1.73,1.94,1.96,2.17,1.75,2.06,1.85,3.81,3.46,3.68,2.14,3.9,1.96,,3.1,3.5,2.05,,,3.4,3.2,3.4,2.15,3.4,2.1,2.0,12.0,0.0,8.0,3.0,4.0,12.0,10.0,0.0,27.0,6.0,2.0,0.0,2.0
24,10,2023-01-15,Rennes,Paris SG,1,0,1,F1,F1,Rennes,Paris SG,1.0,1.0,1.0,2.41,1.56,1.56,1.92,1.94,2.23,1.66,1.63,2.06,1.81,4.18,5.16,4.54,5.35,2.38,1.57,1.57,1.93,1.97,2.2,1.67,1.6,2.1,1.83,4.2,5.25,4.75,5.0,1.58,1.62,4.1,5.0,4.33,5.25,1.57,1.65,4.3,4.8,4.5,5.25,2.55,1.6,1.6,1.98,2.01,2.4,1.73,1.71,2.13,1.92,4.4,5.77,4.85,5.85,2.52,1.58,1.93,1.99,2.23,1.72,2.11,1.81,1.58,1.68,4.16,5.42,4.75,5.5,1.53,1.62,4.0,5.25,4.33,5.75,1.55,1.6,3.9,5.5,4.33,5.5,5.0,17.0,0.0,8.0,1.0,0.0,4.0,8.0,0.0,8.0,6.0,0.0,0.0,0.0
24,11,2023-01-14,Ajax,Twente,0,0,0,N1,N1,Ajax,Twente,1.0,-1.25,-1.5,2.82,1.42,7.72,1.89,1.95,2.49,1.52,6.01,1.81,2.06,4.59,1.49,5.38,1.35,2.7,1.44,7.5,1.91,1.99,2.5,1.5,6.5,1.92,1.98,4.75,1.45,5.25,1.36,7.25,5.0,4.75,1.52,5.75,1.33,7.5,6.0,4.6,1.5,5.5,1.35,3.05,1.48,8.5,1.97,2.01,2.66,1.59,7.07,1.93,2.14,4.95,1.53,5.75,1.38,2.83,1.46,1.91,2.0,2.56,1.56,1.8,2.12,8.16,6.24,4.58,1.53,5.63,1.37,7.5,5.75,4.4,1.5,5.25,1.33,8.5,6.5,4.33,1.47,5.0,1.33,5.0,15.0,0.0,24.0,7.0,4.0,3.0,9.0,1.0,6.0,5.0,0.0,0.0,1.0
24,12,2023-01-14,Man United,Man City,2,1,1,E0,E0,Man United,Man City,1.0,0.5,0.5,2.19,1.7,1.84,1.83,2.04,2.22,1.68,1.89,1.89,2.0,3.92,3.98,3.9,4.21,2.1,1.73,1.85,1.8,2.0,2.2,1.67,1.83,1.87,2.06,3.9,4.0,3.6,4.2,1.78,1.87,3.75,3.9,3.9,4.2,1.85,1.95,3.65,3.8,3.75,4.1,2.31,1.78,1.88,1.86,2.09,2.37,1.77,1.95,1.95,2.06,4.1,4.18,4.15,4.36,2.22,1.73,1.86,2.07,2.25,1.71,1.91,2.02,1.86,1.91,4.02,4.18,3.98,4.26,1.8,1.8,3.7,4.1,3.7,4.2,1.8,1.83,3.8,4.0,3.8,4.2,2.0,5.0,0.0,5.0,1.0,0.0,1.0,15.0,0.0,8.0,4.0,0.0,0.0,3.0
24,13,2023-01-15,Tottenham,Arsenal,0,2,2,E0,E0,Tottenham,Arsenal,1.0,0.25,0.25,2.04,1.79,2.18,1.89,1.97,1.9,1.93,2.2,1.9,1.98,3.49,3.38,3.63,3.24,2.0,1.8,2.2,1.91,1.99,1.94,1.96,2.2,1.93,2.0,3.5,3.25,3.6,3.1,2.1,2.15,3.4,3.3,3.6,3.3,2.2,2.25,3.4,3.3,3.55,3.2,2.11,1.85,2.24,1.94,2.01,2.05,2.03,2.26,1.95,2.01,3.6,3.67,3.85,3.38,2.07,1.83,1.92,2.01,1.95,1.95,1.93,2.0,2.21,2.22,3.59,3.4,3.71,3.34,2.15,2.15,3.3,3.3,3.4,3.2,2.15,2.1,3.4,3.4,3.5,3.25,3.0,15.0,0.0,14.0,5.0,2.0,4.0,16.0,0.0,17.0,7.0,2.0,0.0,4.0
24,14,2023-01-13,Napoli,Juventus,5,1,1,I1,I1,Napoli,Juventus,1.0,-0.25,-0.5,1.8,2.04,4.06,1.91,1.95,1.75,2.09,3.74,2.12,1.76,3.37,2.13,3.49,1.96,1.84,2.06,4.0,1.95,1.98,1.85,2.05,3.8,2.1,1.7,3.4,1.95,3.5,1.91,3.9,3.8,3.25,2.05,3.5,1.95,3.95,3.65,3.35,2.1,3.5,1.95,1.88,2.12,4.25,1.98,1.99,1.84,2.22,4.05,2.16,1.81,4.0,3.85,3.62,2.03,1.81,2.09,1.93,1.99,1.76,2.18,2.15,1.79,4.2,4.01,3.37,2.1,3.54,1.99,4.1,3.75,3.1,1.95,3.13,1.87,4.0,3.9,3.25,2.0,3.4,1.95,5.0,9.0,0.0,11.0,2.0,1.0,2.0,10.0,0.0,14.0,10.0,1.0,2.0,0.0
24,15,2023-01-15,Roma,Fiorentina,2,0,1,I1,I1,Roma,Fiorentina,1.0,-0.25,-0.5,1.79,2.04,3.83,1.87,1.99,1.66,2.24,3.68,2.05,1.83,3.26,2.14,3.51,2.0,1.8,2.0,4.0,1.92,2.01,1.62,2.3,3.6,2.1,1.83,3.3,2.1,3.5,1.95,3.6,3.7,3.2,2.1,3.4,2.05,3.8,3.6,3.25,2.15,3.45,2.0,1.85,2.11,4.0,1.93,2.03,1.74,2.33,3.94,2.13,1.86,3.4,2.26,3.7,2.05,1.82,2.09,1.91,2.02,1.68,2.31,2.12,1.83,3.98,3.94,3.31,2.14,3.62,2.02,3.9,3.7,2.9,2.05,3.13,1.91,3.7,3.7,3.2,2.1,3.4,2.0,9.0,12.0,1.0,7.0,3.0,4.0,5.0,15.0,0.0,10.0,4.0,0.0,1.0,3.0
25,1,2023-01-20,Ad. Demirspor,Giresunspor,1,1,0,T1,T1,Ad. Demirspor,Giresunspor,1.0,-0.75,-0.75,2.54,1.5,4.03,1.85,1.99,2.45,1.54,4.05,1.85,2.0,3.97,1.78,4.02,1.78,2.5,1.5,4.0,1.85,2.0,2.4,1.53,4.0,1.85,2.0,4.0,1.75,4.0,1.75,4.0,4.0,3.8,1.78,3.9,1.78,4.0,4.0,3.95,1.8,3.9,1.8,2.7,1.56,4.22,1.92,2.06,2.57,1.57,4.4,1.89,2.06,4.15,1.84,4.28,1.85,2.7,1.5,1.89,2.02,2.56,1.56,1.86,2.06,4.18,4.3,4.01,1.83,4.25,1.8,3.9,3.9,3.9,1.73,3.9,1.73,4.2,4.0,3.9,1.78,3.8,1.75,1.0,17.0,1.0,9.0,2.0,4.0,17.0,13.0,1.0,31.0,6.0,1.0,0.0,6.0
25,2,2023-01-21,Kasimpasa,Buyuksehyr,1,3,2,T1,T1,Kasimpasa,Buyuksehyr,1.0,0.25,0.25,1.79,2.03,2.33,2.03,1.81,1.84,1.96,2.32,2.0,1.85,3.32,3.05,3.3,3.04,1.75,2.05,2.3,2.05,1.8,1.85,2.0,2.25,1.95,1.9,3.3,3.1,3.2,3.1,2.25,2.25,3.3,3.0,3.2,3.1,2.35,2.35,3.25,3.05,3.25,3.15,1.85,2.14,2.41,2.08,1.85,1.91,2.06,2.47,2.08,1.93,3.5,3.33,3.46,3.25,1.85,2.04,2.07,1.85,1.89,2.0,1.97,1.93,2.41,2.29,3.43,3.33,3.46,3.1,2.3,2.2,3.25,3.0,3.2,2.9,2.3,2.35,3.2,3.0,3.2,3.1,8.0,12.0,0.0,19.0,11.0,1.0,4.0,19.0,1.0,11.0,4.0,0.0,1.0,7.0
25,3,2023-01-21,Galatasaray,Antalyaspor,2,1,1,T1,T1,Galatasaray,Antalyaspor,1.0,-1.5,-1.5,2.23,1.64,8.37,1.83,2.01,2.41,1.55,8.94,1.92,1.92,5.3,1.31,5.0,1.35,2.25,1.62,7.5,1.83,2.02,2.4,1.53,8.0,1.95,1.9,5.0,1.3,4.75,1.33,8.5,8.75,5.25,1.31,4.6,1.36,8.0,8.75,5.5,1.33,5.0,1.37,2.32,1.68,9.2,1.89,2.11,2.53,1.64,10.0,1.99,2.09,5.71,1.36,5.45,1.39,2.27,1.68,1.86,2.05,2.51,1.57,1.97,1.93,8.73,10.0,5.7,1.33,5.31,1.37,8.5,8.5,5.0,1.29,4.8,1.3,9.0,9.0,5.25,1.3,4.8,1.33,1.0,18.0,1.0,7.0,2.0,3.0,16.0,12.0,0.0,20.0,6.0,0.0,0.0,2.0
25,4,2023-01-22,Gaziantep,Sivasspor,1,2,2,T1,T1,Gaziantep,Sivasspor,1.0,0.0,0.0,1.85,1.95,2.6,1.9,1.94,1.8,2.01,2.93,2.1,1.76,3.31,2.41,3.33,2.67,1.88,1.98,2.55,1.93,1.93,1.73,2.08,3.0,2.15,1.68,3.4,2.3,3.4,2.63,2.45,2.95,3.2,2.35,3.3,2.7,2.6,2.9,3.3,2.4,3.35,2.7,1.92,2.01,2.72,1.96,2.0,1.92,2.14,3.15,2.29,1.97,3.5,2.74,3.5,2.77,1.88,2.01,1.93,1.97,1.85,2.04,2.23,1.78,2.72,3.15,3.36,2.44,3.36,2.77,2.5,2.88,3.2,2.3,3.25,2.6,2.55,2.88,3.25,2.4,3.25,2.7,4.0,11.0,0.0,13.0,8.0,0.0,7.0,13.0,0.0,11.0,3.0,1.0,0.0,3.0
25,5,2023-01-22,Alanyaspor,Karagumruk,2,2,0,T1,T1,Alanyaspor,Karagumruk,1.0,-0.5,-0.5,2.52,1.51,3.62,1.95,1.89,2.77,1.42,3.78,2.02,1.84,4.06,1.83,3.96,1.89,2.5,1.5,3.5,1.98,1.88,2.88,1.4,3.6,2.02,1.83,4.2,1.8,4.0,1.91,3.5,3.75,3.9,1.8,3.75,1.93,3.5,3.7,4.1,1.85,3.9,1.95,2.64,1.54,3.94,2.03,1.95,2.92,1.46,4.11,2.09,1.9,4.34,1.89,4.15,1.98,2.64,1.52,2.03,1.88,2.9,1.44,2.05,1.85,3.88,4.0,4.15,1.85,4.15,1.88,3.6,3.5,3.9,1.8,3.8,1.8,3.6,3.75,3.9,1.83,3.8,1.88,2.0,6.0,0.0,9.0,5.0,1.0,7.0,9.0,0.0,15.0,5.0,0.0,1.0,1.0
25,6,2023-01-22,Kayserispor,Besiktas,0,2,2,T1,T1,Kayserispor,Besiktas,1.0,0.25,0.25,2.16,1.68,2.06,1.79,2.05,2.17,1.68,2.09,1.83,2.03,3.59,3.3,3.69,3.31,2.15,1.67,2.05,1.75,2.05,2.1,1.7,2.05,1.83,2.02,3.5,3.3,3.5,3.3,2.05,2.1,3.5,3.2,3.6,3.3,2.1,2.1,3.5,3.35,3.65,3.3,2.28,1.74,2.13,1.84,2.13,2.35,1.79,2.16,1.87,2.11,3.8,3.5,3.98,3.44,2.21,1.72,1.8,2.11,2.11,1.79,1.86,2.05,2.06,2.15,3.59,3.5,3.98,3.43,2.0,2.0,3.5,3.2,3.5,3.25,2.05,2.1,3.5,3.25,3.5,3.4,3.0,20.0,1.0,7.0,4.0,2.0,5.0,10.0,0.0,15.0,3.0,2.0,0.0,1.0
25,7,2023-01-22,Trabzonspor,Istanbulspor,4,0,1,T1,T1,Trabzonspor,Istanbulspor,1.0,-1.5,-1.5,2.22,1.65,8.55,1.82,2.01,2.27,1.62,8.84,1.87,1.96,5.1,1.33,4.98,1.34,2.25,1.62,9.0,1.83,1.98,2.25,1.62,9.0,1.83,1.98,4.75,1.33,4.75,1.33,8.5,9.0,5.25,1.32,4.75,1.35,8.25,8.0,4.8,1.4,5.0,1.35,2.33,1.75,9.4,1.91,2.11,2.39,1.66,10.1,1.99,2.05,5.5,1.4,5.4,1.38,2.28,1.68,1.88,2.04,2.33,1.65,1.93,1.97,9.25,9.26,5.28,1.36,5.4,1.35,8.5,8.5,5.0,1.29,4.8,1.3,9.0,9.0,4.75,1.33,4.8,1.33,2.0,14.0,0.0,10.0,4.0,0.0,6.0,12.0,0.0,20.0,10.0,0.0,1.0,1.0
25,8,2023-01-23,Konyaspor,Ankaragucu,0,1,2,T1,T1,Konyaspor,Ankaragucu,1.0,-0.25,-0.5,1.94,1.85,3.68,1.86,1.98,1.98,1.82,3.31,1.97,1.88,3.4,2.16,3.51,1.98,1.98,1.88,4.0,1.85,2.0,2.0,1.85,3.3,1.95,1.9,3.4,2.15,3.5,1.91,3.6,3.25,3.3,2.1,3.5,1.95,3.7,3.2,3.45,2.2,3.55,1.97,2.05,1.94,4.0,1.95,2.04,2.11,1.9,3.6,2.04,1.97,3.58,2.25,3.72,2.05,1.94,1.93,1.85,2.04,2.01,1.88,1.93,1.97,3.82,3.44,3.41,2.25,3.53,2.04,3.6,3.2,3.4,2.05,3.4,1.93,3.6,3.25,3.4,2.15,3.4,2.0,4.0,15.0,0.0,8.0,3.0,2.0,6.0,14.0,0.0,13.0,7.0,0.0,0.0,3.0
25,9,2023-01-23,Umraniyespor,Fenerbahce,1,2,2,T1,T1,Umraniyespor,Fenerbahce,1.0,1.25,1.0,2.4,1.55,1.52,1.85,1.98,2.51,1.51,1.43,1.92,1.93,4.72,6.8,4.41,5.66,2.4,1.53,1.5,1.75,2.13,2.4,1.53,1.44,1.93,1.93,5.0,6.5,4.5,6.0,1.51,1.41,4.6,7.0,4.2,5.75,1.53,1.43,4.9,6.5,4.4,5.75,2.5,1.59,1.56,1.94,2.13,2.63,1.56,1.47,2.0,2.02,5.2,7.2,4.7,6.0,2.48,1.57,1.87,2.02,2.56,1.56,1.93,1.97,1.54,1.46,4.73,7.06,4.53,5.93,1.5,1.44,4.4,5.75,4.1,5.25,1.5,1.4,4.6,7.0,4.33,5.8,6.0,15.0,0.0,22.0,7.0,4.0,1.0,11.0,1.0,7.0,2.0,0.0,0.0,3.0
25,10,2023-01-20,RB Leipzig,Bayern Munich,1,1,0,D1,D1,RB Leipzig,Bayern Munich,1.0,0.5,0.5,2.59,1.51,1.87,1.86,2.01,2.77,1.45,1.89,1.89,1.98,4.15,3.68,4.13,3.82,2.63,1.5,1.85,1.88,2.05,2.75,1.44,1.91,1.92,2.01,4.33,3.5,4.33,3.6,1.85,1.88,4.0,3.7,3.9,3.8,1.9,1.97,4.0,3.35,4.0,3.65,2.72,1.54,1.92,1.9,2.06,2.96,1.49,1.97,1.97,2.04,4.4,3.88,4.35,3.98,2.66,1.52,1.88,2.06,2.79,1.48,1.9,2.03,1.88,1.9,4.29,3.79,4.24,3.93,1.83,1.85,4.2,3.6,4.1,3.7,1.83,1.88,3.9,3.7,4.0,3.75,2.0,12.0,0.0,7.0,2.0,3.0,3.0,17.0,0.0,10.0,3.0,1.0,0.0,2.0
25,11,2023-01-21,Wolfsburg,Freiburg,6,0,1,D1,D1,Wolfsburg,Freiburg,1.0,-0.25,0.0,1.91,1.92,2.8,2.04,1.84,1.84,1.99,3.25,1.93,1.94,3.37,2.28,3.44,2.54,1.94,1.96,2.75,2.05,1.85,1.84,2.06,3.4,2.02,1.91,3.3,2.2,3.4,2.55,2.7,3.2,3.3,2.25,3.4,2.5,2.75,3.0,3.35,2.4,3.4,2.55,1.97,1.99,2.88,2.08,1.87,1.97,2.07,3.4,2.04,2.23,3.5,2.6,3.6,2.6,1.93,1.97,2.07,1.86,1.89,2.02,1.94,1.98,2.87,3.37,3.41,2.31,3.49,2.58,2.75,3.3,3.4,2.15,3.4,2.5,2.7,3.25,3.3,2.2,3.4,2.5,5.0,12.0,0.0,9.0,1.0,2.0,0.0,11.0,0.0,13.0,11.0,0.0,3.0,1.0
25,12,2023-01-22,Feyenoord,Ajax,1,1,0,N1,N1,Feyenoord,Ajax,1.0,0.0,0.0,2.32,1.59,2.53,1.89,1.95,2.2,1.67,2.69,2.01,1.85,3.53,2.5,3.57,2.61,2.3,1.6,2.6,1.93,1.97,2.08,1.73,2.75,2.08,1.82,3.6,2.45,3.5,2.7,2.45,2.75,3.4,2.5,3.6,2.7,2.5,2.6,3.45,2.5,3.4,2.65,2.41,1.65,2.6,1.95,2.0,2.35,1.77,2.86,2.12,1.89,3.74,2.69,3.81,2.7,2.33,1.65,1.93,1.98,2.17,1.75,2.08,1.84,2.6,2.86,3.52,2.54,3.71,2.67,2.5,2.63,3.6,2.45,3.5,2.6,2.45,2.7,3.4,2.45,3.5,2.62,6.0,14.0,0.0,11.0,3.0,4.0,7.0,19.0,0.0,11.0,4.0,0.0,1.0,4.0
25,13,2023-01-21,Liverpool,Chelsea,0,0,0,E0,E0,Liverpool,Chelsea,1.0,-0.5,-0.5,2.18,1.71,4.08,2.0,1.88,1.99,1.85,3.71,1.84,2.05,3.59,2.05,3.82,1.89,2.1,1.73,4.0,2.03,1.87,2.0,1.9,3.6,1.85,2.08,3.6,2.0,3.75,1.85,3.9,3.6,3.5,2.0,3.75,1.87,3.95,3.6,3.5,2.05,3.75,1.9,2.26,1.8,4.25,2.06,1.91,2.23,1.99,4.07,2.02,2.11,3.81,2.13,3.98,1.94,2.22,1.73,2.03,1.89,2.01,1.89,1.86,2.07,4.2,3.84,3.57,2.07,3.88,1.89,4.0,3.6,3.4,2.0,3.7,1.83,4.0,3.6,3.5,2.0,3.7,1.85,5.0,9.0,0.0,11.0,2.0,1.0,5.0,16.0,0.0,15.0,3.0,0.0,0.0,3.0
25,14,2023-01-22,Arsenal,Man United,3,2,1,E0,E0,Arsenal,Man United,1.0,-0.5,-0.5,2.17,1.7,4.08,2.02,1.86,2.09,1.76,4.19,2.02,1.86,3.79,1.87,3.86,1.86,2.1,1.73,4.2,2.04,1.86,2.1,1.73,4.2,2.08,1.85,3.75,1.83,3.8,1.8,4.0,4.2,3.7,1.83,3.7,1.87,4.0,3.95,3.65,1.9,3.8,1.85,2.26,1.74,4.35,2.09,1.9,2.22,1.81,4.4,2.08,1.91,3.95,1.94,4.1,1.91,2.25,1.71,2.05,1.88,2.22,1.72,2.07,1.86,4.19,4.34,3.9,1.86,3.92,1.88,3.9,3.9,3.75,1.83,3.75,1.83,4.0,4.2,3.6,1.85,3.6,1.88,4.0,9.0,0.0,6.0,4.0,2.0,12.0,8.0,0.0,25.0,5.0,1.0,1.0,1.0
25,15,2023-01-22,Juventus,Atalanta,3,3,0,I1,I1,Juventus,Atalanta,1.0,-0.25,-0.25,1.83,2.0,3.51,2.03,1.83,1.87,1.96,3.54,2.01,1.86,3.33,2.16,3.44,2.13,1.85,2.05,3.5,2.05,1.85,1.91,1.99,3.5,2.08,1.85,3.3,2.1,3.4,2.1,3.5,3.4,3.3,2.15,3.5,2.1,3.45,3.45,3.3,2.2,3.45,2.15,1.88,2.08,3.62,2.09,1.88,2.03,2.05,3.89,2.12,1.91,3.5,2.24,3.6,2.2,1.85,2.07,2.04,1.88,1.9,2.01,2.06,1.87,3.57,3.74,3.35,2.19,3.47,2.2,3.5,3.5,3.1,2.05,3.1,2.05,3.6,3.5,3.2,2.15,3.4,2.05,4.0,6.0,0.0,14.0,4.0,2.0,6.0,9.0,0.0,15.0,8.0,1.0,2.0,1.0
26,1,2023-01-27,Besiktas,Alanyaspor,3,0,1,T1,T1,Besiktas,Alanyaspor,1.0,-1.0,-1.0,2.61,1.48,4.83,1.81,2.04,2.57,1.5,4.94,1.83,2.01,4.24,1.61,4.25,1.62,2.6,1.48,4.75,1.8,2.05,2.5,1.5,5.0,1.8,2.05,4.2,1.6,4.2,1.62,5.0,5.0,4.2,1.58,4.2,1.58,4.8,4.8,4.1,1.65,4.1,1.65,2.96,1.53,5.02,1.91,2.11,2.72,1.53,5.27,1.91,2.11,4.5,1.66,4.5,1.67,2.64,1.52,1.81,2.09,2.64,1.52,1.85,2.06,5.02,5.24,4.28,1.65,4.36,1.66,4.6,4.75,4.2,1.55,4.1,1.57,4.75,4.8,4.2,1.6,4.2,1.62,3.0,15.0,0.0,6.0,3.0,2.0,3.0,14.0,0.0,21.0,8.0,0.0,1.0,0.0
26,2,2023-01-28,Sivasspor,Ad. Demirspor,1,2,2,T1,T1,Sivasspor,Ad. Demirspor,1.0,0.25,0.0,2.11,1.72,2.53,1.87,1.96,2.18,1.68,2.24,1.95,1.89,3.5,3.04,3.48,2.66,2.1,1.7,2.6,1.88,1.98,2.2,1.65,2.2,1.93,1.93,3.5,3.1,3.3,2.63,2.5,2.2,3.5,3.0,3.4,2.6,2.6,2.3,3.5,3.0,3.35,2.7,2.17,1.78,2.65,1.94,2.02,2.35,1.79,2.38,2.02,1.98,3.65,3.2,3.65,2.75,2.15,1.76,1.89,2.01,2.26,1.69,1.97,1.93,2.58,2.27,3.65,3.2,3.65,2.73,2.45,2.15,3.5,2.9,3.4,2.55,2.5,2.2,3.4,3.1,3.4,2.7,6.0,9.0,0.0,11.0,3.0,2.0,7.0,8.0,0.0,19.0,7.0,1.0,0.0,0.0
26,3,2023-01-28,Ankaragucu,Gaziantep,0,2,2,T1,T1,Ankaragucu,Gaziantep,1.0,-0.75,-0.5,1.98,1.84,4.0,1.99,1.86,1.98,1.82,4.44,1.88,1.97,3.77,1.75,3.71,1.85,2.02,1.83,4.2,2.0,1.85,2.02,1.83,4.5,1.9,1.95,3.75,1.7,3.6,1.8,3.9,4.33,3.75,1.73,3.6,1.83,3.9,4.2,3.8,1.8,3.7,1.9,2.06,1.93,4.2,2.08,1.92,2.06,1.87,4.95,1.96,2.03,3.96,1.81,3.84,1.92,2.03,1.86,1.99,1.92,2.05,1.85,1.93,1.98,4.18,4.95,3.85,1.76,3.73,1.92,3.9,4.4,3.6,1.7,3.5,1.8,4.0,4.4,3.7,1.75,3.6,1.85,11.0,12.0,0.0,16.0,8.0,4.0,5.0,7.0,0.0,17.0,5.0,0.0,0.0,1.0
26,4,2023-01-28,Hatayspor,Trabzonspor,2,1,1,T1,T1,Hatayspor,Trabzonspor,1.0,0.75,0.75,1.99,1.83,1.78,2.0,1.84,1.95,1.85,1.76,1.99,1.86,3.64,4.57,3.75,4.38,1.98,1.88,1.8,2.0,1.85,1.93,1.93,1.75,2.0,1.85,3.5,4.75,3.5,4.5,1.75,1.75,3.6,4.4,3.7,4.4,1.8,1.77,3.6,4.6,3.65,4.5,2.07,1.92,1.83,2.06,1.9,2.04,1.96,1.82,2.06,1.91,3.92,5.01,3.95,4.67,2.01,1.88,2.01,1.9,2.02,1.87,2.02,1.89,1.78,1.79,3.66,4.94,3.95,4.67,1.73,1.7,3.6,4.4,3.6,4.2,1.78,1.75,3.6,4.5,3.6,4.33,9.0,11.0,0.0,16.0,5.0,2.0,4.0,13.0,0.0,10.0,3.0,1.0,0.0,4.0
26,5,2023-01-28,Antalyaspor,Umraniyespor,3,2,1,T1,T1,Antalyaspor,Umraniyespor,1.0,-0.5,-0.5,2.1,1.74,3.98,1.99,1.86,1.91,1.88,4.08,1.97,1.87,3.55,1.87,3.78,1.85,2.08,1.73,4.2,1.98,1.88,1.95,1.9,4.2,2.0,1.85,3.5,1.85,3.6,1.83,3.8,4.0,3.5,1.87,3.6,1.87,3.95,4.1,3.55,1.9,3.65,1.9,2.21,1.8,4.34,2.07,1.92,1.99,1.94,4.51,2.07,1.93,3.7,1.97,3.94,1.92,2.14,1.76,2.03,1.88,1.97,1.92,2.04,1.87,4.11,4.51,3.66,1.87,3.93,1.88,3.8,3.75,3.4,1.87,3.6,1.8,4.0,4.2,3.4,1.85,3.6,1.83,2.0,8.0,0.0,7.0,4.0,1.0,8.0,12.0,0.0,25.0,10.0,1.0,1.0,3.0
26,6,2023-01-28,Giresunspor,Galatasaray,0,4,2,T1,T1,Giresunspor,Galatasaray,1.0,1.25,1.0,2.18,1.66,1.54,1.91,1.93,2.36,1.58,1.43,1.96,1.89,4.64,6.76,4.24,5.73,2.15,1.67,1.53,1.9,1.95,2.35,1.57,1.4,1.93,1.93,4.5,7.0,4.0,6.0,1.55,1.43,4.6,6.5,4.2,5.25,1.55,1.45,4.7,6.5,4.2,5.75,2.28,1.73,1.58,1.98,1.99,2.53,1.64,1.47,2.08,1.98,4.95,7.82,4.48,6.0,2.26,1.69,1.95,1.95,2.44,1.6,1.96,1.94,1.57,1.45,4.82,7.39,4.35,6.0,1.5,1.4,4.4,6.5,4.1,5.5,1.53,1.42,4.4,7.0,4.2,5.5,3.0,16.0,0.0,16.0,9.0,0.0,9.0,16.0,0.0,12.0,1.0,1.0,0.0,3.0
26,7,2023-01-29,Istanbulspor,Kayserispor,2,4,2,T1,T1,Istanbulspor,Kayserispor,1.0,0.25,0.25,2.09,1.74,2.29,2.0,1.84,1.82,1.98,2.25,1.94,1.9,3.29,3.21,3.52,2.95,2.05,1.75,2.3,2.0,1.85,1.8,2.05,2.3,1.95,1.9,3.1,3.3,3.3,3.1,2.3,2.3,3.2,3.1,3.5,2.87,2.35,2.3,3.2,3.25,3.45,2.95,2.17,1.8,2.37,2.06,1.9,1.95,2.11,2.31,2.01,1.96,3.47,3.59,3.72,3.1,2.13,1.78,2.04,1.87,1.83,2.08,1.97,1.93,2.35,2.31,3.33,3.4,3.63,3.06,2.2,2.2,3.25,3.0,3.4,2.88,2.25,2.2,3.3,3.2,3.5,2.9,7.0,20.0,0.0,15.0,7.0,1.0,1.0,11.0,0.0,8.0,3.0,1.0,2.0,0.0
26,8,2023-01-29,Buyuksehyr,Konyaspor,2,0,1,T1,T1,Buyuksehyr,Konyaspor,1.0,-0.5,-0.5,1.87,1.94,3.89,1.9,1.95,1.65,2.22,4.15,1.88,1.96,3.24,1.96,3.51,1.94,1.88,1.98,4.0,1.9,1.95,1.62,2.25,4.2,1.9,1.95,3.1,1.95,3.4,1.85,3.7,4.0,3.2,1.95,3.5,1.93,3.75,4.1,3.25,1.97,3.55,1.95,1.97,2.03,4.14,1.97,2.01,1.73,2.3,4.63,1.97,2.0,3.5,2.01,3.72,2.01,1.86,2.03,1.93,1.97,1.68,2.28,1.93,1.98,4.14,4.58,3.28,1.98,3.56,1.97,,3.9,3.2,1.9,,,3.9,4.2,3.1,1.95,3.4,1.91,3.0,10.0,0.0,12.0,2.0,0.0,6.0,13.0,0.0,13.0,5.0,0.0,1.0,0.0
26,9,2023-01-29,Fenerbahce,Kasimpasa,5,1,1,T1,T1,Fenerbahce,Kasimpasa,1.0,-1.5,-1.5,2.71,1.45,8.56,1.96,1.88,2.98,1.38,8.32,2.02,1.83,5.79,1.3,5.56,1.31,2.7,1.44,7.5,1.95,1.9,3.1,1.36,7.0,2.02,1.83,6.0,1.3,5.75,1.33,8.0,8.25,5.5,1.29,5.5,1.32,8.25,8.75,6.0,1.3,5.75,1.33,2.81,1.49,9.53,2.02,1.93,3.46,1.44,9.2,2.11,1.9,6.53,1.34,6.0,1.34,2.81,1.47,1.98,1.93,3.12,1.39,2.04,1.87,9.53,8.57,5.84,1.34,5.75,1.33,8.0,8.5,5.5,1.25,5.25,1.29,9.0,8.5,5.8,1.29,5.25,1.3,1.0,23.0,0.0,4.0,1.0,4.0,6.0,16.0,0.0,22.0,11.0,1.0,2.0,2.0
26,10,2023-01-28,Marseille,Monaco,1,1,0,F1,F1,Marseille,Monaco,1.0,-0.5,-0.25,2.11,1.75,3.35,2.05,1.81,2.2,1.69,3.6,1.86,2.02,3.7,2.01,3.71,2.1,2.1,1.73,3.4,2.08,1.82,2.2,1.67,3.6,1.88,2.05,3.75,1.95,3.6,2.1,3.2,3.5,3.6,2.0,3.7,2.1,3.25,3.5,3.7,2.05,3.65,2.15,2.19,1.83,3.55,2.12,1.86,2.38,1.78,3.93,1.9,2.06,3.9,2.1,3.88,2.16,2.14,1.78,2.1,1.84,2.26,1.7,1.88,2.04,3.49,3.72,3.79,2.04,3.79,2.12,3.4,3.5,3.6,2.0,3.6,2.05,3.3,3.7,3.6,1.95,3.6,2.1,3.0,9.0,0.0,11.0,4.0,2.0,6.0,7.0,0.0,22.0,6.0,1.0,0.0,2.0
26,11,2023-01-29,Twente,Feyenoord,1,1,0,N1,N1,Twente,Feyenoord,1.0,0.0,0.0,1.85,1.95,2.5,1.83,2.03,1.89,1.91,2.69,1.96,1.89,3.3,2.62,3.31,2.81,1.85,2.0,2.55,1.85,2.05,1.93,1.93,2.75,2.0,1.9,3.3,2.63,3.2,2.88,2.5,2.65,3.3,2.65,3.2,2.9,2.5,2.65,3.25,2.6,3.15,2.85,1.9,2.04,2.61,1.89,2.08,1.96,1.99,2.8,2.02,1.98,3.38,2.86,3.6,2.9,1.88,2.0,1.87,2.05,1.93,1.95,2.0,1.93,2.61,2.8,3.38,2.68,3.39,2.86,2.5,2.7,3.3,2.55,3.25,2.75,2.45,2.7,3.2,2.6,3.3,2.75,6.0,8.0,0.0,17.0,6.0,2.0,2.0,13.0,0.0,14.0,6.0,1.0,0.0,2.0
26,12,2023-01-29,Osasuna,Ath Madrid,0,1,2,SP1,SP1,Osasuna,Ath Madrid,1.0,0.5,0.25,1.61,2.34,2.2,1.87,1.99,1.5,2.61,2.06,2.06,1.82,3.15,4.19,3.23,3.58,1.62,2.3,2.2,1.87,2.03,1.5,2.63,2.05,2.08,1.85,3.2,4.0,3.1,3.6,2.2,2.05,3.1,4.1,3.3,3.3,2.25,2.05,3.1,4.2,3.2,3.4,1.68,2.43,2.28,1.92,2.06,1.55,2.75,2.12,2.13,1.86,3.26,4.43,3.38,3.86,1.63,2.41,1.87,2.06,1.52,2.71,2.07,1.86,2.2,2.07,3.18,4.41,3.24,3.85,2.1,2.0,3.1,4.0,3.2,3.5,2.2,2.0,3.1,4.2,3.1,3.5,4.0,7.0,0.0,13.0,5.0,0.0,5.0,13.0,0.0,14.0,4.0,0.0,0.0,1.0
26,13,2023-01-29,Real Madrid,Sociedad,0,0,0,SP1,SP1,Real Madrid,Sociedad,1.0,-0.75,-0.75,1.93,1.91,4.96,1.96,1.9,1.93,1.9,4.94,1.91,1.96,3.81,1.74,3.93,1.71,1.97,1.93,5.0,1.97,1.93,1.9,2.0,4.75,1.88,2.05,3.75,1.75,3.8,1.67,4.75,4.6,3.7,1.75,3.9,1.7,4.9,4.8,3.9,1.7,3.9,1.7,2.0,1.99,5.35,2.0,1.95,2.03,2.05,5.75,2.04,2.05,3.96,1.82,4.1,1.75,1.97,1.93,1.98,1.94,1.92,1.99,1.88,2.05,5.05,4.97,3.71,1.81,4.02,1.73,4.8,4.5,3.7,1.7,3.75,1.67,5.0,5.0,3.6,1.73,3.8,1.67,3.0,19.0,0.0,8.0,3.0,4.0,10.0,8.0,0.0,20.0,7.0,0.0,0.0,1.0
26,14,2023-01-29,Lazio,Fiorentina,1,1,0,I1,I1,Lazio,Fiorentina,1.0,-0.5,-0.25,1.85,1.98,3.72,2.07,1.79,1.81,2.02,3.93,1.85,2.04,3.35,2.03,3.33,2.11,1.86,2.04,3.6,2.05,1.75,1.81,2.09,3.75,1.85,2.08,3.4,2.0,3.4,2.1,3.6,3.8,3.25,2.05,3.4,2.05,3.6,3.85,3.4,2.0,3.35,2.1,1.92,2.04,3.95,2.14,1.86,1.9,2.13,4.46,1.89,2.1,3.5,2.15,3.45,2.2,1.88,2.04,2.12,1.82,1.85,2.06,1.88,2.06,3.9,4.11,3.41,2.06,3.37,2.13,3.7,3.75,3.1,1.95,3.13,1.95,3.75,4.2,3.25,1.95,3.25,2.05,4.0,17.0,0.0,17.0,6.0,3.0,3.0,12.0,0.0,13.0,1.0,0.0,1.0,2.0
26,15,2023-01-29,Napoli,Roma,2,1,1,I1,I1,Napoli,Roma,1.0,-0.75,-0.75,1.86,1.98,4.94,1.91,1.95,1.75,2.11,5.02,1.87,2.0,3.6,1.77,3.76,1.74,1.86,2.04,5.25,1.92,1.98,1.73,2.1,5.0,1.86,2.07,3.5,1.75,3.6,1.73,4.75,5.0,3.5,1.75,3.75,1.72,4.8,5.0,3.6,1.75,3.7,1.73,1.93,2.07,5.25,1.97,2.0,1.88,2.2,5.51,1.97,2.08,3.9,1.81,3.95,1.79,1.88,2.03,1.92,2.0,1.78,2.15,1.88,2.04,5.05,5.25,3.62,1.79,3.83,1.77,5.0,5.0,3.25,1.7,3.4,1.65,4.8,5.25,3.4,1.73,3.7,1.73,8.0,14.0,0.0,11.0,3.0,2.0,3.0,8.0,0.0,11.0,6.0,0.0,1.0,1.0
29,1,2023-02-18,Stuttgart,FC Koln,3,0,1,D1,D1,Stuttgart,FC Koln,1.0,-0.25,-0.25,1.94,1.89,2.92,1.79,2.09,1.84,2.0,3.21,1.9,1.96,3.4,2.3,3.47,2.43,1.96,1.94,2.88,1.82,2.08,1.85,2.05,3.25,1.96,1.94,3.4,2.2,3.4,2.45,2.9,3.1,3.4,2.3,3.4,2.37,2.9,3.05,3.35,2.35,3.4,2.4,2.0,1.96,3.0,1.85,2.14,1.91,2.08,3.4,1.99,2.02,3.56,2.4,3.59,2.5,1.98,1.93,1.81,2.14,1.88,2.03,1.92,2.01,2.97,3.28,3.45,2.34,3.53,2.48,2.75,3.1,3.3,2.15,3.4,2.3,2.88,3.2,3.25,2.3,3.4,2.4,6.0,12.0,0.0,11.0,4.0,4.0,3.0,10.0,0.0,18.0,7.0,0.0,1.0,3.0
29,2,2023-02-18,Wolfsburg,RB Leipzig,0,3,2,D1,D1,Wolfsburg,RB Leipzig,1.0,0.25,0.25,2.06,1.78,2.18,1.89,1.97,2.2,1.69,2.28,1.99,1.87,3.64,3.04,3.6,3.26,2.0,1.8,2.15,1.9,2.0,2.1,1.73,2.3,2.05,1.85,3.6,2.9,3.6,3.3,2.15,2.3,3.5,2.95,3.5,3.25,2.2,2.25,3.6,3.05,3.55,3.2,2.16,1.83,2.23,1.93,2.03,2.34,1.74,2.36,2.08,1.92,3.8,3.3,3.74,3.38,2.09,1.81,1.93,2.0,2.21,1.74,2.04,1.89,2.22,2.35,3.68,3.08,3.68,3.34,2.1,2.2,3.6,2.8,3.5,3.0,2.15,2.25,3.5,3.0,3.5,3.2,5.0,15.0,0.0,17.0,5.0,1.0,2.0,16.0,0.0,7.0,2.0,1.0,0.0,1.0
29,3,2023-02-18,St. Gilloise,Standard,2,4,2,B1,B1,St. Gilloise,Standard,1.0,-1.0,-1.0,2.01,1.79,5.95,1.91,1.91,2.01,1.8,6.64,2.03,1.8,4.34,1.48,4.16,1.54,2.05,1.75,6.0,1.93,1.93,2.0,1.8,6.5,2.05,1.8,4.2,1.45,4.2,1.53,6.0,6.5,4.2,1.52,4.0,1.57,5.75,6.25,4.3,1.47,4.1,1.53,2.07,1.92,6.43,1.97,2.0,2.13,1.87,7.3,2.09,1.85,4.5,1.52,4.4,1.58,2.07,1.8,1.97,1.91,2.05,1.81,2.09,1.82,6.43,7.18,4.46,1.48,4.34,1.53,6.0,6.5,4.33,1.45,3.9,1.53,,,,,,,0.0,11.0,0.0,9.0,6.0,5.0,3.0,12.0,0.0,15.0,6.0,2.0,1.0,2.0
29,4,2023-02-19,Paris SG,Lille,4,3,1,F1,F1,Paris SG,Lille,1.0,-0.75,-1.0,2.35,1.6,5.06,1.82,2.05,2.57,1.51,4.82,2.04,1.83,4.22,1.66,4.24,1.63,2.3,1.62,5.5,1.83,2.07,2.63,1.5,5.0,2.03,1.87,4.2,1.62,4.0,1.62,4.8,4.5,4.2,1.68,4.1,1.65,4.9,4.7,4.2,1.67,4.1,1.67,2.43,1.64,5.5,1.89,2.11,2.79,1.57,5.63,2.18,1.89,4.4,1.72,4.6,1.68,2.39,1.64,1.83,2.1,2.61,1.54,2.04,1.89,5.32,4.82,4.28,1.71,4.33,1.65,5.0,4.6,4.0,1.6,3.9,1.57,4.8,5.0,4.0,1.63,4.2,1.63,6.0,19.0,0.0,16.0,7.0,4.0,3.0,9.0,0.0,12.0,10.0,1.0,2.0,2.0
29,5,2023-02-19,Brest,Monaco,1,2,2,F1,F1,Brest,Monaco,1.0,0.75,0.75,2.03,1.8,1.78,2.0,1.85,2.05,1.79,1.81,2.04,1.82,3.76,4.38,3.85,4.41,2.0,1.8,1.8,2.03,1.87,2.0,1.8,1.83,2.05,1.75,3.6,4.33,3.6,4.5,1.8,1.78,3.7,4.4,3.7,4.33,1.8,1.8,3.75,4.3,3.8,4.3,2.11,1.86,1.83,2.05,1.9,2.13,1.84,1.89,2.15,1.89,4.0,4.71,4.03,4.7,2.06,1.86,2.03,1.9,2.06,1.84,2.15,1.79,1.79,1.89,3.82,4.28,3.99,4.63,1.7,1.75,3.6,4.2,3.6,4.4,1.78,1.78,3.6,4.5,3.7,4.33,5.0,10.0,0.0,10.0,3.0,2.0,5.0,7.0,0.0,13.0,3.0,1.0,0.0,1.0
29,6,2023-02-19,Lens,Nantes,3,1,1,F1,F1,Lens,Nantes,1.0,-1.0,-1.0,1.91,1.92,6.49,1.97,1.88,1.82,2.02,7.37,2.04,1.83,4.22,1.49,4.26,1.52,1.97,1.93,7.0,2.01,1.89,1.83,2.07,7.5,2.1,1.8,4.0,1.5,4.0,1.5,6.0,7.5,4.1,1.47,4.1,1.55,6.25,7.0,3.95,1.53,4.2,1.53,1.98,1.97,7.1,2.04,1.95,1.9,2.08,8.0,2.12,1.9,4.4,1.55,4.5,1.56,1.98,1.93,2.03,1.9,1.85,2.06,2.11,1.83,7.05,7.91,4.33,1.5,4.43,1.52,6.5,7.0,3.9,1.44,4.0,1.45,6.5,7.0,4.0,1.5,4.0,1.52,5.0,15.0,0.0,6.0,3.0,0.0,2.0,9.0,0.0,19.0,6.0,1.0,2.0,0.0
29,7,2023-02-18,Aston Villa,Arsenal,2,4,2,E0,E0,Aston Villa,Arsenal,1.0,0.5,0.5,1.86,1.98,1.84,1.85,2.04,1.91,1.93,1.87,1.87,2.02,3.66,4.36,3.71,4.43,1.88,2.02,1.5,1.84,2.06,1.91,1.99,1.91,1.92,1.98,3.6,4.2,3.6,4.5,1.78,1.85,3.6,4.1,3.6,4.5,1.85,1.85,3.6,4.3,3.6,4.3,1.91,2.06,1.87,1.88,2.12,2.09,2.01,1.95,1.95,2.08,3.8,4.81,3.86,4.6,1.89,2.01,1.85,2.09,1.93,1.98,1.95,1.97,1.85,1.95,3.63,4.24,3.8,4.54,1.8,1.83,3.4,4.1,3.4,4.33,1.8,1.83,3.5,4.4,3.6,4.33,9.0,4.0,0.0,20.0,5.0,1.0,2.0,13.0,0.0,7.0,5.0,1.0,2.0,2.0
29,8,2023-02-18,Newcastle,Liverpool,0,2,2,E0,E0,Newcastle,Liverpool,1.0,0.0,0.0,2.04,1.79,2.75,2.01,1.88,2.0,1.85,2.82,2.07,1.83,3.48,2.53,3.51,2.57,2.0,1.8,2.7,2.02,1.88,2.02,1.88,2.8,2.08,1.82,3.4,2.45,3.5,2.5,2.75,2.75,3.4,2.45,3.5,2.45,2.7,2.75,3.4,2.5,3.45,2.5,2.13,1.87,2.83,2.08,1.95,2.13,1.94,2.95,2.12,1.91,3.58,2.74,3.65,2.7,2.09,1.81,2.06,1.87,2.02,1.88,2.09,1.85,2.82,2.88,3.52,2.56,3.58,2.57,2.63,2.7,3.25,2.45,3.3,2.5,2.7,2.88,3.3,2.45,3.4,2.5,7.0,8.0,0.0,13.0,7.0,1.0,6.0,3.0,1.0,14.0,4.0,2.0,0.0,1.0
29,9,2023-02-18,Feyenoord,AZ Alkmaar,2,1,1,N1,N1,Feyenoord,AZ Alkmaar,1.0,-0.5,-0.75,2.2,1.67,4.52,1.93,1.91,2.31,1.6,3.93,2.0,1.84,3.85,1.84,3.93,1.73,2.2,1.65,5.0,1.98,1.92,2.35,1.57,4.0,2.05,1.85,3.8,1.83,3.8,1.7,4.5,3.9,3.8,1.85,3.9,1.73,4.4,3.85,3.75,1.9,3.85,1.73,2.28,1.71,5.0,2.0,1.97,2.47,1.65,4.25,2.08,1.88,4.07,1.94,4.1,1.77,2.24,1.7,1.97,1.93,2.47,1.59,2.06,1.85,4.77,4.1,4.07,1.85,4.07,1.74,4.4,3.75,3.75,1.8,3.8,1.67,4.4,3.9,3.7,1.83,3.75,1.73,5.0,16.0,0.0,2.0,0.0,3.0,2.0,12.0,0.0,18.0,3.0,1.0,1.0,3.0
29,10,2023-02-19,Utrecht,PSV Eindhoven,2,2,0,N1,N1,Utrecht,PSV Eindhoven,1.0,0.5,0.5,2.41,1.55,1.85,1.87,1.98,2.05,1.77,1.99,2.0,1.85,3.64,3.61,4.01,3.76,2.35,1.57,1.85,1.89,2.01,2.05,1.75,1.95,2.04,1.86,3.75,3.6,4.0,3.8,1.83,2.0,3.5,3.6,4.0,3.8,1.9,2.0,3.55,3.5,3.85,3.6,2.5,1.6,1.9,1.9,2.04,2.13,1.83,2.06,2.07,1.9,3.85,3.93,4.2,3.9,2.46,1.6,1.88,2.02,2.07,1.82,2.03,1.88,1.88,2.03,3.69,3.78,4.19,3.84,1.8,1.95,3.5,3.5,3.8,3.7,1.8,1.95,3.5,3.7,3.9,3.9,5.0,7.0,0.0,16.0,8.0,1.0,2.0,14.0,0.0,8.0,4.0,1.0,1.0,0.0
29,11,2023-02-18,Osasuna,Real Madrid,0,2,2,SP1,SP1,Osasuna,Real Madrid,1.0,0.75,0.5,1.82,2.02,1.82,1.83,2.06,1.83,2.01,1.69,1.89,1.98,3.79,5.33,3.64,4.54,1.83,2.07,1.8,1.83,2.07,1.8,2.1,1.7,1.94,1.96,3.75,5.25,3.6,4.33,1.8,1.68,3.7,5.25,3.6,4.5,1.83,1.7,3.75,5.0,3.6,4.4,1.84,2.08,1.86,1.85,2.13,1.93,2.13,1.73,1.96,2.1,3.99,5.83,3.75,4.75,1.84,2.08,1.85,2.09,1.83,2.09,1.93,2.0,1.85,1.71,3.81,5.62,3.7,4.73,1.75,1.65,3.6,4.8,3.5,4.2,1.78,1.67,3.6,5.5,3.6,4.5,5.0,7.0,0.0,11.0,6.0,2.0,5.0,17.0,0.0,11.0,4.0,0.0,0.0,3.0
29,12,2023-02-19,Vallecano,Sevilla,1,1,0,SP1,SP1,Vallecano,Sevilla,1.0,-0.25,-0.25,1.59,2.38,3.07,1.77,2.11,1.57,2.44,3.31,1.86,2.01,3.13,2.37,3.15,2.5,1.62,2.3,3.0,1.77,2.14,1.53,2.5,3.3,1.85,2.05,3.1,2.3,3.1,2.5,3.0,3.2,3.0,2.37,3.1,2.45,3.05,3.2,3.1,2.4,3.15,2.5,1.64,2.47,3.15,1.81,2.17,1.63,2.55,3.47,1.9,2.08,3.22,2.49,3.23,2.59,1.62,2.43,1.79,2.16,1.57,2.55,1.86,2.07,3.14,3.4,3.13,2.45,3.22,2.55,3.0,3.1,3.0,2.3,3.0,2.38,3.0,3.3,3.1,2.3,3.1,2.45,3.0,6.0,0.0,7.0,2.0,1.0,7.0,15.0,0.0,18.0,5.0,1.0,0.0,4.0
29,13,2023-02-19,Ath Madrid,Ath Bilbao,1,0,1,SP1,SP1,Ath Madrid,Ath Bilbao,1.0,-0.5,-0.5,1.6,2.34,4.0,1.84,2.04,1.61,2.36,4.3,1.91,1.97,3.33,1.97,3.27,2.05,1.62,2.3,4.0,1.86,2.04,1.57,2.38,4.2,1.95,1.95,3.3,1.95,3.3,2.0,3.7,4.2,3.25,1.95,3.25,2.1,3.9,4.2,3.3,1.95,3.25,2.05,1.68,2.46,4.2,1.9,2.08,1.69,2.57,4.62,1.99,2.01,3.56,2.04,3.42,2.11,1.65,2.36,1.86,2.07,1.63,2.4,1.92,2.01,4.19,4.43,3.35,2.01,3.31,2.07,3.75,4.1,3.25,1.85,3.2,1.95,3.9,4.4,3.2,1.91,3.2,2.05,5.0,13.0,0.0,8.0,2.0,3.0,6.0,7.0,0.0,17.0,5.0,0.0,0.0,2.0
29,14,2023-02-18,Inter,Udinese,3,1,1,I1,I1,Inter,Udinese,1.0,-1.25,-1.0,2.1,1.76,6.3,1.99,1.88,2.22,1.69,7.51,1.92,1.95,4.68,1.43,4.38,1.52,2.1,1.73,6.0,2.01,1.89,2.2,1.67,7.5,1.95,1.95,4.5,1.4,4.2,1.53,6.0,7.25,4.75,1.43,4.33,1.52,6.0,7.0,4.7,1.43,4.3,1.53,2.19,1.83,6.95,2.05,1.94,2.34,1.74,8.33,1.99,2.0,4.95,1.48,4.6,1.56,2.13,1.79,2.02,1.91,2.31,1.68,1.96,1.96,6.46,7.54,4.77,1.46,4.49,1.54,6.5,7.5,4.33,1.36,3.9,1.45,6.5,8.0,4.5,1.4,4.2,1.5,8.0,14.0,0.0,9.0,1.0,2.0,3.0,15.0,0.0,19.0,7.0,1.0,1.0,2.0
29,15,2023-02-19,Spezia,Juventus,0,2,2,I1,I1,Spezia,Juventus,1.0,0.75,0.75,1.8,2.04,1.62,1.79,2.08,1.81,2.04,1.65,1.84,2.04,3.85,5.63,3.92,5.81,1.83,2.07,1.62,1.77,2.02,1.83,2.07,1.65,1.86,2.04,3.8,5.25,3.75,6.0,1.62,1.65,3.8,5.25,3.9,5.5,1.63,1.65,3.85,5.5,3.9,5.75,1.85,2.11,1.64,1.83,2.12,1.9,2.15,1.68,1.9,2.11,4.0,6.47,4.0,6.2,1.8,2.11,1.82,2.12,1.84,2.08,1.88,2.05,1.64,1.68,3.88,5.84,3.99,6.09,1.55,1.6,3.4,5.5,3.5,6.0,1.62,1.65,3.7,5.5,3.75,5.8,4.0,9.0,0.0,15.0,3.0,2.0,7.0,8.0,0.0,18.0,7.0,1.0,0.0,2.0
31,1,2023-03-03,Alanyaspor,Buyuksehyr,1,0,1,T1,T1,Alanyaspor,Buyuksehyr,1.0,0.0,0.0,1.79,2.01,2.67,1.93,1.91,1.78,2.03,2.67,1.94,1.9,3.24,2.65,3.26,2.63,1.8,2.05,2.6,1.95,1.9,1.75,2.05,2.63,1.95,1.9,3.1,2.55,3.2,2.6,2.6,2.65,3.2,2.65,3.2,2.65,2.7,2.7,3.2,2.65,3.25,2.65,1.91,2.13,2.81,1.98,1.98,1.91,2.16,2.79,2.01,1.96,3.4,2.86,3.4,2.72,1.84,2.06,1.98,1.93,1.85,2.05,1.99,1.92,2.78,2.79,3.35,2.69,3.34,2.71,2.55,2.6,3.2,2.55,3.2,2.55,2.6,2.7,3.1,2.62,3.25,2.62,10.0,16.0,0.0,12.0,4.0,2.0,2.0,9.0,1.0,9.0,3.0,0.0,0.0,1.0
31,2,2023-03-04,Karagumruk,Sivasspor,4,3,1,T1,T1,Karagumruk,Sivasspor,1.0,-0.25,-0.25,2.04,1.77,3.16,1.93,1.91,1.85,1.96,3.22,1.9,1.94,3.27,2.25,3.43,2.2,2.05,1.75,3.1,1.93,1.93,1.83,2.02,3.2,1.93,1.93,3.2,2.15,3.3,2.15,3.1,3.2,3.2,2.25,3.5,2.15,3.1,3.15,3.3,2.3,3.45,2.25,2.11,1.83,3.37,1.98,1.96,2.0,2.06,3.55,1.99,2.0,3.44,2.36,3.6,2.28,2.09,1.8,1.96,1.94,1.84,2.06,1.94,1.96,3.32,3.55,3.2,2.31,3.53,2.26,3.1,3.1,3.25,2.15,3.4,2.1,3.1,3.1,3.3,2.25,3.5,2.15,5.0,8.0,0.0,20.0,7.0,1.0,4.0,18.0,0.0,16.0,9.0,1.0,1.0,3.0
31,3,2023-03-04,Trabzonspor,Umraniyespor,1,2,2,T1,T1,Trabzonspor,Umraniyespor,1.0,-1.25,-1.25,2.15,1.69,7.11,1.9,1.95,2.36,1.58,7.14,1.99,1.86,4.87,1.4,4.66,1.41,2.15,1.67,6.5,1.9,1.95,2.4,1.53,7.0,2.05,1.8,5.0,1.33,4.33,1.4,6.75,7.25,4.8,1.38,4.75,1.41,7.0,7.25,5.0,1.4,4.8,1.43,2.24,1.73,8.0,1.98,2.04,2.51,1.63,7.93,2.14,1.98,5.3,1.48,5.0,1.46,2.22,1.71,1.92,1.99,2.51,1.57,2.14,1.78,7.34,7.82,5.21,1.4,4.79,1.46,6.5,6.5,4.4,1.4,4.33,1.4,7.5,7.5,4.75,1.38,4.5,1.4,3.0,11.0,0.0,12.0,7.0,4.0,7.0,12.0,1.0,25.0,7.0,0.0,0.0,2.0
31,4,2023-03-04,Kayserispor,Fenerbahce,1,2,2,T1,T1,Kayserispor,Fenerbahce,1.0,0.75,0.5,2.09,1.74,1.83,1.84,2.01,2.15,1.7,1.75,1.96,1.87,3.75,4.52,3.68,4.12,2.08,1.73,1.75,1.85,2.0,2.15,1.67,1.7,1.98,1.88,3.6,4.5,3.5,4.2,1.88,1.73,3.8,4.33,3.6,3.7,1.9,1.75,3.8,4.4,3.65,3.95,2.19,1.8,1.92,1.91,2.09,2.25,1.77,1.8,2.02,1.93,3.97,5.0,3.86,4.5,2.12,1.78,1.82,2.09,2.2,1.72,2.02,1.88,1.83,1.8,3.82,4.69,3.86,4.48,1.8,1.7,3.7,4.2,3.6,3.8,1.83,1.73,3.6,4.6,3.5,4.2,7.0,11.0,0.0,17.0,4.0,1.0,10.0,13.0,0.0,15.0,3.0,1.0,0.0,0.0
31,5,2023-03-05,Konyaspor,Giresunspor,0,0,0,T1,T1,Konyaspor,Giresunspor,1.0,-0.5,-0.5,1.93,1.87,4.04,1.99,1.86,1.92,1.88,3.96,1.94,1.91,3.56,1.9,3.65,1.85,1.95,1.9,3.6,2.0,1.85,1.98,1.88,3.6,2.0,1.85,3.75,1.8,3.75,1.8,4.0,3.9,3.4,1.93,3.6,1.82,3.9,3.75,3.55,1.97,3.7,1.9,2.02,1.95,4.33,2.06,1.9,1.99,2.06,4.38,2.07,1.98,3.83,2.01,3.85,1.92,1.94,1.94,2.02,1.88,1.98,1.91,2.03,1.88,4.25,4.38,3.71,1.88,3.74,1.87,3.9,3.8,3.5,1.83,3.5,1.8,4.0,3.9,3.5,1.88,3.5,1.88,1.0,13.0,0.0,6.0,1.0,4.0,2.0,14.0,0.0,18.0,6.0,0.0,0.0,3.0
31,6,2023-03-05,Besiktas,Ankaragucu,2,1,1,T1,T1,Besiktas,Ankaragucu,1.0,-1.0,-1.0,2.37,1.57,5.67,1.99,1.84,2.3,1.61,5.47,1.87,1.98,4.27,1.56,4.47,1.51,2.35,1.57,5.5,2.02,1.83,2.25,1.62,5.0,1.88,1.98,4.0,1.57,4.2,1.5,5.5,5.0,4.2,1.58,4.5,1.51,5.75,5.0,4.3,1.6,4.5,1.53,2.54,1.67,6.2,2.06,1.87,2.43,1.68,6.7,2.01,2.05,4.8,1.63,4.8,1.56,2.54,1.56,2.05,1.86,2.37,1.64,1.88,2.03,6.11,5.79,4.29,1.6,4.77,1.52,5.5,5.0,4.1,1.53,4.2,1.5,5.8,5.25,4.0,1.6,4.2,1.52,6.0,15.0,0.0,10.0,4.0,1.0,2.0,18.0,0.0,20.0,10.0,0.0,1.0,3.0
31,7,2023-03-06,Kasimpasa,Antalyaspor,3,1,1,T1,T1,Kasimpasa,Antalyaspor,1.0,-0.25,-0.25,2.06,1.75,2.91,1.8,2.04,1.95,1.85,3.09,1.89,1.95,3.42,2.24,3.46,2.32,2.08,1.73,2.8,1.83,2.02,2.0,1.85,3.1,1.88,1.98,3.3,2.15,3.4,2.25,2.8,3.0,3.4,2.25,3.5,2.3,2.9,3.1,3.4,2.3,3.55,2.35,2.14,1.8,3.2,1.86,2.17,2.04,1.94,3.26,1.95,2.01,3.58,2.35,3.6,2.48,2.12,1.75,1.84,2.03,2.01,1.88,1.91,2.0,3.15,3.19,3.54,2.32,3.47,2.31,2.88,3.0,3.4,2.15,3.4,2.2,2.9,3.0,3.3,2.3,3.4,2.3,7.0,10.0,0.0,15.0,2.0,1.0,3.0,15.0,0.0,10.0,4.0,1.0,2.0,2.0
31,8,2023-03-03,Dortmund,RB Leipzig,2,1,1,D1,D1,Dortmund,RB Leipzig,1.0,-0.25,-0.25,2.34,1.62,3.14,1.94,1.92,2.35,1.61,3.01,1.86,1.99,3.64,2.29,3.68,2.22,2.3,1.62,3.2,1.99,1.94,2.3,1.62,3.0,1.85,2.08,3.5,2.3,3.5,2.2,3.1,2.95,3.6,2.25,3.6,2.2,2.9,3.0,3.55,2.3,3.6,2.3,2.43,1.69,3.32,2.01,1.97,2.47,1.69,3.37,1.94,2.08,3.78,2.38,3.78,2.3,2.35,1.65,1.97,1.93,2.37,1.65,1.86,2.07,3.23,3.03,3.67,2.38,3.71,2.23,2.9,2.75,3.6,2.2,3.7,2.1,3.0,2.88,3.6,2.3,3.5,2.25,6.0,20.0,0.0,14.0,6.0,5.0,4.0,8.0,0.0,8.0,3.0,0.0,2.0,2.0
31,9,2023-03-05,Rennes,Marseille,0,1,2,F1,F1,Rennes,Marseille,1.0,0.25,0.0,1.99,1.85,2.49,1.84,2.04,1.85,1.98,2.41,2.07,1.8,3.37,3.0,3.52,2.77,2.01,1.89,2.5,1.85,2.05,1.89,2.01,2.38,2.09,1.81,3.4,3.0,3.5,2.75,2.4,2.4,3.3,2.9,3.5,2.75,2.5,2.4,3.4,2.95,3.5,2.75,2.09,1.91,2.59,1.9,2.1,1.93,2.07,2.5,2.13,1.86,3.6,3.25,3.74,2.89,2.02,1.87,1.85,2.07,1.93,1.98,2.13,1.82,2.54,2.48,3.49,3.02,3.54,2.84,2.45,2.3,3.2,2.9,3.25,2.7,2.45,2.45,3.25,2.88,3.5,2.75,3.0,10.0,0.0,11.0,4.0,1.0,4.0,10.0,0.0,13.0,2.0,0.0,0.0,1.0
31,10,2023-03-04,Man City,Newcastle,2,0,1,E0,E0,Man City,Newcastle,1.0,-1.25,-1.25,2.17,1.71,6.76,1.82,2.06,2.14,1.72,6.67,1.84,2.04,4.44,1.5,4.59,1.48,2.1,1.73,7.0,1.84,2.06,2.1,1.73,6.5,1.83,2.1,4.33,1.5,4.5,1.45,7.0,7.0,4.33,1.47,4.6,1.44,6.75,6.0,4.4,1.53,4.6,1.47,2.26,1.77,7.0,1.87,2.13,2.27,1.78,7.5,1.91,2.12,4.7,1.53,4.8,1.52,2.2,1.73,1.79,2.12,2.17,1.76,1.91,2.02,6.5,6.65,4.55,1.51,4.6,1.52,6.5,7.5,4.5,1.44,4.2,1.44,7.0,7.0,4.33,1.47,4.4,1.44,4.0,13.0,0.0,5.0,2.0,4.0,8.0,8.0,0.0,11.0,3.0,0.0,1.0,2.0
31,11,2023-03-05,Liverpool,Man United,7,0,1,E0,E0,Liverpool,Man United,1.0,0.0,-0.25,2.27,1.65,2.85,1.81,2.08,2.16,1.72,2.85,2.1,1.79,3.58,2.46,3.68,2.4,2.2,1.67,2.88,1.83,2.07,2.1,1.73,2.8,2.05,1.75,3.6,2.4,3.6,2.38,2.8,2.8,3.5,2.4,3.6,2.37,2.8,2.75,3.6,2.45,3.6,2.4,2.4,1.73,2.97,1.87,2.12,2.25,1.8,3.06,2.2,1.92,3.7,2.7,3.92,2.5,2.31,1.66,1.84,2.08,2.21,1.74,2.17,1.77,2.91,2.97,3.66,2.43,3.76,2.39,2.8,2.7,3.4,2.38,3.5,2.3,2.75,2.7,3.4,2.5,3.6,2.38,3.0,14.0,0.0,8.0,4.0,3.0,4.0,13.0,0.0,18.0,8.0,0.0,1.0,2.0
31,12,2023-03-04,Ath Madrid,Sevilla,6,1,1,SP1,SP1,Ath Madrid,Sevilla,1.0,-0.75,-0.75,1.66,2.25,5.46,1.95,1.91,1.68,2.22,6.02,2.06,1.81,3.75,1.63,3.65,1.7,1.67,2.2,5.25,2.0,1.9,1.67,2.2,6.0,2.13,1.81,3.8,1.6,3.6,1.67,5.25,5.75,3.7,1.63,3.6,1.7,5.25,5.75,3.6,1.67,3.65,1.7,1.71,2.33,5.8,2.02,1.95,1.74,2.29,6.48,2.14,1.85,3.9,1.67,3.77,1.73,1.69,2.26,1.99,1.92,1.71,2.25,2.13,1.82,5.71,6.46,3.89,1.63,3.75,1.7,5.0,5.75,3.6,1.57,3.5,1.65,5.25,6.0,3.6,1.62,3.5,1.7,3.0,11.0,1.0,8.0,1.0,4.0,7.0,12.0,0.0,18.0,8.0,1.0,2.0,1.0
31,13,2023-03-05,Barcelona,Valencia,1,0,1,SP1,SP1,Barcelona,Valencia,1.0,-1.5,-1.0,2.0,1.83,6.25,1.97,1.89,2.02,1.82,9.84,1.86,2.01,5.1,1.34,4.33,1.53,2.03,1.87,5.75,2.01,1.89,2.06,1.84,8.5,1.85,2.05,5.25,1.33,4.5,1.53,6.25,9.5,5.0,1.34,4.2,1.53,6.0,9.5,5.25,1.33,4.3,1.53,2.07,1.88,6.6,2.03,1.94,2.13,1.89,11.04,1.94,2.11,5.42,1.37,4.5,1.56,2.03,1.86,2.01,1.9,2.03,1.88,1.87,2.09,6.57,9.87,5.04,1.37,4.42,1.53,6.0,9.5,4.8,1.29,4.0,1.5,6.5,10.0,4.8,1.33,4.2,1.5,2.0,13.0,0.0,13.0,1.0,0.0,5.0,11.0,1.0,13.0,4.0,0.0,1.0,0.0
31,14,2023-03-04,Fiorentina,Milan,2,1,1,I1,I1,Fiorentina,Milan,1.0,0.0,0.0,1.73,2.13,2.56,1.84,2.04,1.69,2.2,2.73,1.95,1.93,3.18,2.75,3.28,2.86,1.73,2.1,2.55,1.85,2.05,1.67,2.2,2.75,2.01,1.92,3.2,2.7,3.3,2.8,2.55,2.65,3.1,2.75,3.25,2.8,2.55,2.7,3.15,2.75,3.25,2.85,1.76,2.2,2.61,1.89,2.09,1.77,2.28,2.87,2.04,2.06,3.36,3.14,3.41,2.91,1.73,2.2,1.85,2.07,1.74,2.21,2.01,1.92,2.6,2.87,3.23,2.75,3.34,2.91,2.55,2.7,2.9,2.6,2.9,2.75,2.55,2.7,3.2,2.7,3.2,2.9,5.0,17.0,0.0,8.0,6.0,3.0,11.0,12.0,0.0,16.0,8.0,0.0,0.0,3.0
31,15,2023-03-05,Roma,Juventus,1,0,1,I1,I1,Roma,Juventus,1.0,0.0,0.0,1.56,2.45,2.87,2.0,1.87,1.45,2.79,2.83,1.91,1.96,2.88,2.9,3.08,2.68,1.53,2.5,2.88,2.0,1.9,1.4,3.0,2.8,1.96,1.94,2.8,2.9,3.0,2.7,2.8,2.8,2.85,2.8,3.1,2.6,2.9,2.7,3.0,2.9,3.05,2.65,1.62,2.55,2.95,2.04,1.92,1.53,3.01,2.99,1.98,2.03,3.02,3.01,3.17,2.75,1.58,2.49,2.02,1.88,1.44,3.01,1.98,1.94,2.92,2.99,2.88,2.94,3.15,2.72,2.75,2.75,2.63,2.8,2.8,2.63,2.9,2.7,2.88,3.0,3.1,2.62,6.0,10.0,1.0,14.0,5.0,2.0,2.0,11.0,0.0,6.0,2.0,0.0,0.0,3.0
32,1,2023-03-10,Giresunspor,Karagumruk,2,2,0,T1,T1,Giresunspor,Karagumruk,1.0,0.0,0.0,2.17,1.68,2.75,2.06,1.79,2.19,1.67,2.49,1.86,1.97,3.52,2.65,3.54,2.4,2.15,1.67,2.7,2.05,1.8,2.15,1.67,2.45,1.83,2.02,3.4,2.55,3.4,2.3,2.75,2.5,3.5,2.6,3.5,2.37,2.7,2.5,3.55,2.65,3.55,2.45,2.27,1.75,2.89,2.12,1.84,2.29,1.73,2.65,2.02,2.05,3.74,2.81,3.69,2.53,2.22,1.7,2.1,1.81,2.24,1.7,1.86,2.05,2.83,2.54,3.59,2.81,3.69,2.45,2.7,2.38,3.5,2.6,3.5,2.3,2.75,2.5,3.5,2.6,3.5,2.38,2.0,16.0,0.0,12.0,5.0,2.0,2.0,18.0,0.0,5.0,3.0,1.0,2.0,2.0
32,2,2023-03-11,Antalyaspor,Kayserispor,4,0,1,T1,T1,Antalyaspor,Kayserispor,1.0,-0.5,-0.25,1.83,1.95,3.25,1.95,1.89,1.93,1.86,3.58,1.85,2.02,3.52,2.0,3.34,2.18,1.88,1.98,3.0,1.98,1.88,2.05,1.75,3.5,1.9,1.95,3.6,1.91,3.3,2.15,3.1,3.5,3.6,1.95,3.4,2.2,3.15,3.4,3.55,2.1,3.4,2.25,1.9,2.03,3.5,2.01,1.96,2.11,1.96,3.91,1.95,2.1,3.73,2.12,3.47,2.25,1.88,2.01,1.98,1.92,2.06,1.91,1.93,1.98,3.45,3.91,3.73,1.98,3.44,2.24,3.2,3.6,3.4,1.93,3.3,2.1,3.3,3.5,3.4,2.05,3.3,2.15,2.0,18.0,0.0,5.0,1.0,0.0,7.0,13.0,0.0,20.0,10.0,0.0,1.0,1.0
32,3,2023-03-11,Galatasaray,Kasimpasa,1,0,1,T1,T1,Galatasaray,Kasimpasa,1.0,-1.25,-1.75,2.9,1.39,9.2,1.88,1.96,2.93,1.38,6.54,2.02,1.83,4.97,1.41,5.95,1.27,2.88,1.4,9.0,1.88,1.98,2.88,1.4,6.5,1.93,1.93,4.5,1.4,5.25,1.25,8.75,6.5,5.0,1.39,5.75,1.28,9.0,6.5,5.25,1.43,6.0,1.3,3.1,1.44,10.0,1.96,2.02,3.19,1.42,7.38,2.12,1.98,5.6,1.55,6.6,1.3,2.97,1.41,1.88,2.01,3.02,1.4,2.05,1.85,9.65,6.32,4.9,1.47,6.29,1.29,9.0,7.0,5.0,1.33,5.5,1.25,9.5,7.0,4.8,1.4,5.5,1.27,1.0,18.0,0.0,7.0,2.0,2.0,7.0,13.0,0.0,16.0,3.0,0.0,0.0,3.0
32,4,2023-03-12,Ankaragucu,Alanyaspor,2,0,1,T1,T1,Ankaragucu,Alanyaspor,1.0,-0.25,-0.25,2.14,1.69,3.03,1.89,1.95,2.1,1.73,3.1,1.91,1.93,3.46,2.21,3.44,2.25,2.08,1.73,2.88,1.9,1.95,2.08,1.73,3.0,1.88,1.98,3.4,2.15,3.4,2.2,2.8,3.1,3.5,2.1,3.5,2.35,2.95,3.0,3.55,2.25,3.55,2.3,2.25,1.81,3.33,1.95,2.02,2.17,1.8,3.37,1.99,2.01,3.72,2.33,3.7,2.35,2.05,1.81,1.89,1.97,2.16,1.75,1.91,2.0,3.31,3.21,3.51,2.32,3.35,2.31,2.9,3.0,3.4,2.15,3.4,2.2,3.0,3.2,3.4,2.15,3.4,2.25,2.0,17.0,0.0,10.0,1.0,2.0,4.0,16.0,0.0,18.0,6.0,0.0,1.0,2.0
32,5,2023-03-12,Trabzonspor,Ad. Demirspor,4,1,1,T1,T1,Trabzonspor,Ad. Demirspor,1.0,-0.5,-0.75,2.07,1.71,4.57,1.95,1.89,2.35,1.58,3.82,2.0,1.86,3.83,1.84,3.89,1.69,2.1,1.7,4.5,1.95,1.9,2.35,1.57,3.8,2.02,1.83,3.75,1.8,3.6,1.67,4.6,3.75,3.9,1.82,4.0,1.65,4.7,3.75,3.9,1.9,3.9,1.7,2.16,1.81,4.9,2.02,1.94,2.5,1.62,4.24,2.08,1.9,4.0,1.9,4.2,1.78,2.15,1.76,1.96,1.94,2.41,1.62,2.07,1.85,4.78,4.24,3.96,1.85,4.11,1.73,4.6,3.7,3.75,1.8,3.75,1.62,4.75,3.8,3.7,1.85,3.8,1.67,6.0,11.0,1.0,21.0,4.0,1.0,7.0,12.0,0.0,15.0,6.0,1.0,1.0,1.0
32,6,2023-03-12,Buyuksehyr,Besiktas,0,2,2,T1,T1,Buyuksehyr,Besiktas,1.0,0.25,0.0,1.82,1.98,2.54,1.86,1.97,1.7,2.14,2.35,2.04,1.81,3.22,3.03,3.32,2.71,1.83,2.02,2.45,1.88,1.98,1.67,2.15,2.3,2.05,1.8,3.2,2.9,3.3,2.7,2.5,2.3,3.2,3.0,3.4,2.65,2.55,2.35,3.3,3.05,3.35,2.75,1.9,2.08,2.71,1.91,2.02,1.78,2.25,2.46,2.11,1.87,3.48,3.25,3.45,2.81,1.86,2.01,1.91,1.98,1.72,2.22,2.09,1.83,2.67,2.46,3.25,3.2,3.34,2.76,2.5,2.3,3.13,2.9,3.2,2.63,2.45,2.3,3.3,3.0,3.3,2.75,5.0,15.0,0.0,12.0,4.0,2.0,10.0,9.0,1.0,13.0,2.0,1.0,0.0,0.0
32,7,2023-03-13,Istanbulspor,Sivasspor,3,0,1,T1,T1,Istanbulspor,Sivasspor,1.0,0.25,0.25,1.88,1.89,2.25,1.96,1.88,1.86,1.93,2.43,2.11,1.77,3.31,2.86,3.36,3.06,1.93,1.93,2.15,1.93,1.93,1.88,1.98,2.3,2.1,1.77,3.3,2.75,3.3,3.0,2.25,2.35,3.25,2.9,3.4,2.95,2.3,2.45,3.3,2.85,3.4,3.1,1.95,1.98,2.35,2.04,1.96,1.94,2.02,2.55,2.17,1.83,3.47,3.03,3.58,3.26,1.91,1.96,1.96,1.92,1.88,2.01,2.13,1.8,2.28,2.48,3.4,3.03,3.53,3.22,2.2,2.3,3.25,2.8,3.3,3.0,2.25,2.45,3.2,2.88,3.25,3.1,3.0,12.0,1.0,7.0,2.0,4.0,3.0,13.0,0.0,8.0,4.0,0.0,1.0,3.0
32,8,2023-03-12,Werder Bremen,Leverkusen,2,3,2,D1,D1,Werder Bremen,Leverkusen,1.0,0.5,0.25,2.28,1.63,2.12,1.85,2.01,2.08,1.77,2.07,2.07,1.81,3.59,3.53,3.76,3.25,2.3,1.62,2.1,1.87,2.06,2.04,1.89,2.05,2.09,1.84,3.4,3.6,3.75,3.3,2.05,2.05,3.5,3.5,3.75,3.25,2.15,2.1,3.5,3.4,3.6,3.25,2.33,1.68,2.18,1.88,2.06,2.24,1.89,2.11,2.13,1.86,3.8,3.69,3.94,3.34,2.28,1.68,1.88,2.03,2.04,1.88,2.1,1.84,2.15,2.1,3.66,3.67,3.82,3.32,2.05,1.95,3.6,3.25,3.7,3.0,2.1,2.1,3.5,3.4,3.6,3.25,3.0,12.0,0.0,13.0,5.0,1.0,2.0,12.0,0.0,12.0,6.0,1.0,1.0,2.0
32,9,2023-03-12,Wolfsburg,Union Berlin,1,1,0,D1,D1,Wolfsburg,Union Berlin,1.0,0.0,-0.25,1.63,2.28,3.41,1.94,1.91,1.54,2.5,2.89,2.01,1.88,3.04,2.7,3.23,2.26,1.62,2.3,3.3,1.99,1.94,1.53,2.5,2.8,2.02,1.91,3.1,2.7,3.25,2.25,3.2,2.87,3.0,2.65,3.2,2.3,3.25,2.95,3.05,2.6,3.25,2.3,1.68,2.35,3.64,2.0,1.98,1.57,2.61,3.02,2.05,1.94,3.16,2.92,3.35,2.33,1.66,2.32,1.97,1.93,1.55,2.61,2.03,1.89,3.59,2.99,3.05,2.79,3.22,2.28,3.2,2.75,3.0,2.55,3.13,2.15,3.4,2.8,3.0,2.7,3.2,2.2,5.0,14.0,0.0,11.0,2.0,4.0,3.0,11.0,0.0,15.0,6.0,0.0,0.0,1.0
32,10,2023-03-10,Lille,Lyon,3,3,0,F1,F1,Lille,Lyon,1.0,-0.75,-0.5,2.2,1.68,3.88,1.95,1.92,2.27,1.65,4.22,1.83,2.04,3.88,1.82,3.76,1.92,2.2,1.67,4.0,1.99,1.94,2.3,1.62,4.2,1.86,2.07,3.8,1.8,3.75,1.85,3.9,4.1,3.8,1.82,3.7,1.88,3.8,4.1,3.75,1.85,3.65,1.95,2.3,1.76,4.15,2.0,1.96,2.38,1.72,4.42,1.88,2.11,4.1,1.91,3.91,2.05,2.26,1.7,1.98,1.94,2.31,1.68,1.87,2.06,4.02,4.42,3.98,1.83,3.85,1.94,3.7,4.1,3.7,1.73,3.6,1.85,4.0,4.2,3.7,1.8,3.6,1.88,0.0,19.0,0.0,6.0,5.0,4.0,4.0,20.0,0.0,8.0,6.0,0.0,0.0,5.0
32,11,2023-03-11,Leicester,Chelsea,1,3,2,E0,E0,Leicester,Chelsea,1.0,0.5,0.5,1.85,1.98,2.0,2.01,1.87,1.89,1.93,1.93,1.93,1.96,3.63,4.02,3.56,3.83,1.91,2.02,1.95,2.02,1.91,1.95,1.98,1.91,1.94,1.99,3.6,3.8,3.5,3.75,1.98,1.9,3.5,4.0,3.5,3.7,1.97,1.9,3.6,3.95,3.55,3.75,1.92,2.07,2.08,2.06,1.93,1.98,2.01,2.0,1.96,2.0,3.86,4.2,3.78,3.98,1.86,2.04,2.02,1.89,1.94,1.96,1.95,1.97,2.02,1.95,3.75,4.1,3.61,3.9,1.93,1.87,3.4,3.9,3.3,3.8,2.0,1.95,3.5,3.9,3.5,3.7,5.0,11.0,0.0,12.0,6.0,2.0,2.0,10.0,1.0,17.0,7.0,2.0,1.0,1.0
32,12,2023-03-12,Fulham,Arsenal,0,3,2,E0,E0,Fulham,Arsenal,1.0,1.25,1.0,2.02,1.81,1.59,2.02,1.86,2.1,1.76,1.43,1.97,1.9,4.69,7.64,4.17,5.74,2.08,1.85,1.57,2.05,1.88,2.1,1.73,1.4,1.96,1.97,4.75,7.5,4.0,6.0,1.6,1.43,4.6,7.25,4.1,5.5,1.6,1.45,4.5,7.25,4.1,5.5,2.09,1.87,1.63,2.06,1.9,2.23,1.84,1.48,2.05,1.97,4.9,8.25,4.33,6.2,2.05,1.85,2.02,1.88,2.17,1.76,1.96,1.96,1.59,1.43,4.9,7.83,4.23,6.02,1.53,1.4,4.33,7.5,3.9,5.75,1.57,1.4,4.5,8.0,4.0,5.8,8.0,9.0,0.0,15.0,7.0,1.0,4.0,10.0,0.0,12.0,2.0,3.0,0.0,0.0
32,13,2023-03-11,Valencia,Osasuna,1,0,1,SP1,SP1,Valencia,Osasuna,1.0,-0.5,-0.25,1.56,2.45,3.89,2.09,1.78,1.53,2.51,4.13,1.84,2.04,3.19,2.03,3.2,2.1,1.53,2.5,3.8,2.13,1.81,1.53,2.5,4.2,1.87,2.06,3.2,2.0,3.2,2.1,3.75,4.0,3.2,2.0,3.1,2.1,3.7,4.1,3.2,2.05,3.15,2.15,1.61,2.55,4.1,2.16,1.82,1.59,2.65,4.5,1.89,2.08,3.31,2.12,3.38,2.17,1.57,2.52,2.12,1.79,1.57,2.55,1.87,2.06,4.04,4.31,3.27,2.06,3.24,2.12,3.7,3.9,3.1,1.95,3.13,2.0,3.9,4.0,3.1,2.05,3.1,2.1,3.0,19.0,0.0,7.0,0.0,5.0,12.0,8.0,0.0,8.0,4.0,0.0,0.0,2.0
32,14,2023-03-12,Ath Bilbao,Barcelona,0,1,2,SP1,SP1,Ath Bilbao,Barcelona,1.0,0.25,0.25,1.72,2.15,2.18,1.87,2.0,1.72,2.15,2.13,1.83,2.05,3.33,3.64,3.34,3.49,1.73,2.1,2.15,1.9,2.03,1.73,2.1,2.15,1.84,2.09,3.3,3.5,3.3,3.5,2.2,2.15,3.25,3.5,3.25,3.4,2.2,2.1,3.4,3.55,3.3,3.35,1.8,2.23,2.24,1.92,2.04,1.81,2.27,2.23,1.87,2.19,3.5,3.98,3.52,3.68,1.75,2.17,1.87,2.04,1.76,2.17,1.85,2.09,2.18,2.15,3.43,3.76,3.42,3.61,2.1,2.05,3.25,3.4,3.2,3.3,2.15,2.05,3.2,3.8,3.25,3.5,3.0,7.0,0.0,10.0,2.0,1.0,5.0,13.0,0.0,15.0,5.0,1.0,0.0,2.0
32,15,2023-03-11,Napoli,Atalanta,2,0,1,I1,I1,Napoli,Atalanta,1.0,-0.75,-0.75,2.06,1.78,5.05,2.03,1.85,1.97,1.86,5.1,1.99,1.89,3.87,1.7,4.04,1.67,2.0,1.8,5.0,2.06,1.87,2.01,1.92,5.0,2.04,1.89,3.8,1.67,4.0,1.67,5.0,5.0,3.8,1.68,4.0,1.65,4.9,5.0,3.9,1.7,4.0,1.67,2.13,1.87,5.45,2.08,1.89,2.14,1.96,5.79,2.13,2.05,4.1,1.83,4.2,1.72,2.06,1.82,2.01,1.89,2.0,1.9,2.02,1.9,5.13,5.43,3.94,1.7,4.05,1.7,5.25,5.25,3.5,1.6,3.6,1.57,5.25,5.5,3.8,1.65,3.9,1.65,4.0,11.0,0.0,6.0,3.0,2.0,10.0,12.0,0.0,18.0,6.0,0.0,0.0,1.0
35,1,2023-04-02,Giresunspor,Alanyaspor,2,2,0,T1,T1,Giresunspor,Alanyaspor,1.0,-0.25,0.0,2.15,1.69,2.7,2.02,1.81,2.11,1.72,2.94,1.86,1.98,3.5,2.29,3.56,2.43,2.1,1.7,2.7,2.05,1.8,2.1,1.7,3.0,1.9,1.95,3.4,2.2,3.4,2.45,2.65,2.85,3.4,2.3,3.5,2.4,2.7,2.7,3.45,2.5,3.45,2.5,2.24,1.74,2.8,2.09,1.88,2.2,1.9,3.17,1.95,2.05,3.73,2.5,3.88,2.55,2.21,1.71,2.07,1.85,2.13,1.77,1.93,1.98,2.8,3.17,3.64,2.28,3.64,2.51,2.63,2.8,3.5,2.2,3.4,2.38,2.7,2.9,3.4,2.3,3.5,2.4,2.0,20.0,0.0,10.0,4.0,4.0,7.0,15.0,0.0,22.0,7.0,1.0,0.0,2.0
35,2,2023-04-03,Istanbulspor,Karagumruk,0,1,2,T1,T1,Istanbulspor,Karagumruk,1.0,0.25,0.25,2.22,1.65,2.17,1.9,1.93,2.19,1.67,2.22,1.94,1.89,3.57,3.0,3.58,3.1,2.15,1.67,2.15,1.93,1.93,2.1,1.7,2.15,1.93,1.93,3.5,3.1,3.3,3.25,2.1,2.2,3.6,2.95,3.6,3.0,2.2,2.25,3.6,2.95,3.6,3.1,2.31,1.7,2.26,1.95,2.02,2.36,1.77,2.33,2.0,1.96,3.84,3.21,3.75,3.25,2.24,1.69,1.94,1.94,2.19,1.74,1.96,1.94,2.24,2.26,3.69,3.19,3.66,3.19,2.1,2.15,3.5,2.9,3.5,3.0,2.15,2.25,3.4,3.0,3.5,3.1,3.0,19.0,1.0,11.0,5.0,3.0,8.0,11.0,0.0,11.0,3.0,1.0,0.0,5.0
35,3,2023-04-02,Fenerbahce,Besiktas,2,4,2,T1,T1,Fenerbahce,Besiktas,1.0,-0.5,-0.5,2.18,1.67,3.89,1.99,1.85,1.96,1.84,3.7,1.86,1.98,3.49,1.98,3.79,1.85,2.15,1.67,4.0,2.0,1.85,1.98,1.88,3.75,1.83,2.02,3.25,2.0,3.5,1.83,3.9,3.6,3.4,2.0,3.8,1.8,4.0,4.0,3.8,1.83,3.8,1.83,2.27,1.73,4.1,2.06,1.91,2.15,1.94,4.18,1.95,2.11,3.8,2.1,3.95,1.92,2.24,1.7,2.0,1.91,2.0,1.89,1.85,2.07,4.01,3.84,3.51,2.07,3.92,1.91,3.75,3.5,3.4,1.95,3.7,1.8,3.9,3.5,3.4,2.05,3.7,1.83,2.0,18.0,1.0,8.0,5.0,6.0,8.0,16.0,0.0,21.0,8.0,0.0,1.0,3.0
35,4,2023-04-01,Buyuksehyr,Ankaragucu,1,0,1,T1,T1,Buyuksehyr,Ankaragucu,1.0,-0.5,-0.75,1.77,2.04,4.57,1.84,2.0,1.79,2.01,4.25,1.99,1.85,3.52,1.84,3.63,1.76,1.75,2.05,4.5,1.85,2.0,1.85,2.0,4.0,2.0,1.85,3.6,1.83,3.6,1.7,4.5,4.1,3.5,1.85,3.6,1.75,4.3,4.3,3.7,1.8,3.7,1.8,1.85,2.13,4.9,1.91,2.06,1.91,2.2,4.6,2.1,1.91,3.7,1.9,3.85,1.84,1.78,2.11,1.85,2.06,1.85,2.04,2.04,1.87,4.81,4.52,3.65,1.87,3.73,1.81,4.5,4.1,3.4,1.8,3.5,1.7,4.5,4.33,3.3,1.85,3.4,1.8,5.0,18.0,0.0,11.0,2.0,2.0,3.0,16.0,0.0,16.0,9.0,0.0,1.0,3.0
35,5,2023-04-01,Galatasaray,Ad. Demirspor,2,0,1,T1,T1,Galatasaray,Ad. Demirspor,1.0,-1.5,-1.25,2.95,1.38,6.19,1.95,1.89,3.47,1.3,6.65,1.88,1.95,5.35,1.38,4.93,1.43,2.88,1.4,6.5,1.98,1.88,3.6,1.29,6.5,1.9,1.95,5.0,1.36,4.5,1.4,5.75,6.5,5.5,1.36,5.0,1.44,6.0,6.0,5.0,1.45,5.0,1.45,3.17,1.44,6.53,2.0,1.94,3.82,1.4,7.59,1.98,2.15,5.9,1.45,5.3,1.48,3.07,1.4,2.0,1.91,3.74,1.3,1.94,1.96,6.53,6.96,5.65,1.4,5.12,1.46,6.5,7.0,5.0,1.33,4.5,1.4,6.5,7.0,5.0,1.38,4.75,1.42,4.0,13.0,0.0,9.0,1.0,4.0,8.0,22.0,0.0,19.0,4.0,0.0,0.0,4.0
35,6,2023-04-02,Umraniyespor,Konyaspor,2,2,0,T1,T1,Umraniyespor,Konyaspor,1.0,-0.25,0.25,2.03,1.77,2.29,2.0,1.84,2.04,1.77,2.68,1.71,2.17,3.43,2.51,3.47,2.98,2.05,1.75,2.25,2.02,1.83,2.0,1.8,2.63,1.65,2.2,3.3,2.5,3.3,2.9,2.25,2.7,3.4,2.45,3.6,2.9,2.25,2.25,3.55,3.0,3.55,3.0,2.11,1.84,2.39,2.05,1.88,2.13,1.89,2.9,1.78,2.31,3.65,3.0,3.65,3.14,2.04,1.83,2.05,1.86,2.06,1.83,1.69,2.29,2.36,2.74,3.47,2.67,3.51,3.09,,2.6,3.4,2.4,,,2.3,2.62,3.4,2.55,3.4,2.9,7.0,7.0,0.0,11.0,3.0,1.0,4.0,14.0,0.0,7.0,3.0,0.0,0.0,2.0
35,7,2023-04-01,Trabzonspor,Kayserispor,3,4,2,T1,T1,Trabzonspor,Kayserispor,1.0,-1.0,-1.0,2.14,1.69,6.16,2.01,1.82,2.17,1.68,6.36,2.06,1.78,4.39,1.48,4.37,1.49,2.1,1.7,5.75,2.02,1.83,2.2,1.65,6.5,2.15,1.68,4.5,1.4,4.33,1.5,5.75,6.0,4.4,1.47,4.4,1.49,6.25,6.25,4.5,1.47,4.5,1.47,2.22,1.74,6.7,2.09,1.88,2.27,1.75,7.17,2.21,1.89,4.73,1.54,4.7,1.54,2.2,1.73,2.03,1.88,2.27,1.68,2.16,1.76,6.59,6.91,4.68,1.49,4.44,1.53,6.0,6.5,4.0,1.44,4.2,1.45,6.0,6.5,4.2,1.47,4.2,1.5,2.0,12.0,0.0,14.0,4.0,1.0,4.0,11.0,0.0,21.0,6.0,2.0,1.0,0.0
35,8,2023-04-01,Bayern Munich,Dortmund,4,2,1,D1,D1,Bayern Munich,Dortmund,1.0,-1.25,-1.25,3.37,1.32,5.64,1.9,1.95,3.07,1.38,5.7,1.86,2.0,4.9,1.51,5.11,1.49,3.4,1.33,6.0,1.95,1.95,3.0,1.4,5.5,1.86,2.07,5.0,1.5,5.0,1.45,5.75,5.75,4.8,1.47,5.0,1.47,5.25,5.25,4.8,1.55,4.8,1.55,3.6,1.35,6.0,1.96,2.0,3.25,1.43,6.15,1.93,2.08,5.3,1.59,5.5,1.55,3.31,1.36,1.95,1.95,3.0,1.43,1.88,2.05,5.62,5.71,4.97,1.54,5.26,1.51,6.0,5.75,4.8,1.5,5.0,1.45,5.8,5.8,4.75,1.47,4.8,1.47,2.0,7.0,0.0,10.0,4.0,1.0,6.0,11.0,0.0,16.0,9.0,0.0,3.0,1.0
35,9,2023-04-02,Nantes,Reims,0,3,2,F1,F1,Nantes,Reims,1.0,0.25,0.25,1.76,2.07,2.39,2.05,1.8,1.82,2.01,2.16,1.85,2.01,3.39,3.47,3.3,3.05,1.73,2.1,2.38,2.08,1.82,1.86,2.04,2.1,1.84,2.09,3.5,3.5,3.3,3.1,2.4,2.1,3.3,3.5,3.25,2.95,2.4,2.4,3.3,3.0,3.3,3.0,1.82,2.13,2.44,2.12,1.85,1.91,2.26,2.4,1.9,2.09,3.54,3.73,3.47,3.18,1.79,2.11,2.07,1.85,1.85,2.06,1.85,2.09,2.41,2.15,3.46,3.72,3.42,3.13,2.3,2.15,3.3,3.4,3.13,3.0,2.35,2.2,3.3,3.3,3.2,3.1,4.0,13.0,0.0,14.0,9.0,2.0,3.0,10.0,0.0,12.0,6.0,2.0,0.0,1.0
35,10,2023-04-01,Man City,Liverpool,4,1,1,E0,E0,Man City,Liverpool,1.0,-0.75,-1.0,2.27,1.65,5.19,1.81,2.07,2.29,1.63,4.97,2.03,1.83,4.15,1.68,4.2,1.64,2.2,1.67,5.0,1.81,2.09,2.3,1.62,5.0,2.08,1.82,4.2,1.65,4.2,1.62,5.25,4.75,4.1,1.66,4.1,1.61,4.9,4.9,4.3,1.63,4.3,1.63,2.36,1.73,5.5,1.86,2.15,2.48,1.7,5.4,2.12,1.91,4.35,1.74,4.4,1.7,2.26,1.69,1.81,2.1,2.32,1.67,2.08,1.85,5.26,5.3,4.25,1.67,4.22,1.66,5.25,5.0,4.1,1.65,4.0,1.6,5.25,5.0,3.9,1.65,4.0,1.62,1.0,12.0,0.0,4.0,1.0,1.0,7.0,9.0,0.0,17.0,8.0,1.0,1.0,1.0
35,11,2023-04-01,Arsenal,Leeds,4,1,1,E0,E0,Arsenal,Leeds,1.0,-1.75,-1.5,2.51,1.53,10.48,2.04,1.83,2.68,1.47,10.67,1.9,1.95,6.3,1.27,5.84,1.29,2.5,1.53,9.0,2.06,1.84,2.75,1.44,9.5,1.92,1.98,6.5,1.25,6.0,1.29,10.0,10.5,6.0,1.27,5.75,1.29,10.0,10.0,5.75,1.3,5.75,1.3,2.58,1.57,12.0,2.08,1.88,2.83,1.57,12.5,1.97,2.08,6.75,1.32,6.25,1.31,2.58,1.55,2.06,1.85,2.83,1.45,1.92,1.99,10.92,10.5,6.75,1.27,5.97,1.29,11.0,12.0,6.0,1.25,5.75,1.25,11.0,11.0,6.0,1.24,5.5,1.27,3.0,13.0,0.0,7.0,5.0,2.0,4.0,11.0,0.0,13.0,6.0,0.0,1.0,0.0
35,12,2023-04-02,Newcastle,Man United,2,0,1,E0,E0,Newcastle,Man United,1.0,-0.25,-0.25,1.91,1.9,2.96,1.81,2.06,1.98,1.85,3.08,1.86,2.02,3.49,2.33,3.45,2.41,1.95,1.95,2.9,1.83,2.07,2.05,1.85,3.1,1.91,2.02,3.5,2.25,3.4,2.4,2.85,3.0,3.4,2.3,3.4,2.45,2.9,2.9,3.3,2.45,3.3,2.45,1.97,1.97,3.11,1.88,2.16,2.15,1.99,3.25,1.92,2.14,3.63,2.5,3.62,2.49,1.93,1.95,1.84,2.08,2.05,1.86,1.92,2.01,3.03,3.17,3.63,2.32,3.55,2.4,2.9,3.13,3.5,2.25,3.3,2.38,2.88,3.0,3.3,2.35,3.4,2.38,4.0,12.0,0.0,6.0,1.0,0.0,7.0,8.0,0.0,22.0,6.0,0.0,0.0,0.0
35,13,2023-04-02,Villarreal,Sociedad,2,0,1,SP1,SP1,Villarreal,Sociedad,1.0,0.0,-0.25,1.68,2.22,3.16,1.83,2.04,1.62,2.32,3.02,2.09,1.79,3.08,2.58,3.21,2.4,1.67,2.2,3.2,1.84,2.06,1.57,2.38,3.0,2.08,1.82,3.1,2.55,3.1,2.4,3.1,2.95,3.0,2.55,3.1,2.37,3.2,3.2,3.15,2.4,3.15,2.4,1.74,2.3,3.25,1.89,2.09,1.69,2.42,3.25,2.17,1.85,3.25,2.66,3.4,2.46,1.68,2.27,1.83,2.09,1.64,2.38,2.12,1.83,3.21,3.08,3.12,2.65,3.23,2.46,3.13,3.0,3.1,2.55,3.2,2.38,3.1,3.1,3.0,2.5,3.1,2.4,4.0,19.0,0.0,16.0,3.0,3.0,4.0,12.0,1.0,16.0,4.0,0.0,0.0,5.0
35,14,2023-04-01,Inter,Fiorentina,0,1,2,I1,I1,Inter,Fiorentina,1.0,-0.75,-0.75,2.04,1.78,4.62,1.86,1.99,1.88,1.94,4.53,1.79,2.08,3.6,1.83,3.79,1.77,2.0,1.8,4.5,1.88,2.02,1.93,1.97,4.75,1.8,2.0,3.5,1.8,3.8,1.75,4.8,4.4,3.5,1.82,3.7,1.73,5.0,5.0,3.8,1.7,3.8,1.7,2.13,1.84,5.0,1.93,2.04,2.02,2.13,5.0,1.85,2.14,3.8,1.88,3.9,1.82,2.06,1.83,1.88,2.03,2.0,1.91,1.81,2.11,4.72,4.67,3.67,1.86,3.85,1.79,4.8,4.75,3.4,1.8,3.7,1.73,4.6,4.75,3.5,1.8,3.75,1.78,8.0,7.0,0.0,19.0,3.0,3.0,10.0,8.0,0.0,16.0,3.0,0.0,0.0,2.0
35,15,2023-04-01,Juventus,Verona,1,0,1,I1,I1,Juventus,Verona,1.0,-1.0,-1.25,1.72,2.14,8.79,1.83,2.03,1.62,2.32,7.06,1.86,2.01,3.79,1.57,4.34,1.42,1.73,2.1,9.0,1.85,2.05,1.62,2.3,6.5,1.87,2.06,3.8,1.53,4.2,1.4,8.0,6.75,3.7,1.57,4.2,1.44,7.5,7.5,4.2,1.47,4.2,1.47,1.78,2.21,9.6,1.88,2.09,1.7,2.43,8.0,1.97,2.08,4.2,1.61,4.5,1.48,1.75,2.17,1.85,2.07,1.64,2.39,1.86,2.07,9.42,7.43,3.83,1.59,4.42,1.43,9.0,8.0,3.6,1.53,3.9,1.36,9.0,7.0,3.7,1.57,4.2,1.42,5.0,22.0,0.0,9.0,3.0,2.0,3.0,14.0,0.0,10.0,2.0,0.0,0.0,1.0
36,1,2023-04-07,Konyaspor,Antalyaspor,1,1,0,T1,T1,Konyaspor,Antalyaspor,1.0,-0.25,-0.25,1.78,2.03,3.24,1.9,1.93,1.65,2.22,3.1,1.81,2.03,3.14,2.37,3.25,2.24,1.75,2.05,3.25,1.9,1.95,1.62,2.25,3.2,1.8,2.05,3.2,2.38,3.3,2.25,3.1,3.0,3.1,2.37,3.3,2.2,3.2,3.05,3.2,2.4,3.3,2.3,1.9,2.14,3.41,1.95,1.99,1.75,2.5,3.34,1.88,2.13,3.29,2.6,3.5,2.33,1.81,2.09,1.93,1.98,1.65,2.34,1.84,2.08,3.41,3.28,3.17,2.46,3.29,2.32,3.13,3.0,3.1,2.3,3.1,2.2,3.2,3.0,3.2,2.35,3.3,2.2,4.0,14.0,0.0,9.0,2.0,3.0,6.0,13.0,0.0,11.0,3.0,1.0,1.0,2.0
36,2,2023-04-08,Ankaragucu,Istanbulspor,3,2,1,T1,T1,Ankaragucu,Istanbulspor,1.0,-0.75,-0.75,2.15,1.69,4.74,1.99,1.85,2.14,1.7,4.51,1.92,1.92,3.92,1.71,4.02,1.67,2.1,1.7,4.75,2.02,1.83,2.1,1.7,4.75,1.95,1.9,3.75,1.67,3.8,1.67,4.5,4.5,3.9,1.68,3.9,1.68,4.5,4.4,3.9,1.75,3.95,1.73,2.22,1.78,5.17,2.07,1.93,2.22,1.78,4.85,2.01,1.97,4.2,1.77,4.22,1.75,2.22,1.71,2.07,1.85,2.21,1.72,1.98,1.93,5.17,4.82,4.11,1.72,4.21,1.67,4.6,4.4,3.75,1.67,3.9,1.62,5.0,4.5,3.7,1.73,3.9,1.63,4.0,17.0,0.0,13.0,8.0,4.0,8.0,16.0,0.0,9.0,6.0,0.0,2.0,1.0
36,3,2023-04-08,Kasimpasa,Trabzonspor,2,0,1,T1,T1,Kasimpasa,Trabzonspor,1.0,0.0,0.25,2.27,1.62,2.2,1.94,1.88,2.03,1.78,2.48,1.84,1.99,3.46,2.69,3.7,2.98,2.25,1.62,2.15,1.98,1.88,2.0,1.8,2.5,1.83,2.02,3.3,2.7,3.6,3.1,2.15,2.45,3.4,2.65,3.7,3.0,2.2,2.55,3.45,2.7,3.65,3.05,2.35,1.67,2.29,2.02,1.98,2.15,1.85,2.64,1.93,2.11,3.7,2.98,3.9,3.15,2.35,1.65,2.0,1.91,2.08,1.81,1.88,2.04,2.29,2.56,3.6,2.78,3.89,3.0,2.15,2.4,3.4,2.6,3.5,2.88,2.2,2.45,3.3,2.8,3.5,3.0,5.0,10.0,0.0,11.0,3.0,0.0,5.0,17.0,0.0,15.0,7.0,0.0,1.0,0.0
36,4,2023-04-10,Kayserispor,Umraniyespor,3,1,1,T1,T1,Kayserispor,Umraniyespor,1.0,-0.5,-0.5,2.15,1.68,3.9,1.98,1.85,2.36,1.58,3.83,1.97,1.87,3.79,1.86,3.76,1.85,2.15,1.67,3.8,2.0,1.85,2.35,1.57,3.8,2.0,1.85,3.8,1.8,3.6,1.85,3.7,3.75,3.8,1.85,3.7,1.88,3.7,3.7,3.85,1.9,3.75,1.95,2.24,1.76,4.24,2.06,1.95,2.48,1.65,4.12,2.03,1.92,4.0,1.95,4.0,1.95,2.23,1.7,2.06,1.83,2.43,1.59,2.01,1.89,4.24,4.12,3.88,1.89,3.92,1.83,,3.6,3.8,1.8,,,3.6,3.75,3.75,1.85,3.7,1.91,7.0,12.0,1.0,20.0,5.0,4.0,5.0,22.0,0.0,18.0,5.0,1.0,1.0,4.0
36,5,2023-04-09,Sivasspor,Buyuksehyr,1,1,0,T1,T1,Sivasspor,Buyuksehyr,1.0,0.0,0.0,1.53,2.44,2.6,1.82,2.0,1.55,2.4,2.87,2.0,1.82,3.01,2.6,3.03,2.88,1.5,2.5,2.55,1.85,2.0,1.53,2.4,2.88,2.0,1.85,3.0,2.55,3.0,2.88,2.55,2.85,3.0,2.55,3.1,2.8,2.6,2.9,3.05,2.6,3.1,2.9,1.59,2.55,2.72,1.91,2.06,1.61,2.55,3.0,2.06,1.88,3.24,2.73,3.22,3.02,1.55,2.54,1.85,2.06,1.59,2.47,2.04,1.87,2.71,2.98,3.07,2.73,3.05,2.99,2.55,2.75,3.0,2.5,2.9,2.75,2.55,2.88,3.0,2.55,3.0,2.88,2.0,10.0,0.0,7.0,2.0,0.0,6.0,14.0,0.0,11.0,5.0,0.0,1.0,2.0
36,6,2023-04-09,Besiktas,Giresunspor,3,1,1,T1,T1,Besiktas,Giresunspor,1.0,-1.25,-1.25,2.27,1.62,7.25,1.95,1.88,2.65,1.46,7.06,2.03,1.82,5.04,1.38,4.83,1.4,2.3,1.6,6.5,1.98,1.88,2.7,1.44,6.5,2.02,1.83,5.0,1.36,4.75,1.4,6.75,6.75,5.0,1.39,4.6,1.41,7.0,6.5,4.9,1.43,4.8,1.43,2.38,1.67,7.8,2.01,1.97,2.79,1.52,7.8,2.11,1.88,5.49,1.43,5.11,1.44,2.37,1.63,1.99,1.92,2.76,1.5,2.07,1.85,7.74,7.43,5.3,1.41,5.11,1.41,,6.5,4.75,1.36,,,7.5,7.5,5.0,1.36,4.5,1.4,3.0,11.0,0.0,8.0,1.0,4.0,7.0,16.0,0.0,16.0,10.0,1.0,2.0,2.0
36,7,2023-04-10,Karagumruk,Fenerbahce,1,2,2,T1,T1,Karagumruk,Fenerbahce,1.0,1.25,0.75,2.46,1.52,1.64,1.81,2.01,2.71,1.44,1.46,1.98,1.87,4.67,5.86,4.13,4.59,2.4,1.53,1.62,1.83,2.02,2.7,1.44,1.44,1.93,1.93,4.5,5.75,4.0,4.5,1.65,1.46,4.75,5.75,4.2,4.4,1.63,1.53,4.6,5.5,4.3,4.7,2.55,1.57,1.68,1.87,2.11,2.92,1.52,1.53,2.06,1.95,5.0,6.36,4.4,4.8,2.48,1.57,1.86,2.04,2.78,1.47,1.99,1.92,1.68,1.49,4.94,6.28,4.28,4.76,1.65,1.44,4.5,5.75,3.8,4.5,1.67,1.47,4.4,6.0,3.9,4.6,4.0,15.0,0.0,11.0,4.0,1.0,1.0,16.0,0.0,8.0,4.0,0.0,1.0,1.0
36,8,2023-04-08,Dortmund,Union Berlin,2,1,1,D1,D1,Dortmund,Union Berlin,1.0,-0.75,-1.0,1.97,1.84,5.73,1.84,2.02,2.11,1.75,5.14,2.04,1.83,4.03,1.67,4.11,1.6,2.03,1.87,5.75,1.85,2.05,2.1,1.73,5.0,2.06,1.87,4.0,1.67,4.0,1.6,5.25,4.8,4.0,1.68,4.1,1.6,5.25,4.5,3.95,1.73,3.95,1.65,2.03,1.88,6.2,1.88,2.1,2.25,1.84,5.75,2.12,1.89,4.22,1.73,4.3,1.65,2.02,1.87,1.88,2.03,2.18,1.75,2.07,1.86,6.07,5.33,4.14,1.68,4.11,1.61,5.75,5.0,4.0,1.67,4.1,1.57,5.8,5.0,3.8,1.67,4.0,1.57,0.0,11.0,0.0,7.0,2.0,2.0,8.0,8.0,0.0,14.0,6.0,0.0,1.0,5.0
36,9,2023-04-08,Freiburg,Bayern Munich,0,1,2,D1,D1,Freiburg,Bayern Munich,1.0,1.25,1.25,2.54,1.52,1.46,1.98,1.87,2.44,1.54,1.47,2.0,1.85,4.77,6.45,4.91,6.43,2.5,1.53,1.45,2.02,1.88,2.5,1.53,1.45,2.05,1.88,5.0,6.5,5.0,6.5,1.47,1.47,4.75,6.0,4.75,6.0,1.5,1.5,4.7,6.0,4.7,6.0,2.65,1.55,1.5,2.06,1.92,2.6,1.58,1.5,2.09,1.93,5.2,7.0,5.3,6.9,2.6,1.54,1.99,1.92,2.51,1.58,2.03,1.89,1.46,1.5,4.91,6.49,5.11,6.54,1.45,1.45,4.75,6.5,4.8,6.5,1.44,1.44,4.6,6.5,4.6,6.5,6.0,14.0,0.0,23.0,8.0,2.0,2.0,10.0,0.0,10.0,2.0,0.0,0.0,2.0
36,10,2023-04-09,Lyon,Rennes,3,1,1,F1,F1,Lyon,Rennes,1.0,-0.25,-0.25,1.93,1.88,3.31,1.98,1.87,2.03,1.8,3.27,1.96,1.9,3.52,2.19,3.49,2.17,1.98,1.92,3.4,2.02,1.88,2.0,1.8,3.25,1.99,1.94,3.5,2.2,3.4,2.15,3.25,3.2,3.5,2.2,3.5,2.15,3.3,3.2,3.5,2.2,3.45,2.2,1.99,1.95,3.45,2.05,1.92,2.13,1.87,3.5,2.06,1.95,3.88,2.26,3.65,2.24,1.95,1.93,1.99,1.92,2.06,1.84,1.97,1.95,3.39,3.36,3.55,2.26,3.53,2.22,3.25,3.2,3.5,2.15,3.3,2.1,3.3,3.2,3.4,2.2,3.4,2.15,2.0,17.0,0.0,11.0,3.0,2.0,7.0,14.0,0.0,11.0,3.0,1.0,0.0,2.0
36,11,2023-04-08,Man United,Everton,2,0,1,E0,E0,Man United,Everton,1.0,-1.0,-1.0,1.99,1.83,6.75,2.04,1.82,2.15,1.72,5.98,1.91,1.96,4.22,1.57,4.37,1.5,2.04,1.86,6.5,2.06,1.84,2.1,1.73,6.0,1.9,2.03,4.0,1.57,4.33,1.5,6.5,5.5,4.2,1.57,4.33,1.49,6.5,5.75,4.1,1.6,4.4,1.5,2.04,1.89,7.5,2.12,1.88,2.33,1.78,6.8,2.02,2.09,4.5,1.64,4.5,1.54,2.03,1.86,2.06,1.86,2.17,1.76,1.88,2.05,6.88,6.0,4.2,1.61,4.42,1.52,7.0,5.75,4.2,1.57,4.33,1.45,7.0,6.0,4.2,1.52,4.2,1.47,4.0,9.0,0.0,15.0,1.0,0.0,10.0,10.0,0.0,29.0,11.0,0.0,1.0,0.0
36,12,2023-04-09,Liverpool,Arsenal,2,2,0,E0,E0,Liverpool,Arsenal,1.0,0.0,0.25,2.28,1.64,2.41,2.08,1.79,2.19,1.7,2.55,1.87,2.01,3.6,2.72,3.69,2.79,2.3,1.62,2.38,2.09,1.81,2.2,1.67,2.5,1.85,2.08,3.5,2.7,3.6,2.88,2.4,2.55,3.5,2.65,3.7,2.7,2.45,2.55,3.5,2.65,3.65,2.75,2.39,1.71,2.5,2.14,1.84,2.37,1.76,2.64,1.93,2.11,3.78,2.81,3.88,2.95,2.31,1.67,2.12,1.79,2.26,1.7,1.85,2.07,2.44,2.51,3.71,2.8,3.81,2.82,2.38,2.5,3.5,2.7,3.6,2.75,2.4,2.45,3.4,2.8,3.6,2.7,4.0,11.0,0.0,9.0,5.0,4.0,5.0,11.0,0.0,21.0,6.0,2.0,1.0,4.0
36,13,2023-04-08,Real Madrid,Villarreal,2,3,2,SP1,SP1,Real Madrid,Villarreal,1.0,-1.25,-1.0,2.32,1.62,5.93,2.0,1.86,2.59,1.51,6.18,1.84,2.03,4.76,1.49,4.51,1.53,2.3,1.62,5.75,2.02,1.88,2.63,1.5,6.0,1.87,2.06,5.0,1.45,4.33,1.53,5.5,6.0,4.6,1.49,4.5,1.52,5.5,5.75,4.6,1.53,4.4,1.55,2.43,1.69,6.2,2.05,1.94,2.69,1.54,6.61,1.93,2.07,5.12,1.53,4.8,1.58,2.36,1.64,2.03,1.88,2.67,1.52,1.87,2.06,6.15,6.29,4.9,1.51,4.57,1.54,6.0,6.5,4.8,1.45,4.33,1.53,6.0,6.5,4.6,1.44,4.2,1.52,7.0,19.0,0.0,17.0,8.0,3.0,6.0,8.0,0.0,18.0,4.0,1.0,1.0,0.0
36,14,2023-04-09,Almeria,Valencia,2,1,1,SP1,SP1,Almeria,Valencia,1.0,0.25,0.25,1.76,2.08,2.41,2.06,1.8,1.92,1.91,2.21,1.89,1.96,3.42,3.36,3.34,3.03,1.73,2.1,2.4,2.07,1.83,1.96,1.94,2.2,1.93,2.0,3.3,3.3,3.3,3.0,2.37,2.2,3.4,3.25,3.3,2.95,2.45,2.25,3.35,3.3,3.35,2.95,1.82,2.12,2.5,2.12,1.85,2.03,1.97,2.25,1.96,2.04,3.51,3.65,3.47,3.15,1.81,2.08,2.08,1.84,1.93,1.97,1.92,2.01,2.43,2.23,3.48,3.48,3.38,3.13,2.4,2.2,3.5,3.25,3.3,3.0,2.4,2.15,3.3,3.4,3.2,3.0,7.0,11.0,0.0,11.0,4.0,2.0,3.0,11.0,0.0,10.0,4.0,0.0,0.0,3.0
36,15,2023-04-08,Lazio,Juventus,2,1,1,I1,I1,Lazio,Juventus,1.0,0.0,0.0,1.5,2.59,2.89,1.98,1.88,1.48,2.64,2.85,1.93,1.94,2.92,2.87,2.97,2.76,1.5,2.63,2.9,2.01,1.89,1.5,2.63,2.8,1.93,2.0,2.9,2.88,2.9,2.75,2.85,2.75,2.9,2.85,2.9,2.75,2.85,2.85,2.9,2.8,2.95,2.75,1.53,2.69,3.02,2.04,1.95,1.56,2.83,2.97,1.99,2.07,3.05,3.16,3.08,2.88,1.53,2.64,2.0,1.9,1.5,2.77,1.93,2.0,2.94,2.86,2.98,2.98,3.03,2.8,2.9,2.8,2.8,2.88,2.88,2.75,2.9,2.75,2.8,3.0,2.88,2.8,6.0,15.0,0.0,11.0,4.0,5.0,6.0,11.0,0.0,9.0,4.0,1.0,1.0,2.0
37,1,2023-04-14,Antalyaspor,Alanyaspor,3,1,1,T1,T1,Antalyaspor,Alanyaspor,1.0,-0.5,-0.5,2.1,1.72,3.86,1.93,1.9,2.07,1.74,3.89,1.92,1.92,3.58,1.91,3.62,1.9,2.1,1.7,4.2,1.95,1.9,2.05,1.75,4.2,1.98,1.88,3.5,1.85,3.5,1.85,3.6,3.6,3.5,1.95,3.6,1.9,3.8,3.7,3.65,1.95,3.65,1.9,2.2,1.78,4.2,2.0,1.95,2.18,1.81,4.3,2.02,2.0,3.84,1.99,3.8,1.95,2.15,1.76,1.97,1.93,2.08,1.81,2.0,1.91,4.19,4.3,3.66,1.91,3.67,1.93,3.6,3.6,3.5,1.87,3.6,1.85,3.8,3.9,3.5,1.88,3.6,1.88,1.0,13.0,1.0,9.0,3.0,2.0,4.0,12.0,0.0,15.0,8.0,1.0,2.0,2.0
37,2,2023-04-14,Galatasaray,Kayserispor,6,0,1,T1,T1,Galatasaray,Kayserispor,1.0,-1.75,-1.5,3.06,1.36,8.4,2.01,1.83,3.46,1.29,8.84,1.93,1.9,5.85,1.28,5.72,1.3,3.1,1.36,8.5,2.02,1.83,3.5,1.3,9.5,1.93,1.93,5.5,1.29,5.0,1.3,8.0,8.75,6.0,1.27,5.75,1.3,7.75,7.5,5.5,1.35,5.5,1.35,3.22,1.41,9.5,2.07,1.9,3.72,1.31,10.5,2.03,1.98,6.5,1.35,6.2,1.35,3.13,1.38,2.05,1.83,3.43,1.29,1.9,1.98,8.47,8.5,5.77,1.33,5.79,1.34,8.5,8.5,5.75,1.25,5.75,1.25,9.5,10.0,5.5,1.27,5.5,1.27,7.0,15.0,1.0,8.0,1.0,0.0,2.0,11.0,0.0,29.0,17.0,0.0,4.0,2.0
37,3,2023-04-15,Ad. Demirspor,Kasimpasa,5,0,1,T1,T1,Ad. Demirspor,Kasimpasa,1.0,-0.75,-0.75,2.81,1.42,4.22,1.92,1.9,2.86,1.4,4.0,1.88,1.95,4.1,1.76,4.12,1.72,2.7,1.44,4.5,1.95,1.9,2.88,1.4,4.2,1.93,1.93,3.8,1.75,3.8,1.7,4.0,3.9,4.1,1.75,4.1,1.72,4.3,4.1,4.1,1.77,4.0,1.73,3.02,1.47,4.5,1.98,1.97,3.04,1.46,4.45,1.96,2.04,4.36,1.8,4.33,1.77,2.83,1.46,1.98,1.93,2.97,1.42,1.94,1.96,4.43,4.17,4.27,1.78,4.29,1.75,4.0,3.8,4.0,1.7,4.1,1.67,4.2,4.0,4.0,1.75,4.0,1.73,0.0,17.0,0.0,6.0,2.0,3.0,7.0,7.0,0.0,22.0,12.0,0.0,3.0,2.0
37,4,2023-04-15,Istanbulspor,Buyuksehyr,1,0,1,T1,T1,Istanbulspor,Buyuksehyr,1.0,0.5,0.5,1.76,2.04,1.79,1.8,2.05,1.73,2.08,2.01,2.02,1.83,3.38,3.79,3.54,4.49,1.75,2.05,1.73,1.88,1.98,1.73,2.08,2.0,2.1,1.77,3.3,3.4,3.5,4.33,1.8,2.05,3.3,3.5,3.5,4.33,1.83,2.1,3.35,3.5,3.6,4.3,1.83,2.17,1.86,1.87,2.11,1.8,2.2,2.14,2.15,2.01,3.66,4.7,3.72,4.9,1.81,2.08,1.81,2.09,1.75,2.15,2.08,1.83,1.82,2.08,3.44,3.9,3.68,4.77,1.75,2.0,3.25,3.5,3.4,4.4,1.8,2.1,3.2,3.5,3.4,4.5,6.0,15.0,0.0,13.0,5.0,6.0,4.0,16.0,0.0,9.0,4.0,0.0,1.0,2.0
37,5,2023-04-15,Fenerbahce,Ankaragucu,2,1,1,T1,T1,Fenerbahce,Ankaragucu,1.0,-1.5,-1.5,2.59,1.48,8.19,1.88,1.95,2.74,1.44,7.51,1.85,1.98,5.18,1.36,5.22,1.34,2.6,1.48,8.0,1.88,1.98,2.7,1.44,7.5,1.83,2.02,5.0,1.36,5.0,1.33,7.5,7.25,5.25,1.35,5.25,1.35,7.75,7.25,5.25,1.37,5.25,1.35,2.72,1.52,9.2,1.93,2.04,2.96,1.51,8.25,1.92,2.07,5.5,1.4,5.6,1.38,2.69,1.5,1.93,1.97,2.87,1.44,1.85,2.06,9.05,7.65,5.34,1.4,5.5,1.35,8.0,7.0,5.0,1.33,5.0,1.3,8.5,8.0,4.8,1.35,5.0,1.33,7.0,26.0,0.0,10.0,4.0,7.0,8.0,14.0,0.0,19.0,9.0,0.0,0.0,2.0
37,6,2023-04-16,Giresunspor,Sivasspor,1,0,1,T1,T1,Giresunspor,Sivasspor,1.0,0.0,0.0,1.82,1.98,2.75,1.99,1.83,1.88,1.9,2.76,2.0,1.82,3.31,2.5,3.3,2.54,1.85,2.0,2.75,2.02,1.83,1.95,1.9,2.75,2.05,1.8,3.4,2.5,3.3,2.5,2.7,2.75,3.3,2.45,3.3,2.5,2.75,2.75,3.35,2.5,3.35,2.55,1.87,2.06,2.87,2.09,1.89,1.99,2.06,2.88,2.09,1.89,3.47,2.65,3.45,2.65,1.85,2.04,2.03,1.88,1.93,1.95,2.07,1.85,2.82,2.88,3.41,2.58,3.38,2.62,2.7,2.7,3.3,2.4,3.2,2.45,2.75,2.75,3.25,2.5,3.2,2.55,6.0,13.0,0.0,11.0,4.0,2.0,2.0,13.0,0.0,9.0,3.0,0.0,1.0,3.0
37,7,2023-04-16,Trabzonspor,Besiktas,0,0,0,T1,T1,Trabzonspor,Besiktas,1.0,0.0,0.0,1.98,1.82,2.41,1.75,2.08,2.03,1.77,2.51,1.84,1.98,3.41,2.7,3.42,2.84,2.0,1.85,2.4,1.73,2.08,2.0,1.8,2.55,1.88,1.98,3.4,2.63,3.3,2.9,2.4,2.5,3.3,2.65,3.4,2.7,2.4,2.55,3.4,2.7,3.45,2.85,2.09,1.88,2.48,1.81,2.16,2.13,1.85,2.65,1.91,2.06,3.57,2.98,3.6,2.98,2.01,1.88,1.78,2.15,2.1,1.79,1.89,2.02,2.46,2.6,3.57,2.75,3.52,2.97,2.38,2.4,3.4,2.6,3.3,2.7,2.38,2.45,3.3,2.8,3.4,2.8,8.0,18.0,0.0,12.0,5.0,2.0,6.0,11.0,0.0,12.0,4.0,0.0,0.0,4.0
37,8,2023-04-14,Schalke 04,Hertha,5,2,1,D1,D1,Schalke 04,Hertha,1.0,-0.25,-0.25,1.7,2.17,3.18,1.85,2.0,1.71,2.15,3.23,1.88,1.98,3.31,2.32,3.3,2.36,1.73,2.1,3.2,1.89,2.04,1.73,2.1,3.2,1.88,2.05,3.3,2.25,3.3,2.25,3.0,3.2,3.25,2.25,3.25,2.37,3.0,3.0,3.3,2.4,3.3,2.4,1.76,2.25,3.36,1.92,2.04,1.75,2.24,3.38,1.92,2.05,3.41,2.4,3.44,2.4,1.74,2.19,1.88,2.03,1.74,2.21,1.88,2.05,3.28,3.26,3.36,2.4,3.31,2.38,3.2,3.13,3.4,2.3,3.3,2.3,3.1,3.3,3.2,2.25,3.2,2.35,8.0,19.0,0.0,11.0,5.0,3.0,7.0,12.0,0.0,14.0,7.0,1.0,2.0,2.0
37,9,2023-04-15,Rennes,Reims,3,0,1,F1,F1,Rennes,Reims,1.0,-0.25,-0.25,1.96,1.86,3.18,1.92,1.92,1.96,1.86,3.26,1.94,1.91,3.49,2.21,3.53,2.23,1.99,1.91,3.25,1.96,1.94,1.98,1.92,3.25,1.96,1.94,3.4,2.2,3.4,2.2,3.1,3.2,3.4,2.2,3.6,2.2,3.05,3.15,3.5,2.25,3.55,2.25,2.03,1.93,3.35,1.98,1.97,2.06,1.93,3.54,2.04,1.97,3.68,2.29,3.67,2.29,2.0,1.88,1.96,1.94,1.97,1.91,1.98,1.97,3.3,3.41,3.52,2.29,3.57,2.24,3.2,3.2,3.4,2.2,3.4,2.2,3.1,3.25,3.4,2.2,3.4,2.25,4.0,14.0,0.0,5.0,1.0,2.0,6.0,12.0,0.0,23.0,8.0,0.0,2.0,1.0
37,10,2023-04-15,Paris SG,Lens,3,1,1,F1,F1,Paris SG,Lens,1.0,-0.75,-0.75,2.4,1.57,4.57,1.99,1.86,2.35,1.6,4.44,1.92,1.93,4.04,1.75,4.23,1.69,2.38,1.57,4.75,2.02,1.88,2.3,1.62,4.33,1.97,1.93,4.0,1.73,4.2,1.67,4.33,4.33,4.0,1.73,4.2,1.7,4.5,4.4,3.95,1.75,4.2,1.67,2.47,1.62,4.85,2.05,1.92,2.53,1.64,4.84,2.06,1.99,4.25,1.82,4.5,1.75,2.42,1.61,2.01,1.9,2.42,1.63,1.95,1.97,4.64,4.57,4.19,1.76,4.28,1.72,4.75,4.5,4.0,1.7,4.0,1.67,4.6,4.75,3.8,1.7,4.2,1.65,10.0,8.0,1.0,14.0,7.0,0.0,3.0,12.0,0.0,15.0,7.0,0.0,3.0,0.0
37,11,2023-04-16,Auxerre,Nantes,2,1,1,F1,F1,Auxerre,Nantes,1.0,0.0,-0.25,1.58,2.37,3.12,1.77,2.1,1.5,2.61,2.89,1.97,1.88,2.94,2.76,3.08,2.48,1.57,2.38,3.2,1.78,2.13,1.44,2.75,2.8,1.98,1.95,2.88,2.8,3.1,2.45,3.1,2.87,2.9,2.7,3.1,2.4,3.05,2.9,2.95,2.75,3.15,2.45,1.63,2.45,3.26,1.83,2.16,1.55,2.79,3.02,2.06,1.96,3.1,2.95,3.2,2.59,1.6,2.45,1.78,2.16,1.52,2.79,1.97,1.95,3.22,2.94,2.96,2.82,3.06,2.56,3.0,2.8,3.0,2.7,3.0,2.38,3.1,2.8,2.88,2.8,3.0,2.45,6.0,8.0,0.0,17.0,7.0,2.0,3.0,14.0,0.0,13.0,7.0,0.0,2.0,2.0
37,12,2023-04-15,Everton,Fulham,1,3,2,E0,E0,Everton,Fulham,1.0,-0.25,-0.5,1.69,2.21,3.78,1.82,2.06,1.66,2.24,3.49,1.97,1.89,3.29,2.22,3.39,2.07,1.67,2.2,3.7,1.84,2.06,1.67,2.2,3.3,1.97,1.93,3.3,2.2,3.4,2.05,3.75,3.4,3.2,2.2,3.3,2.05,3.65,3.35,3.25,2.25,3.35,2.1,1.76,2.31,3.9,1.85,2.11,1.71,2.36,3.77,2.08,1.98,3.4,2.31,3.56,2.12,1.72,2.22,1.84,2.08,1.69,2.29,1.99,1.93,3.85,3.55,3.36,2.26,3.48,2.08,3.9,3.5,3.2,2.2,3.25,2.0,3.8,3.4,3.2,2.2,3.25,2.05,8.0,6.0,0.0,21.0,7.0,2.0,4.0,10.0,0.0,15.0,7.0,1.0,1.0,3.0
37,13,2023-04-16,Nott'm Forest,Man United,0,2,2,E0,E0,Nott'm Forest,Man United,1.0,0.75,0.75,2.05,1.78,1.69,1.88,1.97,2.12,1.74,1.7,1.88,1.99,4.01,4.96,3.96,5.0,2.0,1.8,1.62,1.82,2.08,2.0,1.8,1.7,1.91,2.02,4.0,4.75,4.0,5.5,1.65,1.66,3.9,4.8,3.9,5.0,1.67,1.7,3.9,4.7,3.95,5.0,2.12,1.85,1.75,1.95,2.08,2.26,1.85,1.79,1.92,2.09,4.3,5.25,4.1,5.5,2.08,1.81,1.92,1.99,2.12,1.79,1.91,2.02,1.71,1.7,4.06,5.14,4.01,5.07,1.65,1.67,4.0,5.0,3.9,5.0,1.67,1.67,3.8,5.0,3.8,5.0,9.0,9.0,0.0,22.0,8.0,2.0,4.0,9.0,0.0,6.0,0.0,1.0,0.0,2.0
37,14,2023-04-15,Ath Bilbao,Sociedad,2,0,1,SP1,SP1,Ath Bilbao,Sociedad,1.0,-0.25,-0.25,1.55,2.47,3.5,1.92,1.92,1.46,2.73,3.79,1.98,1.87,3.04,2.22,3.16,2.28,1.53,2.5,3.5,1.96,1.94,1.44,2.75,3.75,2.01,1.89,3.1,2.15,3.1,2.25,3.4,3.6,3.0,2.2,3.2,2.2,3.4,3.65,3.05,2.25,3.15,2.3,1.63,2.57,3.68,1.98,1.97,1.55,2.95,4.1,2.04,1.95,3.17,2.31,3.27,2.38,1.58,2.48,1.96,1.94,1.48,2.84,2.01,1.91,3.62,3.9,3.06,2.28,3.15,2.3,3.5,3.7,3.1,2.2,3.1,2.25,3.4,3.7,3.0,2.2,3.1,2.25,2.0,14.0,0.0,13.0,4.0,2.0,5.0,16.0,0.0,13.0,5.0,0.0,1.0,5.0
37,15,2023-04-16,Getafe,Barcelona,0,0,0,SP1,SP1,Getafe,Barcelona,1.0,0.75,1.0,1.68,2.22,1.61,2.1,1.77,1.62,2.32,1.74,1.97,1.89,3.55,5.31,3.87,6.13,1.67,2.2,1.6,2.05,1.75,1.62,2.3,1.75,2.05,1.88,3.6,4.75,3.8,6.0,1.57,1.77,3.4,5.0,4.0,6.0,1.6,1.73,3.55,5.25,3.85,6.0,1.74,2.29,1.66,2.16,1.82,1.69,2.42,1.81,2.11,2.01,3.69,5.91,4.0,6.5,1.69,2.26,2.15,1.78,1.64,2.39,2.06,1.88,1.62,1.8,3.57,5.32,3.9,6.37,1.6,1.73,3.6,5.25,3.8,6.5,1.6,1.7,3.4,5.5,3.7,6.0,5.0,12.0,0.0,15.0,3.0,1.0,1.0,13.0,0.0,5.0,1.0,0.0,0.0,2.0
38,1,2023-04-22,Umraniyespor,Besiktas,0,2,2,T1,T1,Umraniyespor,Besiktas,1.0,1.0,0.75,2.36,1.57,1.7,1.89,1.94,2.51,1.52,1.61,2.01,1.83,4.21,4.98,3.99,4.43,2.35,1.57,1.67,1.9,1.95,2.5,1.5,1.53,1.95,1.9,4.0,5.25,3.8,4.33,1.71,1.61,4.1,4.8,3.9,4.2,1.73,1.63,4.2,4.9,3.9,4.5,2.47,1.62,1.76,1.96,2.0,2.69,1.6,1.76,2.24,1.95,4.58,5.36,4.3,4.75,2.45,1.6,1.92,1.99,2.68,1.51,1.98,1.93,1.72,1.6,4.57,5.36,4.23,4.69,1.73,1.6,4.0,4.5,3.75,4.0,1.63,1.63,4.0,4.8,4.0,4.75,9.0,19.0,0.0,16.0,6.0,2.0,3.0,7.0,0.0,8.0,2.0,1.0,0.0,0.0
38,2,2023-04-23,Kasimpasa,Konyaspor,1,2,2,T1,T1,Kasimpasa,Konyaspor,1.0,-0.25,0.0,2.04,1.76,2.8,2.09,1.76,2.13,1.71,2.85,1.79,2.05,3.45,2.39,3.51,2.37,2.08,1.73,2.75,2.1,1.77,2.08,1.73,2.8,1.82,2.02,3.6,2.25,3.6,2.38,2.75,2.75,3.4,2.4,3.5,2.37,2.8,2.95,3.5,2.35,3.5,2.4,2.12,1.82,2.97,2.16,1.83,2.24,1.78,3.11,1.86,2.14,3.71,2.56,3.7,2.5,2.1,1.79,2.16,1.76,2.18,1.74,1.8,2.05,2.95,3.11,3.5,2.38,3.66,2.41,2.75,2.63,3.4,2.38,3.4,2.3,2.88,2.7,3.4,2.45,3.5,2.3,4.0,12.0,0.0,13.0,6.0,1.0,9.0,12.0,0.0,17.0,9.0,2.0,1.0,2.0
38,3,2023-04-23,Ad. Demirspor,Kayserispor,5,3,1,T1,T1,Ad. Demirspor,Kayserispor,1.0,-1.25,-1.0,2.67,1.45,4.92,1.87,1.95,3.04,1.36,5.61,1.86,1.97,4.87,1.48,4.35,1.59,2.7,1.44,4.75,1.88,1.98,3.4,1.33,5.75,1.9,1.95,5.0,1.45,4.33,1.6,4.6,5.5,5.0,1.46,4.4,1.58,4.8,5.5,4.7,1.53,4.4,1.63,2.86,1.53,5.3,1.93,2.04,3.4,1.43,6.0,1.95,2.16,5.2,1.54,4.63,1.63,2.83,1.46,1.93,1.97,3.26,1.37,1.94,1.96,5.22,5.99,5.2,1.49,4.63,1.61,4.75,5.75,4.75,1.4,4.2,1.55,5.25,6.0,4.75,1.44,4.33,1.53,3.0,13.0,1.0,14.0,3.0,3.0,5.0,8.0,0.0,16.0,6.0,3.0,4.0,2.0
38,4,2023-04-23,Galatasaray,Karagumruk,3,3,0,T1,T1,Galatasaray,Karagumruk,1.0,-1.75,-1.75,3.38,1.31,8.63,1.92,1.89,3.0,1.37,9.1,1.92,1.91,5.79,1.28,5.93,1.28,3.5,1.3,8.5,1.95,1.9,2.88,1.4,9.5,1.93,1.93,5.5,1.25,5.75,1.25,8.75,10.0,6.0,1.26,6.0,1.27,9.0,9.0,6.0,1.3,6.5,1.27,3.6,1.35,9.5,1.99,1.99,3.32,1.42,10.5,2.0,1.98,6.8,1.35,6.5,1.33,3.45,1.33,1.96,1.92,2.98,1.41,1.91,1.98,8.64,8.78,5.48,1.35,6.03,1.32,9.0,9.5,5.75,1.22,6.0,1.22,9.5,10.0,5.8,1.25,5.5,1.27,4.0,14.0,0.0,7.0,3.0,3.0,5.0,14.0,0.0,24.0,9.0,3.0,2.0,0.0
38,5,2023-04-24,Giresunspor,Buyuksehyr,2,4,2,T1,T1,Giresunspor,Buyuksehyr,1.0,0.0,0.25,1.88,1.89,2.31,2.03,1.8,1.89,1.9,2.72,1.99,1.84,3.35,2.53,3.41,2.92,1.93,1.93,2.3,2.05,1.8,1.93,1.93,2.75,2.02,1.82,3.4,2.5,3.3,2.9,2.25,2.65,3.3,2.5,3.4,2.95,2.3,2.6,3.4,2.65,3.4,3.05,2.0,1.97,2.43,2.1,1.9,1.97,1.96,2.93,2.09,1.96,3.55,2.86,3.66,3.1,1.92,1.95,2.1,1.81,1.94,1.94,2.07,1.85,2.42,2.88,3.44,2.57,3.62,2.9,2.25,2.63,3.3,2.45,3.3,2.88,2.3,2.7,3.3,2.55,3.3,3.0,1.0,20.0,0.0,14.0,6.0,3.0,9.0,14.0,0.0,25.0,8.0,4.0,0.0,2.0
38,6,2023-04-24,Antalyaspor,Sivasspor,1,2,2,T1,T1,Antalyaspor,Sivasspor,1.0,-0.5,-0.25,1.83,1.95,3.35,1.97,1.86,1.87,1.91,3.59,1.79,2.04,3.35,2.03,3.31,2.17,1.85,2.0,3.3,2.02,1.82,1.93,1.93,3.6,1.8,2.05,3.4,2.0,3.2,2.15,3.25,3.5,3.4,2.0,3.3,2.15,3.1,3.55,3.25,2.15,3.35,2.3,1.93,2.05,3.67,2.06,2.0,1.99,2.0,3.89,1.85,2.15,3.5,2.15,3.47,2.35,1.85,2.03,2.05,1.85,1.92,1.95,1.82,2.08,3.61,3.79,3.44,2.08,3.42,2.15,3.25,3.4,3.3,2.0,3.3,2.05,3.1,3.7,3.3,2.0,3.25,2.25,4.0,16.0,0.0,9.0,3.0,2.0,14.0,12.0,0.0,21.0,7.0,2.0,0.0,0.0
38,7,2023-04-24,Fenerbahce,Istanbulspor,3,3,0,T1,T1,Fenerbahce,Istanbulspor,1.0,-2.0,-1.75,2.89,1.4,10.88,2.03,1.79,3.32,1.31,12.34,1.99,1.84,7.2,1.18,6.58,1.22,2.88,1.4,11.0,2.05,1.8,3.4,1.33,12.0,2.0,1.85,7.0,1.2,5.75,1.22,10.5,12.0,7.5,1.19,6.5,1.23,11.0,12.0,7.0,1.2,6.5,1.25,3.1,1.49,12.0,2.11,1.88,3.67,1.35,15.0,2.07,1.96,7.88,1.23,7.6,1.26,2.98,1.4,2.08,1.79,3.18,1.33,1.98,1.91,11.29,13.68,7.72,1.19,7.28,1.22,10.5,12.0,7.0,1.15,6.0,1.2,12.0,13.0,6.5,1.2,6.0,1.22,1.0,14.0,0.0,7.0,4.0,4.0,6.0,14.0,0.0,15.0,5.0,0.0,1.0,3.0
38,8,2023-04-23,Leverkusen,RB Leipzig,2,0,1,D1,D1,Leverkusen,RB Leipzig,1.0,0.0,0.0,2.08,1.76,2.67,1.97,1.88,2.04,1.78,2.64,1.95,1.9,3.52,2.61,3.63,2.54,2.1,1.73,2.63,2.0,1.9,2.0,1.8,2.55,1.95,1.98,3.5,2.6,3.6,2.5,2.65,2.6,3.4,2.65,3.5,2.5,2.7,2.75,3.55,2.45,3.55,2.55,2.15,1.82,2.73,2.02,1.94,2.18,1.88,2.9,2.1,2.01,3.71,2.8,3.83,2.65,2.11,1.79,2.02,1.89,2.06,1.85,1.96,1.96,2.72,2.71,3.51,2.72,3.74,2.55,2.63,2.6,3.6,2.6,3.7,2.5,2.62,2.62,3.5,2.55,3.6,2.5,9.0,9.0,1.0,26.0,8.0,5.0,0.0,10.0,0.0,8.0,6.0,0.0,1.0,3.0
38,9,2023-04-22,Lens,Monaco,3,0,1,F1,F1,Lens,Monaco,1.0,-0.25,-0.25,2.01,1.81,3.38,2.02,1.83,2.2,1.68,3.38,2.04,1.82,3.62,2.11,3.56,2.12,2.05,1.85,3.4,2.06,1.84,2.2,1.67,3.3,2.07,1.86,3.6,2.1,3.6,2.1,3.2,3.25,3.6,2.1,3.6,2.15,3.25,3.15,3.55,2.2,3.6,2.15,2.08,1.88,3.55,2.09,1.87,2.34,1.83,3.64,2.13,1.87,3.75,2.2,3.74,2.18,2.06,1.82,2.06,1.85,2.3,1.68,2.09,1.85,3.5,3.53,3.73,2.12,3.62,2.14,3.4,3.3,3.6,2.1,3.5,2.1,3.4,3.5,3.5,2.05,3.4,2.1,4.0,14.0,0.0,11.0,4.0,2.0,2.0,8.0,0.0,21.0,8.0,0.0,2.0,0.0
38,10,2023-04-23,Lyon,Marseille,1,2,2,F1,F1,Lyon,Marseille,1.0,0.0,0.0,2.22,1.67,2.67,2.0,1.85,2.04,1.79,2.7,1.97,1.89,3.44,2.6,3.66,2.48,2.2,1.67,2.7,2.03,1.87,2.0,1.8,2.7,1.99,1.94,3.3,2.55,3.5,2.5,2.7,2.65,3.4,2.6,3.7,2.4,2.7,2.65,3.35,2.65,3.6,2.45,2.36,1.77,2.8,2.06,1.93,2.13,1.89,2.82,2.03,1.96,3.65,2.7,3.85,2.6,2.22,1.71,2.02,1.89,2.07,1.83,1.99,1.93,2.72,2.74,3.56,2.67,3.73,2.55,2.63,2.7,3.4,2.55,3.4,2.4,2.7,2.6,3.3,2.7,3.6,2.45,3.0,18.0,0.0,14.0,7.0,1.0,5.0,11.0,0.0,7.0,2.0,1.0,0.0,2.0
38,11,2023-04-23,Newcastle,Tottenham,6,1,1,E0,E0,Newcastle,Tottenham,1.0,-0.5,-0.5,2.0,1.83,4.22,2.03,1.84,2.04,1.8,4.03,1.97,1.9,3.72,1.92,3.81,1.85,2.04,1.86,4.2,2.07,1.83,2.1,1.73,4.0,2.0,1.93,3.75,1.91,3.75,1.83,4.1,3.9,3.6,1.88,3.7,1.83,4.1,4.1,3.55,1.9,3.75,1.85,2.09,1.92,4.4,2.1,1.88,2.13,1.89,4.3,2.03,1.95,3.9,2.01,4.0,1.92,2.05,1.85,2.08,1.84,2.1,1.81,1.99,1.93,4.31,4.11,3.82,1.93,3.94,1.84,4.33,4.1,3.6,1.9,3.6,1.8,4.0,4.0,3.6,1.88,3.7,1.85,3.0,13.0,0.0,11.0,3.0,3.0,9.0,7.0,0.0,25.0,8.0,0.0,5.0,0.0
38,12,2023-04-23,PSV Eindhoven,Ajax,3,0,1,N1,N1,PSV Eindhoven,Ajax,1.0,-0.25,-0.25,2.39,1.56,2.83,1.81,2.03,2.41,1.55,3.25,2.01,1.83,3.75,2.1,3.64,2.34,2.35,1.57,2.9,1.85,2.05,2.4,1.53,3.3,2.03,1.87,3.8,2.05,3.5,2.38,2.85,3.2,3.7,2.1,3.6,2.35,2.8,3.1,3.6,2.15,3.5,2.35,2.55,1.61,2.95,1.89,2.11,2.55,1.61,3.47,2.1,1.9,3.9,2.19,3.9,2.43,2.42,1.61,1.83,2.09,2.47,1.6,2.03,1.88,2.9,3.27,3.9,2.15,3.77,2.4,2.7,3.13,3.75,2.1,3.6,2.25,2.8,3.2,3.6,2.1,3.6,2.3,5.0,11.0,0.0,8.0,2.0,3.0,5.0,17.0,0.0,11.0,4.0,0.0,1.0,1.0
38,13,2023-04-23,Barcelona,Ath Madrid,1,0,1,SP1,SP1,Barcelona,Ath Madrid,1.0,-0.5,-0.5,1.7,2.16,4.09,1.89,1.96,1.75,2.1,4.12,1.9,1.97,3.44,1.97,3.43,1.97,1.67,2.2,4.2,1.94,1.96,1.73,2.1,4.0,1.89,2.04,3.25,1.95,3.3,1.95,3.9,4.1,3.4,1.93,3.5,1.93,3.9,3.95,3.35,2.0,3.4,2.0,1.76,2.3,4.4,1.96,2.0,1.82,2.22,4.4,1.96,2.04,3.6,2.03,3.56,2.02,1.73,2.19,1.93,1.98,1.75,2.18,1.89,2.03,4.23,4.17,3.43,2.03,3.47,1.98,4.1,4.1,3.5,1.93,3.4,1.95,3.9,4.2,3.25,1.95,3.4,1.95,3.0,16.0,0.0,13.0,3.0,7.0,3.0,15.0,0.0,13.0,4.0,0.0,1.0,4.0
38,14,2023-04-23,Sevilla,Villarreal,2,1,1,SP1,SP1,Sevilla,Villarreal,1.0,0.0,0.0,1.85,1.97,2.53,1.83,2.03,1.86,1.97,2.47,1.78,2.1,3.35,2.94,3.38,2.82,1.9,2.0,2.55,1.86,2.04,1.91,1.99,2.4,1.75,2.05,3.4,2.88,3.4,2.75,2.5,2.4,3.25,2.95,3.3,2.8,2.5,2.65,3.3,2.7,3.35,2.85,1.91,2.02,2.61,1.88,2.09,2.03,2.04,2.65,1.86,2.17,3.49,3.09,3.5,2.88,1.89,2.0,1.85,2.07,1.9,2.0,1.78,2.16,2.57,2.5,3.42,3.03,3.46,2.87,2.55,2.45,3.4,2.88,3.3,2.8,2.5,2.45,3.25,2.88,3.25,2.88,3.0,10.0,0.0,17.0,5.0,2.0,5.0,12.0,0.0,17.0,4.0,0.0,1.0,1.0
38,15,2023-04-23,Juventus,Napoli,0,1,2,I1,I1,Juventus,Napoli,1.0,0.0,0.0,1.67,2.23,2.63,1.86,2.0,1.6,2.35,2.57,1.78,2.11,3.04,3.03,3.17,2.85,1.67,2.2,2.6,1.87,2.03,1.62,2.3,2.55,1.76,2.19,3.0,3.0,3.1,2.88,2.55,2.55,3.0,3.0,3.1,2.87,2.65,2.65,3.15,2.8,3.3,2.65,1.76,2.3,2.7,1.92,2.07,1.71,2.52,2.7,1.85,2.21,3.15,3.18,3.45,2.93,1.71,2.23,1.87,2.04,1.62,2.43,1.79,2.18,2.66,2.61,3.09,3.17,3.25,2.9,2.55,2.6,2.9,3.0,2.88,2.8,2.62,2.6,3.0,3.0,3.1,2.88,6.0,11.0,0.0,17.0,6.0,1.0,3.0,15.0,0.0,7.0,4.0,0.0,0.0,4.0
39,1,2023-04-28,Alanyaspor,Umraniyespor,1,0,1,T1,T1,Alanyaspor,Umraniyespor,1.0,-0.5,-0.5,2.5,1.51,3.37,1.85,1.99,2.52,1.5,3.82,2.01,1.83,3.94,1.82,3.84,1.98,2.4,1.53,3.3,1.88,1.98,2.5,1.5,3.75,2.05,1.8,4.0,1.75,3.8,1.91,3.3,3.75,4.0,1.8,3.9,1.95,3.1,3.55,4.1,1.9,3.9,2.1,2.64,1.55,3.6,1.91,2.1,2.66,1.54,4.13,2.14,1.94,4.2,1.96,4.1,2.1,2.64,1.53,1.9,2.01,2.64,1.53,2.06,1.85,3.6,4.12,4.05,1.85,3.95,2.01,3.2,3.6,3.8,1.8,3.7,1.95,3.4,3.8,3.8,1.83,3.75,1.95,6.0,13.0,0.0,13.0,6.0,2.0,4.0,11.0,0.0,8.0,4.0,0.0,1.0,0.0
39,2,2023-04-29,Karagumruk,Antalyaspor,0,1,2,T1,T1,Karagumruk,Antalyaspor,1.0,0.0,0.0,2.28,1.61,2.67,2.0,1.81,2.28,1.61,2.49,1.87,1.94,3.54,2.61,3.62,2.41,2.25,1.62,2.55,2.02,1.82,2.35,1.57,2.3,1.82,2.02,3.6,2.55,3.6,2.38,2.6,2.45,3.6,2.55,3.7,2.37,2.75,2.7,3.7,2.4,3.65,2.4,2.4,1.66,2.75,2.07,1.87,2.47,1.69,2.71,1.97,2.09,3.8,2.84,3.83,2.5,2.4,1.62,2.04,1.87,2.35,1.65,1.83,2.08,2.72,2.5,3.63,2.84,3.83,2.5,2.6,2.4,3.5,2.55,3.5,2.38,2.7,2.55,3.4,2.62,3.5,2.4,5.0,10.0,0.0,8.0,2.0,0.0,5.0,14.0,0.0,4.0,2.0,1.0,0.0,1.0
39,3,2023-04-29,Konyaspor,Trabzonspor,2,1,1,T1,T1,Konyaspor,Trabzonspor,1.0,-0.25,0.0,1.83,1.95,2.76,2.0,1.81,1.92,1.87,2.94,1.8,2.03,3.35,2.35,3.31,2.49,1.85,2.0,2.7,2.02,1.82,2.1,1.77,2.8,1.8,2.05,3.4,2.3,3.25,2.45,2.7,2.87,3.3,2.35,3.3,2.5,2.8,2.85,3.5,2.35,3.35,2.5,1.89,2.03,2.9,2.08,1.87,2.12,1.98,3.17,1.88,2.12,3.5,2.44,3.45,2.6,1.86,2.03,2.04,1.87,2.0,1.89,1.83,2.1,2.84,3.05,3.45,2.44,3.44,2.6,2.7,2.8,3.3,2.3,3.25,2.4,2.75,3.1,3.1,2.35,3.25,2.5,5.0,17.0,1.0,8.0,3.0,2.0,6.0,13.0,0.0,12.0,5.0,1.0,1.0,2.0
39,4,2023-04-29,Sivasspor,Fenerbahce,1,3,2,T1,T1,Sivasspor,Fenerbahce,1.0,0.5,0.75,2.12,1.7,1.73,1.93,1.89,2.14,1.69,1.93,1.93,1.91,3.64,3.74,3.81,4.5,2.1,1.7,1.7,1.93,1.93,2.1,1.7,1.95,2.02,1.82,3.5,3.4,3.75,4.33,1.75,1.98,3.6,3.4,3.9,4.1,1.75,1.77,3.9,4.2,3.9,4.3,2.2,1.77,1.79,1.98,1.97,2.49,1.77,2.06,2.07,2.07,3.9,4.5,4.0,5.0,2.19,1.74,1.95,1.95,2.17,1.74,2.02,1.88,1.75,2.02,3.67,3.82,3.93,4.9,1.7,1.91,3.6,3.4,3.7,4.33,1.78,2.05,3.5,3.4,3.6,4.4,1.0,19.0,1.0,7.0,4.0,4.0,3.0,9.0,0.0,10.0,3.0,3.0,0.0,0.0
39,5,2023-04-29,Ankaragucu,Kasimpasa,0,0,0,T1,T1,Ankaragucu,Kasimpasa,1.0,-0.5,-0.5,2.21,1.65,3.56,1.86,1.98,2.32,1.59,3.59,1.9,1.93,3.73,1.93,3.65,1.97,2.15,1.67,3.6,1.88,1.98,2.3,1.6,3.75,1.98,1.88,3.5,1.8,3.4,1.85,2.85,3.6,3.8,1.87,3.4,2.3,3.65,3.6,3.55,2.05,3.45,2.05,2.36,1.74,3.81,1.92,2.1,2.52,1.65,3.96,2.04,2.05,3.94,2.05,3.87,2.06,2.33,1.65,1.91,2.0,2.39,1.63,1.98,1.93,3.76,3.96,3.88,1.93,3.81,2.0,3.4,3.6,3.7,1.83,3.6,1.93,3.7,3.6,3.7,1.91,3.5,1.95,3.0,12.0,0.0,8.0,3.0,2.0,5.0,14.0,0.0,6.0,2.0,0.0,0.0,1.0
39,6,2023-04-30,Besiktas,Galatasaray,3,1,1,T1,T1,Besiktas,Galatasaray,1.0,0.0,0.0,2.1,1.72,2.48,1.85,1.96,2.36,1.58,2.41,1.8,2.03,3.61,2.69,3.51,2.64,2.1,1.7,2.38,1.85,2.0,2.4,1.53,2.3,1.82,2.02,3.6,2.63,3.4,2.6,2.45,2.4,3.6,2.65,3.5,2.6,2.55,2.35,3.65,2.8,3.5,2.65,2.19,1.81,2.6,1.9,2.04,2.5,1.63,2.56,1.88,2.12,3.81,2.95,3.67,2.72,2.19,1.74,1.9,2.01,2.49,1.6,1.88,2.02,2.58,2.55,3.72,2.73,3.67,2.72,2.45,2.3,3.6,2.6,3.4,2.55,2.5,2.4,3.6,2.7,3.5,2.62,1.0,13.0,0.0,7.0,1.0,2.0,4.0,12.0,0.0,13.0,6.0,1.0,1.0,6.0
39,7,2023-05-01,Istanbulspor,Giresunspor,1,0,1,T1,T1,Istanbulspor,Giresunspor,1.0,-0.25,0.0,2.02,1.77,2.78,2.05,1.77,2.22,1.65,2.94,1.85,1.98,3.57,2.27,3.39,2.42,2.05,1.75,2.7,2.05,1.8,2.15,1.67,2.88,1.82,2.02,3.5,2.2,3.3,2.4,2.75,2.9,3.5,2.25,3.4,2.37,,3.05,3.5,2.25,,,2.12,1.83,2.91,2.13,1.85,2.33,1.75,3.21,1.94,2.08,3.85,2.38,3.65,2.5,2.06,1.81,2.11,1.8,2.25,1.7,1.85,2.07,2.91,2.98,3.69,2.38,3.48,2.49,2.7,2.8,3.5,2.2,3.4,2.38,2.8,3.0,3.5,2.25,3.4,2.38,4.0,12.0,0.0,20.0,6.0,2.0,3.0,5.0,1.0,5.0,2.0,0.0,1.0,3.0
39,8,2023-04-29,Union Berlin,Leverkusen,0,0,0,D1,D1,Union Berlin,Leverkusen,1.0,0.0,0.0,1.8,2.04,2.5,1.8,2.08,1.7,2.19,2.55,1.81,2.08,3.26,2.93,3.37,2.91,1.8,2.0,2.45,1.81,2.09,1.67,2.2,2.5,1.88,2.05,3.25,2.8,3.4,2.8,2.45,2.5,3.2,2.9,3.4,2.8,2.45,2.5,3.3,2.9,3.35,2.95,1.87,2.13,2.61,1.87,2.14,1.81,2.32,2.66,1.88,2.2,3.41,3.13,3.5,3.02,1.8,2.09,1.84,2.08,1.68,2.31,1.86,2.07,2.58,2.65,3.28,2.95,3.39,2.91,2.5,2.5,3.3,2.88,3.3,2.88,2.45,2.5,3.2,2.88,3.25,2.9,4.0,8.0,0.0,8.0,2.0,1.0,6.0,9.0,0.0,7.0,1.0,0.0,0.0,1.0
39,9,2023-04-30,Wolfsburg,Mainz,3,0,1,D1,D1,Wolfsburg,Mainz,1.0,-0.25,-0.25,1.98,1.84,3.08,1.87,1.97,2.17,1.7,3.09,1.9,1.95,3.63,2.27,3.53,2.3,2.04,1.86,3.1,1.9,2.0,2.2,1.67,3.0,1.95,1.98,3.6,2.2,3.5,2.2,2.95,3.0,3.5,2.25,3.5,2.3,2.9,2.95,3.55,2.35,3.5,2.35,2.04,1.89,3.2,1.95,2.03,2.37,1.79,3.23,1.98,2.01,3.75,2.42,3.65,2.35,2.01,1.88,1.88,2.03,2.25,1.71,1.94,1.98,3.17,3.17,3.73,2.28,3.48,2.35,3.1,3.1,3.6,2.25,3.5,2.25,3.1,3.0,3.5,2.25,3.4,2.25,5.0,10.0,0.0,10.0,2.0,3.0,3.0,6.0,0.0,10.0,4.0,0.0,3.0,1.0
39,10,2023-04-28,Strasbourg,Lyon,1,2,2,F1,F1,Strasbourg,Lyon,1.0,0.0,0.0,1.88,1.93,2.62,1.89,1.96,1.86,1.96,2.66,1.91,1.93,3.37,2.68,3.4,2.71,1.94,1.96,2.6,1.91,1.99,1.91,1.99,2.6,1.97,1.93,3.5,2.63,3.5,2.63,2.6,2.6,3.25,2.7,3.4,2.65,2.6,2.65,3.4,2.65,3.4,2.65,1.95,1.99,2.71,1.93,2.01,1.98,2.05,2.79,1.98,1.99,3.6,2.81,3.5,2.8,1.93,1.98,1.92,2.01,1.9,2.0,1.96,1.96,2.67,2.73,3.45,2.73,3.46,2.79,2.6,2.63,3.3,2.7,3.3,2.7,2.55,2.55,3.3,2.75,3.4,2.7,4.0,24.0,1.0,7.0,4.0,4.0,5.0,13.0,0.0,11.0,3.0,2.0,1.0,2.0
39,11,2023-04-30,Liverpool,Tottenham,4,3,1,E0,E0,Liverpool,Tottenham,1.0,-1.0,-1.0,2.61,1.5,5.68,2.03,1.83,3.04,1.39,5.38,2.02,1.85,4.84,1.55,4.69,1.54,2.63,1.5,5.75,2.07,1.86,3.0,1.4,5.5,2.09,1.84,4.75,1.53,4.5,1.53,5.75,5.0,4.6,1.55,4.5,1.52,5.5,5.25,4.6,1.57,4.7,1.53,2.72,1.52,6.05,2.11,1.89,3.27,1.41,5.9,2.11,1.94,5.1,1.6,5.0,1.6,2.63,1.52,2.08,1.84,3.02,1.41,2.09,1.85,5.51,5.65,4.98,1.54,4.97,1.54,5.75,5.75,4.8,1.5,4.5,1.5,5.5,5.5,4.5,1.52,4.5,1.52,2.0,6.0,0.0,10.0,7.0,2.0,5.0,12.0,0.0,12.0,4.0,1.0,3.0,3.0
39,12,2023-04-29,Barcelona,Betis,4,0,1,SP1,SP1,Barcelona,Betis,1.0,-1.5,-1.5,2.24,1.66,9.1,1.86,1.99,2.37,1.59,8.13,1.81,2.06,5.09,1.38,5.22,1.34,2.2,1.67,9.0,1.91,2.02,2.38,1.57,8.0,1.75,2.05,5.0,1.36,5.0,1.33,8.75,8.0,5.0,1.37,5.25,1.34,8.5,7.25,4.7,1.43,5.25,1.35,2.34,1.74,10.0,1.93,2.06,2.53,1.67,9.3,1.87,2.15,5.5,1.43,5.5,1.39,2.26,1.69,1.88,2.04,2.43,1.62,1.83,2.08,9.18,8.33,5.28,1.39,5.35,1.36,9.0,8.0,5.25,1.36,5.25,1.33,9.0,9.0,4.8,1.35,4.8,1.35,0.0,9.0,1.0,4.0,1.0,2.0,10.0,10.0,0.0,15.0,8.0,0.0,3.0,0.0
39,13,2023-04-30,Cadiz,Valencia,2,1,1,SP1,SP1,Cadiz,Valencia,1.0,0.0,0.25,1.62,2.3,2.49,2.11,1.76,1.49,2.63,2.59,1.77,2.11,2.96,3.08,3.19,3.02,1.62,2.3,2.45,2.15,1.79,1.44,2.75,2.6,1.81,2.13,2.88,3.1,3.1,3.1,2.4,2.55,2.95,3.1,3.2,3.0,2.45,2.5,3.05,3.1,3.2,3.0,1.67,2.38,2.57,2.2,1.81,1.62,2.79,2.69,1.81,2.21,3.25,3.38,3.3,3.1,1.65,2.35,2.17,1.76,1.49,2.79,1.81,2.14,2.56,2.69,3.0,3.16,3.25,3.04,2.45,2.55,3.0,3.1,3.2,3.0,2.45,2.55,2.8,3.2,3.1,3.0,6.0,10.0,0.0,16.0,4.0,2.0,5.0,14.0,0.0,8.0,4.0,0.0,1.0,6.0
39,14,2023-04-29,Roma,Milan,1,1,0,I1,I1,Roma,Milan,1.0,0.0,0.0,1.56,2.45,2.81,1.94,1.91,1.47,2.69,2.94,2.01,1.86,2.91,2.75,3.03,2.78,1.53,2.5,2.75,1.96,1.94,1.5,2.63,2.88,2.09,1.84,2.9,2.7,3.0,2.75,2.75,2.9,2.9,2.7,3.0,2.75,2.8,3.0,2.95,2.65,3.0,2.8,1.6,2.55,2.92,1.98,1.97,1.53,2.8,3.09,2.11,1.93,3.02,3.01,3.14,2.9,1.59,2.46,1.97,1.93,1.5,2.77,2.07,1.86,2.87,3.09,2.96,2.78,3.09,2.81,2.8,3.0,2.8,2.7,2.9,2.8,2.8,2.9,2.8,2.88,3.0,2.75,5.0,6.0,0.0,11.0,1.0,2.0,1.0,9.0,0.0,11.0,1.0,0.0,0.0,3.0
39,15,2023-04-30,Inter,Lazio,3,1,1,I1,I1,Inter,Lazio,1.0,-0.75,-0.75,1.78,2.06,4.62,1.81,2.05,1.73,2.14,4.73,1.8,2.07,3.53,1.83,3.59,1.82,1.8,2.0,4.5,1.84,2.06,1.73,2.1,4.75,1.8,2.0,3.5,1.8,3.6,1.8,4.4,4.6,3.5,1.82,3.6,1.8,4.4,4.6,3.5,1.83,3.6,1.83,1.86,2.15,4.9,1.87,2.1,1.81,2.24,5.15,1.85,2.14,3.7,1.88,3.9,1.86,1.79,2.1,1.82,2.08,1.78,2.14,1.84,2.1,4.8,4.95,3.6,1.84,3.62,1.83,4.75,5.0,3.3,1.8,3.25,1.73,4.75,4.8,3.5,1.8,3.4,1.83,3.0,14.0,0.0,9.0,5.0,3.0,2.0,13.0,0.0,25.0,9.0,1.0,0.0,2.0
40,1,2023-05-06,Ad. Demirspor,Alanyaspor,4,2,1,T1,T1,Ad. Demirspor,Alanyaspor,1.0,-1.0,-1.0,3.03,1.37,5.14,1.98,1.84,3.37,1.31,5.02,2.03,1.82,4.69,1.54,4.58,1.54,3.1,1.36,5.0,2.0,1.85,3.5,1.3,5.0,2.0,1.8,4.75,1.53,4.5,1.53,5.0,4.8,4.6,1.55,4.4,1.55,5.25,5.25,4.9,1.5,4.7,1.55,3.27,1.41,5.4,2.05,1.91,3.55,1.36,5.41,2.1,1.88,5.0,1.61,4.83,1.59,3.03,1.41,2.04,1.88,3.3,1.36,2.07,1.85,5.35,5.35,4.85,1.57,4.83,1.57,5.0,4.8,4.5,1.5,4.4,1.5,5.25,5.0,4.5,1.53,4.4,1.53,2.0,13.0,0.0,13.0,5.0,2.0,2.0,9.0,0.0,17.0,8.0,2.0,2.0,1.0
40,2,2023-05-06,Antalyaspor,Besiktas,1,3,2,T1,T1,Antalyaspor,Besiktas,1.0,0.25,0.5,2.02,1.78,2.03,2.04,1.81,1.98,1.81,2.22,1.92,1.91,3.41,3.15,3.53,3.47,2.0,1.8,2.0,2.02,1.82,2.02,1.82,2.25,1.95,1.9,3.3,3.1,3.4,3.6,2.0,2.25,3.3,3.1,3.4,3.5,2.05,2.25,3.35,3.15,3.45,3.55,2.14,1.85,2.11,2.1,1.87,2.09,1.88,2.31,2.02,2.17,3.66,3.78,3.73,3.7,2.07,1.81,2.08,1.84,2.02,1.87,2.0,1.93,2.08,2.3,3.47,3.24,3.7,3.61,1.95,2.15,3.4,3.0,3.5,3.4,2.05,2.25,3.3,3.1,3.4,3.5,5.0,10.0,0.0,11.0,5.0,0.0,3.0,11.0,1.0,9.0,3.0,0.0,1.0,1.0
40,3,2023-05-07,Umraniyespor,Sivasspor,4,1,1,T1,T1,Umraniyespor,Sivasspor,1.0,0.0,0.25,2.01,1.79,2.34,2.02,1.81,2.17,1.67,2.54,1.89,1.93,3.51,2.6,3.39,2.94,2.0,1.8,2.3,2.02,1.82,2.15,1.67,2.6,1.95,1.9,3.4,2.5,3.4,2.88,2.3,2.5,3.4,2.6,3.4,2.8,2.4,2.55,3.45,2.65,3.4,2.95,2.11,1.86,2.43,2.08,1.86,2.27,1.75,2.67,2.0,2.07,3.69,2.86,3.56,3.14,2.05,1.85,2.06,1.86,2.23,1.71,1.96,1.94,2.39,2.67,3.64,2.65,3.48,3.11,2.3,2.4,3.5,2.55,3.4,2.75,2.3,2.55,3.4,2.6,3.4,2.9,7.0,14.0,1.0,5.0,2.0,1.0,7.0,21.0,0.0,15.0,9.0,1.0,2.0,6.0
40,4,2023-05-07,Konyaspor,Kayserispor,2,2,0,T1,T1,Konyaspor,Kayserispor,1.0,-0.75,-0.75,2.24,1.63,4.45,1.92,1.9,2.39,1.56,4.36,1.93,1.9,4.01,1.71,3.93,1.71,2.25,1.62,4.5,1.95,1.9,2.4,1.53,4.33,1.95,1.9,4.0,1.67,4.0,1.67,4.5,4.33,3.9,1.7,3.75,1.72,4.5,4.5,4.0,1.73,3.9,1.73,2.33,1.68,4.7,1.98,1.95,2.56,1.63,4.6,2.0,1.99,4.45,1.81,4.2,1.77,2.31,1.66,1.95,1.95,2.51,1.57,1.99,1.92,4.65,4.59,4.28,1.72,4.12,1.75,4.33,4.33,3.9,1.65,3.8,1.67,4.5,4.6,3.9,1.67,3.9,1.7,7.0,7.0,0.0,8.0,4.0,1.0,3.0,14.0,0.0,7.0,3.0,0.0,0.0,1.0
40,5,2023-05-07,Giresunspor,Fenerbahce,1,1,0,T1,T1,Giresunspor,Fenerbahce,1.0,1.0,1.0,2.5,1.52,1.48,1.78,2.06,2.67,1.45,1.54,1.89,1.94,4.39,5.22,4.52,6.03,2.5,1.5,1.5,1.8,2.05,2.7,1.44,1.53,1.9,1.95,4.33,5.0,4.5,5.75,1.47,1.55,4.4,5.0,4.6,5.75,1.5,1.55,4.4,5.25,4.7,5.75,2.57,1.57,1.52,1.85,2.12,2.85,1.5,1.58,1.94,2.04,4.66,5.65,4.9,6.7,2.54,1.56,1.83,2.1,2.77,1.49,1.93,1.97,1.51,1.58,4.65,5.48,4.61,6.62,1.44,1.5,4.33,5.0,4.4,5.75,1.47,1.53,4.2,5.5,4.4,6.0,11.0,14.0,0.0,11.0,4.0,2.0,3.0,14.0,0.0,7.0,5.0,1.0,0.0,5.0
40,6,2023-05-08,Galatasaray,Buyuksehyr,1,0,1,T1,T1,Galatasaray,Buyuksehyr,1.0,-1.5,-1.25,2.32,1.59,6.86,1.87,1.95,2.46,1.53,7.75,1.84,1.99,5.14,1.35,4.58,1.43,2.3,1.6,6.5,1.9,1.95,2.4,1.53,6.5,1.88,1.98,5.0,1.36,4.33,1.44,6.5,7.5,5.0,1.36,4.5,1.44,6.5,7.5,5.0,1.37,4.6,1.45,2.41,1.64,7.8,1.92,2.03,2.6,1.57,8.7,1.92,2.08,5.6,1.4,4.9,1.47,2.38,1.62,1.92,1.97,2.54,1.56,1.86,2.05,7.51,8.56,5.28,1.38,4.78,1.44,6.5,7.5,4.8,1.33,4.4,1.4,7.0,6.0,5.5,1.38,4.4,1.42,4.0,5.0,0.0,8.0,5.0,1.0,10.0,10.0,0.0,19.0,5.0,0.0,1.0,2.0
40,7,2023-05-08,Trabzonspor,Ankaragucu,2,0,1,T1,T1,Trabzonspor,Ankaragucu,1.0,-0.5,-0.5,2.1,1.71,4.12,2.02,1.81,2.14,1.7,3.64,1.87,1.97,3.6,1.96,3.73,1.8,2.1,1.7,4.2,2.05,1.8,2.1,1.7,3.4,1.82,2.02,3.5,1.95,3.6,1.75,4.0,3.6,3.5,1.95,3.7,1.82,4.2,3.5,3.6,2.05,3.7,1.83,2.2,1.77,4.4,2.09,1.87,2.25,1.79,4.0,1.97,2.09,3.81,2.13,3.96,1.85,2.17,1.73,2.07,1.83,2.16,1.75,1.85,2.06,4.32,3.7,3.66,2.06,3.88,1.83,4.0,3.4,3.6,1.93,3.7,1.75,4.0,3.6,3.5,2.0,3.6,1.83,4.0,5.0,1.0,3.0,0.0,1.0,5.0,11.0,0.0,14.0,5.0,0.0,1.0,1.0
40,8,2023-05-06,Freiburg,RB Leipzig,0,1,2,D1,D1,Freiburg,RB Leipzig,1.0,0.5,0.5,1.91,1.91,1.93,1.93,1.93,2.14,1.72,1.87,1.86,2.0,3.85,4.07,3.68,3.97,1.97,1.93,1.85,1.93,1.97,2.1,1.73,1.85,1.87,2.06,3.8,4.0,3.75,4.0,1.9,1.88,3.7,3.9,3.6,3.9,1.95,1.9,3.7,3.85,3.65,3.85,1.98,1.98,1.97,1.97,2.01,2.25,1.88,1.91,1.91,2.06,4.0,4.35,3.8,4.1,1.92,1.97,1.95,1.95,2.18,1.75,1.88,2.06,1.95,1.88,3.96,4.21,3.69,4.05,1.91,1.83,3.9,4.0,3.7,3.9,1.91,1.85,3.7,4.0,3.5,4.0,3.0,11.0,0.0,13.0,6.0,4.0,3.0,9.0,0.0,5.0,2.0,0.0,0.0,2.0
40,9,2023-05-06,Lens,Marseille,2,1,1,F1,F1,Lens,Marseille,1.0,-0.25,-0.25,1.97,1.85,2.99,1.83,2.01,1.95,1.87,2.96,1.8,2.07,3.43,2.41,3.52,2.33,2.02,1.88,3.0,1.86,2.04,2.0,1.9,2.8,1.81,2.13,3.5,2.4,3.5,2.3,2.95,2.9,3.4,2.4,3.5,2.3,2.95,2.9,3.4,2.3,3.5,2.35,2.05,1.94,3.14,1.87,2.06,2.04,1.95,3.22,1.85,2.14,3.6,2.49,3.74,2.41,2.01,1.88,1.85,2.06,2.01,1.9,1.83,2.13,3.04,3.01,3.5,2.47,3.59,2.38,3.0,2.9,3.4,2.38,3.4,2.3,3.0,2.88,3.3,2.45,3.4,2.3,7.0,16.0,0.0,14.0,3.0,2.0,7.0,12.0,0.0,9.0,3.0,0.0,1.0,5.0
40,10,2023-05-08,Brighton,Everton,1,5,2,E0,E0,Brighton,Everton,1.0,-1.5,-1.5,2.38,1.59,8.47,1.87,2.0,2.62,1.5,8.45,1.92,1.94,5.54,1.35,5.3,1.35,2.38,1.57,9.0,1.87,2.03,2.63,1.5,8.0,1.96,1.94,5.5,1.33,5.25,1.33,7.75,8.0,5.5,1.35,5.5,1.35,8.0,7.75,5.25,1.33,5.5,1.35,2.51,1.62,9.2,1.92,2.05,2.79,1.54,9.5,2.02,2.01,5.8,1.4,5.6,1.39,2.42,1.61,1.86,2.05,2.62,1.53,1.93,2.0,8.38,8.52,5.55,1.37,5.34,1.38,9.0,8.0,5.5,1.33,5.0,1.33,9.0,8.5,5.25,1.33,5.0,1.33,1.0,13.0,0.0,10.0,5.0,5.0,15.0,11.0,0.0,23.0,5.0,3.0,0.0,1.0
40,11,2023-05-07,Newcastle,Arsenal,0,2,2,E0,E0,Newcastle,Arsenal,1.0,-0.25,0.0,2.29,1.64,2.71,2.04,1.84,2.31,1.63,2.97,1.87,2.0,3.74,2.31,3.73,2.49,2.3,1.62,2.63,2.05,1.85,2.2,1.67,2.9,1.92,1.98,3.8,2.25,3.75,2.45,2.6,2.9,3.7,2.25,3.6,2.5,2.8,2.8,3.75,2.4,3.65,2.4,2.41,1.7,2.85,2.1,1.9,2.45,1.72,3.14,1.96,2.1,3.88,2.51,3.94,2.6,2.34,1.65,2.04,1.87,2.28,1.69,1.91,2.02,2.73,3.07,3.77,2.32,3.8,2.51,2.7,3.1,3.6,2.25,3.5,2.45,2.62,2.8,3.6,2.35,3.6,2.5,4.0,12.0,0.0,10.0,6.0,1.0,9.0,16.0,0.0,12.0,5.0,1.0,0.0,2.0
40,12,2023-05-06,Milan,Lazio,2,0,1,I1,I1,Milan,Lazio,1.0,-0.5,-0.5,1.65,2.26,4.17,1.91,1.95,1.69,2.19,4.54,2.01,1.86,3.51,1.86,3.4,1.97,1.67,2.2,4.0,1.95,1.95,1.73,2.1,4.5,2.07,1.86,3.5,1.85,3.4,1.95,4.1,4.4,3.5,1.85,3.4,1.93,3.8,4.1,3.55,1.9,3.5,2.0,1.73,2.36,4.4,1.99,2.0,1.78,2.33,4.8,2.09,1.92,3.76,1.92,3.62,2.05,1.69,2.28,1.94,1.98,1.73,2.22,2.06,1.87,4.3,4.71,3.62,1.87,3.5,1.98,4.4,4.8,3.3,1.83,3.2,1.93,4.2,4.5,3.4,1.88,3.4,1.95,4.0,8.0,0.0,8.0,0.0,4.0,6.0,10.0,0.0,10.0,3.0,0.0,2.0,2.0
40,13,2023-05-06,Roma,Inter,0,2,2,I1,I1,Roma,Inter,1.0,0.25,0.25,1.63,2.29,2.44,2.06,1.8,1.61,2.35,2.4,2.02,1.83,3.13,3.27,3.15,3.14,1.62,2.3,2.45,2.09,1.81,1.62,2.3,2.45,2.1,1.83,3.1,3.2,3.1,3.1,2.45,2.37,3.1,3.2,3.1,3.0,2.45,2.45,3.05,3.15,2.9,3.05,1.67,2.38,2.5,2.12,1.83,1.67,2.44,2.47,2.14,1.92,3.3,3.4,3.25,3.3,1.66,2.35,2.11,1.83,1.64,2.38,2.09,1.85,2.48,2.47,3.2,3.29,3.22,3.24,2.4,2.38,3.0,3.3,3.0,3.2,2.4,2.35,3.0,3.4,3.1,3.2,5.0,12.0,0.0,10.0,4.0,2.0,12.0,8.0,0.0,15.0,3.0,1.0,0.0,3.0
40,14,2023-05-07,Atalanta,Juventus,0,2,2,I1,I1,Atalanta,Juventus,1.0,-0.25,-0.25,1.76,2.08,3.05,1.8,2.05,1.88,1.95,3.07,1.82,2.04,3.36,2.37,3.32,2.4,1.73,2.1,3.1,1.82,2.08,1.95,1.95,3.1,1.85,2.05,3.3,2.3,3.4,2.3,3.0,3.0,3.3,2.35,3.3,2.35,2.95,2.95,3.45,2.4,3.4,2.4,1.81,2.14,3.17,1.85,2.09,2.03,2.01,3.21,1.88,2.17,3.5,2.5,3.4,2.45,1.79,2.13,1.85,2.08,1.94,1.96,1.87,2.06,3.17,3.15,3.48,2.39,3.39,2.43,3.0,3.13,3.2,2.38,3.0,2.3,3.0,3.0,3.25,2.45,3.25,2.45,3.0,16.0,0.0,10.0,5.0,2.0,7.0,13.0,0.0,24.0,1.0,0.0,0.0,1.0
40,15,2023-05-07,Napoli,Fiorentina,1,0,1,I1,I1,Napoli,Fiorentina,1.0,-0.75,-0.5,2.03,1.8,4.2,2.01,1.85,1.92,1.9,4.45,1.81,2.05,3.68,1.82,3.73,1.85,2.1,1.73,4.33,2.05,1.75,1.96,1.94,4.5,1.85,2.05,3.75,1.8,3.8,1.8,4.5,4.33,3.6,1.83,3.8,1.75,4.0,4.4,3.65,1.83,3.7,1.85,2.1,1.85,4.38,2.08,1.89,2.03,1.97,4.8,1.9,2.11,3.79,1.87,3.85,1.9,2.05,1.83,2.02,1.88,1.96,1.94,1.85,2.08,4.23,4.67,3.79,1.83,3.81,1.88,4.1,4.8,3.6,1.75,3.3,1.8,4.2,4.5,3.5,1.83,3.7,1.83,5.0,15.0,0.0,15.0,3.0,0.0,0.0,12.0,0.0,10.0,3.0,0.0,0.0,0.0
42,1,2023-05-20,Kasimpasa,Istanbulspor,1,0,1,T1,T1,Kasimpasa,Istanbulspor,1.0,-0.75,-0.5,2.43,1.54,3.85,1.99,1.85,2.49,1.52,3.94,1.82,2.01,3.95,1.8,3.89,1.84,2.5,1.5,3.6,,,2.4,1.53,3.75,1.82,2.02,3.75,1.75,3.6,1.8,3.8,3.9,3.8,1.8,3.7,1.85,3.85,3.85,3.9,1.85,3.75,1.9,2.57,1.62,4.1,2.07,1.9,2.6,1.56,4.25,1.92,2.08,4.2,1.9,4.2,1.92,2.54,1.56,2.05,1.86,2.59,1.55,1.85,2.06,3.98,4.15,4.13,1.83,4.14,1.86,3.7,3.9,3.9,1.73,3.75,1.8,3.9,3.9,3.8,1.83,3.75,1.83,4.0,9.0,0.0,9.0,3.0,1.0,8.0,16.0,0.0,11.0,7.0,0.0,0.0,2.0
42,2,2023-05-20,Galatasaray,Sivasspor,2,0,1,T1,T1,Galatasaray,Sivasspor,1.0,-2.0,-1.5,2.75,1.44,8.94,2.04,1.8,3.1,1.36,12.91,1.96,1.87,7.29,1.18,5.93,1.28,2.7,1.44,7.5,,,3.4,1.33,10.0,2.05,1.8,7.0,1.17,5.5,1.25,8.75,12.5,7.5,1.18,5.75,1.29,8.5,10.0,6.25,1.25,5.75,1.3,2.9,1.47,10.0,2.11,1.9,3.46,1.43,15.0,2.11,2.11,8.88,1.25,6.6,1.33,2.84,1.45,2.06,1.82,3.27,1.36,2.05,1.85,8.93,14.41,7.97,1.19,6.33,1.3,9.0,13.0,7.0,1.14,5.5,1.25,10.0,13.0,7.5,1.17,5.5,1.27,3.0,12.0,0.0,4.0,2.0,1.0,6.0,13.0,0.0,11.0,3.0,0.0,1.0,1.0
42,3,2023-05-20,Kayserispor,Alanyaspor,0,4,2,T1,T1,Kayserispor,Alanyaspor,1.0,-0.25,-0.25,2.44,1.54,3.13,1.97,1.86,2.35,1.58,3.02,1.91,1.92,3.63,2.19,3.73,2.12,2.5,1.5,3.1,,,2.1,1.7,3.1,1.9,1.95,3.3,2.15,3.4,2.1,3.0,3.0,3.5,2.2,3.7,2.1,3.1,3.0,3.7,2.2,3.7,2.2,2.55,1.6,3.3,2.04,1.91,2.92,1.7,3.47,2.0,2.0,3.91,2.28,3.92,2.22,2.53,1.56,2.01,1.89,2.27,1.68,1.93,1.97,3.25,3.17,3.66,2.28,3.88,2.16,3.0,2.9,3.6,2.1,3.6,2.05,3.1,3.0,3.5,2.2,3.6,2.15,2.0,19.0,0.0,7.0,6.0,2.0,12.0,3.0,0.0,19.0,7.0,2.0,0.0,0.0
42,4,2023-05-21,Umraniyespor,Ankaragucu,1,2,2,T1,T1,Umraniyespor,Ankaragucu,1.0,0.0,0.0,2.27,1.64,2.63,1.97,1.86,2.41,1.55,2.56,1.94,1.88,3.68,2.49,3.6,2.5,,,,,,2.35,1.57,2.55,1.93,1.93,3.5,2.5,,,2.55,2.55,3.6,2.45,3.5,2.55,2.6,2.6,3.65,2.5,3.55,2.55,2.43,1.8,2.76,2.04,1.94,2.55,1.6,2.7,2.06,1.97,3.96,2.64,3.8,2.63,2.38,1.63,2.04,1.87,2.46,1.6,1.93,1.97,2.74,2.58,3.84,2.64,3.75,2.52,,2.55,3.5,2.4,,,2.6,2.6,3.6,2.45,3.5,2.5,9.0,10.0,0.0,14.0,6.0,2.0,4.0,12.0,0.0,12.0,3.0,1.0,1.0,2.0
42,5,2023-05-21,Ad. Demirspor,Besiktas,1,4,2,T1,T1,Ad. Demirspor,Besiktas,1.0,0.0,-0.25,2.74,1.44,2.76,1.79,2.04,2.81,1.42,2.34,1.79,2.04,3.72,2.68,3.71,2.34,,,,,,2.88,1.4,2.25,1.75,2.05,3.6,2.63,,,2.75,2.35,3.6,2.7,3.5,2.3,2.8,2.45,3.6,2.65,3.55,2.4,2.9,1.5,2.88,1.89,2.16,3.17,1.46,2.5,1.93,2.16,4.38,2.89,4.02,2.45,2.73,1.49,1.85,2.07,2.87,1.45,1.78,2.14,2.87,2.37,3.94,2.84,3.91,2.36,2.7,2.3,3.6,2.63,3.6,2.25,2.75,2.3,3.6,2.8,3.7,2.3,8.0,15.0,0.0,14.0,11.0,5.0,6.0,13.0,0.0,18.0,7.0,1.0,1.0,4.0
42,6,2023-05-21,Antalyaspor,Buyuksehyr,0,0,0,T1,T1,Antalyaspor,Buyuksehyr,1.0,-0.75,-0.25,1.89,1.9,3.28,1.98,1.85,1.93,1.86,4.45,1.84,1.99,3.7,1.76,3.46,2.16,,,,,,1.95,1.9,4.33,1.85,2.0,3.6,1.7,,,3.1,4.33,3.6,1.77,3.4,2.2,3.15,4.4,3.75,1.77,3.45,2.2,1.97,2.01,3.52,2.06,1.95,2.0,1.94,4.8,1.9,2.06,3.9,1.84,3.62,2.32,1.88,2.01,2.01,1.9,2.0,1.89,1.87,2.04,3.47,4.71,3.81,1.8,3.49,2.21,3.1,4.33,3.6,1.7,3.3,2.15,3.3,4.33,3.6,1.78,3.4,2.1,2.0,7.0,0.0,5.0,4.0,2.0,6.0,12.0,0.0,15.0,9.0,0.0,0.0,0.0
42,7,2023-05-22,Trabzonspor,Karagumruk,4,1,1,T1,T1,Trabzonspor,Karagumruk,1.0,-1.0,-0.75,2.39,1.56,4.81,2.07,1.77,3.08,1.36,5.08,1.99,1.84,4.67,1.53,4.25,1.62,,,,,,3.4,1.33,5.0,2.05,1.8,4.5,1.5,,,4.6,5.25,4.6,1.51,4.0,1.66,4.6,5.0,4.8,1.53,4.1,1.67,2.5,1.61,5.2,2.14,1.85,3.4,1.41,5.51,2.14,2.14,5.09,1.74,4.5,1.69,2.47,1.58,2.13,1.78,3.14,1.32,2.1,1.79,5.05,5.51,5.09,1.53,4.45,1.63,4.8,5.0,4.4,1.5,4.0,1.57,4.8,5.25,4.4,1.53,4.0,1.63,1.0,7.0,0.0,9.0,3.0,0.0,2.0,13.0,0.0,12.0,6.0,1.0,3.0,1.0
42,8,2023-05-20,Bayern Munich,RB Leipzig,1,3,2,D1,D1,Bayern Munich,RB Leipzig,1.0,-1.0,-1.25,3.07,1.38,5.65,1.83,2.02,3.22,1.35,5.38,2.03,1.84,4.85,1.54,4.98,1.52,3.2,1.36,5.5,1.86,2.04,3.2,1.36,5.25,2.08,1.85,4.75,1.53,5.0,1.5,5.75,5.0,4.75,1.55,4.6,1.5,6.25,5.75,5.0,1.47,5.0,1.45,3.22,1.4,6.25,1.88,2.09,3.62,1.41,6.15,2.18,1.89,5.1,1.59,5.35,1.55,3.13,1.39,1.87,2.04,3.28,1.37,2.08,1.85,5.49,5.83,4.75,1.56,5.17,1.52,5.5,5.25,5.0,1.5,5.0,1.5,5.8,5.5,4.6,1.52,4.6,1.5,2.0,11.0,0.0,16.0,8.0,1.0,7.0,8.0,0.0,17.0,4.0,0.0,1.0,1.0
42,9,2023-05-21,Leverkusen,M'gladbach,2,2,0,D1,D1,Leverkusen,M'gladbach,1.0,-1.5,-1.25,2.75,1.46,6.06,1.88,1.96,2.98,1.38,9.17,2.05,1.8,6.02,1.3,5.04,1.47,2.75,1.44,5.75,1.93,1.97,3.2,1.36,8.5,2.05,1.75,6.5,1.29,5.25,1.45,6.0,9.5,6.0,1.28,4.75,1.47,6.0,7.25,6.25,1.33,5.0,1.47,2.89,1.5,6.5,1.95,2.02,3.2,1.42,11.0,2.15,1.93,6.5,1.36,5.4,1.51,2.81,1.47,1.93,1.98,2.98,1.42,2.15,1.79,5.97,10.21,6.15,1.3,5.24,1.49,6.0,9.5,6.0,1.29,5.0,1.45,6.5,8.5,5.8,1.3,4.6,1.44,3.0,15.0,0.0,9.0,5.0,3.0,2.0,12.0,1.0,13.0,6.0,0.0,2.0,3.0
42,10,2023-05-20,Lille,Marseille,2,1,1,F1,F1,Lille,Marseille,1.0,0.0,0.0,2.15,1.71,2.76,2.04,1.81,2.06,1.78,2.57,1.87,1.99,3.49,2.71,3.62,2.44,2.1,1.73,2.75,2.07,1.83,2.1,1.73,2.55,1.84,2.06,3.6,2.7,3.6,2.4,2.8,2.55,3.4,2.65,3.6,2.35,2.75,2.75,3.5,2.5,3.6,2.45,2.24,1.78,2.86,2.09,1.85,2.23,1.86,2.75,1.95,2.1,3.63,2.93,3.76,2.53,2.21,1.72,2.07,1.85,2.11,1.8,1.88,2.06,2.79,2.58,3.57,2.82,3.72,2.5,2.75,2.55,3.4,2.7,3.5,2.45,2.75,2.45,3.4,2.8,3.6,2.4,4.0,20.0,0.0,8.0,3.0,2.0,3.0,14.0,0.0,12.0,3.0,1.0,0.0,3.0
42,11,2023-05-20,Fulham,Crystal Palace,2,2,0,E0,E0,Fulham,Crystal Palace,1.0,-0.25,-0.25,1.82,2.02,2.97,1.79,2.08,1.66,2.25,3.23,1.85,2.01,3.26,2.36,3.4,2.45,1.85,2.05,2.9,1.8,2.1,1.62,2.3,3.2,1.85,2.05,3.2,2.38,3.4,2.45,2.87,3.2,3.2,2.3,3.4,2.37,2.85,3.1,3.25,2.4,3.45,2.45,1.87,2.1,3.11,1.86,2.14,1.76,2.38,3.56,1.94,2.09,3.39,2.44,3.52,2.51,1.84,2.05,1.8,2.13,1.65,2.36,1.85,2.08,3.03,3.24,3.3,2.44,3.39,2.49,3.0,3.3,3.2,2.3,3.25,2.38,3.0,3.4,3.1,2.25,3.3,2.38,4.0,12.0,0.0,11.0,5.0,0.0,7.0,13.0,0.0,11.0,4.0,1.0,1.0,3.0
42,12,2023-05-21,Man City,Chelsea,1,0,1,E0,E0,Man City,Chelsea,1.0,-1.0,-1.75,2.54,1.52,11.48,1.93,1.92,1.89,1.95,5.85,1.83,2.06,4.19,1.62,6.41,1.26,2.63,1.5,11.0,1.96,1.94,1.86,2.04,5.75,1.84,2.06,4.33,1.57,6.0,1.25,11.0,5.75,3.9,1.58,6.25,1.25,11.0,5.25,4.1,1.65,6.25,1.27,2.63,1.57,13.25,2.0,1.97,2.51,2.07,6.5,1.92,2.16,6.12,1.68,6.85,1.28,2.56,1.55,1.93,1.96,1.83,2.07,1.85,2.07,11.14,5.96,4.2,1.6,6.39,1.26,12.0,6.5,4.0,1.55,6.0,1.22,12.0,6.0,4.2,1.53,6.0,1.24,2.0,9.0,0.0,13.0,6.0,2.0,5.0,12.0,0.0,15.0,2.0,0.0,1.0,0.0
42,13,2023-05-20,Barcelona,Sociedad,1,2,2,SP1,SP1,Barcelona,Sociedad,1.0,-0.75,-0.5,1.9,1.93,4.33,2.02,1.84,1.92,1.9,4.88,1.92,1.93,3.85,1.73,3.7,1.85,1.94,1.96,4.33,2.06,1.84,1.89,2.01,5.0,1.91,1.99,3.75,1.7,3.75,1.8,4.2,4.8,3.75,1.71,3.7,1.83,4.2,4.1,3.8,1.83,3.65,1.85,1.96,2.03,4.5,2.08,1.88,2.03,2.01,5.56,2.0,2.02,4.1,1.83,3.92,1.91,1.93,1.95,2.08,1.84,1.88,2.0,1.92,1.98,4.45,4.94,3.86,1.76,3.82,1.84,4.4,4.8,3.8,1.73,3.6,1.83,4.2,5.0,3.6,1.73,3.5,1.85,2.0,16.0,0.0,13.0,6.0,4.0,8.0,8.0,0.0,13.0,4.0,1.0,0.0,4.0
42,14,2023-05-21,Valencia,Real Madrid,1,0,1,SP1,SP1,Valencia,Real Madrid,1.0,0.25,0.25,2.08,1.77,2.21,1.91,1.92,2.16,1.71,2.18,1.89,1.95,3.61,3.25,3.62,3.17,2.1,1.73,2.2,1.94,1.96,2.1,1.73,2.2,1.96,1.94,3.5,3.2,3.5,3.2,2.2,2.15,3.5,3.2,3.5,3.1,2.25,2.25,3.5,3.1,3.5,3.1,2.14,1.83,2.3,1.98,1.99,2.25,1.78,2.25,2.0,2.04,3.8,3.67,3.79,3.28,2.1,1.79,1.93,1.97,2.22,1.73,1.95,1.97,2.22,2.25,3.72,3.24,3.7,3.24,2.2,2.2,3.7,3.1,3.5,3.2,2.2,2.1,3.4,3.4,3.5,3.1,9.0,4.0,1.0,13.0,5.0,2.0,2.0,13.0,0.0,12.0,6.0,0.0,1.0,4.0
42,15,2023-05-21,Napoli,Inter,3,1,1,I1,I1,Napoli,Inter,1.0,-0.5,0.0,1.87,1.96,2.58,1.85,2.01,1.91,1.92,3.72,1.84,2.03,3.56,2.03,3.31,2.83,1.9,2.0,2.45,1.88,2.02,1.9,2.0,3.8,1.91,1.99,3.75,1.95,3.3,2.9,2.45,3.75,3.4,2.0,3.3,2.85,2.5,3.15,3.55,2.2,3.3,2.85,1.96,2.03,2.69,1.93,2.07,2.05,2.02,4.05,2.0,2.2,3.84,2.2,3.5,2.9,1.9,1.99,1.89,2.02,1.9,1.98,1.89,2.01,2.66,3.87,3.65,2.01,3.36,2.83,2.5,3.9,3.4,1.95,3.0,2.7,2.55,3.8,3.6,1.95,3.3,2.8,1.0,14.0,1.0,6.0,2.0,2.0,4.0,10.0,0.0,22.0,9.0,0.0,0.0,1.0
43,1,2023-05-27,Bochum,Leverkusen,3,0,1,D1,D1,Bochum,Leverkusen,1.0,0.75,0.5,2.72,1.46,2.03,2.02,1.84,2.91,1.41,1.77,1.96,1.9,4.36,4.07,4.05,3.29,2.75,1.44,2.0,2.04,1.86,3.0,1.4,1.7,1.88,2.05,4.33,4.2,4.0,3.25,2.05,1.7,4.33,4.2,3.8,3.2,2.05,1.73,4.3,4.1,3.95,3.25,2.9,1.5,2.1,2.09,1.88,3.1,1.45,2.05,2.29,2.06,4.62,4.5,4.3,3.49,2.81,1.46,2.02,1.87,2.99,1.43,1.88,2.05,2.02,1.71,4.62,4.48,4.22,3.31,2.0,1.7,4.4,4.33,4.2,3.2,1.91,1.65,4.0,3.75,3.7,3.0,5.0,12.0,1.0,11.0,2.0,5.0,2.0,12.0,0.0,10.0,5.0,0.0,2.0,5.0
43,2,2023-05-27,Ein Frankfurt,Freiburg,2,1,1,D1,D1,Ein Frankfurt,Freiburg,1.0,-0.25,-0.25,2.45,1.55,2.77,1.79,2.07,2.51,1.53,3.22,2.01,1.84,3.95,2.11,3.81,2.38,2.5,1.53,2.7,1.75,2.05,2.38,1.57,3.5,2.15,1.68,4.0,1.95,3.75,2.4,2.75,3.3,3.9,2.0,3.7,2.35,2.65,2.85,4.0,2.25,3.7,2.5,2.57,1.58,2.91,1.85,2.14,2.72,1.62,3.68,2.21,2.03,4.1,2.35,4.0,2.5,2.49,1.57,1.79,2.11,2.48,1.6,2.21,1.75,2.76,3.68,3.98,2.0,3.91,2.41,2.7,3.3,3.9,2.05,3.9,2.38,2.6,3.1,3.6,1.91,3.5,2.2,6.0,10.0,0.0,13.0,7.0,2.0,3.0,13.0,0.0,14.0,8.0,1.0,0.0,4.0
43,3,2023-05-27,RB Leipzig,Schalke 04,4,2,1,D1,D1,RB Leipzig,Schalke 04,1.0,-1.0,-1.0,3.15,1.36,4.75,1.9,1.94,3.4,1.32,5.27,2.05,1.82,4.94,1.54,4.66,1.61,3.2,1.36,4.75,1.93,1.97,3.5,1.3,5.5,2.02,1.77,4.75,1.5,4.5,1.6,4.6,5.25,5.0,1.51,4.6,1.6,4.7,4.9,5.0,1.55,4.6,1.6,3.3,1.4,5.0,1.98,2.0,3.7,1.37,5.75,2.2,1.92,5.25,1.63,4.9,1.66,3.12,1.37,1.92,1.97,3.45,1.33,2.05,1.87,4.7,5.18,5.0,1.57,4.74,1.63,4.8,5.5,5.0,1.5,4.6,1.6,4.5,4.8,4.4,1.44,4.2,1.5,5.0,11.0,0.0,16.0,4.0,2.0,4.0,13.0,0.0,19.0,12.0,1.0,2.0,2.0
43,4,2023-05-27,Stuttgart,Hoffenheim,1,1,0,D1,D1,Stuttgart,Hoffenheim,1.0,-1.0,-1.0,2.71,1.46,5.01,1.91,1.94,2.73,1.46,5.55,2.02,1.84,4.77,1.53,4.62,1.59,2.75,1.44,5.0,1.93,1.97,2.75,1.44,5.5,2.07,1.86,4.75,1.5,4.75,1.57,4.8,5.5,4.6,1.52,4.5,1.58,5.5,5.75,5.0,1.5,5.0,1.5,2.82,1.49,5.5,2.0,1.99,2.93,1.49,6.0,2.13,1.92,5.0,1.6,5.0,1.65,2.75,1.46,1.89,1.99,2.74,1.49,2.08,1.84,4.92,5.77,4.85,1.55,4.68,1.61,5.0,5.75,4.8,1.5,4.6,1.57,4.5,5.0,4.33,1.44,4.2,1.5,2.0,10.0,0.0,8.0,2.0,0.0,9.0,12.0,0.0,19.0,4.0,0.0,0.0,0.0
43,5,2023-05-27,Clermont,Lorient,2,0,1,F1,F1,Clermont,Lorient,1.0,-0.25,-0.25,1.89,1.93,3.39,1.99,1.85,1.82,2.01,3.35,1.95,1.9,3.35,2.22,3.45,2.15,1.94,1.96,3.4,2.05,1.85,1.73,2.1,3.3,1.95,1.98,3.25,2.25,3.4,2.15,3.3,3.25,3.25,2.25,3.5,2.15,3.3,3.3,3.3,2.25,3.4,2.2,1.96,1.99,3.56,2.06,1.91,2.05,2.13,3.65,2.06,2.0,3.61,2.34,3.64,2.24,1.94,1.94,2.04,1.88,1.83,2.09,1.93,2.0,3.55,3.36,3.37,2.34,3.48,2.18,3.4,3.25,3.25,2.25,3.4,2.1,3.2,3.2,3.1,2.05,3.1,2.05,1.0,12.0,0.0,6.0,1.0,0.0,9.0,13.0,0.0,18.0,7.0,0.0,1.0,0.0
43,6,2023-05-27,Lille,Nantes,2,1,1,F1,F1,Lille,Nantes,1.0,-1.25,-1.25,2.21,1.67,6.87,1.86,1.98,2.15,1.71,7.24,1.89,1.95,4.67,1.43,4.71,1.44,2.2,1.67,7.0,1.89,2.01,2.1,1.73,7.5,1.92,2.01,4.75,1.44,4.75,1.44,7.0,7.25,4.6,1.44,4.75,1.44,6.5,7.0,4.7,1.45,4.7,1.45,2.29,1.74,7.5,1.92,2.04,2.33,1.82,8.0,1.94,2.02,5.0,1.48,5.1,1.5,2.24,1.7,1.89,2.01,2.17,1.76,1.94,1.98,7.13,7.61,4.87,1.44,4.86,1.46,7.5,8.0,4.5,1.4,4.6,1.4,6.5,6.5,4.33,1.35,4.33,1.35,3.0,12.0,0.0,8.0,3.0,4.0,5.0,7.0,0.0,9.0,2.0,1.0,0.0,2.0
43,7,2023-05-27,Toulouse,Auxerre,1,1,0,F1,F1,Toulouse,Auxerre,1.0,-0.25,-0.25,2.03,1.79,3.14,1.92,1.92,2.43,1.56,3.25,2.03,1.82,3.82,2.07,3.59,2.21,2.0,1.8,3.1,1.93,1.97,2.38,1.57,3.25,2.09,1.84,3.8,2.05,3.6,2.2,3.1,3.2,3.8,2.05,3.5,2.2,3.15,3.1,3.8,2.15,3.5,2.25,2.11,1.88,3.32,2.0,2.0,2.5,1.61,3.55,2.15,1.87,4.1,2.15,3.74,2.29,2.07,1.81,1.95,1.95,2.49,1.6,2.1,1.84,3.21,3.39,3.97,2.1,3.7,2.24,3.13,3.3,3.75,2.05,3.5,2.2,3.2,2.88,3.3,2.1,3.4,1.95,3.0,14.0,0.0,16.0,2.0,3.0,6.0,18.0,0.0,10.0,3.0,1.0,1.0,1.0
43,8,2023-05-28,Aston Villa,Brighton,2,1,1,E0,E0,Aston Villa,Brighton,1.0,-0.5,-0.5,2.52,1.53,3.37,1.83,2.03,2.62,1.49,3.83,2.0,1.87,4.04,1.88,3.88,2.04,2.5,1.53,3.5,1.86,2.04,2.63,1.5,3.8,2.01,1.89,4.0,1.85,3.6,2.0,3.3,3.7,4.0,1.85,3.8,2.0,3.55,3.8,3.85,1.9,3.7,2.0,2.63,1.56,3.55,1.88,2.09,2.75,1.53,4.1,2.08,1.95,4.3,2.07,4.08,2.1,2.57,1.54,1.85,2.05,2.61,1.52,2.03,1.88,3.35,3.95,4.07,1.88,4.03,2.05,3.4,3.8,4.0,1.87,3.75,2.0,3.0,3.5,3.7,1.75,3.6,1.95,3.0,16.0,0.0,8.0,4.0,4.0,4.0,15.0,0.0,12.0,5.0,1.0,2.0,4.0
43,9,2023-05-28,Chelsea,Newcastle,1,1,0,E0,E0,Chelsea,Newcastle,1.0,0.25,0.25,2.19,1.7,2.38,2.04,1.81,2.51,1.53,2.38,2.06,1.8,3.76,2.79,3.64,2.87,2.1,1.73,2.38,2.07,1.83,2.5,1.53,2.5,2.1,1.7,3.75,2.63,3.5,2.9,2.4,2.35,3.75,2.75,3.5,2.8,2.45,2.45,3.7,2.7,3.5,2.8,2.3,1.76,2.48,2.1,1.86,2.6,1.58,2.5,2.21,1.99,3.96,3.35,3.86,3.0,2.22,1.7,2.07,1.83,2.56,1.56,2.15,1.77,2.38,2.48,3.82,2.76,3.74,2.89,2.3,2.4,3.7,2.75,3.5,2.88,2.15,2.3,3.4,2.5,3.4,2.75,3.0,11.0,0.0,13.0,4.0,0.0,10.0,9.0,0.0,22.0,5.0,1.0,1.0,0.0
43,10,2023-05-28,Leeds,Tottenham,1,4,2,E0,E0,Leeds,Tottenham,1.0,0.25,0.25,2.6,1.5,2.37,2.05,1.8,2.5,1.54,2.38,2.06,1.81,3.84,2.78,3.84,2.77,2.63,1.5,2.3,2.08,1.82,2.5,1.53,2.38,2.06,1.84,4.0,2.75,3.8,2.75,2.37,2.35,3.75,2.75,3.7,2.7,2.45,2.45,3.8,2.65,3.8,2.65,2.72,1.52,2.45,2.12,1.85,2.82,1.6,2.45,2.14,1.9,4.05,2.94,4.1,2.88,2.65,1.5,2.07,1.83,2.54,1.55,2.1,1.83,2.36,2.39,3.95,2.8,3.93,2.81,2.3,2.38,3.7,2.8,3.7,2.75,2.2,2.2,3.5,2.6,3.5,2.6,3.0,5.0,0.0,11.0,7.0,0.0,12.0,7.0,0.0,19.0,2.0,1.0,0.0,3.0
43,11,2023-05-28,Leicester,West Ham,2,1,1,E0,E0,Leicester,West Ham,1.0,-0.25,-0.5,2.21,1.68,3.65,1.92,1.93,2.51,1.54,3.26,2.04,1.82,3.94,2.08,3.92,1.94,2.2,1.67,3.6,1.95,1.95,2.63,1.5,3.4,2.05,1.75,4.0,1.95,3.8,1.91,3.5,3.2,3.8,2.05,3.8,1.95,3.6,3.2,3.9,2.1,3.85,1.95,2.28,1.74,3.82,1.99,1.97,2.63,1.6,3.44,2.16,1.9,4.18,2.19,4.2,2.0,2.23,1.69,1.93,1.95,2.5,1.57,2.06,1.85,3.64,3.29,4.01,2.11,4.02,1.95,3.75,3.3,3.9,2.05,3.7,1.9,3.3,3.1,3.5,1.95,3.6,1.85,5.0,10.0,0.0,16.0,3.0,1.0,3.0,8.0,0.0,13.0,4.0,0.0,1.0,1.0
43,12,2023-05-28,Almeria,Valladolid,0,0,0,SP1,SP1,Almeria,Valladolid,1.0,-0.25,-0.25,2.13,1.73,3.06,1.87,1.98,2.06,1.78,3.29,1.95,1.9,3.47,2.22,3.56,2.28,2.1,1.73,3.1,1.91,1.99,2.04,1.86,3.3,1.93,1.97,3.3,2.2,3.4,2.25,3.0,3.2,3.4,2.2,3.6,2.25,3.1,3.25,3.45,2.2,3.45,2.3,2.2,1.79,3.2,1.94,2.03,2.4,1.88,3.51,2.03,2.0,3.75,2.35,3.83,2.38,2.15,1.76,1.88,2.03,2.05,1.87,1.94,1.98,3.18,3.34,3.45,2.31,3.47,2.35,3.0,3.1,3.6,2.2,3.6,2.25,2.88,3.0,3.2,2.1,3.3,2.1,4.0,16.0,0.0,8.0,2.0,4.0,2.0,11.0,0.0,23.0,7.0,0.0,0.0,0.0
43,13,2023-05-27,Fiorentina,Roma,2,1,1,I1,I1,Fiorentina,Roma,1.0,-0.25,-0.25,1.69,2.19,3.71,2.1,1.76,1.65,2.24,3.37,1.95,1.89,3.26,2.23,3.4,2.07,1.67,2.2,3.6,2.05,1.75,1.67,2.2,3.2,1.96,1.97,3.3,2.25,3.5,2.05,3.6,3.3,3.2,2.25,3.3,2.1,3.2,3.35,3.35,2.2,3.5,2.2,1.76,2.25,4.0,2.17,1.82,1.74,2.36,3.73,2.05,2.04,3.4,2.43,3.56,2.2,1.72,2.2,2.14,1.78,1.68,2.31,1.97,1.95,3.82,3.49,3.35,2.29,3.51,2.08,4.0,3.5,3.0,2.25,3.1,2.05,3.3,3.1,3.0,2.15,3.1,2.0,4.0,12.0,0.0,8.0,4.0,3.0,7.0,11.0,0.0,15.0,5.0,1.0,0.0,5.0
43,14,2023-05-27,Inter,Atalanta,3,2,1,I1,I1,Inter,Atalanta,1.0,-0.5,-0.75,2.14,1.72,4.08,1.78,2.08,2.05,1.79,4.15,2.01,1.86,3.75,1.86,3.81,1.85,2.1,1.73,4.0,1.77,2.02,2.1,1.73,4.2,2.05,1.88,3.8,1.8,3.8,1.83,4.1,4.2,3.7,1.82,3.7,1.82,4.0,4.1,3.75,1.85,3.8,1.85,2.24,1.79,4.4,1.85,2.14,2.23,1.88,4.42,2.09,1.91,3.94,1.98,4.0,1.91,2.15,1.76,1.81,2.1,2.16,1.76,2.06,1.87,4.24,4.25,3.94,1.87,3.91,1.86,4.4,4.4,3.6,1.8,3.6,1.8,3.8,3.7,3.3,1.8,3.5,1.73,7.0,18.0,0.0,11.0,3.0,1.0,9.0,8.0,0.0,20.0,11.0,1.0,2.0,0.0
43,15,2023-05-28,Juventus,Milan,0,1,2,I1,I1,Juventus,Milan,1.0,-0.25,-0.25,1.75,2.11,3.06,1.83,2.02,1.77,2.08,2.99,1.78,2.09,3.29,2.46,3.37,2.36,1.73,2.1,3.1,1.85,2.05,1.8,2.0,2.88,1.75,2.05,3.4,2.4,3.4,2.3,3.1,3.0,3.25,2.4,3.3,2.3,3.05,3.0,3.4,2.35,3.35,2.35,1.85,2.17,3.22,1.9,2.07,1.84,2.18,3.16,1.84,2.17,3.45,2.56,3.58,2.43,1.79,2.11,1.84,2.07,1.8,2.11,1.77,2.17,3.08,3.01,3.35,2.56,3.48,2.41,3.0,3.0,3.1,2.45,3.0,2.3,2.88,2.75,3.0,2.3,3.1,2.2,5.0,10.0,0.0,9.0,3.0,2.0,4.0,12.0,0.0,16.0,3.0,1.0,0.0,1.0
