week,no,kickoff,home,away,hg,ag,code,kaynak_dosya,kaynak_lig,kaynak_ev,kaynak_dep,guven,AHCh,AHh,Avg<2.5,Avg>2.5,AvgA,AvgAHA,AvgAHH,AvgC<2.5,AvgC>2.5,AvgCA,AvgCAHA,AvgCAHH,AvgCD,AvgCH,AvgD,AvgH,B365<2.5,B365>2.5,B365A,B365AHA,B365AHH,B365C<2.5,B365C>2.5,B365CA,B365CAHA,B365CAHH,B365CD,B365CH,B365D,B365H,BFDA,BFDCA,BFDCD,BFDCH,BFDD,BFDH,BFE<2.5,BFE>2.5,BFEA,BFEAHA,BFEAHH,BFEC<2.5,BFEC>2.5,BFECA,BFECAHA,BFECAHH,BFECD,BFECH,BFED,BFEH,BMGMA,BMGMCA,BMGMCD,BMGMCH,BMGMD,BMGMH,BVA,BVCA,BVCD,BVCH,BVD,BVH,BWA,BWCA,BWCD,BWCH,BWD,BWH,CLA,CLCA,CLCD,CLCH,CLD,CLH,LBA,LBCA,LBCD,LBCH,LBD,LBH,Max<2.5,Max>2.5,MaxA,MaxAHA,MaxAHH,MaxC<2.5,MaxC>2.5,MaxCA,MaxCAHA,MaxCAHH,MaxCD,MaxCH,MaxD,MaxH,P<2.5,P>2.5,PAHA,PAHH,PC<2.5,PC>2.5,PCAHA,PCAHH,PSA,PSCA,PSCD,PSCH,PSD,PSH,stat_AC,stat_AF,stat_AR,stat_AS,stat_AST,stat_AY,stat_HC,stat_HF,stat_HR,stat_HS,stat_HST,stat_HTAG,stat_HTHG,stat_HY
2,1,2025-08-15 18:30,Galatasaray,Mısırlı.com.tr Fatih Karagümrük,3,0,1,T1,/,Galatasaray,Karagumruk,0.97,-2.25,-2.25,2.92,1.36,13.81,1.74,1.94,3.21,1.31,16.78,1.92,1.76,8.27,1.12,7.17,1.16,2.88,1.4,15.0,1.8,2.0,3.4,1.33,19.0,2.03,1.78,8.0,1.13,7.0,1.17,13.0,15.0,7.5,1.11,6.5,1.14,3.25,1.41,18.5,1.86,2.05,3.55,1.38,22.0,2.03,1.94,10.5,1.15,9.8,1.17,13.0,16.0,8.5,1.12,7.5,1.15,15.0,19.0,9.0,1.1,7.0,1.13,14.5,18.0,8.5,1.13,7.25,1.17,15.0,19.0,9.0,1.13,7.5,1.18,15.0,17.0,8.5,1.13,7.5,1.18,3.05,1.4,15.0,1.8,2.01,3.4,1.33,19.0,2.03,1.89,9.0,1.14,7.5,1.18,3.06,1.39,1.84,2.06,3.15,1.37,1.9,1.99,17.05,18.63,8.56,1.15,8.14,1.16,3.0,12.0,1.0,6.0,2.0,1.0,10.0,11.0,0.0,28.0,8.0,0.0,1.0,0.0
2,2,2025-08-16 16:00,Kocaelispor,Samsunspor,0,1,2,T1,/,Kocaelispor,Samsunspor,1.0,0.0,0.0,1.72,2.02,2.4,1.74,2.01,1.71,2.03,2.69,1.95,1.8,3.26,2.51,3.26,2.8,1.73,2.08,2.45,1.78,2.03,1.73,2.08,2.7,1.93,1.88,3.3,2.55,3.3,2.8,2.4,2.63,3.1,2.5,3.1,2.75,1.8,2.1,2.58,1.81,2.11,1.82,2.16,3.05,2.16,1.81,3.4,2.6,3.3,3.0,2.35,2.6,3.4,2.55,3.4,2.8,2.4,2.75,3.2,2.5,3.2,2.75,2.4,2.75,3.25,2.5,3.2,2.85,2.45,2.75,3.3,2.5,3.3,2.87,2.45,2.75,3.25,2.5,3.25,2.87,1.77,2.08,2.46,1.78,2.05,1.75,2.1,2.8,2.0,1.88,3.4,2.55,3.5,2.9,1.75,2.1,1.8,2.09,1.77,2.13,2.07,1.85,2.48,2.86,3.39,2.57,3.34,2.88,7.0,16.0,0.0,13.0,5.0,2.0,4.0,10.0,1.0,13.0,5.0,0.0,0.0,2.0
2,3,2025-08-16 18:30,Corendon Alanyaspor,Çaykur Rizespor,0,0,0,T1,/,Alanyaspor,Rizespor,1.0,0.0,-0.25,1.98,1.75,3.02,1.86,1.81,1.95,1.78,2.78,2.04,1.72,3.38,2.36,3.53,2.15,2.0,1.8,3.1,1.9,1.9,1.98,1.83,2.8,2.08,1.73,3.5,2.38,3.5,2.2,3.0,2.75,3.2,2.3,3.25,2.15,2.04,1.84,3.4,1.98,1.94,2.08,1.88,3.15,2.25,1.76,3.45,2.48,3.6,2.22,2.95,2.7,3.45,2.4,3.8,2.12,3.0,2.8,3.4,2.38,3.4,2.15,3.0,2.8,3.4,2.35,3.5,2.2,3.1,2.8,3.5,2.4,3.6,2.2,3.0,2.8,3.5,2.37,3.6,2.2,2.02,1.8,3.2,1.91,1.9,2.0,1.83,2.9,2.1,1.83,3.5,2.48,3.8,2.2,2.04,1.83,1.94,1.93,2.03,1.86,2.07,1.85,3.21,2.87,3.39,2.57,3.51,2.2,1.0,14.0,0.0,7.0,3.0,2.0,3.0,22.0,0.0,9.0,1.0,0.0,0.0,1.0
2,4,2025-08-16 18:30,Göztepe,Fenerbahçe,0,0,0,T1,/,Goztep,Fenerbahce,0.97,0.5,0.75,2.15,1.64,1.75,1.94,1.74,1.77,1.96,1.89,1.86,1.86,3.45,3.88,3.79,4.06,2.25,1.62,1.75,1.95,1.85,1.75,2.05,1.9,1.88,1.93,3.3,4.1,3.75,4.2,1.73,1.9,3.25,3.75,3.6,4.0,2.3,1.68,1.78,1.98,1.94,1.9,2.08,2.02,2.03,1.93,3.65,4.2,4.2,4.5,1.79,1.82,3.7,3.95,3.8,4.0,1.7,1.95,3.4,3.75,3.75,4.1,1.77,1.93,3.4,3.8,3.9,4.0,1.8,1.95,3.5,3.9,4.0,4.2,1.75,1.95,3.4,3.9,3.9,4.0,2.25,1.71,1.8,1.98,1.85,1.82,2.05,1.95,1.95,1.93,3.7,4.1,4.0,4.3,2.28,1.66,2.01,1.87,2.03,1.86,1.93,1.97,1.77,1.93,3.73,4.03,3.97,4.22,6.0,13.0,1.0,12.0,1.0,4.0,3.0,24.0,1.0,12.0,2.0,0.0,0.0,6.0
2,5,2025-08-17 16:00,Natura Dünyası Gençlerbirliği,Hesap.com Antalyaspor,0,1,2,T1,/,Genclerbirligi,Antalyaspor,1.0,0.0,0.0,1.75,1.99,2.63,1.89,1.85,1.67,2.1,2.78,1.96,1.77,3.13,2.5,3.17,2.59,1.75,2.05,2.7,1.95,1.85,1.67,2.15,2.8,2.0,1.8,3.1,2.55,3.2,2.63,2.75,2.75,3.0,2.5,3.0,2.5,1.79,2.08,2.92,,,1.75,2.26,3.0,2.09,1.87,3.25,2.7,3.2,2.6,2.6,2.75,3.2,2.48,3.25,2.63,2.6,2.75,3.13,2.55,3.2,2.5,2.6,2.85,3.1,2.45,3.2,2.65,2.62,2.87,3.2,2.5,3.2,2.7,2.62,2.87,3.2,2.5,3.2,2.7,1.8,2.05,2.75,1.95,1.91,1.73,2.2,2.88,2.01,1.8,3.2,2.57,3.25,2.7,1.81,2.05,1.97,1.88,1.71,2.22,2.07,1.85,2.77,2.95,3.19,2.63,3.22,2.64,3.0,9.0,0.0,8.0,4.0,2.0,8.0,3.0,0.0,14.0,2.0,0.0,0.0,0.0
2,6,2025-08-17 16:00,Tümosan Konyaspor,Gaziantep FK,3,0,1,T1,/,Konyaspor,Gaziantep,1.0,-0.5,-0.5,1.9,1.82,3.84,1.9,1.82,1.9,1.82,3.96,1.92,1.8,3.58,1.83,3.56,1.85,1.98,1.83,4.2,1.98,1.83,1.95,1.85,4.0,1.93,1.88,3.4,1.9,3.5,1.83,3.75,3.75,3.4,1.83,3.4,1.83,2.0,1.86,4.7,,,2.04,1.92,4.8,2.08,1.91,3.65,1.9,3.65,1.88,3.75,4.1,3.85,1.76,3.8,1.84,3.9,3.9,3.6,1.85,3.5,1.8,3.8,3.9,3.5,1.87,3.5,1.9,3.9,4.0,3.6,1.91,3.6,1.95,3.8,4.0,3.5,1.91,3.5,1.91,1.98,1.89,4.2,1.98,1.87,1.95,1.85,4.1,2.0,1.88,3.85,1.91,3.8,1.95,2.01,1.83,2.02,1.84,2.04,1.85,2.08,1.83,4.23,4.52,3.74,1.83,3.71,1.83,6.0,11.0,0.0,17.0,1.0,3.0,2.0,17.0,0.0,15.0,7.0,0.0,1.0,3.0
2,7,2025-08-17 18:30,Rams Başakşehir,Zecorner Kayserispor,1,1,0,T1,/,Buyuksehyr,Kayserispor,1.0,-0.5,-1.0,2.18,1.62,4.99,1.8,1.9,1.95,1.77,4.17,1.99,1.75,3.66,1.77,4.18,1.56,2.2,1.65,5.0,1.83,1.98,2.0,1.8,4.1,1.98,1.83,3.7,1.8,4.2,1.57,5.0,4.0,3.4,1.8,4.0,1.53,2.28,1.67,5.8,,,2.1,1.89,4.7,2.1,1.89,3.8,1.89,4.3,1.6,5.1,4.2,3.9,1.72,4.35,1.54,5.0,4.1,3.6,1.8,4.0,1.55,4.8,4.1,3.6,1.8,4.2,1.58,5.0,4.2,3.7,1.83,4.33,1.6,5.0,4.2,3.7,1.8,4.33,1.6,2.25,1.65,5.3,1.9,1.98,2.0,1.83,4.7,2.1,1.83,4.0,1.83,4.35,1.6,2.27,1.65,1.86,2.0,2.22,1.72,2.14,1.78,5.31,4.55,3.94,1.78,4.26,1.58,7.0,13.0,0.0,9.0,3.0,1.0,5.0,12.0,0.0,13.0,4.0,0.0,1.0,1.0
2,8,2025-08-17 18:30,Beşiktaş,ikas Eyüpspor,2,1,1,T1,/,Besiktas,Eyupspor,1.0,-1.0,-1.25,2.36,1.53,6.07,1.79,1.88,2.39,1.52,5.5,1.96,1.74,4.57,1.48,4.64,1.42,2.4,1.53,5.5,1.85,1.95,2.4,1.53,5.25,2.05,1.75,4.75,1.48,5.0,1.44,6.0,5.5,4.2,1.44,4.33,1.4,2.52,1.57,6.6,,,2.62,1.6,5.9,2.07,1.89,4.9,1.58,5.4,1.45,5.8,5.5,4.8,1.46,4.9,1.43,6.5,5.75,4.4,1.5,4.5,1.4,6.25,5.5,4.5,1.5,4.6,1.44,6.5,5.75,4.6,1.5,4.8,1.48,6.0,5.5,4.5,1.5,4.6,1.44,2.45,1.56,6.5,1.85,1.95,2.45,1.55,6.0,2.05,1.83,4.8,1.52,5.0,1.48,2.5,1.54,1.88,1.96,2.43,1.6,2.04,1.87,6.52,5.6,4.78,1.54,4.82,1.44,3.0,10.0,0.0,11.0,4.0,2.0,10.0,14.0,0.0,18.0,9.0,1.0,1.0,2.0
2,9,2025-08-18 18:30,Kasımpaşa,Trabzonspor,0,1,2,T1,/,Kasimpasa,Trabzonspor,1.0,0.25,0.0,2.21,1.6,2.37,1.78,1.96,2.04,1.71,2.25,1.84,1.79,3.44,2.93,3.51,2.68,2.25,1.62,2.4,1.8,2.0,2.05,1.75,2.25,1.98,1.83,3.4,3.0,3.5,2.75,2.38,2.25,3.4,2.88,3.3,2.63,,,2.62,,,2.18,1.84,2.42,2.08,1.91,3.6,3.2,3.65,2.62,2.33,2.25,3.55,2.85,3.65,2.7,2.38,2.25,3.5,2.9,3.5,2.6,2.37,2.25,3.4,2.95,3.5,2.7,2.4,2.3,3.5,3.0,3.6,2.75,2.37,2.3,3.4,3.0,3.6,2.75,2.25,1.62,2.42,1.83,2.0,2.16,1.77,2.3,1.98,1.83,3.55,3.0,3.65,2.75,2.25,1.66,1.85,2.01,2.08,1.81,1.98,1.93,2.51,2.28,3.5,3.23,3.52,2.73,4.0,13.0,0.0,11.0,1.0,2.0,6.0,24.0,0.0,8.0,0.0,0.0,0.0,2.0
2,10,2025-08-17 18:45,Nantes,Paris St Germain,0,1,2,F1,/,Nantes,Paris SG,0.952,2.0,1.5,2.66,1.44,1.32,1.87,1.88,2.74,1.42,1.21,1.95,1.78,6.71,12.38,5.43,7.97,2.75,1.44,1.36,1.98,1.88,2.75,1.44,1.2,2.05,1.8,7.0,13.0,5.5,7.5,1.33,1.25,6.0,12.0,5.5,8.5,2.82,1.5,1.35,1.96,1.93,2.94,1.51,1.24,2.06,1.9,7.8,15.0,6.0,9.0,1.27,1.18,6.5,11.5,5.5,8.5,1.3,1.18,7.5,12.0,5.0,8.0,1.34,1.21,6.75,13.0,5.75,7.75,1.33,1.22,6.5,13.0,5.5,8.0,1.33,1.2,6.5,13.0,5.5,7.5,2.75,1.45,1.36,1.98,1.96,2.95,1.5,1.25,2.05,1.86,7.5,14.0,5.75,8.5,2.73,1.48,1.97,1.93,2.64,1.51,2.26,1.69,1.35,1.26,6.54,11.14,5.72,8.26,7.0,6.0,0.0,18.0,4.0,1.0,2.0,6.0,0.0,6.0,0.0,0.0,0.0,1.0
2,11,2025-08-16 19:00,Groningen,Heerenveen,2,1,1,N1,/,Groningen,Heerenveen,1.0,-0.25,-0.25,1.83,1.9,3.18,1.84,1.82,1.81,1.92,3.31,1.9,1.77,3.33,2.17,3.36,2.19,1.88,1.93,3.2,1.88,1.93,1.83,1.98,3.25,1.88,1.93,3.3,2.25,3.5,2.2,3.1,3.1,3.25,2.2,3.25,2.2,1.92,1.99,3.45,1.98,1.96,1.93,2.04,3.5,2.0,1.98,3.45,2.32,3.45,2.28,3.25,3.55,3.3,2.06,3.3,2.18,3.1,3.25,3.4,2.25,3.4,2.2,3.2,3.2,3.4,2.25,3.5,2.2,3.2,3.2,3.4,2.25,3.5,2.2,3.2,3.3,3.4,2.1,3.5,2.15,1.88,1.93,3.25,1.89,1.93,1.86,1.98,3.55,1.96,1.93,3.4,2.25,3.5,2.22,1.9,1.95,1.92,1.95,1.91,1.98,2.05,1.86,3.19,3.57,3.44,2.16,3.45,2.24,8.0,15.0,0.0,16.0,5.0,2.0,3.0,9.0,0.0,8.0,5.0,1.0,1.0,4.0
2,12,2025-08-17 10:15,Go Ahead Eagles,Ajax,2,2,0,N1,/,Go Ahead Eagles,Ajax,1.0,0.5,0.75,2.63,1.44,1.76,1.91,1.76,2.59,1.45,1.85,1.81,1.93,3.95,3.72,4.05,3.94,2.7,1.44,1.8,1.98,1.83,2.7,1.44,1.85,1.88,1.93,4.0,3.7,4.1,3.9,1.8,1.83,4.0,3.6,4.0,3.75,2.8,1.48,1.8,2.0,1.91,2.9,1.51,1.97,1.97,2.02,4.0,4.0,4.4,4.3,1.74,1.82,3.9,3.8,4.0,4.1,1.75,1.9,4.1,3.6,4.1,3.9,1.77,1.88,3.9,3.7,4.2,4.0,1.75,1.91,4.0,3.7,4.2,4.0,1.75,1.8,4.0,3.8,4.2,3.9,2.7,1.46,1.8,1.98,1.83,2.75,1.49,1.91,1.88,2.0,4.1,3.85,4.2,4.1,2.63,1.48,2.01,1.85,2.66,1.51,1.89,2.01,1.79,1.88,3.99,3.93,4.02,4.07,9.0,12.0,0.0,22.0,11.0,2.0,6.0,9.0,0.0,9.0,4.0,2.0,2.0,1.0
2,13,2025-08-17 13:00,Chelsea,Crystal Palace,0,0,0,E0,/,Chelsea,Crystal Palace,1.0,-0.5,-0.75,2.22,1.63,5.08,1.97,1.72,2.09,1.71,4.26,1.97,1.79,3.72,1.82,4.21,1.61,2.2,1.67,4.5,2.05,1.8,2.1,1.73,4.33,2.0,1.85,3.75,1.8,4.33,1.62,5.5,4.5,3.75,1.8,4.2,1.62,2.36,1.71,5.4,2.13,1.85,2.24,1.8,4.7,2.12,1.88,3.85,1.88,4.5,1.67,5.25,4.5,3.8,1.8,4.35,1.61,5.0,4.1,3.8,1.83,4.1,1.6,5.25,4.1,3.6,1.85,4.2,1.6,5.25,4.2,3.6,1.85,4.2,1.6,5.0,4.2,3.7,1.8,4.2,1.6,2.3,1.67,5.5,2.05,1.8,2.23,1.75,4.5,2.03,1.85,3.85,1.88,4.35,1.64,2.29,1.67,2.07,1.85,2.18,1.74,2.21,1.74,5.25,4.67,4.1,1.75,4.12,1.66,2.0,12.0,0.0,12.0,4.0,3.0,11.0,10.0,0.0,19.0,3.0,0.0,0.0,2.0
2,14,2025-08-17 15:30,Manchester United,Arsenal,0,1,2,E0,/,Man United,Arsenal,1.0,0.5,0.5,1.97,1.8,2.01,1.96,1.79,2.12,1.69,1.93,1.89,1.86,3.7,3.79,3.56,3.57,2.03,1.83,1.95,2.0,1.85,2.1,1.73,1.91,1.98,1.88,3.7,3.8,3.6,3.6,2.05,1.91,3.75,4.0,3.6,3.75,2.06,1.92,2.06,2.06,1.92,2.24,1.8,1.99,1.99,2.0,3.8,4.1,3.75,3.9,2.04,1.92,3.8,3.9,3.65,3.6,1.95,1.93,3.75,3.7,3.5,3.6,2.1,1.95,3.7,3.7,3.5,3.4,2.1,1.91,3.7,3.9,3.5,3.4,2.05,1.95,3.6,3.7,3.5,3.4,2.03,1.83,2.1,2.0,1.86,2.2,1.73,1.97,1.98,1.93,3.8,4.0,3.66,3.75,2.06,1.84,2.02,1.89,2.18,1.74,2.01,1.91,2.01,2.0,3.71,3.84,3.72,3.74,4.0,19.0,0.0,9.0,3.0,4.0,3.0,10.0,0.0,22.0,7.0,1.0,0.0,1.0
2,15,2025-08-16 19:30,Valencia,Real Sociedad,1,1,0,SP1,/,Valencia,Sociedad,0.97,-0.25,0.0,1.41,2.76,3.07,2.01,1.74,1.51,2.49,3.18,1.74,1.96,3.0,2.43,2.89,2.55,1.44,2.75,3.1,2.13,1.75,1.5,2.63,3.2,1.78,2.1,3.0,2.45,2.9,2.6,3.2,3.2,3.0,2.4,2.88,2.5,1.48,2.94,3.3,2.19,1.82,1.57,2.68,3.35,1.84,2.18,3.1,2.58,2.98,2.74,3.0,3.15,2.95,2.38,2.85,2.5,3.1,3.1,3.1,2.45,2.9,2.55,3.0,3.2,2.95,2.45,2.95,2.55,3.0,3.2,3.0,2.45,3.0,2.6,3.0,3.1,2.9,2.45,2.9,2.5,1.45,3.05,3.2,2.13,1.8,1.55,2.63,3.25,1.78,2.1,3.1,2.49,3.0,2.6,1.44,2.85,2.17,1.78,1.56,2.55,1.81,2.13,3.23,3.3,3.04,2.53,2.89,2.65,7.0,11.0,0.0,13.0,3.0,2.0,8.0,5.0,0.0,18.0,2.0,0.0,0.0,1.0
3,1,2025-08-22 18:30,Mısırlı.com.tr Fatih Karagümrük,Göztepe,0,2,2,T1,/,Karagumruk,Goztep,0.94,0.5,0.25,1.73,2.01,2.08,1.71,1.92,1.75,1.99,1.82,1.82,1.9,3.46,4.19,3.3,3.31,1.7,2.1,2.0,1.78,2.03,1.73,2.08,1.75,1.78,2.03,3.5,4.1,3.3,3.3,2.1,1.8,3.3,4.2,3.1,3.3,1.78,2.22,2.18,1.86,2.11,1.85,2.16,1.87,1.87,2.11,3.7,4.8,3.5,3.8,2.07,1.84,3.55,4.0,3.45,3.15,2.05,1.83,3.4,4.2,3.2,3.4,2.1,1.8,3.5,4.4,3.25,3.5,2.1,1.91,3.5,4.2,3.3,3.5,2.1,1.85,3.5,4.2,3.3,3.5,1.82,2.1,2.16,1.82,2.03,1.8,2.08,1.93,1.94,2.1,3.55,5.0,3.5,3.5,1.74,2.15,1.87,2.05,1.72,2.19,2.12,1.78,2.16,2.13,3.37,3.73,3.41,3.59,6.0,19.0,0.0,16.0,7.0,2.0,4.0,13.0,0.0,11.0,2.0,1.0,0.0,2.0
3,2,2025-08-23 18:30,Fenerbahçe,Kocaelispor,3,1,1,T1,/,Fenerbahce,Kocaelispor,1.0,-1.75,-1.5,2.39,1.52,8.73,1.91,1.81,2.42,1.5,9.16,1.73,1.99,5.59,1.26,5.39,1.28,2.4,1.53,7.0,1.95,1.85,2.5,1.5,8.0,1.83,1.98,5.5,1.27,5.0,1.33,8.5,9.0,5.0,1.25,5.0,1.29,2.56,1.57,10.0,2.0,1.88,2.74,1.55,13.0,1.88,2.07,6.6,1.28,6.4,1.31,9.0,9.0,5.8,1.26,5.75,1.26,9.5,10.0,5.75,1.25,5.25,1.25,9.0,9.25,5.5,1.29,5.5,1.3,9.0,9.5,5.75,1.3,5.5,1.3,9.0,9.5,5.75,1.28,5.5,1.3,2.45,1.53,9.5,1.97,1.9,2.5,1.53,10.0,1.83,2.02,5.8,1.3,5.75,1.36,2.5,1.53,2.01,1.87,2.58,1.54,1.76,2.15,9.28,9.49,5.92,1.31,5.82,1.29,0.0,15.0,0.0,7.0,1.0,3.0,6.0,12.0,0.0,21.0,7.0,1.0,1.0,1.0
3,3,2025-08-23 18:30,Gaziantep FK,Natura Dünyası Gençlerbirliği,2,1,1,T1,/,Gaziantep,Genclerbirligi,1.0,-0.25,-0.75,1.72,2.03,4.75,1.81,1.86,1.75,1.99,3.14,1.85,1.85,3.3,2.18,3.59,1.69,1.73,2.08,4.75,1.83,1.98,1.75,2.05,3.0,1.88,1.93,3.1,2.2,3.4,1.67,4.6,3.1,3.2,2.15,3.4,1.7,1.79,2.12,5.3,1.88,2.05,1.84,2.12,3.55,1.96,2.0,3.3,2.36,3.7,1.79,5.1,3.05,3.45,2.18,3.9,1.6,4.6,3.13,3.3,2.2,3.5,1.7,4.6,3.2,3.3,2.2,3.5,1.75,4.8,3.25,3.4,2.2,3.6,1.75,4.8,3.2,3.3,2.2,3.5,1.75,1.74,2.1,5.1,1.92,1.98,1.8,2.05,3.6,1.88,1.93,3.45,2.26,3.9,1.76,1.76,2.09,1.84,2.03,1.86,2.03,2.21,1.74,4.61,3.88,3.6,2.0,3.67,1.78,4.0,18.0,1.0,7.0,3.0,6.0,10.0,12.0,0.0,25.0,4.0,1.0,1.0,3.0
3,4,2025-08-24 18:30,Zecorner Kayserispor,Galatasaray,0,4,2,T1,/,Kayserispor,Galatasaray,1.0,1.25,1.5,2.79,1.39,1.29,1.8,1.93,2.73,1.41,1.37,1.74,1.98,5.06,6.48,5.54,7.97,2.88,1.4,1.3,1.85,1.95,2.88,1.4,1.38,1.8,2.0,5.0,5.5,5.5,6.5,1.29,1.36,4.6,6.5,5.0,8.0,1.25,1.45,1.06,,,3.05,1.46,1.47,1.92,2.03,5.5,7.0,6.6,3.75,1.26,1.34,5.5,6.75,6.1,8.5,1.29,1.36,5.0,7.0,5.25,8.0,1.31,1.4,5.0,6.5,5.5,8.0,1.33,1.4,5.0,6.5,5.75,8.5,1.33,1.4,5.0,6.5,5.5,8.0,2.95,1.42,1.33,1.9,2.0,2.88,1.44,1.44,1.83,2.02,5.5,7.0,6.1,8.5,2.91,1.41,1.88,1.97,2.85,1.45,1.92,1.99,1.31,1.44,5.42,6.24,5.91,8.18,3.0,8.0,0.0,20.0,9.0,2.0,6.0,5.0,0.0,8.0,2.0,1.0,0.0,2.0
3,5,2025-08-24 16:00,Trabzonspor,Hesap.com Antalyaspor,1,0,1,T1,/,Trabzonspor,Antalyaspor,1.0,-1.0,-0.75,1.88,1.83,4.89,1.91,1.76,1.89,1.83,6.14,1.86,1.83,4.14,1.49,3.83,1.62,1.93,1.88,4.75,2.0,1.8,1.9,1.9,6.5,2.05,1.75,4.0,1.42,3.7,1.6,5.0,6.5,3.75,1.44,3.6,1.6,1.95,1.9,5.9,,,1.97,2.02,7.8,2.09,1.9,4.4,1.53,4.1,1.62,4.9,5.75,4.4,1.49,4.1,1.6,5.0,6.5,4.0,1.5,3.7,1.6,4.8,6.25,4.2,1.49,3.75,1.68,4.8,6.5,4.33,1.5,3.8,1.7,4.8,6.5,4.2,1.5,3.8,1.7,1.93,1.88,5.0,2.0,1.84,1.97,1.9,6.5,2.05,2.0,4.4,1.57,4.1,1.7,1.9,1.93,2.03,1.83,1.96,1.93,2.02,1.89,5.26,6.25,4.39,1.54,3.89,1.65,5.0,13.0,0.0,7.0,4.0,2.0,5.0,12.0,0.0,17.0,6.0,0.0,1.0,1.0
3,6,2025-08-25 16:00,ikas Eyüpspor,Corendon Alanyaspor,2,1,1,T1,/,Eyupspor,Alanyaspor,1.0,-0.5,0.0,1.83,1.89,2.7,1.98,1.76,1.84,1.88,3.55,1.77,1.96,3.42,1.99,3.32,2.42,1.88,1.93,2.63,2.03,1.78,1.9,1.9,4.0,1.85,1.95,3.4,1.91,3.3,2.35,2.75,3.6,3.25,1.91,3.1,2.38,,,2.98,,,1.95,2.02,4.0,1.89,2.1,3.5,2.1,3.35,2.62,2.6,3.25,3.6,2.04,3.55,2.43,2.7,3.7,3.4,1.95,3.25,2.4,2.75,3.6,3.3,2.0,3.3,2.45,2.8,3.6,3.4,2.05,3.4,2.45,2.8,3.6,3.4,2.05,3.4,2.45,1.88,1.93,2.8,2.03,1.8,1.9,1.93,4.0,1.85,2.04,3.6,2.05,3.55,2.5,1.89,1.94,2.06,1.81,1.89,1.99,1.6,2.47,2.87,3.1,3.28,2.47,3.29,2.52,5.0,18.0,0.0,12.0,2.0,3.0,0.0,19.0,0.0,5.0,3.0,0.0,1.0,3.0
3,7,2025-08-23 19:30,Levante,Barcelona,2,3,2,SP1,/,Levante,Barcelona,1.0,2.0,1.75,3.02,1.35,1.24,1.79,1.9,3.33,1.31,1.21,1.9,1.86,6.95,11.5,6.51,10.44,3.2,1.36,1.25,1.88,1.98,3.4,1.33,1.22,1.93,1.93,6.5,12.0,6.0,11.0,1.25,1.2,7.0,12.0,6.0,11.0,3.35,1.39,1.27,1.9,2.03,3.7,1.35,1.24,2.04,1.94,7.6,14.5,7.2,12.0,1.19,1.19,7.0,11.0,6.75,11.0,1.25,1.2,7.0,12.0,6.5,10.5,1.25,1.22,7.0,12.5,6.5,10.5,1.25,1.22,7.0,12.0,6.5,10.0,1.25,1.22,7.0,12.0,6.5,10.0,3.2,1.38,1.26,1.88,1.98,3.51,1.36,1.24,1.96,1.93,7.5,13.0,7.0,11.5,3.08,1.37,1.92,1.97,3.37,1.33,2.02,1.89,1.27,1.23,7.39,11.01,6.51,9.49,11.0,8.0,0.0,26.0,10.0,1.0,0.0,10.0,0.0,8.0,5.0,0.0,2.0,3.0
3,8,2025-08-24 19:30,Real Oviedo,Real Madrid,0,3,2,SP1,/,Oviedo,Real Madrid,0.97,1.5,1.5,2.09,1.7,1.3,1.88,1.87,2.03,1.76,1.3,1.92,1.84,5.27,9.91,5.24,9.67,2.1,1.73,1.3,1.95,1.9,2.0,1.85,1.33,2.05,1.8,5.0,8.5,5.5,9.5,1.3,1.3,5.0,11.0,5.0,11.0,2.26,1.75,1.34,1.94,1.97,2.1,1.9,1.34,2.06,1.91,5.6,12.0,5.7,11.0,1.26,1.26,5.6,9.5,5.5,10.0,1.29,1.3,5.25,10.5,4.8,9.0,1.31,1.32,5.25,10.0,5.25,9.75,1.3,1.33,5.25,10.0,5.25,9.5,1.3,1.33,5.0,9.5,5.25,9.5,2.14,1.73,1.33,1.95,1.93,2.12,1.85,1.33,2.05,1.92,5.6,11.0,5.6,11.0,2.15,1.75,1.98,1.93,2.18,1.75,2.02,1.91,1.32,1.33,5.53,9.98,5.5,10.02,9.0,7.0,0.0,26.0,10.0,1.0,1.0,8.0,0.0,6.0,3.0,1.0,0.0,2.0
3,9,2025-08-24 18:45,Juventus,Parma,2,0,1,I1,/,Juventus,Parma,1.0,-1.25,-1.25,2.06,1.72,7.26,1.82,1.87,1.82,1.95,7.98,1.83,1.92,4.46,1.41,4.58,1.42,2.1,1.73,7.5,1.88,1.98,1.73,2.1,8.0,1.85,2.0,4.5,1.42,4.75,1.42,8.0,9.0,4.5,1.4,4.6,1.4,2.18,1.8,8.4,1.89,2.04,1.9,2.08,9.2,1.92,2.06,5.0,1.43,5.0,1.46,7.0,7.5,4.4,1.4,4.5,1.41,7.5,8.5,4.4,1.4,4.4,1.4,7.0,7.75,4.5,1.42,4.6,1.43,7.0,7.5,4.6,1.4,4.6,1.44,7.0,7.5,4.5,1.4,4.6,1.44,2.15,1.8,8.0,1.9,1.98,1.93,2.1,9.0,1.89,2.0,4.7,1.44,4.75,1.44,2.11,1.78,1.91,2.0,2.05,1.86,1.93,1.99,7.58,8.01,4.9,1.42,4.8,1.43,6.0,13.0,0.0,8.0,2.0,2.0,6.0,9.0,1.0,25.0,8.0,0.0,0.0,1.0
3,10,2025-08-22 18:30,Bayern Münih,RB Leipzig,6,0,1,D1,/,Bayern Munich,RB Leipzig,0.978,-2.0,-2.0,3.91,1.24,10.3,1.86,1.86,4.06,1.22,9.87,1.86,1.9,6.98,1.23,7.13,1.21,4.0,1.25,9.0,1.93,1.93,4.0,1.25,11.0,1.88,1.98,7.0,1.22,7.0,1.22,12.0,10.0,7.0,1.25,7.0,1.22,4.5,1.27,12.0,1.98,1.96,4.4,1.28,12.0,1.92,2.07,7.6,1.27,7.8,1.26,10.0,10.0,7.0,1.2,7.5,1.19,11.0,10.0,7.0,1.22,7.0,1.2,10.5,9.75,7.0,1.25,7.0,1.23,10.0,9.5,7.0,1.25,7.0,1.22,10.0,9.5,7.0,1.25,7.0,1.22,4.2,1.25,12.0,1.94,1.94,4.33,1.25,11.0,1.93,1.99,7.5,1.26,7.5,1.26,3.33,1.32,1.96,1.93,3.33,1.32,1.93,1.98,10.85,10.31,7.24,1.25,7.43,1.23,5.0,13.0,0.0,12.0,1.0,1.0,5.0,13.0,0.0,19.0,10.0,0.0,3.0,4.0
3,11,2025-08-22 18:45,Paris St Germain,Angers,1,0,1,F1,/,Paris SG,Angers,0.952,-2.75,-2.75,3.77,1.24,24.94,1.84,1.87,3.8,1.24,29.25,1.96,1.8,11.97,1.06,11.06,1.08,4.0,1.25,21.0,1.93,1.93,4.0,1.25,23.0,2.05,1.75,13.0,1.06,12.0,1.08,29.0,34.0,12.0,1.07,11.0,1.08,4.2,1.28,34.0,1.98,1.96,4.2,1.3,40.0,2.11,1.87,16.5,1.09,15.0,1.1,25.0,25.0,11.0,1.04,10.5,1.05,26.0,29.0,13.0,1.06,11.5,1.07,26.0,31.0,12.5,1.08,11.5,1.1,23.0,29.0,13.0,1.08,11.0,1.09,23.0,29.0,12.0,1.07,11.0,1.09,4.0,1.26,31.0,1.93,1.95,4.0,1.27,41.0,2.08,1.86,13.0,1.08,12.0,1.1,,,1.93,1.95,,,1.95,1.93,27.0,27.07,12.48,1.09,12.5,1.09,0.0,9.0,0.0,3.0,0.0,0.0,12.0,3.0,0.0,21.0,4.0,0.0,0.0,0.0
3,12,2025-08-24 18:45,Lille,Monaco,1,0,1,F1,/,Lille,Monaco,1.0,0.25,0.25,2.12,1.67,2.25,1.85,1.8,2.19,1.64,2.12,1.77,1.95,3.59,3.22,3.53,2.94,2.15,1.67,2.2,1.95,1.9,2.15,1.67,2.15,1.88,1.98,3.7,3.2,3.6,3.1,2.25,2.15,3.6,3.2,3.5,3.1,2.3,1.73,2.34,2.04,1.93,2.34,1.72,2.24,1.95,2.04,3.7,3.45,3.7,3.2,2.23,2.06,3.45,3.2,3.5,2.85,2.15,2.1,3.7,3.2,3.5,2.9,2.3,2.15,3.6,3.2,3.6,2.85,2.3,2.15,3.6,3.2,3.6,2.87,2.3,2.15,3.5,3.2,3.6,2.87,2.2,1.73,2.35,1.98,1.9,2.28,1.68,2.2,1.88,2.0,3.7,3.35,3.6,3.1,2.25,1.7,1.99,1.91,2.32,1.68,1.85,2.08,2.29,2.13,3.64,3.52,3.64,3.11,3.0,14.0,0.0,6.0,1.0,2.0,8.0,7.0,0.0,18.0,1.0,0.0,0.0,1.0
3,13,2025-08-22 19:00,West Ham United,Chelsea,1,5,2,E0,/,West Ham,Chelsea,0.97,0.75,0.75,2.09,1.72,1.71,1.86,1.83,2.08,1.72,1.72,1.89,1.85,3.82,4.75,3.88,4.68,2.1,1.73,1.73,1.93,1.93,2.0,1.8,1.75,2.03,1.83,3.8,4.5,3.8,4.75,1.67,1.67,3.75,5.0,4.0,5.0,2.18,1.83,1.78,2.0,1.97,2.18,1.83,1.75,1.96,2.02,4.1,5.3,4.0,5.1,1.71,1.73,3.85,4.9,3.9,4.9,1.7,1.7,3.8,5.0,4.0,4.6,1.72,1.73,3.8,4.6,3.9,4.6,1.73,1.67,3.9,4.8,3.9,4.6,1.73,1.67,3.9,4.8,3.8,4.5,2.15,1.77,1.76,1.94,1.93,2.17,1.8,1.8,2.03,1.95,3.95,5.0,4.0,5.0,2.17,1.75,1.95,1.97,2.19,1.73,1.87,2.06,1.74,1.68,4.14,5.17,3.95,4.94,5.0,10.0,0.0,12.0,7.0,1.0,7.0,7.0,0.0,12.0,4.0,3.0,1.0,0.0
3,14,2025-08-23 11:30,Manchester City,Tottenham Hotspur,0,2,2,E0,/,Man City,Tottenham,0.97,-1.0,-1.25,2.62,1.46,6.08,1.77,1.91,2.58,1.48,5.46,1.95,1.81,4.53,1.54,4.7,1.48,2.75,1.44,6.25,1.77,1.97,2.63,1.5,5.25,1.87,1.87,4.33,1.55,4.5,1.48,6.0,5.5,4.5,1.57,5.0,1.5,2.86,1.53,6.6,1.89,2.1,2.76,1.56,6.2,2.04,1.94,4.8,1.57,5.1,1.52,6.1,5.8,4.6,1.53,4.75,1.5,6.5,5.5,4.5,1.53,4.8,1.45,6.25,5.25,4.5,1.57,4.6,1.47,6.0,5.25,4.5,1.55,4.6,1.48,6.0,5.25,4.5,1.53,4.6,1.48,2.75,1.52,6.5,1.86,1.97,2.75,1.53,5.8,2.09,1.87,4.95,1.57,5.0,1.5,2.73,1.48,1.86,2.05,2.66,1.52,2.11,1.83,6.01,6.07,4.93,1.51,5.0,1.49,2.0,12.0,0.0,12.0,5.0,4.0,7.0,7.0,0.0,10.0,4.0,2.0,0.0,1.0
3,15,2025-08-24 15:30,Fulham,Manchester United,1,1,0,E0,/,Fulham,Man United,1.0,0.25,0.25,1.99,1.77,2.13,1.75,1.91,2.02,1.76,2.08,1.71,2.01,3.51,3.45,3.53,3.27,2.0,1.8,2.15,1.88,1.98,2.1,1.73,2.05,1.83,2.03,3.6,3.4,3.5,3.25,2.2,2.1,3.6,3.5,3.6,3.3,2.08,1.9,2.24,1.93,2.04,2.14,1.86,2.16,1.87,2.13,3.7,3.7,3.65,3.5,2.15,2.08,3.45,3.65,3.65,3.35,2.1,2.05,3.6,3.13,3.5,3.2,2.1,2.1,3.5,3.4,3.6,3.3,2.1,2.1,3.5,3.4,3.6,3.3,2.1,2.05,3.5,3.4,3.5,3.3,2.07,1.8,2.2,1.88,1.98,2.1,1.81,2.1,1.83,2.04,3.65,3.65,3.65,3.35,2.04,1.85,1.93,1.97,2.07,1.85,1.88,2.04,2.23,2.18,3.49,3.53,3.54,3.3,6.0,10.0,0.0,10.0,3.0,1.0,9.0,12.0,0.0,13.0,4.0,0.0,0.0,1.0
4,1,2025-08-29 18:30,Göztepe,Tümosan Konyaspor,1,1,0,T1,/,Goztep,Konyaspor,0.97,-0.75,-0.5,1.79,1.93,4.1,1.9,1.81,1.8,1.93,4.41,1.71,2.01,3.51,1.77,3.43,1.83,1.83,1.98,4.2,1.95,1.85,1.85,1.95,4.75,1.83,1.98,3.6,1.68,3.5,1.81,4.0,4.33,3.4,1.73,3.3,1.83,1.89,2.06,4.9,2.09,1.89,1.92,2.06,5.2,1.89,2.06,3.7,1.82,3.65,1.89,4.0,4.0,3.5,1.85,3.5,1.85,4.1,4.6,3.6,1.73,3.4,1.8,4.2,4.5,3.5,1.78,3.4,1.85,4.33,4.6,3.5,1.8,3.5,1.85,4.2,4.6,3.5,1.8,3.4,1.85,1.83,1.98,4.5,1.95,1.85,1.85,1.96,4.75,1.83,2.1,3.6,1.85,3.5,1.88,1.86,2.03,2.02,1.88,1.9,1.99,1.88,2.03,4.57,4.85,3.7,1.79,3.53,1.88,6.0,4.0,0.0,10.0,2.0,2.0,5.0,17.0,0.0,18.0,8.0,0.0,0.0,2.0
4,2,2025-08-30 16:00,Kasımpaşa,Gaziantep FK,2,3,2,T1,/,Kasimpasa,Gaziantep,1.0,-0.25,-0.5,2.34,1.54,3.64,1.92,1.79,2.0,1.74,3.11,1.9,1.78,3.53,2.11,3.95,1.81,2.35,1.57,3.5,1.95,1.85,1.9,1.9,3.0,1.79,1.89,3.6,2.15,4.1,1.81,3.6,3.1,3.3,2.1,3.6,1.83,2.42,1.63,4.1,2.05,1.92,2.1,1.87,3.3,2.0,1.96,3.75,2.26,4.1,1.92,3.65,3.2,3.8,2.0,4.3,1.76,3.6,3.1,3.5,2.15,3.75,1.83,3.7,3.0,3.4,2.2,3.8,1.85,3.9,3.1,3.6,2.2,4.0,1.8,3.9,3.1,3.6,2.15,4.0,1.8,2.4,1.57,3.9,1.97,1.87,2.1,1.9,3.2,1.97,1.89,3.8,2.2,4.3,1.87,2.37,1.61,1.96,1.9,2.22,1.71,2.03,1.88,3.7,3.34,3.69,2.16,3.96,1.88,4.0,18.0,0.0,9.0,7.0,4.0,3.0,15.0,0.0,20.0,6.0,2.0,0.0,4.0
4,3,2025-08-30 16:00,Kocaelispor,Zecorner Kayserispor,1,1,0,T1,/,Kocaelispor,Kayserispor,1.0,-0.5,-0.25,1.84,1.88,3.18,1.89,1.79,1.85,1.87,3.48,1.74,1.97,3.42,2.0,3.39,2.12,1.85,1.95,3.4,1.98,1.83,1.93,1.88,3.8,1.74,1.94,3.4,1.91,3.3,2.1,3.25,3.4,3.25,2.0,3.2,2.05,1.9,1.87,3.75,2.06,1.85,2.04,1.91,4.1,1.88,2.1,3.5,2.1,3.35,2.18,3.0,3.25,3.5,2.05,3.65,2.12,3.2,3.6,3.5,1.95,3.25,2.1,3.2,3.5,3.4,2.05,3.4,2.15,3.25,3.5,3.5,2.05,3.4,2.2,3.25,3.5,3.4,2.05,3.4,2.15,1.89,1.95,3.4,1.98,1.86,1.93,1.91,3.8,1.83,2.02,3.5,2.05,3.65,2.2,1.92,1.93,1.98,1.88,1.93,1.96,1.79,2.12,3.44,3.72,3.4,2.12,3.32,2.18,7.0,13.0,0.0,12.0,2.0,2.0,4.0,12.0,0.0,10.0,4.0,0.0,0.0,3.0
4,4,2025-08-30 18:30,Hesap.com Antalyaspor,Mısırlı.com.tr Fatih Karagümrük,1,2,2,T1,/,Antalyaspor,Karagumruk,0.97,-0.75,-0.5,1.78,1.95,3.8,1.81,1.89,1.71,2.04,4.76,1.75,1.94,3.4,1.74,3.37,1.92,1.8,2.0,3.9,1.88,1.93,1.63,2.15,5.0,1.83,1.98,3.5,1.68,3.4,1.91,3.75,4.6,3.3,1.7,3.25,1.9,1.83,2.04,4.5,1.95,1.98,1.8,2.2,5.5,1.93,2.05,3.75,1.79,3.4,1.98,3.65,4.6,3.4,1.76,3.6,1.92,3.75,4.75,3.5,1.73,3.3,1.9,3.8,5.0,3.3,1.75,3.3,1.95,3.9,5.0,3.5,1.75,3.4,1.95,3.9,4.8,3.4,1.8,3.4,1.95,1.83,2.0,4.25,1.88,1.96,1.84,2.15,5.33,1.83,1.98,3.5,1.85,3.6,1.95,1.82,2.04,1.9,1.97,1.8,2.09,1.74,2.2,4.37,4.69,3.37,1.9,3.23,1.95,4.0,14.0,0.0,17.0,6.0,2.0,7.0,15.0,0.0,9.0,6.0,1.0,1.0,0.0
4,5,2025-08-30 18:30,Galatasaray,Çaykur Rizespor,3,1,1,T1,/,Galatasaray,Rizespor,1.0,-2.0,-2.0,3.24,1.31,10.84,1.85,1.86,3.44,1.27,12.25,1.99,1.74,7.34,1.16,6.77,1.19,3.4,1.33,11.0,1.9,1.9,3.5,1.27,12.0,2.0,1.8,7.5,1.17,7.0,1.19,11.0,11.0,6.5,1.17,6.0,1.18,3.5,1.35,14.5,1.95,1.92,3.8,1.34,18.0,2.14,1.81,9.2,1.19,7.8,1.23,11.0,12.0,8.0,1.16,7.0,1.19,11.5,13.0,7.5,1.15,6.5,1.17,10.5,12.5,7.5,1.18,6.75,1.22,11.0,13.0,7.5,1.18,7.0,1.22,11.0,13.0,7.5,1.18,7.0,1.22,3.4,1.33,11.5,1.9,1.92,3.75,1.3,14.5,2.02,1.83,8.0,1.18,7.0,1.22,3.45,1.31,1.96,1.89,3.82,1.27,2.05,1.85,12.51,14.49,7.95,1.18,7.31,1.18,2.0,9.0,0.0,9.0,4.0,4.0,5.0,11.0,0.0,16.0,7.0,0.0,1.0,1.0
4,6,2025-08-31 16:00,Rams Başakşehir,ikas Eyüpspor,0,0,0,T1,/,Buyuksehyr,Eyupspor,1.0,-0.5,-0.5,1.95,1.78,3.33,1.74,1.99,1.95,1.78,3.37,1.74,1.98,3.51,2.01,3.5,2.01,2.0,1.8,3.5,1.75,2.05,2.0,1.8,3.5,1.83,1.98,3.7,1.91,3.6,1.96,3.3,3.3,3.3,2.0,3.3,2.0,2.02,1.83,3.8,,,2.1,1.86,3.65,1.81,2.2,3.55,2.22,3.55,2.08,3.35,3.35,3.55,2.02,3.55,2.02,3.3,3.4,3.6,2.0,3.4,2.0,3.3,3.3,3.5,2.05,3.6,2.05,3.3,3.4,3.6,2.1,3.6,2.05,3.3,3.3,3.6,2.05,3.6,2.05,2.0,1.84,3.5,1.83,2.05,2.0,1.84,3.5,1.83,2.05,3.7,2.1,3.6,2.05,2.03,1.81,1.81,2.05,2.0,1.89,1.78,2.15,3.54,3.63,3.42,2.15,3.59,2.04,4.0,11.0,0.0,12.0,1.0,5.0,5.0,21.0,0.0,10.0,4.0,0.0,0.0,4.0
4,7,2025-08-31 16:00,Natura Dünyası Gençlerbirliği,Fenerbahçe,1,3,2,T1,/,Genclerbirligi,Fenerbahce,1.0,1.0,1.5,2.26,1.57,1.32,1.92,1.79,2.07,1.69,1.46,1.76,1.96,4.3,6.16,4.98,8.01,2.3,1.6,1.3,2.0,1.8,2.05,1.75,1.46,1.8,2.0,4.2,6.25,5.0,9.0,1.3,1.44,4.0,6.5,4.6,8.0,1.25,1.63,1.37,,,2.2,1.81,1.5,1.84,2.11,4.7,7.6,5.6,9.0,1.3,1.47,4.4,6.0,5.3,8.0,1.33,1.45,4.33,6.5,4.75,8.0,1.35,1.47,4.4,6.25,5.0,8.0,1.35,1.5,4.4,6.0,5.25,8.0,1.35,1.5,4.33,6.0,5.0,8.0,2.3,1.6,1.35,2.0,1.85,2.1,1.75,1.5,1.83,2.05,4.5,6.66,5.3,9.0,2.29,1.63,2.03,1.83,2.29,1.68,1.66,2.34,1.32,1.41,4.97,7.81,5.28,9.06,3.0,15.0,0.0,13.0,3.0,0.0,3.0,9.0,0.0,9.0,3.0,3.0,0.0,1.0
4,8,2025-08-31 18:30,Corendon Alanyaspor,Beşiktaş,2,0,1,T1,/,Alanyaspor,Besiktas,1.0,0.5,0.25,2.08,1.68,2.04,1.71,1.97,1.96,1.78,1.96,1.92,1.78,3.53,3.5,3.56,3.21,2.1,1.7,2.05,1.83,1.98,1.98,1.83,1.88,1.89,1.79,3.7,3.7,3.7,3.2,2.05,1.91,3.4,3.5,3.3,3.2,2.14,1.75,2.26,,,2.02,1.95,2.06,2.06,1.91,3.7,4.0,3.6,3.4,2.0,1.94,3.6,3.5,3.7,3.25,2.05,1.95,3.5,3.6,3.5,3.13,2.05,2.05,3.5,3.3,3.6,3.2,2.1,2.05,3.6,3.4,3.6,3.25,2.1,2.05,3.5,3.4,3.6,3.25,2.12,1.7,2.1,1.83,2.01,2.04,1.83,2.05,2.0,1.83,3.7,3.75,3.7,3.35,2.17,1.7,1.83,2.03,2.02,1.87,2.02,1.89,2.09,2.01,3.59,3.89,3.66,3.34,6.0,18.0,0.0,15.0,4.0,3.0,2.0,7.0,0.0,9.0,3.0,0.0,1.0,1.0
4,9,2025-08-31 18:30,Trabzonspor,Samsunspor,1,1,0,T1,/,Trabzonspor,Samsunspor,1.0,-0.75,-0.75,1.87,1.84,4.26,1.73,1.96,1.81,1.91,4.44,1.73,1.95,3.64,1.73,3.63,1.75,1.93,1.88,4.5,1.74,1.94,1.8,2.0,4.75,1.79,1.89,3.8,1.65,3.75,1.71,4.2,4.6,3.4,1.7,3.5,1.73,1.46,1.24,4.8,1.58,1.8,1.88,2.1,5.1,1.97,2.01,4.1,1.78,3.8,1.8,4.2,4.1,3.7,1.8,3.7,1.77,4.33,4.75,3.6,1.7,3.5,1.73,4.33,4.5,3.6,1.75,3.7,1.77,4.33,4.6,3.7,1.75,3.75,1.8,4.33,4.5,3.7,1.75,3.7,1.8,1.93,1.88,4.5,1.8,2.01,1.85,2.0,4.75,1.82,2.02,3.8,1.8,3.75,1.8,1.94,1.89,1.85,2.01,1.86,2.03,1.9,2.01,4.54,4.79,3.82,1.77,3.76,1.76,10.0,13.0,0.0,13.0,4.0,4.0,2.0,7.0,0.0,9.0,3.0,0.0,1.0,1.0
4,10,2025-08-31 15:30,Borussia Dortmund,Union Berlin,3,0,1,D1,/,Dortmund,Union Berlin,1.0,-1.25,-1.25,2.53,1.49,7.02,1.95,1.79,2.36,1.56,6.88,1.89,1.86,4.84,1.41,5.06,1.38,2.63,1.5,6.5,2.0,1.85,2.38,1.57,6.5,1.93,1.93,4.75,1.4,5.25,1.4,8.0,8.0,4.6,1.4,5.0,1.36,2.68,1.56,7.8,2.05,1.86,2.48,1.64,8.0,2.0,1.96,5.1,1.46,5.6,1.42,6.75,6.75,5.1,1.42,5.3,1.4,6.5,7.0,4.8,1.4,4.6,1.36,7.5,7.25,4.8,1.42,5.0,1.38,7.5,7.0,4.8,1.4,5.0,1.4,7.5,7.0,4.8,1.4,5.0,1.36,2.63,1.53,8.0,2.0,1.85,2.45,1.6,8.0,1.93,1.97,5.1,1.46,5.3,1.41,2.59,1.54,2.03,1.88,2.6,1.55,2.04,1.88,7.28,7.35,5.29,1.41,5.3,1.4,6.0,7.0,0.0,12.0,3.0,0.0,4.0,14.0,0.0,11.0,6.0,0.0,1.0,0.0
4,11,2025-08-30 19:05,Toulouse,Paris St Germain,3,6,2,F1,/,Toulouse,Paris SG,0.952,1.5,1.5,2.34,1.56,1.34,1.95,1.8,2.43,1.52,1.32,1.88,1.87,5.48,8.54,5.12,8.17,2.38,1.57,1.33,1.98,1.88,2.5,1.53,1.33,1.93,1.93,5.25,8.5,5.25,8.5,1.33,1.3,5.5,9.0,5.0,9.0,2.52,1.61,1.37,2.01,1.94,2.66,1.58,1.37,2.03,1.94,5.7,10.0,5.8,9.4,1.36,1.3,6.0,8.5,5.25,7.5,1.3,1.3,5.5,9.0,5.0,8.5,1.34,1.34,5.25,8.5,5.25,8.75,1.35,1.35,5.25,8.5,5.0,9.0,1.3,1.33,5.25,8.5,4.8,8.0,2.4,1.6,1.37,2.02,1.88,2.5,1.55,1.35,1.96,1.93,6.0,9.0,5.4,9.0,2.46,1.59,2.01,1.9,2.51,1.58,1.98,1.94,1.36,1.35,5.63,8.84,5.48,8.47,7.0,11.0,0.0,13.0,8.0,0.0,5.0,7.0,0.0,14.0,6.0,4.0,1.0,1.0
4,12,2025-08-30 11:30,Chelsea,Fulham,2,0,1,E0,/,Chelsea,Fulham,1.0,-1.0,-1.0,2.16,1.67,5.6,1.87,1.89,1.98,1.79,5.03,1.7,2.09,3.93,1.67,4.35,1.55,2.2,1.67,5.25,1.9,1.95,2.0,1.85,4.75,1.65,2.2,3.9,1.67,4.33,1.55,6.0,5.5,4.0,1.73,4.33,1.57,2.28,1.74,6.0,1.92,2.05,2.08,1.9,5.4,1.74,2.32,3.95,1.76,4.4,1.62,5.8,5.2,4.1,1.66,4.4,1.56,5.75,5.25,3.9,1.65,4.2,1.55,5.25,4.8,3.9,1.68,4.5,1.55,5.5,4.8,3.9,1.67,4.5,1.53,5.5,4.8,3.9,1.67,4.5,1.53,2.22,1.71,6.0,1.91,1.95,2.12,1.85,5.5,1.76,2.2,4.1,1.73,4.5,1.57,2.22,1.71,1.93,1.97,2.13,1.78,1.78,2.16,5.75,5.49,3.97,1.67,4.37,1.57,4.0,17.0,0.0,11.0,3.0,2.0,6.0,11.0,0.0,13.0,6.0,0.0,1.0,2.0
4,13,2025-08-31 15:30,Liverpool,Arsenal,1,0,1,E0,/,Liverpool,Arsenal,1.0,-0.25,-0.25,2.06,1.73,3.17,1.89,1.85,2.0,1.77,3.01,1.78,1.96,3.33,2.37,3.49,2.2,2.1,1.73,3.2,1.95,1.9,2.1,1.73,3.0,1.8,2.05,3.4,2.38,3.5,2.2,3.2,3.0,3.5,2.4,3.6,2.25,2.2,1.8,3.45,2.0,1.96,2.12,1.88,3.2,1.88,2.11,3.5,2.46,3.55,2.28,3.25,3.1,3.35,2.38,3.5,2.25,3.1,3.0,3.3,2.38,3.5,2.15,3.2,3.0,3.3,2.35,3.6,2.15,3.2,3.0,3.3,2.37,3.6,2.15,3.1,3.0,3.3,2.37,3.5,2.15,2.1,1.81,3.25,1.95,1.91,2.1,1.81,3.1,1.81,2.05,3.5,2.4,3.6,2.25,2.14,1.76,1.94,1.96,2.19,1.74,1.85,2.08,3.28,3.05,3.53,2.4,3.47,2.27,8.0,10.0,0.0,11.0,1.0,2.0,3.0,7.0,0.0,9.0,3.0,0.0,0.0,2.0
4,14,2025-08-30 19:30,Real Madrid,Mallorca,2,1,1,SP1,/,Real Madrid,Mallorca,1.0,-2.0,-2.0,2.39,1.53,14.97,1.82,1.94,2.64,1.46,15.63,1.93,1.82,7.43,1.16,6.96,1.18,2.38,1.57,15.0,1.88,1.98,2.75,1.44,13.0,2.0,1.85,7.5,1.17,7.0,1.18,17.0,17.0,7.5,1.17,7.0,1.17,2.56,1.6,18.0,1.89,2.03,2.88,1.52,22.0,2.08,1.88,8.6,1.19,8.0,1.22,14.0,16.0,8.0,1.16,7.0,1.19,17.0,17.0,7.5,1.15,7.0,1.17,15.5,16.5,7.5,1.18,7.0,1.19,15.0,15.0,7.5,1.18,7.0,1.2,15.0,15.0,7.5,1.17,7.0,1.18,2.55,1.57,17.0,1.9,1.98,2.8,1.5,17.0,2.0,1.86,8.0,1.18,7.0,1.2,2.5,1.56,1.89,2.0,2.71,1.48,1.94,1.96,12.71,15.22,7.51,1.19,7.16,1.21,5.0,7.0,0.0,9.0,5.0,0.0,4.0,12.0,0.0,17.0,7.0,1.0,2.0,2.0
4,15,2025-08-31 17:00,Real Betis,Athletic Bilbao,1,2,2,SP1,/,Betis,Ath Bilbao,0.97,0.25,0.25,1.64,2.17,2.46,1.96,1.73,1.69,2.11,2.37,1.91,1.79,3.14,3.15,3.15,2.95,1.67,2.2,2.55,2.1,1.7,1.73,2.1,2.3,1.98,1.88,3.2,3.25,3.1,3.0,2.5,2.38,3.2,3.1,3.1,3.0,1.72,2.32,2.6,2.19,1.81,1.79,2.2,2.52,2.13,1.86,3.3,3.25,3.15,3.2,2.4,2.43,3.1,3.1,3.25,3.05,2.4,2.38,3.13,3.2,3.13,2.8,2.55,2.35,3.1,3.2,3.2,2.85,2.5,2.4,3.1,3.1,3.2,2.87,2.5,2.4,3.1,3.1,3.2,2.87,1.67,2.23,2.55,2.1,1.78,1.73,2.17,2.43,2.05,1.88,3.2,3.25,3.25,3.1,1.72,2.21,2.17,1.76,1.79,2.13,2.11,1.83,2.56,2.46,3.28,3.16,3.15,3.07,10.0,16.0,1.0,15.0,6.0,4.0,4.0,9.0,0.0,9.0,2.0,0.0,0.0,1.0
5,1,2025-09-07 18:45,Türkiye,İspanya,0,6,2,,,,,0.0,,,,,,,,,,,,,,,,,,,,,,,,,,,,,,,,,,,,,,,,,,,,,,,,,,,,,,,,,,,,,,,,,,,,,,,,,,,,,,,,,,,,,,,,,,,,,,,,,,,,,,,,,,,,,,,,,,,,,,,,,,
5,2,2025-09-05 18:45,Ukrayna,Fransa,0,2,2,,,,,0.0,,,,,,,,,,,,,,,,,,,,,,,,,,,,,,,,,,,,,,,,,,,,,,,,,,,,,,,,,,,,,,,,,,,,,,,,,,,,,,,,,,,,,,,,,,,,,,,,,,,,,,,,,,,,,,,,,,,,,,,,,,
5,3,2025-09-05 18:45,İzlanda,Azerbaycan,5,0,1,,,,,0.312,,,,,,,,,,,,,,,,,,,,,,,,,,,,,,,,,,,,,,,,,,,,,,,,,,,,,,,,,,,,,,,,,,,,,,,,,,,,,,,,,,,,,,,,,,,,,,,,,,,,,,,,,,,,,,,,,,,,,,,,,,
5,4,2025-09-06 13:00,Letonya,Sırbistan,0,1,2,,,,,0.372,,,,,,,,,,,,,,,,,,,,,,,,,,,,,,,,,,,,,,,,,,,,,,,,,,,,,,,,,,,,,,,,,,,,,,,,,,,,,,,,,,,,,,,,,,,,,,,,,,,,,,,,,,,,,,,,,,,,,,,,,,
5,5,2025-09-06 16:00,Ermenistan,Portekiz,0,5,2,,,,,0.0,,,,,,,,,,,,,,,,,,,,,,,,,,,,,,,,,,,,,,,,,,,,,,,,,,,,,,,,,,,,,,,,,,,,,,,,,,,,,,,,,,,,,,,,,,,,,,,,,,,,,,,,,,,,,,,,,,,,,,,,,,
5,6,2025-09-06 16:00,İngiltere,Andorra,2,0,1,,,,,0.25,,,,,,,,,,,,,,,,,,,,,,,,,,,,,,,,,,,,,,,,,,,,,,,,,,,,,,,,,,,,,,,,,,,,,,,,,,,,,,,,,,,,,,,,,,,,,,,,,,,,,,,,,,,,,,,,,,,,,,,,,,
5,7,2025-09-06 18:45,San Marino,Bosna Hersek,0,6,2,,,,,0.0,,,,,,,,,,,,,,,,,,,,,,,,,,,,,,,,,,,,,,,,,,,,,,,,,,,,,,,,,,,,,,,,,,,,,,,,,,,,,,,,,,,,,,,,,,,,,,,,,,,,,,,,,,,,,,,,,,,,,,,,,,
5,8,2025-09-06 18:45,İrlanda Cumhuriyeti,Macaristan,2,2,0,,,,,0.32,,,,,,,,,,,,,,,,,,,,,,,,,,,,,,,,,,,,,,,,,,,,,,,,,,,,,,,,,,,,,,,,,,,,,,,,,,,,,,,,,,,,,,,,,,,,,,,,,,,,,,,,,,,,,,,,,,,,,,,,,,
5,9,2025-09-07 13:00,Gürcistan,Bulgaristan,3,0,1,,,,,0.301,,,,,,,,,,,,,,,,,,,,,,,,,,,,,,,,,,,,,,,,,,,,,,,,,,,,,,,,,,,,,,,,,,,,,,,,,,,,,,,,,,,,,,,,,,,,,,,,,,,,,,,,,,,,,,,,,,,,,,,,,,
5,10,2025-09-07 16:00,Kuzey Makedonya Cumhuriyeti,Lihtenştayn,5,0,1,,,,,0.265,,,,,,,,,,,,,,,,,,,,,,,,,,,,,,,,,,,,,,,,,,,,,,,,,,,,,,,,,,,,,,,,,,,,,,,,,,,,,,,,,,,,,,,,,,,,,,,,,,,,,,,,,,,,,,,,,,,,,,,,,,
5,11,2025-09-07 16:00,Litvanya,Hollanda,2,3,2,,,,,0.376,,,,,,,,,,,,,,,,,,,,,,,,,,,,,,,,,,,,,,,,,,,,,,,,,,,,,,,,,,,,,,,,,,,,,,,,,,,,,,,,,,,,,,,,,,,,,,,,,,,,,,,,,,,,,,,,,,,,,,,,,,
5,12,2025-09-07 18:45,Almanya,Kuzey İrlanda,3,1,1,,,,,0.293,,,,,,,,,,,,,,,,,,,,,,,,,,,,,,,,,,,,,,,,,,,,,,,,,,,,,,,,,,,,,,,,,,,,,,,,,,,,,,,,,,,,,,,,,,,,,,,,,,,,,,,,,,,,,,,,,,,,,,,,,,
5,13,2025-09-07 18:45,Belçika,Kazakistan,6,0,1,,,,,0.0,,,,,,,,,,,,,,,,,,,,,,,,,,,,,,,,,,,,,,,,,,,,,,,,,,,,,,,,,,,,,,,,,,,,,,,,,,,,,,,,,,,,,,,,,,,,,,,,,,,,,,,,,,,,,,,,,,,,,,,,,,
5,14,2025-09-07 18:45,Lüksemburg,Slovakya,0,1,2,,,,,0.353,,,,,,,,,,,,,,,,,,,,,,,,,,,,,,,,,,,,,,,,,,,,,,,,,,,,,,,,,,,,,,,,,,,,,,,,,,,,,,,,,,,,,,,,,,,,,,,,,,,,,,,,,,,,,,,,,,,,,,,,,,
5,15,2025-09-07 18:45,Polonya,Finlandiya,3,1,1,,,,,0.299,,,,,,,,,,,,,,,,,,,,,,,,,,,,,,,,,,,,,,,,,,,,,,,,,,,,,,,,,,,,,,,,,,,,,,,,,,,,,,,,,,,,,,,,,,,,,,,,,,,,,,,,,,,,,,,,,,,,,,,,,,
6,1,2025-09-13 14:00,Samsunspor,Hesap.com Antalyaspor,1,2,2,T1,/,Samsunspor,Antalyaspor,1.0,-0.75,-0.5,1.68,2.09,4.49,1.99,1.74,1.67,2.1,5.24,1.9,1.83,3.63,1.65,3.49,1.76,1.67,2.15,4.75,2.03,1.78,1.7,2.1,5.75,2.0,1.8,3.7,1.61,3.5,1.76,4.6,5.5,3.6,1.62,3.4,1.73,1.73,2.18,5.4,2.19,1.82,1.78,2.24,6.2,2.02,1.95,3.7,1.73,3.65,1.81,4.6,5.0,3.65,1.66,3.7,1.7,4.4,5.5,3.6,1.62,3.4,1.75,4.4,5.0,3.6,1.66,3.4,1.8,4.5,5.25,3.7,1.7,3.5,1.83,4.5,5.25,3.7,1.67,3.5,1.8,1.7,2.15,4.75,2.04,1.8,1.7,2.14,5.75,2.0,1.87,3.75,1.7,3.8,1.83,1.69,2.17,2.06,1.78,1.75,2.15,2.01,1.9,4.78,5.8,3.71,1.68,3.51,1.79,2.0,10.0,0.0,6.0,4.0,2.0,6.0,13.0,0.0,16.0,3.0,1.0,0.0,4.0
6,2,2025-09-13 14:00,Mısırlı.com.tr Fatih Karagümrük,Kasımpaşa,0,1,2,T1,/,Karagumruk,Kasimpasa,0.97,0.25,0.25,1.86,1.86,2.36,1.96,1.73,1.7,2.07,2.32,1.91,1.77,3.2,3.03,3.32,2.83,1.9,1.9,2.35,2.08,1.73,1.67,2.15,2.25,1.98,1.83,3.25,3.1,3.4,2.75,2.4,2.3,3.1,3.1,3.25,2.8,1.93,1.94,2.72,2.29,1.71,1.7,2.36,2.44,2.06,1.92,3.2,3.5,3.2,2.88,2.33,2.35,3.3,2.88,3.4,2.85,2.3,2.25,3.25,3.1,3.3,2.8,2.35,2.3,3.1,3.1,3.4,2.8,2.4,2.37,3.2,3.1,3.4,2.87,2.37,2.37,3.2,3.0,3.4,2.87,1.91,1.92,2.42,2.08,1.77,1.9,2.2,2.4,2.05,1.83,3.45,3.25,3.45,3.0,1.93,1.93,2.14,1.74,1.81,2.08,2.1,1.83,2.5,2.46,3.2,3.19,3.23,2.94,4.0,17.0,1.0,8.0,1.0,4.0,6.0,8.0,0.0,14.0,3.0,1.0,0.0,0.0
6,3,2025-09-13 17:00,Tümosan Konyaspor,Corendon Alanyaspor,1,2,2,T1,/,Konyaspor,Alanyaspor,1.0,-0.5,-0.25,1.77,1.96,3.3,1.9,1.83,1.78,1.95,3.64,1.78,1.95,3.38,1.99,3.33,2.12,1.75,2.05,3.5,1.98,1.83,1.83,1.98,3.6,1.83,1.98,3.5,1.96,3.4,2.05,3.4,3.5,3.3,2.05,3.25,2.1,1.83,2.08,3.55,2.0,1.83,1.9,2.06,4.2,1.9,2.06,3.5,2.08,3.3,2.16,3.05,3.7,3.4,1.95,3.5,2.17,3.25,3.7,3.4,1.95,3.2,2.1,3.4,3.6,3.4,2.0,3.3,2.1,3.5,3.6,3.4,2.05,3.4,2.1,3.5,3.6,3.4,2.0,3.3,2.1,1.8,2.05,3.5,1.98,1.87,1.83,2.02,4.0,1.83,2.01,3.5,2.05,3.55,2.2,1.78,2.06,2.02,1.85,1.87,2.03,1.78,2.12,3.54,3.78,3.34,2.13,3.32,2.14,1.0,11.0,0.0,7.0,4.0,3.0,6.0,17.0,0.0,13.0,5.0,1.0,0.0,5.0
6,4,2025-09-13 17:00,Beşiktaş,Rams Başakşehir,2,1,1,T1,/,Besiktas,Buyuksehyr,1.0,-0.75,-0.75,2.12,1.66,4.47,1.86,1.85,2.24,1.6,4.51,1.9,1.82,3.99,1.67,3.82,1.69,2.15,1.67,4.75,1.9,1.9,2.25,1.62,4.5,1.9,1.9,4.0,1.68,3.9,1.66,4.33,4.5,4.0,1.67,3.75,1.73,2.2,1.73,5.2,1.97,1.96,2.44,1.67,4.9,2.0,1.97,4.1,1.78,4.0,1.76,4.5,4.7,4.1,1.61,3.95,1.67,4.4,4.5,4.0,1.67,3.75,1.67,4.4,4.33,4.0,1.68,3.8,1.7,4.5,4.4,4.2,1.7,3.9,1.73,4.5,4.4,4.0,1.7,3.9,1.73,2.15,1.69,4.75,1.91,1.9,2.3,1.62,5.0,1.96,1.9,4.25,1.71,4.0,1.73,2.19,1.7,1.93,1.94,2.49,1.57,2.22,1.73,4.74,5.7,4.3,1.59,3.8,1.72,5.0,7.0,1.0,11.0,4.0,4.0,10.0,12.0,1.0,21.0,6.0,0.0,0.0,3.0
6,5,2025-09-13 14:00,ikas Eyüpspor,Galatasaray,0,2,2,T1,/,Eyupspor,Galatasaray,1.0,1.5,1.5,2.58,1.46,1.33,1.89,1.83,2.69,1.42,1.31,1.84,1.88,5.27,8.19,5.04,8.05,2.7,1.44,1.33,1.98,1.83,2.7,1.44,1.27,1.83,1.98,5.0,9.5,4.75,8.5,1.33,1.3,5.0,8.5,5.0,8.0,2.8,1.5,1.37,1.9,1.81,2.9,1.52,1.36,1.91,2.02,5.7,10.5,5.4,10.0,1.3,1.32,5.25,8.0,5.25,9.0,1.3,1.29,5.5,8.5,5.0,7.5,1.34,1.32,5.25,8.5,5.0,8.0,1.35,1.33,5.25,8.5,5.25,8.5,1.35,1.33,5.25,8.5,5.0,8.0,2.7,1.52,1.36,1.98,1.9,2.8,1.45,1.35,1.9,1.98,5.5,9.5,5.4,9.0,2.75,1.46,1.97,1.89,2.82,1.46,1.97,1.93,1.32,1.34,5.27,9.64,4.9,10.41,6.0,12.0,0.0,21.0,9.0,1.0,6.0,9.0,0.0,9.0,2.0,0.0,0.0,2.0
6,6,2025-09-14 14:00,Zecorner Kayserispor,Göztepe,1,1,0,T1,/,Kayserispor,Goztep,0.97,0.5,0.25,1.79,1.95,2.15,1.78,1.9,1.97,1.78,2.01,1.97,1.76,3.42,3.53,3.24,3.29,1.8,2.0,2.15,1.85,1.95,2.0,1.8,2.01,2.03,1.78,3.4,3.5,3.2,3.4,2.15,2.1,3.4,3.25,3.25,3.25,1.86,2.02,2.28,,,2.14,1.84,2.14,2.14,1.85,3.55,3.85,3.3,3.6,2.12,1.97,3.4,3.7,3.3,3.3,2.1,2.0,3.5,3.5,3.25,3.2,2.15,2.0,3.4,3.5,3.25,3.25,2.2,2.05,3.5,3.6,3.3,3.3,2.2,2.05,3.4,3.5,3.3,3.3,1.81,2.0,2.22,1.9,1.95,2.0,1.8,2.1,2.05,1.79,3.5,3.75,3.4,3.5,1.87,1.97,1.87,1.98,2.01,1.88,2.09,1.83,2.19,2.08,3.45,3.79,3.2,3.57,7.0,17.0,0.0,13.0,7.0,1.0,3.0,12.0,0.0,8.0,6.0,0.0,0.0,4.0
6,7,2025-09-14 16:00,Gaziantep FK,Kocaelispor,2,0,1,T1,/,Gaziantep,Kocaelispor,1.0,-0.25,-0.25,1.91,1.82,3.37,1.97,1.78,1.86,1.86,2.98,1.77,1.95,3.29,2.31,3.36,2.08,1.95,1.85,3.8,2.05,1.75,1.9,1.9,3.2,1.8,2.0,3.2,2.3,3.3,2.01,3.3,3.0,3.25,2.3,3.3,2.1,1.99,1.88,4.0,,,2.0,1.94,3.2,1.83,2.16,3.35,2.54,3.5,2.1,3.2,2.95,3.4,2.25,3.55,2.08,,2.9,3.4,2.3,,,3.3,2.9,3.25,2.35,3.4,2.1,3.3,3.0,3.3,2.37,3.4,2.15,3.3,3.0,3.3,2.37,3.4,2.15,1.95,1.85,3.8,2.05,1.81,1.9,1.9,3.2,1.8,2.02,3.45,2.38,3.65,2.15,1.97,1.86,2.08,1.79,1.93,1.96,2.07,1.85,3.79,3.79,3.26,2.16,3.25,2.09,6.0,20.0,1.0,3.0,2.0,3.0,3.0,20.0,0.0,14.0,5.0,0.0,0.0,5.0
6,8,2025-09-14 16:00,Fenerbahçe,Trabzonspor,1,0,1,T1,/,Fenerbahce,Trabzonspor,1.0,-1.25,-1.25,2.2,1.62,6.76,1.86,1.86,2.13,1.65,6.9,1.83,1.89,4.57,1.41,4.58,1.41,2.2,1.65,7.5,1.98,1.83,2.1,1.7,7.0,1.95,1.85,5.0,1.37,5.0,1.35,7.0,7.0,4.33,1.4,4.33,1.4,1.25,1.67,7.8,,,2.24,1.77,7.8,1.93,2.04,4.6,1.51,5.1,1.45,7.0,6.0,4.5,1.45,4.9,1.38,6.5,8.0,4.6,1.36,4.4,1.4,6.75,7.25,4.6,1.4,4.5,1.43,7.0,7.0,4.8,1.44,4.6,1.44,7.0,7.0,4.6,1.44,4.5,1.44,2.32,1.66,7.5,1.98,1.95,2.23,1.7,8.0,1.95,1.98,5.0,1.48,5.0,1.44,2.21,1.68,1.85,2.01,2.33,1.65,1.89,2.02,6.89,6.68,4.67,1.48,4.64,1.43,0.0,18.0,1.0,1.0,1.0,3.0,9.0,12.0,0.0,29.0,9.0,0.0,1.0,4.0
6,9,2025-09-15 17:00,Çaykur Rizespor,Natura Dünyası Gençlerbirliği,1,0,1,T1,/,Rizespor,Genclerbirligi,1.0,-1.0,-0.75,1.83,1.9,5.07,1.91,1.82,1.99,1.75,5.53,1.78,1.94,3.96,1.56,3.65,1.65,1.85,1.95,5.75,1.95,1.85,2.0,1.8,6.0,1.83,1.98,3.8,1.53,3.5,1.62,5.0,5.5,4.0,1.53,3.6,1.67,1.87,1.96,5.9,,,2.16,1.85,6.6,1.9,2.09,4.1,1.64,3.75,1.69,4.75,5.0,4.0,1.6,3.85,1.66,5.0,5.75,4.0,1.53,3.6,1.62,5.0,5.5,4.0,1.57,3.6,1.68,5.25,5.75,4.0,1.57,3.7,1.7,5.25,5.5,4.0,1.57,3.6,1.67,1.89,1.95,5.75,1.98,1.85,2.05,1.8,6.0,1.85,2.0,4.1,1.63,3.95,1.7,1.87,1.97,2.01,1.85,2.15,1.75,1.65,2.35,5.63,5.1,3.76,1.74,3.74,1.64,7.0,14.0,0.0,15.0,4.0,2.0,4.0,22.0,0.0,15.0,5.0,0.0,0.0,4.0
6,10,2025-09-13 16:30,Bayern Münih,Hamburger SV,5,0,1,D1,/,Bayern Munich,Hamburg,0.948,-3.0,-3.0,4.25,1.2,26.44,1.88,1.91,5.3,1.15,25.03,1.98,1.81,12.59,1.07,11.91,1.06,4.33,1.22,26.0,1.88,1.98,5.5,1.14,23.0,2.0,1.85,12.0,1.06,12.0,1.06,29.0,26.0,12.0,1.07,12.0,1.07,4.8,1.24,42.0,1.92,1.97,6.4,1.17,38.0,2.04,1.95,19.5,1.08,17.0,1.08,31.0,29.0,14.0,1.06,13.0,1.06,21.0,26.0,13.0,1.06,9.5,1.06,26.0,26.0,13.5,1.08,13.5,1.08,26.0,26.0,13.0,1.07,13.0,1.08,23.0,26.0,13.0,1.07,13.0,1.07,4.6,1.22,31.0,1.98,2.2,6.0,1.17,29.0,2.04,1.87,14.0,1.08,13.5,1.08,3.2,1.32,1.91,1.96,3.2,1.32,1.98,1.88,29.41,21.0,16.5,1.08,14.97,1.07,3.0,14.0,0.0,9.0,2.0,2.0,5.0,11.0,0.0,22.0,12.0,0.0,4.0,2.0
6,11,2025-09-14 15:15,Paris St Germain,Lens,2,0,1,F1,/,Paris SG,Lens,0.952,-1.5,-1.75,3.06,1.35,8.06,1.77,2.0,3.02,1.36,7.59,1.9,1.87,5.58,1.34,5.75,1.31,3.2,1.36,7.5,1.75,2.05,3.0,1.4,7.0,1.88,1.98,5.5,1.36,5.75,1.33,9.0,8.5,5.5,1.33,5.5,1.3,3.35,1.4,9.0,1.81,2.12,3.5,1.39,8.8,1.96,2.01,6.0,1.38,6.2,1.35,8.5,8.0,6.0,1.32,5.8,1.3,7.5,8.0,5.5,1.33,5.5,1.3,8.0,7.25,5.75,1.35,6.0,1.32,8.0,7.5,5.5,1.35,6.0,1.33,8.0,7.0,5.5,1.35,5.75,1.3,3.2,1.37,9.5,1.92,2.05,3.1,1.4,8.5,1.98,1.98,6.0,1.38,6.25,1.35,3.19,1.38,1.78,2.14,3.3,1.35,1.98,1.94,8.28,8.11,5.92,1.35,5.97,1.33,3.0,8.0,0.0,11.0,3.0,2.0,4.0,10.0,0.0,14.0,6.0,0.0,1.0,1.0
6,12,2025-09-14 15:30,Manchester City,Manchester United,3,0,1,E0,/,Man City,Man United,1.0,-1.0,-0.75,2.38,1.55,4.19,1.84,1.94,2.44,1.53,4.83,1.77,2.03,4.14,1.65,3.99,1.76,2.38,1.57,4.2,1.85,2.0,2.5,1.53,4.75,1.83,2.03,4.2,1.62,4.0,1.75,4.33,4.33,4.0,1.73,4.0,1.8,2.56,1.62,4.6,1.94,2.05,2.62,1.6,5.2,1.86,2.13,4.4,1.7,4.1,1.82,4.35,4.9,4.1,1.68,3.95,1.79,4.1,5.0,4.33,1.6,4.0,1.73,4.1,4.8,4.1,1.65,4.0,1.77,4.0,4.6,4.0,1.67,4.0,1.75,4.0,4.6,4.0,1.67,4.0,1.75,2.5,1.57,4.5,1.95,2.0,2.55,1.58,5.1,1.83,2.1,4.33,1.73,4.3,1.8,2.46,1.59,1.88,2.03,2.49,1.59,1.68,2.32,4.33,4.53,4.05,1.77,4.0,1.8,4.0,8.0,0.0,12.0,2.0,0.0,2.0,8.0,0.0,13.0,6.0,0.0,1.0,0.0
6,13,2025-09-13 14:15,Real Sociedad,Real Madrid,1,2,2,SP1,/,Sociedad,Real Madrid,0.97,1.0,1.0,2.04,1.73,1.59,1.99,1.8,2.22,1.63,1.58,1.94,1.84,4.2,5.36,4.17,5.25,2.1,1.73,1.6,2.03,1.83,2.2,1.67,1.57,1.98,1.88,4.2,5.5,4.33,5.0,1.62,1.57,4.2,5.5,4.2,5.5,2.14,1.84,1.63,2.08,1.87,2.42,1.68,1.63,2.08,1.9,4.4,6.2,4.4,6.0,1.57,1.56,4.4,5.4,4.3,5.4,1.57,1.57,4.2,5.5,4.1,5.75,1.63,1.58,4.2,5.25,4.0,5.0,1.61,1.57,4.2,5.25,4.0,5.0,1.61,1.57,4.2,5.25,4.0,5.0,2.12,1.8,1.63,2.04,1.83,2.3,1.67,1.62,2.0,1.88,4.4,5.5,4.33,5.75,2.1,1.79,2.07,1.85,2.29,1.68,2.05,1.88,1.61,1.62,4.2,5.6,4.43,5.3,4.0,7.0,1.0,16.0,6.0,1.0,12.0,17.0,0.0,23.0,4.0,2.0,0.0,2.0
6,14,2025-09-13 19:00,Atletico Madrid,Villarreal,2,0,1,SP1,/,Ath Madrid,Villarreal,1.0,-0.75,-0.75,2.09,1.7,4.28,1.77,2.01,1.99,1.79,4.51,1.81,1.98,3.68,1.77,3.7,1.81,2.1,1.73,4.33,1.83,2.03,1.98,1.88,4.5,1.83,2.03,3.75,1.75,3.7,1.8,4.2,4.5,3.75,1.8,3.75,1.83,2.22,1.77,4.7,1.87,2.1,2.08,1.89,5.1,1.91,2.07,3.85,1.82,3.85,1.86,4.3,4.6,3.65,1.79,3.6,1.85,4.5,4.75,3.7,1.75,3.7,1.8,4.2,4.4,3.7,1.78,3.75,1.82,4.2,4.4,3.7,1.8,3.75,1.8,4.2,4.4,3.7,1.75,3.7,1.8,2.18,1.73,4.75,1.83,2.07,2.05,1.88,4.75,1.84,2.03,3.8,1.8,4.1,1.85,2.14,1.76,1.79,2.12,2.16,1.76,1.9,2.02,4.51,4.7,3.86,1.79,3.62,1.86,3.0,15.0,0.0,8.0,1.0,4.0,8.0,12.0,0.0,8.0,3.0,0.0,1.0,2.0
6,15,2025-09-13 16:00,Juventus,Inter,4,3,1,I1,/,Juventus,Inter,1.0,0.0,0.0,1.63,2.2,2.77,1.91,1.83,1.64,2.21,2.75,1.91,1.84,2.99,2.75,3.03,2.72,1.67,2.2,2.75,1.93,1.93,1.62,2.3,2.8,1.95,1.9,2.88,2.7,3.0,2.75,2.8,2.8,3.1,2.63,3.1,2.63,1.76,2.28,2.86,1.94,2.02,1.74,2.34,3.0,2.02,1.96,3.1,2.86,3.1,2.98,2.8,2.7,3.0,2.85,3.1,2.75,2.8,2.8,3.0,2.7,2.9,2.8,2.75,2.8,3.0,2.75,3.0,2.7,2.75,2.75,3.0,2.75,3.0,2.75,2.75,2.75,3.0,2.75,3.0,2.7,1.67,2.25,2.85,1.98,1.93,1.67,2.3,2.85,1.98,1.93,3.1,2.88,3.35,2.83,1.69,2.26,1.94,1.96,1.68,2.32,1.97,1.95,2.82,2.88,3.03,2.85,3.07,2.84,9.0,10.0,0.0,18.0,4.0,1.0,5.0,14.0,0.0,12.0,4.0,1.0,2.0,2.0
7,1,2025-09-19 17:00,Göztepe,Beşiktaş,3,0,1,T1,/,Goztep,Besiktas,0.97,-0.25,-0.25,2.01,1.74,3.02,1.82,1.89,2.0,1.74,2.85,1.77,1.96,3.45,2.31,3.45,2.2,2.08,1.73,3.1,1.9,1.9,2.05,1.75,2.75,1.78,2.03,3.5,2.25,3.6,2.1,3.1,2.88,3.4,2.25,3.4,2.15,2.2,1.8,3.4,2.0,1.97,2.2,1.82,3.15,1.88,2.11,3.6,2.46,3.6,2.3,2.95,2.95,3.5,2.23,3.5,2.23,3.0,2.9,3.3,2.38,3.25,2.2,2.9,2.8,3.5,2.3,3.5,2.25,3.0,2.8,3.6,2.37,3.6,2.25,2.9,2.8,3.5,2.37,3.6,2.25,2.08,1.77,3.25,1.9,1.92,2.05,1.77,3.0,1.81,2.03,3.6,2.52,3.6,2.28,2.15,1.76,1.99,1.92,2.09,1.8,1.81,2.12,3.31,2.96,3.49,2.45,3.59,2.21,5.0,12.0,0.0,13.0,2.0,1.0,6.0,16.0,0.0,13.0,5.0,0.0,2.0,2.0
7,2,2025-09-20 14:00,Natura Dünyası Gençlerbirliği,ikas Eyüpspor,1,0,1,T1,/,Genclerbirligi,Eyupspor,1.0,-0.25,0.0,1.7,2.06,2.6,1.86,1.86,1.76,1.98,2.94,1.76,1.95,3.27,2.33,3.22,2.6,1.7,2.1,2.55,1.9,1.9,1.83,1.98,2.7,1.75,2.05,3.4,2.3,3.25,2.55,2.63,3.0,3.2,2.3,3.1,2.63,1.76,2.16,2.8,1.95,1.96,1.87,2.08,3.25,1.89,2.06,3.4,2.4,3.2,2.86,2.6,3.05,3.3,2.23,3.35,2.55,2.55,2.8,3.3,2.4,3.13,2.6,2.6,2.8,3.3,2.45,3.3,2.55,2.62,3.0,3.3,2.37,3.4,2.6,2.62,3.0,3.3,2.37,3.3,2.6,1.74,2.16,2.66,1.9,1.91,1.83,2.05,3.25,1.8,2.05,3.4,2.45,3.4,2.71,1.7,2.17,1.94,1.93,1.77,2.14,1.83,2.08,2.75,3.16,3.27,2.43,3.13,2.73,4.0,14.0,0.0,20.0,2.0,2.0,2.0,18.0,0.0,11.0,4.0,0.0,1.0,3.0
7,3,2025-09-20 17:00,Hesap.com Antalyaspor,Zecorner Kayserispor,1,1,0,T1,/,Antalyaspor,Kayserispor,1.0,-0.25,-0.5,1.82,1.91,3.38,1.71,2.02,1.88,1.84,2.98,1.78,1.92,3.32,2.29,3.33,2.07,1.83,1.98,3.5,1.75,2.05,1.98,1.83,2.82,1.7,2.1,3.3,2.45,3.5,2.01,3.3,3.0,3.25,2.3,3.3,2.1,1.87,2.04,3.95,1.83,2.14,2.0,1.95,3.35,1.9,2.08,3.35,2.44,3.35,2.14,3.3,3.15,3.35,2.15,3.45,2.05,3.3,2.9,3.4,2.3,3.3,2.05,3.4,2.85,3.3,2.35,3.3,2.1,3.5,2.9,3.4,2.37,3.3,2.1,3.4,2.87,3.4,2.37,3.3,2.1,1.87,1.98,3.66,1.75,2.1,1.98,1.93,3.2,1.85,2.1,3.45,2.45,3.55,2.1,1.86,2.0,1.74,2.13,1.9,1.98,1.87,2.04,3.69,3.19,3.37,2.37,3.22,2.13,4.0,18.0,0.0,14.0,4.0,3.0,10.0,12.0,0.0,13.0,6.0,0.0,0.0,3.0
7,4,2025-09-20 17:00,Trabzonspor,Gaziantep FK,1,1,0,T1,/,Trabzonspor,Gaziantep,1.0,-0.75,-0.75,2.08,1.68,4.63,1.91,1.8,2.03,1.72,4.47,1.85,1.86,3.8,1.7,3.88,1.65,2.08,1.73,5.0,1.98,1.83,2.08,1.73,4.5,1.88,1.93,3.7,1.68,3.8,1.61,4.6,4.5,3.75,1.7,3.75,1.67,2.16,1.76,5.3,2.08,1.86,2.16,1.82,5.1,1.92,2.05,3.85,1.82,4.3,1.68,4.5,4.5,3.95,1.67,4.0,1.65,4.6,4.5,3.8,1.7,3.8,1.62,4.5,4.33,3.8,1.72,3.9,1.68,4.6,4.4,3.9,1.75,4.0,1.7,4.6,4.4,3.9,1.73,3.9,1.7,2.16,1.73,5.1,1.98,1.83,2.1,1.77,4.75,1.89,1.93,4.0,1.75,4.1,1.7,2.12,1.74,2.02,1.85,2.06,1.82,1.94,1.96,5.07,4.96,3.88,1.74,3.95,1.65,5.0,17.0,0.0,4.0,1.0,4.0,4.0,12.0,0.0,27.0,6.0,1.0,0.0,2.0
7,5,2025-09-21 14:00,Rams Başakşehir,Corendon Alanyaspor,1,1,0,T1,/,Buyuksehyr,Alanyaspor,1.0,-0.5,-0.5,1.95,1.78,4.01,1.94,1.77,1.82,1.91,3.97,1.88,1.83,3.49,1.87,3.66,1.8,1.95,1.85,4.0,1.95,1.85,1.8,2.0,4.0,1.98,1.83,3.7,1.81,3.8,1.79,4.2,4.0,3.4,1.9,3.5,1.8,1.25,1.89,4.7,,,1.89,2.06,4.8,2.05,1.94,3.6,1.92,3.7,1.88,4.2,3.6,3.55,1.92,3.95,1.71,3.9,4.2,3.5,1.8,3.5,1.8,4.0,4.0,3.4,1.88,3.5,1.85,4.0,4.0,3.5,1.91,3.6,1.85,4.0,4.0,3.4,1.91,3.6,1.85,2.07,1.85,4.3,2.02,1.85,1.91,2.0,4.33,1.98,1.9,3.7,1.97,4.0,1.86,1.93,1.91,1.96,1.89,1.88,2.02,1.85,2.06,3.95,4.02,3.36,2.05,3.71,1.88,4.0,14.0,0.0,13.0,6.0,3.0,7.0,21.0,0.0,13.0,5.0,0.0,1.0,3.0
7,6,2025-09-21 14:00,Kocaelispor,Çaykur Rizespor,1,1,0,T1,/,Kocaelispor,Rizespor,1.0,0.0,0.0,1.94,1.79,2.6,1.91,1.81,1.84,1.89,2.44,1.73,2.01,3.37,2.72,3.45,2.47,1.95,1.85,2.65,1.95,1.85,1.88,1.93,2.35,1.7,2.1,3.3,2.85,3.3,2.55,2.63,2.4,3.2,2.8,3.3,2.5,2.0,1.84,2.72,,,1.93,2.02,2.6,1.86,2.12,3.55,2.96,3.7,2.58,2.6,2.48,3.55,2.55,3.65,2.4,2.6,2.38,3.3,2.88,3.3,2.45,2.6,2.4,3.3,2.75,3.4,2.5,2.62,2.5,3.4,2.7,3.5,2.5,2.62,2.5,3.4,2.7,3.5,2.5,2.05,1.85,2.65,1.95,1.85,1.9,1.93,2.55,1.8,2.1,3.65,2.88,3.75,2.55,1.97,1.87,1.99,1.86,1.89,2.0,1.86,1.95,2.66,2.6,3.54,2.73,3.67,2.49,3.0,19.0,0.0,8.0,1.0,4.0,8.0,11.0,0.0,16.0,6.0,1.0,1.0,4.0
7,7,2025-09-21 17:00,Kasımpaşa,Fenerbahçe,1,1,0,T1,/,Kasimpasa,Fenerbahce,1.0,1.5,1.25,2.29,1.57,1.47,1.97,1.75,2.26,1.59,1.34,1.94,1.78,4.99,8.0,4.38,6.0,2.3,1.6,1.42,2.0,1.8,2.35,1.57,1.3,1.93,1.88,5.0,8.5,4.5,6.5,1.44,1.3,5.0,8.5,4.33,6.5,2.36,1.7,1.49,,,2.52,1.63,1.38,2.08,1.89,5.6,9.6,4.9,7.0,1.48,1.38,4.8,7.0,4.5,5.6,1.44,1.3,5.25,9.0,4.2,6.0,1.49,1.38,4.8,7.25,4.4,6.0,1.5,1.4,5.0,7.5,4.5,6.0,1.48,1.4,5.0,7.0,4.5,6.0,2.4,1.62,1.52,2.0,1.8,2.35,1.62,1.4,2.02,1.88,5.33,9.0,4.6,6.5,2.34,1.61,2.03,1.83,2.26,1.69,2.25,1.71,1.44,1.4,4.99,7.95,4.65,6.69,8.0,15.0,0.0,9.0,2.0,1.0,5.0,11.0,1.0,17.0,2.0,1.0,0.0,3.0
7,8,2025-09-21 17:00,Samsunspor,Mısırlı.com.tr Fatih Karagümrük,3,2,1,T1,/,Samsunspor,Karagumruk,0.97,-0.75,-1.0,1.85,1.86,5.86,1.84,1.89,1.83,1.9,4.53,1.79,1.92,3.57,1.74,3.89,1.53,1.9,1.9,6.5,1.88,1.93,1.9,1.9,4.5,1.78,2.03,3.5,1.76,3.9,1.49,6.0,4.5,3.5,1.73,3.75,1.53,1.9,1.96,7.0,,,1.98,1.97,4.9,1.88,2.1,3.8,1.85,4.1,1.62,,4.7,3.7,1.68,,,5.75,4.4,3.6,1.75,3.9,1.5,5.75,4.5,3.5,1.77,3.9,1.57,6.0,4.8,3.6,1.75,4.0,1.57,5.75,4.8,3.5,1.75,3.9,1.57,1.9,1.9,6.5,1.9,1.93,1.9,1.93,4.8,1.85,2.03,3.75,1.78,4.0,1.57,1.9,1.93,1.91,1.94,1.93,1.96,1.92,1.99,6.42,4.94,3.81,1.75,3.97,1.54,5.0,9.0,0.0,11.0,3.0,2.0,6.0,16.0,0.0,14.0,5.0,1.0,0.0,2.0
7,9,2025-09-22 17:00,Galatasaray,Tümosan Konyaspor,3,1,1,T1,/,Galatasaray,Konyaspor,1.0,-2.0,-1.75,2.7,1.42,10.43,1.92,1.79,3.14,1.33,10.47,1.8,1.92,6.59,1.21,6.15,1.23,2.7,1.44,9.0,1.98,1.83,3.4,1.33,11.0,1.83,1.98,7.5,1.17,6.5,1.22,11.0,11.0,6.5,1.2,6.0,1.22,,,12.0,,,3.65,1.36,15.5,1.89,2.05,7.6,1.24,6.4,1.28,10.0,10.5,6.75,1.2,6.4,1.22,10.5,11.5,6.5,1.2,6.0,1.2,11.0,10.0,6.5,1.23,6.25,1.24,11.0,11.0,6.5,1.25,6.5,1.25,11.0,10.0,6.5,1.25,6.5,1.25,2.75,1.45,11.5,1.98,1.83,3.4,1.35,11.5,1.86,2.0,7.5,1.25,6.5,1.25,2.61,1.48,2.01,1.83,3.31,1.33,1.89,2.0,14.13,12.16,7.0,1.22,5.14,1.26,6.0,7.0,0.0,14.0,5.0,0.0,4.0,19.0,0.0,13.0,7.0,0.0,2.0,1.0
7,10,2025-09-21 15:30,Bayer Leverkusen,M'gladbach,1,1,0,D1,/,Leverkusen,M'gladbach,1.0,-1.0,-1.0,2.7,1.43,5.01,1.91,1.86,2.36,1.56,5.74,1.97,1.82,4.45,1.51,4.52,1.55,2.75,1.44,4.5,1.93,1.93,2.38,1.57,6.25,2.03,1.83,4.5,1.5,5.0,1.57,5.5,6.0,4.33,1.53,4.5,1.53,2.86,1.5,5.5,1.96,1.97,2.54,1.64,6.6,2.09,1.89,4.8,1.55,5.1,1.6,5.1,5.5,4.6,1.54,4.75,1.54,5.0,5.75,4.4,1.5,4.2,1.5,5.0,5.75,4.4,1.52,4.4,1.58,5.0,6.0,4.4,1.53,4.4,1.57,5.0,5.75,4.4,1.5,4.4,1.57,2.9,1.48,5.5,1.95,1.93,2.48,1.62,6.25,2.03,1.85,4.6,1.54,5.0,1.58,2.7,1.48,1.97,1.93,2.38,1.62,2.01,1.92,5.33,5.96,4.48,1.56,4.77,1.56,4.0,15.0,0.0,13.0,7.0,5.0,3.0,12.0,0.0,13.0,9.0,0.0,0.0,5.0
7,11,2025-09-22 18:00,Marsilya,Paris St Germain,1,0,1,F1,/,Marseille,Paris SG,0.805,0.5,0.5,2.46,1.51,1.89,1.86,1.89,2.25,1.61,1.82,1.8,1.97,3.81,3.99,3.89,3.55,2.5,1.53,1.9,1.9,1.95,2.2,1.67,1.85,1.85,2.0,3.8,4.0,4.1,3.7,1.95,1.83,3.75,4.0,3.75,3.6,2.6,1.56,1.95,1.95,2.04,2.38,1.72,1.9,1.9,2.1,4.0,4.4,4.0,4.0,1.9,1.78,3.95,4.2,3.9,3.6,1.83,1.85,3.8,3.9,3.8,3.6,1.93,1.83,3.9,3.9,3.9,3.5,1.91,1.83,3.9,3.9,3.9,3.5,1.91,1.83,3.8,3.9,3.9,3.5,2.5,1.55,1.95,1.9,1.95,2.38,1.67,1.88,1.85,2.04,3.95,4.2,4.1,3.7,2.5,1.57,1.95,1.95,2.32,1.67,1.81,2.11,1.94,1.81,4.08,4.26,3.98,3.73,3.0,7.0,0.0,12.0,5.0,0.0,5.0,16.0,0.0,9.0,2.0,0.0,1.0,3.0
7,12,2025-09-21 12:30,PSV Eindhoven,Ajax,2,2,0,N1,/,PSV Eindhoven,Ajax,1.0,-1.0,-0.75,2.71,1.42,4.24,1.88,1.85,3.05,1.35,4.8,1.84,1.91,4.42,1.59,4.08,1.71,2.88,1.4,4.5,1.9,1.9,3.4,1.33,4.75,1.88,1.93,4.5,1.57,4.0,1.73,4.2,5.0,4.5,1.6,4.2,1.73,2.9,1.45,4.7,,,3.35,1.4,5.4,1.97,2.0,4.7,1.65,4.3,1.78,4.3,4.9,4.3,1.58,4.2,1.67,4.1,4.8,4.6,1.6,4.2,1.7,4.33,4.75,4.4,1.62,4.1,1.73,4.33,4.8,4.4,1.61,4.0,1.73,4.2,4.6,4.4,1.61,4.0,1.73,2.88,1.44,4.5,1.93,1.9,3.4,1.4,5.0,1.88,1.98,4.6,1.62,4.25,1.73,2.83,1.43,1.93,1.93,3.1,1.39,1.87,2.04,4.44,4.96,4.34,1.65,3.98,1.73,5.0,13.0,0.0,14.0,6.0,5.0,9.0,17.0,0.0,16.0,8.0,1.0,1.0,2.0
7,13,2025-09-20 16:30,Manchester United,Chelsea,2,1,1,E0,/,Man United,Chelsea,1.0,0.0,0.0,2.32,1.57,2.44,1.78,1.98,2.37,1.57,2.51,1.81,1.96,3.62,2.64,3.69,2.68,2.38,1.57,2.45,1.85,2.0,2.38,1.57,2.5,1.88,1.98,3.75,2.55,3.8,2.6,2.5,2.63,3.6,2.63,3.6,2.8,2.56,1.63,2.58,1.91,2.08,2.54,1.64,2.62,1.94,2.05,3.85,2.76,3.8,2.8,2.45,2.55,3.65,2.65,3.75,2.7,2.45,2.5,3.6,2.7,3.75,2.63,2.4,2.5,3.6,2.65,3.7,2.65,2.4,2.5,3.6,2.62,3.7,2.7,2.4,2.45,3.6,2.62,3.6,2.62,2.38,1.61,2.5,1.85,2.02,2.45,1.6,2.63,1.88,2.02,3.75,2.7,3.8,2.8,2.46,1.59,1.88,2.02,2.44,1.59,1.92,2.01,2.52,2.58,3.69,2.71,3.74,2.71,5.0,14.0,1.0,5.0,1.0,5.0,5.0,13.0,1.0,11.0,4.0,0.0,2.0,0.0
7,14,2025-09-21 15:30,Arsenal,Manchester City,1,1,0,E0,/,Arsenal,Man City,1.0,-0.5,-0.5,2.0,1.77,3.85,1.9,1.86,2.03,1.75,3.54,1.78,1.99,3.56,2.05,3.7,1.9,2.0,1.8,3.8,1.98,1.88,2.0,1.8,3.6,1.83,2.03,3.6,2.0,3.9,1.85,3.75,3.75,3.6,2.05,3.75,1.95,2.1,1.89,4.1,2.01,1.98,2.16,1.85,3.9,1.88,2.12,3.6,2.1,3.85,1.97,3.9,3.5,3.6,2.08,3.8,1.92,3.9,3.6,3.5,2.05,3.6,1.85,3.9,3.5,3.6,2.05,3.7,1.88,3.9,3.5,3.6,2.05,3.7,1.91,3.8,3.5,3.6,2.0,3.7,1.91,2.05,1.82,4.0,1.98,1.91,2.1,1.8,3.75,1.83,2.05,3.65,2.1,3.9,1.95,2.05,1.85,1.98,1.93,2.05,1.83,1.88,2.06,3.99,3.76,3.65,2.05,3.8,1.92,2.0,10.0,0.0,5.0,3.0,2.0,11.0,11.0,0.0,12.0,3.0,1.0,0.0,1.0
7,15,2025-09-21 10:30,Lazio,Roma,0,1,2,I1,/,Lazio,Roma,1.0,0.0,0.0,1.64,2.19,2.58,1.79,1.96,1.6,2.26,2.73,1.84,1.93,2.97,2.8,3.13,2.81,1.62,2.3,2.63,1.85,2.0,1.62,2.3,2.88,1.98,1.88,2.9,2.75,3.1,2.8,2.63,2.75,3.1,2.75,3.1,2.88,1.68,2.4,2.7,1.86,2.13,1.69,2.42,2.92,1.98,2.01,3.1,2.96,3.15,3.1,2.6,2.7,3.05,2.85,3.2,2.85,2.55,2.75,3.0,2.75,3.13,2.75,2.6,2.75,2.9,2.8,3.2,2.8,2.6,2.75,2.9,2.8,3.2,2.8,2.6,2.75,2.9,2.8,3.1,2.75,1.67,2.3,2.63,1.85,2.0,1.63,2.3,2.88,1.98,2.1,3.1,3.1,3.2,2.9,1.65,2.33,1.85,2.06,1.62,2.4,1.98,1.94,2.67,2.91,3.0,2.86,3.12,2.96,6.0,22.0,0.0,13.0,6.0,1.0,3.0,14.0,2.0,10.0,2.0,1.0,0.0,1.0
8,1,2025-09-26 17:00,Corendon Alanyaspor,Galatasaray,0,1,2,T1,/,Alanyaspor,Galatasaray,1.0,1.25,1.25,2.49,1.49,1.44,1.87,1.85,2.46,1.5,1.43,1.89,1.83,4.65,6.22,4.68,6.13,2.4,1.53,1.42,2.0,1.8,2.4,1.53,1.42,1.98,1.83,4.5,6.5,4.5,6.25,1.4,1.4,4.6,7.0,4.5,6.5,2.72,1.56,1.48,2.01,1.92,2.54,1.61,1.48,2.03,1.9,5.1,7.4,5.0,7.6,1.4,1.44,4.7,6.0,4.9,6.4,1.44,1.44,4.5,6.0,4.6,6.0,1.47,1.44,4.75,6.0,4.6,5.75,1.5,1.44,4.8,6.0,4.8,5.75,1.48,1.48,4.8,6.0,4.8,5.75,2.55,1.53,1.5,2.0,1.92,2.7,1.54,1.48,1.98,1.88,5.0,7.0,5.0,7.0,2.58,1.54,2.05,1.86,2.58,1.54,2.05,1.86,1.48,1.48,4.61,6.88,4.61,6.88,0.0,16.0,0.0,7.0,2.0,1.0,6.0,14.0,0.0,22.0,8.0,1.0,0.0,2.0
8,2,2025-09-27 14:00,ikas Eyüpspor,Göztepe,0,0,0,T1,/,Eyupspor,Goztep,0.97,0.25,0.5,1.84,1.89,1.81,1.78,1.93,1.69,2.08,2.23,1.83,1.84,3.26,3.15,3.59,4.07,1.85,1.95,1.79,1.83,1.98,1.67,2.15,2.25,2.0,1.8,3.2,3.2,3.6,4.33,1.83,2.25,3.1,3.2,3.4,4.2,1.91,1.98,1.88,1.88,2.06,1.81,2.16,2.32,1.98,1.95,3.25,3.55,3.7,4.6,1.79,2.12,3.45,3.15,3.75,4.0,1.75,2.3,3.2,3.1,3.5,4.1,1.83,2.25,3.25,3.1,3.6,4.0,1.85,2.3,3.3,3.1,3.6,4.2,1.85,2.25,3.3,3.1,3.6,4.0,1.9,1.95,1.85,1.85,1.98,1.75,2.15,2.3,2.0,1.95,3.45,3.4,3.8,4.33,1.92,1.93,1.86,2.01,1.82,1.91,1.71,2.04,1.85,1.98,3.41,3.45,3.69,4.15,3.0,18.0,0.0,17.0,2.0,1.0,6.0,6.0,0.0,6.0,2.0,0.0,0.0,2.0
8,3,2025-09-27 14:00,Gaziantep FK,Samsunspor,2,2,0,T1,/,Gaziantep,Samsunspor,1.0,0.0,0.0,1.83,1.89,2.7,1.98,1.76,1.72,2.04,2.71,1.9,1.83,3.2,2.54,3.35,2.46,1.88,1.93,2.75,2.03,1.78,1.73,2.08,2.7,1.98,1.83,3.2,2.55,3.3,2.45,2.75,2.75,3.1,2.5,3.2,2.5,1.91,1.99,2.9,2.06,1.84,1.8,2.2,2.94,2.04,1.93,3.35,2.76,3.45,2.6,2.65,2.7,3.25,2.48,3.5,2.43,2.7,2.7,3.2,2.55,3.25,2.4,2.65,2.65,3.25,2.55,3.4,2.5,2.7,2.7,3.3,2.6,3.4,2.6,2.62,2.7,3.3,2.6,3.4,2.5,1.88,1.95,2.83,2.03,1.83,1.75,2.1,2.8,1.98,1.91,3.3,2.68,3.6,2.6,1.92,1.93,2.1,1.79,2.0,1.89,2.14,1.78,2.87,2.95,3.47,2.46,3.38,2.46,7.0,22.0,1.0,9.0,3.0,6.0,13.0,4.0,0.0,30.0,7.0,2.0,1.0,3.0
8,4,2025-09-27 17:00,Mısırlı.com.tr Fatih Karagümrük,Trabzonspor,3,4,2,T1,/,Karagumruk,Trabzonspor,0.97,0.25,0.5,1.75,2.0,1.96,1.92,1.79,1.94,1.8,2.05,1.72,1.96,3.5,3.32,3.4,3.65,1.8,2.0,1.91,1.98,1.83,1.95,1.85,2.01,1.78,2.03,3.5,3.4,3.5,3.75,2.0,2.05,3.4,3.4,3.25,3.6,1.88,2.04,2.04,2.04,1.89,2.08,1.9,2.2,1.89,2.1,3.65,3.65,3.4,4.3,1.96,2.02,3.6,3.3,3.4,3.6,1.93,2.05,3.4,3.4,3.3,3.7,1.95,2.05,3.6,3.25,3.5,3.7,1.95,2.05,3.6,3.3,3.6,3.75,1.95,2.05,3.6,3.3,3.5,3.7,1.8,2.05,2.0,1.98,1.85,2.02,1.85,2.12,1.8,2.03,3.65,3.4,3.6,3.75,1.81,2.05,2.01,1.86,2.04,1.85,1.86,2.05,1.99,2.14,3.63,3.44,3.44,3.87,7.0,13.0,0.0,22.0,11.0,1.0,1.0,18.0,0.0,13.0,3.0,3.0,1.0,4.0
8,5,2025-09-28 14:00,Tümosan Konyaspor,Rams Başakşehir,2,1,1,T1,/,Konyaspor,Buyuksehyr,1.0,-0.25,-0.25,1.8,1.93,3.1,1.85,1.86,1.82,1.91,3.22,1.88,1.84,3.34,2.16,3.31,2.21,1.83,1.98,3.3,1.9,1.9,1.9,1.9,3.4,1.98,1.83,3.3,2.1,3.25,2.15,3.1,3.25,3.25,2.15,3.2,2.25,1.82,2.04,3.65,,,1.98,1.98,3.75,2.09,1.89,3.4,2.22,3.3,2.22,3.05,3.05,3.4,2.18,3.45,2.17,3.1,3.2,3.4,2.15,3.25,2.15,3.0,3.2,3.3,2.15,3.4,2.25,3.0,3.25,3.4,2.2,3.4,2.3,3.0,3.2,3.4,2.2,3.4,2.3,1.87,2.0,3.3,1.9,1.9,1.9,1.95,3.4,1.98,1.87,3.45,2.23,3.55,2.3,1.84,2.0,1.93,1.93,1.9,1.99,2.06,1.85,3.32,3.69,3.35,2.16,3.32,2.23,11.0,7.0,0.0,17.0,4.0,0.0,2.0,15.0,1.0,13.0,5.0,0.0,2.0,4.0
8,6,2025-09-28 14:00,Çaykur Rizespor,Kasımpaşa,1,2,2,T1,/,Rizespor,Kasimpasa,1.0,-0.5,-0.5,2.07,1.69,3.48,1.8,1.91,1.86,1.87,3.51,1.76,1.95,3.48,2.0,3.64,1.94,2.05,1.75,3.6,1.85,1.95,1.8,2.0,3.7,1.8,2.0,3.6,1.96,3.8,1.91,3.5,3.6,3.3,2.0,3.5,1.95,2.08,1.79,3.95,,,1.9,2.06,4.0,1.88,2.1,3.55,2.1,3.8,2.02,3.35,3.3,3.6,2.02,3.8,1.96,3.5,3.6,3.5,1.95,3.5,1.91,3.5,3.5,3.4,2.0,3.6,1.93,3.6,3.5,3.5,2.05,3.7,1.95,3.6,3.5,3.5,2.05,3.7,1.95,2.23,1.75,3.6,1.85,1.95,1.92,2.0,3.75,1.8,2.0,3.7,2.06,3.85,2.0,2.09,1.76,1.85,2.0,2.06,1.83,1.8,2.11,3.42,3.6,3.54,2.11,3.88,1.99,4.0,17.0,0.0,8.0,2.0,2.0,1.0,8.0,0.0,13.0,2.0,1.0,0.0,1.0
8,7,2025-09-28 17:00,Fenerbahçe,Hesap.com Antalyaspor,2,0,1,T1,/,Fenerbahce,Antalyaspor,1.0,-1.75,-2.0,2.48,1.49,12.79,1.81,1.91,2.43,1.51,12.0,1.95,1.77,6.08,1.21,6.43,1.19,2.4,1.53,12.0,1.78,2.03,2.4,1.53,11.0,1.95,1.85,6.25,1.22,6.5,1.19,13.0,13.0,6.0,1.2,6.5,1.18,2.54,1.55,14.5,,,2.66,1.57,16.0,2.07,1.89,7.6,1.23,7.2,1.22,13.0,12.0,6.4,1.2,7.0,1.17,13.0,13.0,6.0,1.2,6.0,1.17,13.0,11.5,6.0,1.23,6.5,1.21,13.0,12.0,6.0,1.25,6.5,1.22,13.0,12.0,6.0,1.25,6.5,1.22,2.6,1.53,14.0,1.88,2.03,2.5,1.54,13.0,2.0,1.85,6.5,1.25,7.0,1.22,2.5,1.53,1.81,2.03,2.39,1.61,1.99,1.9,12.72,12.58,6.79,1.22,6.91,1.19,3.0,14.0,0.0,4.0,2.0,6.0,5.0,19.0,0.0,19.0,11.0,0.0,0.0,4.0
8,8,2025-09-28 17:00,Zecorner Kayserispor,Natura Dünyası Gençlerbirliği,1,1,0,T1,/,Kayserispor,Genclerbirligi,1.0,-0.25,-0.5,1.93,1.8,3.47,1.77,1.95,1.89,1.83,3.19,1.89,1.83,3.35,2.16,3.46,2.0,1.95,1.85,3.4,1.73,2.08,1.95,1.85,3.25,1.93,1.88,3.3,2.1,3.3,2.05,3.4,3.1,3.3,2.2,3.4,2.05,1.98,1.87,3.75,,,2.02,1.94,3.45,1.98,1.96,3.45,2.3,3.35,2.1,3.7,3.1,3.45,2.17,3.6,1.89,3.3,3.3,3.4,2.1,3.4,2.0,3.4,3.1,3.3,2.2,3.5,2.0,3.5,3.2,3.4,2.2,3.6,2.05,3.5,3.2,3.4,2.2,3.6,2.0,1.95,1.85,3.8,1.85,2.08,1.95,1.85,3.3,1.93,1.88,3.5,2.23,3.7,2.06,1.94,1.89,1.78,2.08,2.01,1.88,2.01,1.9,3.65,3.49,3.43,2.2,3.38,2.08,0.0,16.0,2.0,2.0,1.0,3.0,10.0,16.0,0.0,23.0,6.0,1.0,0.0,4.0
8,9,2025-09-29 17:00,Beşiktaş,Kocaelispor,3,1,1,T1,/,Besiktas,Kocaelispor,1.0,-1.5,-1.25,2.18,1.63,7.05,1.9,1.81,2.41,1.51,7.24,1.75,1.98,4.9,1.36,4.63,1.38,2.15,1.67,7.0,1.9,1.9,2.5,1.5,7.0,1.8,2.0,5.25,1.35,4.75,1.37,7.5,7.5,5.0,1.33,4.5,1.36,,,9.0,,,2.74,1.56,8.6,1.87,2.13,5.5,1.4,5.2,1.09,7.0,7.0,4.8,1.38,5.0,1.36,7.0,7.5,4.8,1.36,4.4,1.36,6.75,7.25,5.0,1.37,4.6,1.42,7.0,7.5,5.0,1.4,4.6,1.44,7.0,7.0,5.0,1.4,4.6,1.44,2.38,1.67,8.0,1.95,1.9,2.5,1.53,8.0,1.83,2.02,5.25,1.4,5.1,1.44,2.22,1.68,1.94,1.91,2.42,1.61,1.79,2.13,7.76,7.82,5.34,1.38,4.75,1.39,6.0,14.0,0.0,6.0,1.0,4.0,3.0,18.0,0.0,13.0,6.0,0.0,2.0,1.0
8,10,2025-09-27 13:30,Mainz 05,Borussia Dortmund,0,2,2,D1,/,Mainz,Dortmund,0.97,0.5,0.25,2.33,1.57,2.08,1.76,1.97,2.36,1.56,2.0,1.96,1.81,3.76,3.39,3.74,3.14,2.3,1.62,2.1,1.83,2.03,2.38,1.57,2.0,2.03,1.83,3.8,3.4,3.7,3.2,2.05,2.0,3.75,3.5,3.75,3.3,2.44,1.66,2.18,1.89,2.07,2.54,1.64,2.12,2.08,1.9,3.95,3.6,3.85,3.4,2.07,1.94,3.95,3.55,3.9,3.2,2.05,2.0,3.8,3.3,3.6,3.0,2.15,2.0,3.75,3.4,3.8,3.1,2.15,2.0,3.75,3.4,3.8,3.1,2.15,2.0,3.7,3.4,3.75,3.0,2.45,1.62,2.15,1.83,2.03,2.45,1.66,2.08,2.05,1.87,3.95,3.55,3.9,3.3,2.37,1.63,1.87,2.04,2.41,1.63,2.07,1.86,2.13,2.06,3.83,3.53,3.79,3.32,5.0,14.0,0.0,10.0,4.0,1.0,7.0,12.0,1.0,8.0,2.0,2.0,0.0,2.0
8,11,2025-09-27 16:15,Standard Liege,Club Brugge,1,2,2,B1,/,Standard,Club Brugge,0.97,1.0,1.0,2.09,1.66,1.57,1.95,1.8,2.4,1.52,1.55,1.86,1.89,4.35,5.24,4.1,5.23,2.1,1.7,1.57,2.0,1.8,2.5,1.5,1.53,1.88,1.93,4.75,5.25,4.33,5.25,1.53,1.53,4.2,5.5,4.0,5.5,2.24,1.71,1.62,2.02,1.87,2.64,1.57,1.61,1.95,1.98,4.6,5.9,4.3,5.6,1.58,1.57,4.25,5.2,4.2,5.3,1.55,1.53,4.4,5.25,4.0,5.25,1.6,1.57,4.5,5.0,4.2,5.0,1.6,1.57,4.5,5.0,4.2,5.0,1.6,1.57,4.4,5.0,4.2,5.0,2.15,1.7,1.6,2.0,1.84,2.55,1.54,1.57,1.91,1.93,4.75,5.66,4.33,5.5,2.21,1.69,1.98,1.89,2.37,1.63,2.01,1.9,1.56,1.59,4.34,5.65,4.18,5.75,8.0,7.0,0.0,15.0,5.0,2.0,7.0,13.0,1.0,18.0,5.0,1.0,1.0,4.0
8,12,2025-09-28 15:30,Newcastle United,Arsenal,1,2,2,E0,/,Newcastle,Arsenal,0.97,0.25,0.25,1.71,2.08,2.12,1.74,1.98,1.71,2.11,2.21,1.82,1.91,3.26,3.4,3.32,3.51,1.73,2.1,2.1,1.83,2.03,1.73,2.1,2.15,1.88,1.98,3.3,3.4,3.4,3.6,2.2,2.25,3.3,3.5,3.3,3.6,1.77,2.28,2.24,1.91,2.07,1.84,2.18,2.28,1.95,2.04,3.4,3.65,3.45,3.75,2.12,2.28,3.25,3.4,3.4,3.6,2.1,2.2,3.3,3.4,3.3,3.4,2.1,2.2,3.2,3.4,3.3,3.5,2.1,2.2,3.2,3.4,3.3,3.5,2.1,2.2,3.2,3.3,3.3,3.5,1.76,2.12,2.2,1.83,2.03,1.75,2.18,2.3,1.91,1.98,3.33,3.5,3.4,3.66,1.74,2.19,1.85,2.06,1.67,2.3,1.84,2.1,2.15,2.14,3.36,3.78,3.4,3.64,12.0,9.0,0.0,20.0,7.0,1.0,7.0,8.0,0.0,8.0,3.0,0.0,1.0,2.0
8,13,2025-09-27 14:15,Atletico Madrid,Real Madrid,5,2,1,SP1,/,Ath Madrid,Real Madrid,1.0,0.25,0.25,2.14,1.66,2.29,1.9,1.82,2.03,1.75,2.23,1.86,1.86,3.48,3.08,3.53,2.94,2.2,1.67,2.3,2.0,1.85,2.03,1.83,2.25,1.98,1.88,3.5,3.1,3.6,3.0,2.3,2.25,3.5,3.1,3.5,3.0,2.28,1.76,2.38,2.05,1.93,2.16,1.84,2.36,2.02,1.96,3.55,3.35,3.65,3.2,2.28,2.23,3.5,3.15,3.55,3.0,2.3,2.2,3.6,3.1,3.6,2.9,2.35,2.25,3.5,3.0,3.5,2.85,2.37,2.25,3.5,3.0,3.5,2.87,2.3,2.25,3.5,3.0,3.5,2.87,2.2,1.67,2.37,2.0,1.86,2.1,1.83,2.25,1.98,1.9,3.6,3.2,3.6,3.1,2.24,1.7,2.05,1.87,2.1,1.81,2.05,1.88,2.35,2.36,3.58,3.09,3.62,3.02,2.0,14.0,0.0,6.0,2.0,4.0,7.0,17.0,0.0,13.0,7.0,2.0,2.0,5.0
8,14,2025-09-27 16:00,Juventus,Atalanta,1,1,0,I1,/,Juventus,Atalanta,1.0,-0.5,-0.5,1.79,1.97,4.16,1.94,1.82,1.8,1.97,4.01,1.86,1.9,3.42,1.93,3.55,1.86,1.83,2.03,4.2,2.0,1.85,1.83,2.03,4.33,1.85,2.0,3.4,1.9,3.6,1.85,4.2,4.0,3.4,1.95,3.4,1.9,1.9,2.06,4.6,2.05,1.93,1.89,2.1,4.4,2.0,1.99,3.6,1.99,3.7,1.93,4.2,4.1,3.5,1.92,3.7,1.84,4.2,3.8,3.5,1.95,3.6,1.83,4.2,4.0,3.4,1.93,3.5,1.88,4.2,4.0,3.4,1.95,3.5,1.91,4.2,4.0,3.4,1.95,3.5,1.85,1.83,2.03,4.2,2.0,1.86,1.83,2.05,4.33,1.91,2.0,3.5,2.0,3.7,1.91,1.86,2.03,2.02,1.89,1.83,2.09,1.93,1.99,4.28,4.38,3.38,1.98,3.71,1.88,5.0,7.0,1.0,12.0,2.0,3.0,14.0,6.0,0.0,24.0,10.0,1.0,0.0,0.0
8,15,2025-09-28 18:45,Milan,Napoli,2,1,1,I1,/,Milan,Napoli,1.0,-0.5,-0.25,1.68,2.12,3.08,1.8,1.97,1.76,2.03,4.11,1.86,1.89,3.41,1.91,3.19,2.36,1.73,2.1,3.2,1.85,2.0,1.8,2.05,4.33,1.98,1.88,3.5,1.85,3.1,2.35,3.1,4.2,3.4,1.9,3.2,2.4,1.74,2.28,3.4,1.89,2.1,1.87,2.14,4.5,2.03,1.96,3.75,1.95,3.25,2.48,3.1,4.1,3.5,1.93,3.25,2.38,3.1,3.8,3.25,2.05,3.2,2.3,3.0,4.2,3.4,1.88,3.2,2.4,3.0,4.2,3.4,1.91,3.2,2.4,3.0,4.2,3.4,1.85,3.2,2.37,1.73,2.17,3.2,1.85,2.0,1.8,2.1,4.33,1.98,1.97,3.5,2.05,3.25,2.4,1.73,2.19,1.9,2.01,1.8,2.09,2.0,1.93,3.3,4.36,3.6,1.92,3.3,2.34,7.0,7.0,0.0,19.0,7.0,0.0,1.0,7.0,1.0,6.0,3.0,0.0,2.0,1.0
9,1,2025-10-03 17:00,Hesap.com Antalyaspor,Çaykur Rizespor,2,5,2,T1,/,Antalyaspor,Rizespor,1.0,0.0,0.25,1.67,2.11,2.44,2.01,1.69,1.7,2.07,2.6,1.85,1.88,3.2,2.64,3.22,2.8,1.67,2.15,2.35,2.1,1.7,1.67,2.15,2.57,1.9,1.9,3.25,2.57,3.1,2.65,2.4,2.63,3.1,2.63,3.1,2.88,1.75,2.28,2.66,2.28,1.75,1.78,2.26,2.84,1.97,2.02,3.25,2.88,3.35,2.98,2.43,2.6,3.3,2.6,3.3,2.75,2.45,2.55,3.3,2.63,3.25,2.8,2.45,2.55,3.2,2.7,3.25,2.8,2.45,2.6,3.25,2.75,3.3,2.87,2.45,2.6,3.2,2.7,3.25,2.8,1.75,2.2,2.5,2.1,1.75,1.78,2.16,2.71,1.91,1.91,3.35,2.75,3.35,2.9,1.68,2.28,2.21,1.74,1.75,2.16,1.84,2.08,,2.57,3.35,2.9,,,2.0,16.0,0.0,14.0,7.0,4.0,6.0,10.0,1.0,15.0,7.0,2.0,1.0,3.0
9,2,2025-10-03 17:00,Trabzonspor,Zecorner Kayserispor,4,0,1,T1,/,Trabzonspor,Kayserispor,1.0,-1.25,-1.25,2.26,1.59,6.43,1.8,1.91,2.33,1.56,6.86,1.89,1.82,4.69,1.4,4.53,1.43,2.25,1.62,6.5,1.85,1.95,2.35,1.57,7.5,2.0,1.8,4.75,1.35,4.5,1.41,6.5,7.0,4.5,1.4,4.5,1.4,2.4,1.68,8.2,1.94,2.01,2.48,1.65,8.6,1.99,1.96,4.9,1.45,5.0,1.46,6.0,6.5,4.7,1.41,4.5,1.45,7.0,7.5,4.8,1.36,4.6,1.4,6.25,6.5,4.6,1.43,4.5,1.46,6.5,6.5,4.8,1.44,4.6,1.48,6.0,6.5,4.6,1.44,4.6,1.48,2.3,1.62,7.0,1.85,1.95,2.38,1.6,7.6,2.0,1.86,5.0,1.44,4.65,1.48,2.34,1.64,1.9,2.01,2.38,1.62,1.98,1.93,7.15,7.77,5.02,1.41,4.83,1.45,2.0,14.0,0.0,17.0,7.0,2.0,6.0,15.0,0.0,25.0,12.0,0.0,1.0,0.0
9,3,2025-10-04 11:30,Natura Dünyası Gençlerbirliği,Corendon Alanyaspor,2,2,0,T1,/,Genclerbirligi,Alanyaspor,1.0,0.25,0.25,1.75,1.99,2.32,1.92,1.75,1.78,1.96,2.17,1.81,1.86,3.33,3.2,3.28,2.94,1.75,2.05,2.25,2.0,1.8,1.75,2.05,2.15,1.9,1.9,3.4,3.2,3.3,3.0,2.38,2.2,3.2,3.2,3.1,3.0,1.8,2.1,2.48,2.11,1.87,1.85,2.12,2.32,1.98,1.99,3.45,3.5,3.35,3.25,2.35,2.18,3.45,3.05,3.45,2.8,2.3,2.15,3.3,3.25,3.2,2.9,2.3,2.15,3.3,3.2,3.25,3.0,2.37,2.15,3.4,3.4,3.3,3.0,2.3,2.15,3.4,3.3,3.25,3.0,1.82,2.05,2.4,2.0,1.8,1.81,2.05,2.23,1.9,1.91,3.5,3.4,3.55,3.1,1.78,2.08,2.03,1.85,1.83,2.07,1.92,1.99,2.34,2.22,3.45,3.42,3.37,3.07,5.0,17.0,0.0,12.0,6.0,3.0,7.0,15.0,0.0,12.0,7.0,1.0,0.0,2.0
9,4,2025-10-04 14:00,Kocaelispor,ikas Eyüpspor,1,0,1,T1,/,Kocaelispor,Eyupspor,1.0,-0.25,-0.25,1.78,1.95,3.14,1.85,1.86,1.8,1.94,3.27,1.9,1.81,3.33,2.14,3.33,2.19,1.78,2.03,3.3,1.95,1.85,1.78,2.03,3.3,1.98,1.83,3.4,2.1,3.4,2.1,3.2,3.4,3.25,2.1,3.2,2.2,1.75,2.02,3.7,2.04,1.89,1.85,2.12,3.65,2.02,1.95,3.35,2.3,3.35,2.22,3.0,3.15,3.45,2.12,3.45,2.2,3.2,3.3,3.3,2.15,3.25,2.1,3.1,3.1,3.3,2.2,3.3,2.25,3.1,3.2,3.4,2.2,3.4,2.25,3.1,3.2,3.4,2.2,3.4,2.25,1.83,2.03,3.3,1.95,1.9,1.85,2.03,3.5,1.98,1.84,3.5,2.2,3.5,2.25,1.81,2.05,1.96,1.91,1.88,2.01,1.86,2.05,3.35,3.18,3.34,2.38,3.36,2.2,3.0,17.0,0.0,13.0,7.0,3.0,3.0,18.0,0.0,9.0,4.0,0.0,0.0,3.0
9,5,2025-10-04 17:00,Galatasaray,Beşiktaş,1,1,0,T1,/,Galatasaray,Besiktas,1.0,-0.75,-1.0,2.58,1.46,4.58,1.8,1.92,2.66,1.43,4.19,1.91,1.81,4.16,1.69,4.34,1.59,2.7,1.44,4.5,1.83,1.98,2.7,1.44,4.33,1.88,1.93,4.1,1.68,4.75,1.56,4.6,4.2,4.0,1.7,4.2,1.6,2.84,1.49,5.2,1.92,1.98,2.86,1.51,4.7,2.0,1.97,4.3,1.78,5.0,1.63,4.6,4.35,4.25,1.64,4.3,1.6,4.75,4.1,4.1,1.7,4.2,1.55,4.5,4.0,4.2,1.7,4.33,1.62,4.6,4.2,4.33,1.73,4.4,1.65,4.6,4.0,4.2,1.73,4.33,1.61,2.7,1.48,4.75,1.85,1.98,2.75,1.47,4.6,2.07,1.93,4.33,1.73,4.75,1.65,2.84,1.43,1.87,2.0,2.92,1.43,2.11,1.8,4.77,4.83,4.55,1.64,4.72,1.58,8.0,16.0,0.0,11.0,5.0,6.0,4.0,7.0,1.0,14.0,2.0,1.0,0.0,1.0
9,6,2025-10-05 11:30,Kasımpaşa,Tümosan Konyaspor,1,1,0,T1,/,Kasimpasa,Konyaspor,1.0,0.0,0.0,1.85,1.86,2.63,1.89,1.83,1.81,1.92,2.58,1.83,1.89,3.28,2.63,3.33,2.52,1.9,1.9,2.55,1.9,1.9,1.85,1.95,2.45,1.8,2.0,3.3,2.7,3.3,2.55,2.6,2.63,3.1,2.63,3.2,2.6,1.94,1.92,2.88,2.06,1.89,1.91,2.08,2.78,1.97,2.02,3.35,2.86,3.5,2.62,2.7,2.7,3.35,2.43,3.45,2.4,2.6,2.55,3.4,2.6,3.3,2.45,2.6,2.5,3.25,2.75,3.3,2.6,2.62,2.6,3.25,2.75,3.4,2.62,2.6,2.5,3.25,2.75,3.3,2.62,1.9,1.9,2.75,1.95,1.9,1.87,2.0,2.8,1.88,2.0,3.45,2.75,3.55,2.62,1.95,1.88,1.94,1.91,1.99,1.9,2.01,1.9,2.68,2.76,3.46,2.62,3.38,2.64,3.0,11.0,0.0,7.0,6.0,3.0,5.0,14.0,0.0,10.0,2.0,1.0,0.0,2.0
9,7,2025-10-05 14:00,Mısırlı.com.tr Fatih Karagümrük,Gaziantep FK,0,2,2,T1,/,Karagumruk,Gaziantep,0.97,0.25,0.0,1.9,1.82,2.6,1.89,1.88,1.88,1.85,2.33,1.87,1.8,3.33,2.91,3.33,2.56,1.98,1.83,2.65,1.9,1.9,1.9,1.9,2.3,2.0,1.8,3.2,3.1,3.2,2.65,2.6,2.38,3.25,2.88,3.2,2.6,2.0,1.87,2.74,,,2.02,1.91,2.6,2.2,1.81,3.4,3.1,3.45,2.64,2.55,2.14,3.5,3.05,3.5,2.5,,2.38,3.3,2.88,,,2.55,2.45,3.3,2.7,3.3,2.55,2.62,2.5,3.4,2.75,3.4,2.6,2.6,2.5,3.4,2.75,3.4,2.6,1.98,1.85,2.65,1.93,1.9,1.96,1.9,2.5,2.0,1.87,3.6,3.15,3.55,2.65,2.01,1.83,1.94,1.91,1.97,1.91,2.25,1.71,2.69,2.63,3.3,2.86,3.35,2.64,2.0,15.0,0.0,17.0,8.0,4.0,5.0,22.0,0.0,13.0,4.0,0.0,0.0,1.0
9,8,2025-10-05 17:00,Göztepe,Rams Başakşehir,1,0,1,T1,/,Goztep,Buyuksehyr,0.97,-0.5,-0.5,1.81,1.93,4.09,1.91,1.8,1.76,1.98,4.07,1.87,1.84,3.37,1.87,3.47,1.84,1.83,1.98,4.5,2.05,1.75,1.88,1.93,4.2,2.0,1.8,3.5,1.76,3.6,1.71,4.0,4.2,3.3,1.83,3.4,1.9,1.84,1.98,4.7,,,1.83,2.16,4.9,2.03,1.95,3.45,1.95,3.5,1.86,3.8,3.85,3.35,1.92,3.6,1.86,4.1,4.1,3.4,1.85,3.4,1.8,4.1,4.0,3.4,1.88,3.4,1.87,4.2,4.2,3.5,1.91,3.5,1.91,4.2,4.0,3.4,1.91,3.4,1.85,1.85,1.98,4.5,2.05,1.84,1.88,2.05,4.33,2.0,1.9,3.5,1.96,3.7,1.91,1.85,1.99,2.03,1.83,1.82,2.09,2.04,1.88,4.48,4.76,3.46,1.86,3.56,1.82,5.0,11.0,0.0,11.0,3.0,3.0,6.0,22.0,0.0,9.0,2.0,0.0,1.0,2.0
9,9,2025-10-05 17:00,Samsunspor,Fenerbahçe,0,0,0,T1,/,Samsunspor,Fenerbahce,1.0,0.75,0.75,1.92,1.81,1.63,1.79,1.93,1.98,1.76,1.73,1.92,1.8,3.73,4.37,3.85,4.81,1.98,1.83,1.57,1.85,1.95,2.0,1.8,1.71,2.0,1.8,3.75,4.2,3.6,4.5,1.62,1.7,3.75,4.5,3.75,5.0,2.02,1.69,1.68,,,2.16,1.83,1.81,2.06,1.9,4.0,4.6,4.1,5.8,1.62,1.74,3.75,4.3,3.95,4.8,1.62,1.73,3.7,4.4,3.7,4.75,1.63,1.75,3.75,4.33,4.0,4.8,1.65,1.75,3.8,4.4,4.0,5.0,1.65,1.75,3.8,4.33,4.0,4.8,1.98,1.83,1.66,1.85,1.95,2.05,1.8,1.78,2.0,1.82,3.85,4.65,4.1,5.0,1.99,1.85,1.89,1.96,2.08,1.81,1.79,2.12,1.68,1.62,4.18,5.51,3.91,4.88,5.0,15.0,0.0,6.0,1.0,3.0,6.0,13.0,0.0,12.0,4.0,0.0,0.0,0.0
9,10,2025-10-04 13:30,Borussia Dortmund,RB Leipzig,1,1,0,D1,/,Dortmund,RB Leipzig,1.0,-0.75,-0.75,3.03,1.36,4.14,1.96,1.82,3.4,1.3,4.12,1.96,1.81,4.5,1.67,4.36,1.68,3.2,1.36,4.2,2.0,1.85,3.5,1.3,4.2,2.03,1.83,4.75,1.67,4.5,1.7,4.2,4.33,4.5,1.67,4.33,1.7,3.25,1.41,4.6,2.08,1.89,3.7,1.35,4.6,2.12,1.88,4.8,1.74,4.7,1.73,4.25,4.1,4.6,1.68,4.5,1.68,4.0,4.2,4.5,1.65,4.1,1.65,4.2,4.1,4.5,1.7,4.4,1.7,4.2,4.0,4.5,1.7,4.4,1.7,4.2,4.0,4.5,1.7,4.4,1.7,3.2,1.38,4.25,2.0,1.85,3.6,1.33,4.33,2.03,1.84,4.75,1.7,4.5,1.7,3.16,1.37,2.03,1.88,3.38,1.34,2.04,1.89,4.25,4.29,4.63,1.71,4.67,1.7,7.0,14.0,0.0,13.0,3.0,3.0,7.0,13.0,0.0,15.0,3.0,1.0,1.0,1.0
9,11,2025-10-04 16:30,Eintracht Frankfurt,Bayern Münih,0,3,2,D1,/,Ein Frankfurt,Bayern Munich,0.978,1.5,1.5,3.54,1.28,1.42,2.01,1.75,4.08,1.22,1.36,1.87,1.89,5.66,6.7,5.19,5.9,3.75,1.29,1.42,2.03,1.78,4.33,1.22,1.33,1.9,1.95,5.75,7.5,5.25,6.25,1.4,1.36,5.5,7.0,5.5,6.0,4.0,1.31,1.45,2.08,1.87,4.8,1.24,1.37,1.93,2.04,6.4,8.2,5.9,6.8,1.42,1.38,5.8,6.5,5.4,6.0,1.4,1.36,5.5,6.5,4.8,5.75,1.46,1.37,5.75,6.75,5.25,5.75,1.44,1.36,5.75,6.5,5.25,5.75,1.44,1.36,5.75,6.5,5.0,5.75,3.75,1.29,1.46,2.03,1.8,4.33,1.25,1.4,1.9,2.0,5.8,7.5,5.5,6.33,3.37,1.32,2.12,1.79,3.37,1.32,1.99,1.93,1.44,1.38,5.65,7.49,5.53,6.14,3.0,11.0,0.0,12.0,3.0,2.0,4.0,11.0,0.0,6.0,1.0,2.0,0.0,1.0
9,12,2025-10-04 16:30,Chelsea,Liverpool,2,1,1,E0,/,Chelsea,Liverpool,1.0,0.25,0.25,2.43,1.53,2.28,1.91,1.82,2.41,1.55,2.31,1.93,1.81,3.64,2.87,3.7,2.87,2.5,1.53,2.3,2.05,1.8,2.38,1.57,2.3,2.03,1.83,3.6,2.9,3.75,2.8,2.25,2.38,3.75,2.88,3.75,2.88,2.72,1.57,2.42,2.1,1.89,2.6,1.61,2.42,2.1,1.9,3.8,3.05,3.85,3.0,2.3,2.32,3.65,2.95,3.75,2.9,2.25,2.25,3.8,2.88,3.8,2.88,2.25,2.3,3.6,2.8,3.6,2.9,2.3,2.3,3.6,2.8,3.6,2.9,2.25,2.3,3.6,2.8,3.6,2.9,2.5,1.57,2.38,2.05,1.86,2.6,1.6,2.38,2.03,1.83,3.8,3.0,3.8,2.95,2.54,1.56,2.03,1.88,2.59,1.52,2.07,1.86,2.3,2.36,3.85,2.9,3.89,2.92,2.0,8.0,0.0,12.0,2.0,2.0,7.0,9.0,0.0,12.0,6.0,0.0,1.0,0.0
9,13,2025-10-04 19:00,Real Madrid,Villarreal,3,1,1,SP1,/,Real Madrid,Villarreal,1.0,-1.25,-1.25,2.87,1.39,6.1,1.88,1.88,2.8,1.41,6.76,1.98,1.8,5.07,1.39,4.98,1.44,3.0,1.4,6.0,1.93,1.93,2.75,1.44,7.5,2.03,1.83,5.0,1.38,5.0,1.45,6.5,7.0,5.0,1.4,5.0,1.44,3.15,1.45,7.0,2.02,1.94,3.1,1.46,8.0,2.06,1.93,5.5,1.44,5.5,1.47,6.1,6.75,5.25,1.4,5.3,1.43,6.5,7.0,5.0,1.4,4.8,1.44,6.25,6.75,5.0,1.41,5.0,1.44,6.0,6.5,5.0,1.4,5.0,1.44,6.0,6.5,5.0,1.4,4.8,1.44,3.0,1.4,6.5,1.94,1.95,3.0,1.45,7.5,2.08,1.85,5.33,1.42,5.3,1.5,2.92,1.42,1.95,1.95,2.89,1.43,2.03,1.89,5.82,7.35,5.38,1.4,5.38,1.47,0.0,14.0,1.0,9.0,2.0,4.0,4.0,9.0,0.0,26.0,7.0,0.0,0.0,2.0
9,14,2025-10-05 14:15,Sevilla,Barcelona,4,1,1,SP1,/,Sevilla,Barcelona,1.0,1.25,1.25,2.84,1.39,1.45,1.91,1.85,2.72,1.43,1.48,1.99,1.79,4.75,5.73,4.97,5.84,2.75,1.44,1.45,1.98,1.88,2.75,1.44,1.48,2.03,1.83,5.0,5.5,5.25,5.75,1.44,1.5,4.6,6.0,5.0,6.5,3.05,1.46,1.47,2.01,1.94,3.0,1.48,1.52,2.14,1.85,5.1,6.6,5.7,6.4,1.44,1.5,4.8,5.5,5.4,6.0,1.44,1.45,4.8,6.0,4.5,5.5,1.47,1.49,4.75,5.75,5.0,5.75,1.48,1.5,4.8,5.75,5.0,5.75,1.48,1.48,4.8,5.75,5.0,5.75,3.0,1.44,1.48,1.98,1.89,2.9,1.48,1.5,2.03,1.83,5.0,6.5,5.4,6.5,2.92,1.42,1.96,1.94,2.74,1.48,2.09,1.85,1.44,1.5,5.04,5.91,5.68,5.89,6.0,9.0,0.0,17.0,8.0,5.0,7.0,18.0,0.0,13.0,5.0,1.0,2.0,7.0
9,15,2025-10-05 13:00,Fiorentina,Roma,1,2,2,I1,/,Fiorentina,Roma,1.0,0.0,0.0,1.74,2.02,2.39,1.7,2.06,1.66,2.16,2.44,1.69,2.09,3.11,3.03,3.26,2.94,1.8,2.0,2.4,1.73,2.08,1.67,2.2,2.45,1.7,2.1,3.2,3.0,3.3,3.0,2.4,2.5,3.1,3.0,3.2,3.0,1.81,2.2,2.54,1.77,2.26,1.77,2.26,2.56,1.76,2.28,3.2,3.3,3.3,3.25,2.4,2.43,3.15,3.1,3.35,3.0,2.38,2.45,3.0,3.1,3.25,2.9,2.4,2.45,3.2,3.0,3.3,2.9,2.4,2.45,3.2,3.0,3.3,2.9,2.37,2.4,3.1,3.0,3.3,2.9,1.8,2.1,2.45,1.75,2.1,1.67,2.22,2.5,1.73,2.1,3.2,3.1,3.35,3.0,1.72,2.2,1.76,2.17,1.68,2.31,1.72,2.25,2.5,2.49,3.16,3.23,3.26,3.07,4.0,21.0,0.0,8.0,3.0,3.0,3.0,19.0,0.0,11.0,3.0,2.0,1.0,2.0
10,1,2025-10-11 18:45,Bulgaristan,Türkiye,1,6,2,,,,,0.0,,,,,,,,,,,,,,,,,,,,,,,,,,,,,,,,,,,,,,,,,,,,,,,,,,,,,,,,,,,,,,,,,,,,,,,,,,,,,,,,,,,,,,,,,,,,,,,,,,,,,,,,,,,,,,,,,,,,,,,,,,
10,2,2025-10-11 18:45,Portekiz,İrlanda Cumhuriyeti,1,0,1,,,,,0.346,,,,,,,,,,,,,,,,,,,,,,,,,,,,,,,,,,,,,,,,,,,,,,,,,,,,,,,,,,,,,,,,,,,,,,,,,,,,,,,,,,,,,,,,,,,,,,,,,,,,,,,,,,,,,,,,,,,,,,,,,,
10,3,2025-10-11 18:45,Sırbistan,Arnavutluk,0,1,2,,,,,0.325,,,,,,,,,,,,,,,,,,,,,,,,,,,,,,,,,,,,,,,,,,,,,,,,,,,,,,,,,,,,,,,,,,,,,,,,,,,,,,,,,,,,,,,,,,,,,,,,,,,,,,,,,,,,,,,,,,,,,,,,,,
10,4,2025-10-11 18:45,İspanya,Gürcistan,2,0,1,,,,,0.379,,,,,,,,,,,,,,,,,,,,,,,,,,,,,,,,,,,,,,,,,,,,,,,,,,,,,,,,,,,,,,,,,,,,,,,,,,,,,,,,,,,,,,,,,,,,,,,,,,,,,,,,,,,,,,,,,,,,,,,,,,
10,5,2025-10-12 16:00,Hollanda,Finlandiya,4,0,1,,,,,0.256,,,,,,,,,,,,,,,,,,,,,,,,,,,,,,,,,,,,,,,,,,,,,,,,,,,,,,,,,,,,,,,,,,,,,,,,,,,,,,,,,,,,,,,,,,,,,,,,,,,,,,,,,,,,,,,,,,,,,,,,,,
10,6,2025-10-12 16:00,İskoçya,Belarus,2,1,1,,,,,0.318,,,,,,,,,,,,,,,,,,,,,,,,,,,,,,,,,,,,,,,,,,,,,,,,,,,,,,,,,,,,,,,,,,,,,,,,,,,,,,,,,,,,,,,,,,,,,,,,,,,,,,,,,,,,,,,,,,,,,,,,,,
10,7,2025-10-12 18:45,Danimarka,Yunanistan,3,1,1,,,,,0.0,,,,,,,,,,,,,,,,,,,,,,,,,,,,,,,,,,,,,,,,,,,,,,,,,,,,,,,,,,,,,,,,,,,,,,,,,,,,,,,,,,,,,,,,,,,,,,,,,,,,,,,,,,,,,,,,,,,,,,,,,,
10,8,2025-10-12 18:45,Litvanya,Polonya,0,2,2,,,,,0.287,,,,,,,,,,,,,,,,,,,,,,,,,,,,,,,,,,,,,,,,,,,,,,,,,,,,,,,,,,,,,,,,,,,,,,,,,,,,,,,,,,,,,,,,,,,,,,,,,,,,,,,,,,,,,,,,,,,,,,,,,,
10,9,2025-10-12 18:45,Romanya,Avusturya,1,0,1,,,,,0.423,,,,,,,,,,,,,,,,,,,,,,,,,,,,,,,,,,,,,,,,,,,,,,,,,,,,,,,,,,,,,,,,,,,,,,,,,,,,,,,,,,,,,,,,,,,,,,,,,,,,,,,,,,,,,,,,,,,,,,,,,,
10,10,2025-10-13 18:45,Galler,Belçika,2,4,2,,,,,0.0,,,,,,,,,,,,,,,,,,,,,,,,,,,,,,,,,,,,,,,,,,,,,,,,,,,,,,,,,,,,,,,,,,,,,,,,,,,,,,,,,,,,,,,,,,,,,,,,,,,,,,,,,,,,,,,,,,,,,,,,,,
10,11,2025-10-13 18:45,Kuzey Makedonya Cumhuriyeti,Kazakistan,1,1,0,,,,,0.265,,,,,,,,,,,,,,,,,,,,,,,,,,,,,,,,,,,,,,,,,,,,,,,,,,,,,,,,,,,,,,,,,,,,,,,,,,,,,,,,,,,,,,,,,,,,,,,,,,,,,,,,,,,,,,,,,,,,,,,,,,
10,12,2025-10-13 18:45,Kuzey İrlanda,Almanya,0,1,2,,,,,0.325,,,,,,,,,,,,,,,,,,,,,,,,,,,,,,,,,,,,,,,,,,,,,,,,,,,,,,,,,,,,,,,,,,,,,,,,,,,,,,,,,,,,,,,,,,,,,,,,,,,,,,,,,,,,,,,,,,,,,,,,,,
10,13,2025-10-13 18:45,Slovenya,İsviçre,0,0,0,,,,,0.292,,,,,,,,,,,,,,,,,,,,,,,,,,,,,,,,,,,,,,,,,,,,,,,,,,,,,,,,,,,,,,,,,,,,,,,,,,,,,,,,,,,,,,,,,,,,,,,,,,,,,,,,,,,,,,,,,,,,,,,,,,
10,14,2025-10-13 18:45,Ukrayna,Azerbaycan,2,1,1,,,,,0.229,,,,,,,,,,,,,,,,,,,,,,,,,,,,,,,,,,,,,,,,,,,,,,,,,,,,,,,,,,,,,,,,,,,,,,,,,,,,,,,,,,,,,,,,,,,,,,,,,,,,,,,,,,,,,,,,,,,,,,,,,,
10,15,2025-10-13 18:45,İsveç,Kosova,0,1,2,,,,,0.25,,,,,,,,,,,,,,,,,,,,,,,,,,,,,,,,,,,,,,,,,,,,,,,,,,,,,,,,,,,,,,,,,,,,,,,,,,,,,,,,,,,,,,,,,,,,,,,,,,,,,,,,,,,,,,,,,,,,,,,,,,
11,1,2025-10-18 11:30,Tümosan Konyaspor,Kocaelispor,2,3,2,T1,/,Konyaspor,Kocaelispor,1.0,-0.5,-0.5,1.82,1.9,3.79,1.86,1.85,1.81,1.91,4.17,1.93,1.78,3.51,1.81,3.48,1.89,1.85,1.95,3.75,1.9,1.9,1.88,1.93,4.2,2.05,1.75,3.75,1.71,3.6,1.86,3.75,4.2,3.5,1.8,3.4,1.91,1.87,1.99,4.3,1.94,1.95,1.92,2.04,5.1,2.11,1.88,3.6,1.87,3.5,1.98,3.95,3.85,3.5,1.88,3.6,1.84,3.75,4.4,3.6,1.75,3.4,1.87,3.6,4.0,3.5,1.85,3.5,1.95,3.7,4.0,3.6,1.85,3.6,1.95,3.7,4.0,3.6,1.85,3.5,1.95,1.85,1.95,3.95,1.91,1.91,1.88,1.98,4.5,2.05,1.85,3.75,1.91,3.65,1.95,1.9,1.95,1.93,1.94,1.9,1.99,2.02,1.89,3.96,4.59,3.49,1.88,3.56,1.93,4.0,20.0,0.0,7.0,3.0,5.0,3.0,15.0,0.0,12.0,3.0,1.0,0.0,4.0
11,2,2025-10-18 14:00,Beşiktaş,Natura Dünyası Gençlerbirliği,1,2,2,T1,/,Besiktas,Genclerbirligi,1.0,-1.75,-1.75,2.64,1.43,9.55,1.83,1.89,2.58,1.45,10.5,1.89,1.82,5.93,1.23,5.72,1.25,2.7,1.44,11.0,1.9,1.9,2.6,1.48,12.0,2.0,1.8,5.75,1.19,5.5,1.22,10.0,11.0,5.5,1.25,5.5,1.25,1.65,1.47,1.04,1.76,1.91,2.76,1.53,14.0,1.98,1.95,7.2,1.26,6.8,1.27,9.0,9.5,5.8,1.25,5.5,1.27,9.5,12.0,6.5,1.2,5.75,1.22,9.25,10.5,6.25,1.24,6.0,1.27,9.5,10.0,6.0,1.25,6.0,1.28,9.5,10.0,6.0,1.25,6.0,1.28,2.75,1.5,11.0,1.9,1.94,2.65,1.48,12.0,2.0,1.85,6.5,1.27,6.0,1.29,2.84,1.41,1.92,1.93,2.97,1.41,1.98,1.91,10.7,11.64,6.72,1.24,6.36,1.23,4.0,14.0,0.0,6.0,2.0,4.0,5.0,21.0,0.0,11.0,4.0,0.0,0.0,2.0
11,3,2025-10-18 14:00,Çaykur Rizespor,Trabzonspor,1,2,2,T1,/,Rizespor,Trabzonspor,1.0,0.25,0.0,2.0,1.74,2.4,1.76,1.98,1.84,1.87,2.23,1.84,1.82,3.35,3.02,3.44,2.68,2.05,1.75,2.4,1.8,2.0,1.83,1.98,2.2,1.95,1.85,3.3,3.05,3.4,2.65,2.4,2.3,3.25,3.0,3.3,2.75,1.38,1.25,2.6,1.87,2.05,1.96,2.02,2.38,2.04,1.92,3.55,3.25,3.3,2.86,2.38,2.14,3.45,3.0,3.55,2.7,2.38,2.25,3.3,3.1,3.4,2.63,2.37,2.2,3.4,3.0,3.6,2.65,2.4,2.3,3.5,3.0,3.7,2.7,2.37,2.25,3.5,3.0,3.6,2.7,2.05,1.8,2.5,1.8,2.05,1.92,1.98,2.3,1.95,1.87,3.5,3.1,3.7,2.76,2.06,1.78,1.85,2.02,1.99,1.9,2.06,1.85,2.51,2.38,3.48,3.07,3.49,2.74,0.0,8.0,0.0,8.0,5.0,0.0,7.0,18.0,0.0,22.0,3.0,2.0,1.0,3.0
11,4,2025-10-18 17:00,Rams Başakşehir,Galatasaray,1,2,2,T1,/,Buyuksehyr,Galatasaray,1.0,0.75,1.0,2.32,1.55,1.57,1.9,1.82,2.46,1.5,1.62,1.72,2.01,4.16,4.55,4.22,4.87,2.3,1.6,1.56,2.03,1.78,2.5,1.5,1.57,1.78,2.03,4.5,4.2,4.33,4.5,1.57,1.67,4.0,4.5,4.2,5.0,2.04,1.61,1.63,2.02,1.82,2.64,1.58,1.73,1.91,2.07,4.3,5.1,4.6,5.5,1.56,1.6,4.25,4.6,4.3,5.0,1.55,1.6,4.2,4.6,4.0,4.8,1.55,1.65,4.1,4.4,4.4,5.0,1.57,1.67,4.2,4.5,4.5,5.0,1.57,1.67,4.2,4.5,4.4,5.0,2.4,1.6,1.62,2.03,1.87,2.55,1.52,1.7,1.78,2.12,4.5,4.9,4.5,5.1,2.34,1.61,2.07,1.79,2.52,1.56,1.87,2.04,1.64,1.69,4.31,4.7,4.22,4.8,4.0,10.0,0.0,16.0,5.0,5.0,2.0,16.0,0.0,5.0,2.0,1.0,0.0,2.0
11,5,2025-10-19 11:30,Zecorner Kayserispor,Samsunspor,1,3,2,T1,/,Kayserispor,Samsunspor,1.0,0.25,0.25,1.85,1.86,2.28,1.89,1.78,1.91,1.81,2.27,1.9,1.78,3.37,2.94,3.37,2.9,1.88,1.93,2.3,2.03,1.78,1.95,1.85,2.3,2.05,1.75,3.3,2.85,3.3,2.85,2.3,2.25,3.3,3.0,3.25,3.0,1.9,1.79,2.5,,,2.02,1.92,2.46,2.07,1.9,3.5,3.2,3.35,3.1,2.25,2.25,3.5,2.9,3.5,2.9,2.25,2.3,3.4,2.9,3.3,2.88,2.25,2.2,3.5,2.95,3.5,2.9,2.3,2.25,3.5,3.0,3.5,3.0,2.25,2.25,3.5,3.0,3.5,2.9,1.89,1.93,2.32,2.03,1.8,2.0,1.85,2.32,2.05,1.83,3.5,3.0,3.5,3.0,1.9,1.93,2.05,1.81,2.04,1.85,2.02,1.88,2.37,2.33,3.55,3.11,3.41,2.99,5.0,11.0,0.0,13.0,5.0,3.0,7.0,13.0,0.0,14.0,3.0,1.0,0.0,2.0
11,6,2025-10-19 14:00,Corendon Alanyaspor,Göztepe,1,0,1,T1,/,Alanyaspor,Goztep,0.97,0.0,0.25,1.62,2.18,2.39,1.95,1.73,1.61,2.2,2.64,1.86,1.87,3.06,2.7,3.18,2.86,1.65,2.2,2.35,2.1,1.7,1.65,2.2,2.7,1.93,1.88,2.95,2.57,3.05,2.95,2.4,2.63,3.1,2.63,3.1,2.88,1.65,2.06,2.66,,,1.72,2.34,3.0,2.04,1.93,3.15,2.84,3.2,3.0,2.28,2.48,3.15,2.85,3.35,2.95,2.4,2.7,3.13,2.6,3.1,2.8,2.4,2.6,3.1,2.7,3.25,2.85,2.45,2.6,3.2,2.8,3.3,2.9,2.4,2.6,3.1,2.8,3.3,2.87,1.65,2.2,2.45,2.1,1.79,1.65,2.25,2.75,1.93,1.95,3.2,2.85,3.35,3.0,1.68,2.22,2.15,1.73,1.68,2.28,1.93,1.98,2.52,2.78,3.08,2.86,3.25,2.91,4.0,13.0,0.0,11.0,6.0,5.0,8.0,5.0,0.0,15.0,5.0,0.0,0.0,3.0
11,7,2025-10-19 14:00,Gaziantep FK,Hesap.com Antalyaspor,3,2,1,T1,/,Gaziantep,Antalyaspor,1.0,-0.5,-0.5,1.85,1.87,3.95,1.9,1.83,1.9,1.82,4.32,2.0,1.73,3.58,1.77,3.49,1.86,1.9,1.9,4.2,1.98,1.83,2.0,1.8,4.2,1.98,1.83,3.5,1.79,3.4,1.81,4.0,4.33,3.6,1.73,3.4,1.9,1.87,1.79,4.6,,,2.1,1.9,4.9,2.1,1.88,3.65,1.88,3.65,1.84,3.75,4.6,3.8,1.68,3.6,1.89,,4.1,3.6,1.8,,,3.8,4.33,3.6,1.78,3.5,1.9,3.9,4.33,3.7,1.8,3.5,1.95,3.9,4.33,3.6,1.8,3.5,1.91,1.9,1.93,4.2,1.98,1.9,2.0,1.85,4.6,2.12,1.83,3.85,1.83,3.65,1.95,1.9,1.93,1.95,1.9,1.89,2.0,2.2,1.74,4.04,5.22,3.69,1.74,3.63,1.89,5.0,15.0,0.0,7.0,4.0,6.0,6.0,11.0,0.0,22.0,8.0,0.0,3.0,5.0
11,8,2025-10-19 17:00,Fenerbahçe,Mısırlı.com.tr Fatih Karagümrük,2,1,1,T1,/,Fenerbahce,Karagumruk,0.97,-1.75,-2.0,2.71,1.42,12.0,1.85,1.88,2.54,1.46,10.28,1.86,1.86,5.98,1.23,6.64,1.18,2.7,1.44,11.0,1.9,1.9,2.5,1.5,11.0,1.85,1.95,7.0,1.19,7.5,1.15,13.0,11.0,6.0,1.22,6.5,1.18,2.94,1.37,18.0,,,2.86,1.52,14.0,1.95,2.02,7.2,1.25,8.4,1.2,11.0,10.0,6.0,1.24,6.4,1.21,13.0,11.0,6.0,1.22,6.5,1.15,13.0,10.5,6.0,1.25,7.0,1.19,13.0,10.0,6.0,1.25,7.0,1.2,13.0,10.0,6.0,1.25,7.0,1.2,2.75,1.44,13.0,1.9,1.95,2.65,1.5,11.0,1.91,1.95,7.0,1.25,7.5,1.22,2.85,1.41,1.93,1.91,3.11,1.38,2.15,1.76,13.74,12.15,7.75,1.2,8.05,1.16,6.0,19.0,1.0,16.0,6.0,5.0,6.0,10.0,0.0,21.0,8.0,0.0,2.0,2.0
11,9,2025-10-20 17:00,ikas Eyüpspor,Kasımpaşa,2,0,1,T1,/,Eyupspor,Kasimpasa,1.0,-0.25,-0.25,1.73,2.01,3.06,1.82,1.89,1.68,2.09,2.81,1.69,2.04,3.18,2.45,3.27,2.23,1.75,2.05,3.05,1.8,2.0,1.7,2.1,2.75,1.7,2.1,3.2,2.5,3.2,2.3,3.1,2.88,3.1,2.4,3.2,2.25,,,3.45,,,1.8,2.22,3.05,1.8,2.23,3.35,2.62,3.2,2.36,3.15,2.88,3.3,2.35,3.4,2.16,3.0,2.75,3.2,2.5,3.2,2.25,3.1,2.75,3.2,2.5,3.3,2.25,3.1,2.8,3.25,2.5,3.4,2.25,3.1,2.8,3.2,2.5,3.4,2.25,1.75,2.05,3.15,1.88,2.0,1.73,2.1,2.98,1.74,2.1,3.3,2.5,3.45,2.3,1.76,2.08,1.83,2.04,1.76,2.15,1.79,2.15,3.07,3.04,3.29,2.5,3.34,2.36,10.0,9.0,0.0,9.0,3.0,1.0,8.0,6.0,0.0,17.0,10.0,0.0,1.0,1.0
11,10,2025-10-18 16:30,Bayern Münih,Borussia Dortmund,2,1,1,D1,/,Bayern Munich,Dortmund,0.978,-1.5,-1.5,3.31,1.31,7.34,1.92,1.84,3.43,1.3,7.41,1.9,1.86,5.52,1.35,5.52,1.34,3.4,1.33,7.5,1.93,1.93,3.4,1.33,7.0,1.88,1.98,5.25,1.38,5.5,1.33,8.0,8.0,5.5,1.33,5.5,1.33,3.6,1.36,8.4,1.96,1.97,3.7,1.36,8.6,1.97,2.01,5.8,1.4,6.0,1.39,7.5,7.5,6.0,1.34,6.0,1.33,7.0,7.0,5.5,1.36,5.25,1.3,7.25,7.25,5.5,1.37,5.5,1.36,7.5,7.5,5.5,1.36,5.5,1.36,7.0,7.0,5.5,1.35,5.5,1.35,3.45,1.33,8.0,1.98,1.93,3.65,1.33,8.5,2.0,1.98,6.0,1.38,6.0,1.38,3.32,1.34,1.94,1.96,3.41,1.33,2.01,1.92,7.5,8.25,5.75,1.36,5.55,1.38,3.0,17.0,0.0,8.0,1.0,3.0,4.0,12.0,0.0,15.0,7.0,0.0,1.0,1.0
11,11,2025-10-18 11:30,Nottingham Forest,Chelsea,0,3,2,E0,/,Nott'm Forest,Chelsea,1.0,0.25,0.5,2.13,1.68,1.93,1.88,1.88,1.97,1.82,2.27,1.88,1.84,3.43,3.07,3.74,3.75,2.1,1.73,1.95,1.95,1.9,1.98,1.88,2.25,2.05,1.8,3.5,3.1,3.8,3.7,1.95,2.1,3.5,3.1,3.75,3.75,2.3,1.75,2.02,2.03,1.96,2.02,1.96,2.4,2.07,1.92,3.6,3.2,3.95,3.9,1.91,2.25,3.45,3.25,3.85,3.85,1.95,2.3,3.5,3.0,3.75,3.7,1.93,2.3,3.4,3.0,3.7,3.75,1.91,2.3,3.4,3.0,3.7,3.75,1.91,2.25,3.4,3.0,3.6,3.75,2.2,1.73,1.95,1.95,1.95,2.1,1.88,2.38,2.05,1.9,3.5,3.25,3.85,3.85,2.22,1.71,1.96,1.94,2.05,1.86,2.0,1.93,1.95,2.31,3.5,3.24,3.88,3.77,2.0,16.0,1.0,17.0,6.0,2.0,5.0,13.0,0.0,12.0,2.0,0.0,0.0,2.0
11,12,2025-10-19 13:00,Tottenham Hotspur,Aston Villa,1,2,2,E0,/,Tottenham,Aston Villa,0.97,-0.25,-0.5,1.99,1.78,3.42,1.75,2.01,1.95,1.83,3.21,1.87,1.91,3.36,2.24,3.56,2.06,2.03,1.83,3.5,1.83,2.03,1.98,1.88,3.1,1.88,1.98,3.4,2.2,3.5,2.05,3.5,3.25,3.5,2.25,3.5,2.15,2.06,1.92,3.6,1.84,2.16,2.08,1.91,3.4,1.96,2.02,3.5,2.36,3.8,2.16,3.4,3.4,3.3,2.25,3.65,2.12,3.5,3.2,3.3,2.25,3.5,2.0,3.4,3.2,3.4,2.25,3.6,2.05,3.4,3.3,3.3,2.2,3.6,2.1,3.3,3.25,3.3,2.2,3.5,2.05,2.08,1.83,3.5,1.83,2.07,2.0,1.89,3.4,1.91,1.98,3.5,2.3,3.7,2.15,2.04,1.85,1.84,2.08,2.02,1.88,1.93,2.0,3.5,3.27,3.44,2.32,3.77,2.07,6.0,7.0,0.0,8.0,2.0,0.0,6.0,11.0,0.0,9.0,3.0,1.0,1.0,2.0
11,13,2025-10-19 15:30,Liverpool,Manchester United,1,2,2,E0,/,Liverpool,Man United,1.0,-0.75,-1.0,2.71,1.43,4.89,1.84,1.93,2.69,1.44,4.55,1.98,1.8,4.3,1.67,4.4,1.6,2.75,1.44,5.0,1.85,2.0,2.75,1.44,4.2,1.95,1.9,4.2,1.7,4.5,1.6,5.0,4.6,4.33,1.73,4.5,1.62,2.96,1.48,5.5,1.92,2.06,2.94,1.51,4.6,2.04,1.94,4.6,1.75,4.6,1.64,5.0,4.6,4.25,1.7,4.6,1.6,4.8,4.6,4.33,1.65,4.33,1.57,4.8,4.5,4.33,1.66,4.4,1.61,4.8,4.6,4.33,1.65,4.4,1.61,4.8,4.5,4.33,1.65,4.33,1.6,2.8,1.47,5.1,1.87,2.0,2.88,1.5,5.0,2.1,1.9,4.35,1.73,4.7,1.62,2.81,1.44,1.89,2.01,2.69,1.49,2.15,1.78,5.32,5.12,4.46,1.63,4.27,1.63,4.0,14.0,0.0,12.0,4.0,2.0,9.0,8.0,0.0,19.0,6.0,1.0,0.0,0.0
11,14,2025-10-18 18:45,Roma,Inter,0,1,2,I1,/,Roma,Inter,1.0,0.25,0.25,1.72,2.06,2.27,1.88,1.84,1.75,2.03,2.15,1.77,1.95,3.22,3.51,3.22,3.24,1.73,2.1,2.25,1.95,1.9,1.73,2.1,2.15,1.83,2.03,3.25,3.5,3.25,3.3,2.3,2.1,3.3,3.5,3.25,3.2,1.8,2.18,2.36,1.99,1.98,1.84,2.18,2.24,1.89,2.09,3.4,3.8,3.25,3.65,2.33,2.17,3.25,3.5,3.25,3.15,2.25,2.15,3.2,3.6,3.3,3.2,2.25,2.15,3.25,3.5,3.25,3.25,2.25,2.15,3.25,3.5,3.25,3.25,2.25,2.15,3.2,3.5,3.2,3.2,1.75,2.1,2.33,1.98,1.9,1.78,2.1,2.2,1.85,2.03,3.3,3.6,3.3,3.4,1.76,2.15,1.97,1.93,1.78,2.14,1.88,2.05,2.31,2.19,3.35,3.67,3.22,3.45,5.0,29.0,0.0,12.0,3.0,3.0,4.0,18.0,0.0,15.0,5.0,1.0,0.0,4.0
11,15,2025-10-19 18:45,Milan,Fiorentina,2,1,1,I1,/,Milan,Fiorentina,1.0,-0.75,-1.0,1.93,1.83,6.06,1.89,1.89,1.73,2.06,5.27,1.9,1.87,3.63,1.68,4.16,1.52,1.98,1.88,6.5,1.93,1.93,1.73,2.1,5.0,1.93,1.93,3.6,1.73,4.33,1.5,6.5,5.5,3.6,1.7,4.2,1.5,2.02,1.93,6.8,1.95,2.0,1.8,2.24,5.9,2.0,1.97,3.75,1.75,4.3,1.6,6.0,5.4,3.6,1.7,4.2,1.54,6.0,5.25,3.7,1.67,4.1,1.5,6.25,5.25,3.7,1.68,4.1,1.53,6.0,5.25,3.7,1.67,4.2,1.53,6.0,5.25,3.7,1.67,4.2,1.53,2.0,1.88,6.5,1.93,1.93,1.75,2.1,5.5,1.93,1.93,3.7,1.73,4.33,1.55,1.99,1.9,1.95,1.95,1.83,2.09,1.91,2.01,6.09,5.21,3.64,1.76,4.33,1.56,3.0,12.0,0.0,5.0,1.0,3.0,1.0,14.0,0.0,14.0,4.0,0.0,0.0,3.0
12,1,2025-10-24 17:00,Mısırlı.com.tr Fatih Karagümrük,Zecorner Kayserispor,2,2,0,T1,/,Karagumruk,Kayserispor,0.97,-0.25,-0.25,2.06,1.7,3.13,1.89,1.82,2.06,1.7,3.08,1.88,1.83,3.49,2.14,3.51,2.11,2.1,1.7,3.05,1.95,1.85,2.08,1.73,3.05,1.9,1.9,3.6,2.1,3.6,2.05,3.25,3.1,3.4,2.15,3.4,2.1,2.22,1.77,3.6,2.08,1.9,2.24,1.77,3.45,2.01,1.96,3.6,2.28,3.65,2.2,3.05,3.05,3.55,2.12,3.55,2.12,3.1,3.1,3.5,2.1,3.5,2.1,3.1,3.0,3.6,2.15,3.6,2.1,3.2,3.0,3.7,2.2,3.6,2.15,3.1,3.0,3.6,2.15,3.6,2.15,2.1,1.74,3.3,1.95,1.85,2.1,1.74,3.25,1.9,1.9,3.7,2.2,3.6,2.15,2.12,1.75,1.86,2.01,2.12,1.75,1.86,2.01,2.98,2.98,3.61,2.29,3.61,2.29,7.0,21.0,1.0,14.0,10.0,4.0,1.0,16.0,0.0,10.0,3.0,0.0,1.0,2.0
12,2,2025-10-25 14:00,Kocaelispor,Corendon Alanyaspor,2,0,1,T1,/,Kocaelispor,Alanyaspor,1.0,-0.25,-0.25,1.8,1.93,2.9,1.75,1.97,1.69,2.07,3.07,1.79,1.93,3.2,2.29,3.27,2.33,1.8,2.0,2.95,1.75,2.05,1.7,2.1,3.2,1.8,2.0,3.05,2.3,3.2,2.35,3.0,3.1,3.1,2.3,3.2,2.3,1.75,2.06,3.45,1.87,1.01,1.8,2.2,3.5,1.95,2.0,3.3,2.36,2.96,2.24,2.85,3.05,3.25,2.28,3.45,2.3,2.88,3.0,3.25,2.3,3.2,2.3,2.85,3.0,3.2,2.3,3.4,2.35,2.87,3.1,3.25,2.37,3.4,2.4,2.87,3.1,3.2,2.37,3.4,2.37,1.85,2.0,3.0,1.77,2.05,1.7,2.1,3.2,1.81,2.0,3.3,2.37,3.5,2.42,1.82,2.02,1.8,2.07,1.82,2.02,1.8,2.07,3.09,3.09,3.22,2.41,3.22,2.41,2.0,8.0,0.0,9.0,1.0,0.0,4.0,16.0,0.0,14.0,5.0,0.0,0.0,0.0
12,3,2025-10-25 17:00,Trabzonspor,ikas Eyüpspor,2,0,1,T1,/,Trabzonspor,Eyupspor,1.0,-1.0,-1.0,1.99,1.75,5.44,1.82,1.91,2.08,1.69,4.86,1.75,1.99,3.98,1.61,4.03,1.54,2.0,1.8,5.25,1.83,1.98,2.15,1.67,4.5,1.75,2.05,4.33,1.57,4.33,1.53,5.5,5.0,3.75,1.62,4.0,1.53,2.06,1.86,6.2,1.91,2.0,2.24,1.78,5.9,1.81,2.17,4.2,1.66,4.4,1.61,5.25,5.1,4.0,1.58,4.2,1.55,5.5,5.0,4.0,1.6,3.8,1.53,5.25,4.75,4.0,1.63,4.1,1.57,5.25,4.8,4.2,1.65,4.2,1.6,5.25,4.8,4.0,1.65,4.2,1.57,2.14,1.83,6.2,1.85,1.98,2.15,1.75,5.2,1.8,2.1,4.33,1.65,4.33,1.6,2.01,1.83,1.85,2.01,2.01,1.83,1.85,2.01,5.59,5.59,4.14,1.57,4.14,1.57,3.0,12.0,0.0,10.0,4.0,1.0,8.0,18.0,0.0,13.0,6.0,0.0,1.0,4.0
12,4,2025-10-26 11:30,Hesap.com Antalyaspor,Rams Başakşehir,0,4,2,T1,/,Antalyaspor,Buyuksehyr,1.0,0.5,0.25,1.84,1.88,2.3,1.91,1.77,1.79,1.94,1.85,1.82,1.89,3.48,4.06,3.33,2.91,1.83,1.98,2.25,1.98,1.83,1.8,2.0,1.76,1.8,2.0,3.6,4.33,3.3,2.95,2.3,1.9,3.4,4.0,3.2,3.0,1.25,1.31,2.5,2.12,1.77,1.87,2.1,1.97,1.97,2.02,3.65,4.4,3.3,3.05,2.28,1.94,3.6,3.5,3.55,2.85,2.25,1.8,3.5,4.33,3.25,2.9,2.3,1.82,3.5,4.2,3.3,2.9,2.3,1.85,3.6,4.2,3.4,3.0,2.3,1.91,3.5,4.0,3.4,3.0,1.97,1.98,2.42,2.05,1.83,1.88,2.0,1.97,1.9,2.0,3.6,4.5,3.6,3.0,1.85,1.99,1.99,1.87,1.85,1.99,2.3,1.65,2.3,2.3,3.4,3.12,3.4,3.12,8.0,15.0,0.0,19.0,9.0,2.0,3.0,10.0,1.0,10.0,4.0,2.0,0.0,3.0
12,5,2025-10-26 14:00,Galatasaray,Göztepe,3,1,1,T1,/,Galatasaray,Goztep,0.97,-1.5,-1.25,2.23,1.59,6.58,1.81,1.91,2.34,1.54,7.33,1.77,1.95,4.93,1.36,4.55,1.42,2.3,1.6,6.5,1.9,1.9,2.35,1.57,6.5,1.73,2.08,5.0,1.37,5.0,1.37,7.0,8.0,5.0,1.33,4.5,1.4,2.12,1.51,6.6,,,2.56,1.61,9.6,1.79,2.23,5.7,1.38,5.3,1.43,5.8,7.5,5.1,1.34,4.3,1.5,6.5,7.5,4.8,1.36,4.4,1.4,6.75,7.0,5.0,1.38,4.75,1.41,7.0,7.0,5.0,1.4,4.8,1.44,7.0,7.0,5.0,1.4,4.8,1.4,2.3,1.67,7.0,1.9,2.0,2.38,1.57,8.25,1.84,2.08,5.1,1.4,5.0,1.5,2.29,1.63,1.92,1.93,2.29,1.63,1.7,2.2,7.29,7.29,4.89,1.4,4.89,1.4,2.0,12.0,1.0,5.0,3.0,2.0,8.0,8.0,0.0,27.0,13.0,1.0,1.0,1.0
12,6,2025-10-26 14:00,Natura Dünyası Gençlerbirliği,Tümosan Konyaspor,1,2,2,T1,/,Genclerbirligi,Konyaspor,1.0,0.25,0.25,1.81,1.91,2.16,1.8,1.88,1.7,2.06,2.29,1.89,1.78,3.2,3.05,3.35,3.15,1.85,1.95,2.1,1.85,1.95,1.7,2.1,2.4,2.1,1.7,3.2,2.85,3.4,3.3,2.2,2.3,3.1,3.1,3.25,3.1,1.87,1.82,2.34,,,1.78,2.24,2.5,2.11,1.89,3.25,3.3,3.3,3.4,2.2,2.2,3.35,3.1,3.4,3.1,2.1,2.3,3.2,3.0,3.3,3.13,2.2,2.25,3.25,3.1,3.4,3.1,2.2,2.3,3.3,3.1,3.5,3.1,2.2,2.3,3.25,3.1,3.5,3.1,1.85,1.95,2.24,1.88,1.95,1.81,2.1,2.4,2.1,1.85,3.4,3.1,3.5,3.3,1.88,1.95,1.88,1.98,1.88,1.95,1.88,1.98,2.17,2.17,3.4,3.39,3.4,3.39,5.0,17.0,0.0,16.0,6.0,3.0,6.0,11.0,1.0,15.0,2.0,1.0,1.0,4.0
12,7,2025-10-26 17:00,Kasımpaşa,Beşiktaş,1,1,0,T1,/,Kasimpasa,Besiktas,1.0,0.75,0.75,2.11,1.66,1.75,1.96,1.77,2.14,1.65,1.66,1.8,1.91,3.9,4.54,3.77,4.1,2.15,1.67,1.71,1.98,1.83,2.2,1.65,1.62,1.83,1.98,4.0,4.75,3.8,4.33,1.73,1.67,3.75,4.6,3.75,4.2,1.25,1.01,1.67,,,2.34,1.71,1.75,1.96,2.02,4.3,5.0,3.95,4.4,1.82,1.66,4.0,4.4,3.8,3.8,1.73,1.65,3.9,4.75,3.7,4.1,1.75,1.68,4.1,4.2,3.8,4.1,1.75,1.7,4.0,4.5,3.9,4.2,1.75,1.67,4.0,4.5,3.9,4.2,2.2,1.7,1.85,2.0,1.83,2.2,1.67,1.7,1.83,1.98,4.1,5.0,3.9,4.55,2.21,1.68,1.97,1.88,2.21,1.68,1.97,1.88,1.75,1.75,3.96,4.37,3.96,4.37,0.0,10.0,0.0,20.0,6.0,2.0,8.0,14.0,0.0,12.0,4.0,1.0,1.0,1.0
12,8,2025-10-27 17:00,Gaziantep FK,Fenerbahçe,0,4,2,T1,/,Gaziantep,Fenerbahce,1.0,0.75,0.75,2.1,1.67,1.62,1.76,1.99,2.19,1.62,1.62,1.74,1.99,4.04,4.71,3.98,4.74,2.1,1.7,1.57,1.83,1.98,2.08,1.73,1.62,1.83,1.98,4.0,5.0,4.2,4.75,1.62,1.62,4.0,4.6,3.75,5.0,,,1.06,,,2.26,1.76,1.71,1.89,2.08,4.4,5.2,4.2,5.4,1.62,1.58,4.2,4.8,3.95,4.9,,1.62,4.0,4.8,,,1.63,1.63,4.1,4.6,4.1,4.75,1.65,1.65,4.2,4.6,4.2,4.8,1.65,1.65,4.2,4.6,4.2,4.8,2.2,1.7,1.65,1.83,2.0,2.32,1.73,1.65,1.83,2.06,4.3,5.4,4.2,5.0,2.13,1.73,1.84,2.02,2.13,1.73,1.84,2.02,1.65,1.65,4.1,4.88,4.1,4.88,4.0,15.0,0.0,20.0,13.0,5.0,6.0,12.0,1.0,8.0,5.0,2.0,0.0,2.0
12,9,2025-10-27 17:00,Samsunspor,Çaykur Rizespor,1,1,0,T1,/,Samsunspor,Rizespor,1.0,-0.5,-0.5,1.81,1.92,3.78,1.83,1.88,1.87,1.85,4.04,1.92,1.79,3.5,1.85,3.41,1.91,1.83,1.98,4.1,1.9,1.9,2.0,1.8,4.1,1.98,1.83,3.4,1.81,3.4,1.86,3.75,4.0,3.4,1.9,3.3,1.95,,,4.7,,,2.04,1.94,4.6,2.08,1.9,3.75,1.93,1.01,1.04,3.6,4.6,3.65,1.79,3.65,1.92,3.75,4.0,3.6,1.83,3.4,1.87,3.8,4.0,3.4,1.88,3.4,1.93,3.9,4.2,3.5,1.91,3.5,1.95,3.8,3.9,3.4,1.95,3.4,1.95,1.91,2.0,4.1,1.9,1.91,2.0,1.92,4.6,1.98,1.85,3.7,1.95,3.65,1.95,1.81,2.04,1.88,1.98,1.81,2.04,1.88,1.98,3.92,3.92,3.47,1.97,3.47,1.97,4.0,14.0,0.0,8.0,1.0,2.0,7.0,9.0,0.0,26.0,7.0,1.0,1.0,0.0
12,10,2025-10-26 13:30,Feyenoord,PSV Eindhoven,2,3,2,N1,/,Feyenoord,PSV Eindhoven,1.0,-0.25,0.0,2.75,1.4,2.57,1.91,1.81,2.79,1.4,2.69,1.76,1.99,3.81,2.32,3.82,2.4,2.7,1.44,2.6,1.95,1.85,2.88,1.4,2.8,1.8,2.0,3.8,2.3,3.8,2.45,2.5,2.5,3.6,2.3,3.5,2.38,2.96,1.44,2.68,,,3.05,1.46,2.84,1.85,2.16,4.0,2.46,4.1,2.44,2.63,2.7,3.9,2.28,3.75,2.38,2.5,2.75,4.0,2.3,3.9,2.4,2.6,2.7,3.9,2.3,3.9,2.4,2.6,2.7,3.9,2.3,3.9,2.4,2.6,2.7,3.9,2.3,3.9,2.4,2.8,1.45,2.63,1.95,1.85,2.88,1.42,2.8,1.8,2.02,4.0,2.38,4.0,2.45,2.77,1.44,2.01,1.85,2.77,1.44,1.75,2.12,2.63,2.63,3.93,2.41,3.93,2.41,5.0,13.0,0.0,11.0,6.0,1.0,3.0,7.0,0.0,12.0,6.0,1.0,0.0,0.0
12,11,2025-10-26 14:00,Aston Villa,Manchester City,1,0,1,E0,/,Aston Villa,Man City,1.0,0.5,0.5,2.07,1.73,1.83,1.79,1.96,2.15,1.68,1.82,1.79,1.98,3.77,4.16,3.8,4.08,2.1,1.73,1.8,1.78,2.03,2.2,1.67,1.83,1.85,2.0,3.75,4.2,3.8,4.33,1.83,1.8,3.75,4.2,3.75,4.2,2.18,1.81,1.85,1.85,2.15,2.24,1.8,1.89,1.89,2.11,3.9,4.5,4.0,4.6,1.88,1.79,3.9,4.5,3.75,4.2,1.8,1.83,3.8,4.0,3.7,4.0,1.85,1.82,3.8,4.1,3.75,4.0,1.85,1.83,3.8,4.0,3.75,4.0,1.85,1.75,3.8,4.33,3.75,3.9,2.1,1.77,1.89,1.85,2.03,2.28,1.75,1.92,1.91,2.06,3.9,4.5,4.0,4.33,2.08,1.81,1.81,2.1,2.2,1.73,1.89,2.03,1.81,1.88,3.77,4.27,4.06,4.24,6.0,16.0,0.0,18.0,4.0,4.0,5.0,8.0,0.0,9.0,3.0,0.0,1.0,1.0
12,12,2025-10-26 16:30,Everton,Tottenham Hotspur,0,3,2,E0,/,Everton,Tottenham,0.97,-0.25,-0.25,1.85,1.91,2.99,1.8,1.97,1.89,1.92,3.32,1.9,1.86,3.34,2.2,3.38,2.35,1.88,1.98,3.0,1.83,2.03,1.93,1.93,3.25,2.0,1.85,3.5,2.2,3.4,2.35,3.0,3.3,3.4,2.25,3.4,2.4,1.96,2.02,3.2,1.9,2.07,1.98,2.0,3.5,1.99,1.99,3.45,2.32,3.45,2.42,3.1,3.35,3.3,2.28,3.4,2.35,2.9,3.5,3.3,2.15,3.4,2.3,2.95,3.2,3.25,2.15,3.4,2.35,3.0,3.3,3.3,2.2,3.4,2.37,2.9,3.3,3.3,2.15,3.4,2.3,1.91,1.98,3.15,1.83,2.03,2.0,2.0,3.5,2.0,1.91,3.5,2.28,3.4,2.4,1.91,1.98,1.84,2.08,1.91,1.99,1.96,1.96,3.13,3.4,3.39,2.28,3.33,2.42,8.0,8.0,0.0,7.0,4.0,0.0,9.0,9.0,0.0,12.0,2.0,2.0,0.0,2.0
12,13,2025-10-26 15:15,Real Madrid,Barcelona,2,1,1,SP1,/,Real Madrid,Barcelona,1.0,-0.5,-0.5,3.43,1.28,3.16,1.81,1.96,3.64,1.27,3.52,1.94,1.82,4.28,1.85,4.07,1.99,3.5,1.3,3.3,1.88,1.98,3.75,1.29,3.6,2.03,1.83,4.33,1.83,4.1,1.95,3.1,3.5,4.2,1.9,4.0,2.05,3.8,1.35,3.35,1.94,2.04,4.0,1.32,3.75,2.06,1.94,4.6,1.93,4.4,2.04,3.2,3.5,4.25,1.88,4.2,2.0,3.1,3.5,4.5,1.83,4.0,1.91,3.1,3.6,4.4,1.8,4.1,2.05,3.1,3.5,4.33,1.85,4.0,2.05,3.1,3.5,4.33,1.83,4.0,2.05,3.65,1.33,3.33,1.88,2.0,4.0,1.29,3.6,2.03,1.87,4.5,1.9,4.2,2.05,3.21,1.36,1.93,1.98,3.21,1.36,2.05,1.88,3.33,3.69,4.47,1.87,4.41,1.97,4.0,9.0,1.0,15.0,6.0,5.0,12.0,12.0,1.0,23.0,10.0,1.0,2.0,5.0
12,14,2025-10-25 16:00,Napoli,Inter,3,1,1,I1,/,Napoli,Inter,1.0,0.25,0.0,1.7,2.08,2.45,1.7,2.06,1.82,1.95,2.19,1.78,1.95,3.16,3.48,3.17,2.96,1.73,2.1,2.4,1.7,2.1,1.83,2.03,2.2,1.88,1.98,3.2,3.6,3.1,3.0,2.5,2.2,3.25,3.4,3.2,2.88,1.78,2.2,2.56,1.78,2.25,1.91,2.06,2.24,1.91,2.08,3.3,3.85,3.25,3.25,2.4,2.17,3.25,3.55,3.25,3.05,2.45,2.15,3.13,3.6,3.25,2.9,2.5,2.25,3.1,3.4,3.2,2.95,2.5,2.25,3.1,3.4,3.2,2.9,2.45,2.25,3.1,3.3,3.1,2.9,1.73,2.1,2.54,1.75,2.1,1.91,2.05,2.28,1.88,2.0,3.25,3.75,3.25,3.05,1.74,2.18,1.81,2.11,1.91,2.0,1.91,2.02,2.6,2.23,3.24,3.69,3.15,3.02,4.0,10.0,0.0,15.0,3.0,1.0,1.0,15.0,0.0,7.0,3.0,0.0,1.0,2.0
12,15,2025-10-26 19:45,Lazio,Juventus,1,0,1,I1,/,Lazio,Juventus,1.0,0.25,0.25,1.63,2.2,2.31,1.9,1.82,1.65,2.17,2.21,1.79,1.93,3.12,3.49,3.14,3.2,1.67,2.2,2.3,1.98,1.88,1.67,2.2,2.2,1.88,1.98,3.2,3.5,3.25,3.2,2.38,2.2,3.2,3.5,3.1,3.2,1.66,2.28,2.36,2.01,1.98,1.75,2.3,2.3,1.94,2.04,3.2,3.85,3.2,3.6,2.38,2.18,3.1,3.65,3.2,3.15,2.25,2.15,3.13,3.6,3.2,3.13,2.3,2.25,3.1,3.4,3.2,3.2,2.3,2.25,3.1,3.4,3.2,3.25,2.3,2.25,3.1,3.4,3.1,3.2,1.67,2.25,2.38,2.0,1.88,1.7,2.2,2.25,1.9,1.98,3.2,3.65,3.25,3.33,1.66,2.32,2.02,1.88,1.69,2.26,1.91,2.01,2.38,2.24,3.23,3.68,3.12,3.42,5.0,18.0,0.0,14.0,5.0,4.0,2.0,11.0,0.0,13.0,3.0,0.0,1.0,2.0
13,1,2025-10-31 17:00,Rams Başakşehir,Kocaelispor,1,0,1,T1,/,Buyuksehyr,Kocaelispor,1.0,-0.5,-0.5,1.78,1.95,4.19,1.93,1.79,1.74,2.01,3.73,1.8,1.91,3.3,1.98,3.48,1.81,1.83,1.98,4.2,2.03,1.78,1.75,2.05,3.5,1.75,2.05,3.4,2.01,3.6,1.76,4.2,3.6,3.25,2.0,3.4,1.83,1.95,2.02,5.1,2.13,1.86,1.85,2.14,4.4,1.93,2.06,3.45,2.04,3.65,1.86,4.0,4.0,3.5,1.86,3.5,1.86,4.2,3.8,3.4,1.93,3.5,1.75,4.2,3.5,3.3,2.05,3.5,1.83,4.33,3.5,3.4,2.1,3.5,1.85,4.2,3.5,3.3,2.1,3.5,1.85,1.83,2.02,4.5,2.03,1.83,1.8,2.05,4.0,1.9,2.05,3.5,2.1,3.6,1.88,,,,,,,,,,,,,,,5.0,18.0,0.0,11.0,6.0,2.0,6.0,12.0,0.0,16.0,4.0,0.0,0.0,2.0
13,2,2025-11-01 14:00,Göztepe,Natura Dünyası Gençlerbirliği,1,0,1,T1,/,Goztep,Genclerbirligi,0.97,-1.0,-1.0,1.83,1.9,6.46,1.93,1.8,1.81,1.91,6.47,1.93,1.8,4.02,1.49,4.11,1.47,1.83,1.98,7.0,2.03,1.78,1.85,1.95,7.0,2.0,1.8,4.1,1.45,4.1,1.45,6.5,7.0,4.0,1.44,4.0,1.5,1.88,2.02,8.4,2.09,1.82,1.92,2.02,8.2,2.03,1.92,4.6,1.51,4.5,1.49,5.8,6.0,4.2,1.49,4.2,1.5,6.5,6.5,4.0,1.5,4.0,1.44,6.75,6.25,4.0,1.52,4.1,1.47,7.0,6.5,4.0,1.53,4.2,1.48,7.0,6.5,4.0,1.53,4.2,1.48,1.92,1.98,7.0,2.03,1.85,1.87,2.0,7.8,2.0,1.83,4.2,1.53,4.2,1.52,,,,,,,,,,,,,,,3.0,10.0,0.0,13.0,3.0,1.0,6.0,14.0,0.0,15.0,3.0,0.0,1.0,0.0
13,3,2025-11-01 17:00,Galatasaray,Trabzonspor,0,0,0,T1,/,Galatasaray,Trabzonspor,1.0,-1.25,-1.25,2.7,1.42,6.2,1.9,1.81,2.71,1.41,6.32,1.9,1.82,4.87,1.4,4.85,1.4,2.7,1.44,6.0,1.95,1.85,2.7,1.44,7.0,2.03,1.78,5.0,1.35,4.75,1.41,6.5,6.0,4.6,1.44,4.6,1.4,2.82,1.49,6.6,1.96,1.92,3.0,1.49,8.2,2.09,1.85,5.3,1.44,5.4,1.47,6.25,5.75,4.75,1.45,4.8,1.41,6.5,7.0,5.0,1.36,4.8,1.36,6.0,6.5,5.25,1.39,5.0,1.42,6.0,6.0,5.0,1.44,5.0,1.44,6.0,6.5,5.25,1.4,5.0,1.44,2.75,1.45,7.0,1.95,1.85,2.75,1.44,7.0,2.03,1.89,5.25,1.46,5.0,1.44,,,,,,,,,,,,,,,4.0,9.0,1.0,9.0,2.0,1.0,8.0,12.0,0.0,23.0,5.0,0.0,0.0,0.0
13,4,2025-11-02 11:30,Tümosan Konyaspor,Samsunspor,1,3,2,T1,/,Konyaspor,Samsunspor,1.0,0.0,-0.25,1.8,1.93,2.93,1.78,1.96,1.81,1.91,2.73,1.95,1.79,3.28,2.48,3.31,2.3,1.78,2.03,3.05,1.83,1.98,1.83,1.98,2.65,1.95,1.85,3.2,2.57,3.25,2.25,3.0,2.75,3.2,2.5,3.2,2.3,1.81,2.04,3.35,,,1.9,2.08,2.88,2.02,1.95,3.3,2.78,3.3,2.32,2.85,2.88,3.4,2.3,3.5,2.28,,2.63,3.3,2.55,,,2.87,2.75,3.4,2.45,3.3,2.35,2.9,2.8,3.4,2.45,3.4,2.37,2.9,2.75,3.4,2.45,3.4,2.37,1.88,2.03,3.05,1.83,1.98,1.86,2.0,2.9,2.1,1.85,3.45,2.6,3.5,2.42,,,,,,,,,,,,,,,5.0,12.0,0.0,12.0,3.0,2.0,9.0,10.0,0.0,23.0,7.0,2.0,0.0,1.0
13,5,2025-11-02 14:00,Zecorner Kayserispor,Kasımpaşa,3,2,1,T1,/,Kayserispor,Kasimpasa,1.0,-0.25,0.0,2.02,1.73,2.69,2.0,1.77,2.01,1.73,3.21,1.93,1.78,3.5,2.09,3.45,2.39,2.05,1.75,2.57,2.0,1.8,2.05,1.75,3.4,2.05,1.75,3.6,2.01,3.5,2.45,2.75,3.25,3.4,2.1,3.3,2.4,1.25,1.01,2.98,,,2.12,1.85,3.7,2.1,1.89,3.55,2.18,3.45,2.44,2.75,3.0,3.6,2.14,3.65,2.3,,3.4,3.5,2.0,,,2.6,3.0,3.6,2.15,3.5,2.45,2.62,3.1,3.6,2.2,3.6,2.5,2.62,3.1,3.6,2.15,3.5,2.45,2.1,1.8,2.84,2.05,1.8,2.1,1.8,3.5,2.05,1.84,3.65,2.28,3.7,2.5,,,,,,,,,,,,,,,6.0,15.0,0.0,11.0,4.0,1.0,4.0,12.0,0.0,11.0,3.0,1.0,2.0,3.0
13,6,2025-11-02 17:00,Beşiktaş,Fenerbahçe,2,3,2,T1,/,Besiktas,Fenerbahce,1.0,0.25,0.0,2.18,1.62,2.42,1.78,2.01,2.12,1.66,2.13,1.78,1.89,3.51,3.11,3.51,2.64,2.25,1.62,2.45,1.83,1.98,2.1,1.7,2.1,1.85,1.95,3.6,3.2,3.6,2.55,2.5,2.1,3.5,3.1,3.4,2.63,2.34,1.63,2.64,,,2.24,1.79,2.24,1.95,2.04,3.5,3.6,3.8,2.68,2.35,2.12,3.65,3.05,3.65,2.65,,2.1,3.6,3.13,,,2.4,2.15,3.5,3.0,3.6,2.65,2.4,2.2,3.6,3.1,3.6,2.7,2.4,2.2,3.5,3.1,3.6,2.7,2.25,1.65,2.52,1.85,2.1,2.2,1.7,2.2,1.85,1.95,3.7,3.3,3.65,2.71,,,,,,,,,,,,,,,6.0,17.0,0.0,23.0,11.0,5.0,1.0,8.0,1.0,9.0,3.0,2.0,2.0,1.0
13,7,2025-11-03 17:00,Corendon Alanyaspor,Gaziantep FK,0,0,0,T1,/,Alanyaspor,Gaziantep,1.0,-0.5,-0.25,1.84,1.88,3.19,1.92,1.81,2.0,1.74,4.0,1.92,1.79,3.62,1.81,3.39,2.12,1.88,1.93,3.25,1.95,1.85,2.1,1.7,4.0,2.0,1.8,3.8,1.76,3.4,2.1,3.25,4.0,3.5,1.83,3.25,2.15,,,3.6,,,2.18,1.83,4.8,2.16,1.85,3.9,1.85,3.3,2.14,3.2,3.85,3.55,1.84,3.5,2.1,,4.0,3.7,1.8,,,3.1,3.9,3.7,1.82,3.4,2.15,3.2,4.0,3.8,1.83,3.5,2.2,3.2,4.0,3.75,1.83,3.5,2.15,1.88,1.95,3.35,1.95,1.85,2.1,1.85,4.2,2.0,1.85,3.8,1.86,3.55,2.2,,,,,,,,,,,,,,,4.0,13.0,0.0,13.0,3.0,0.0,4.0,10.0,0.0,8.0,3.0,0.0,0.0,3.0
13,8,2025-11-03 17:00,ikas Eyüpspor,Hesap.com Antalyaspor,0,1,2,T1,/,Eyupspor,Antalyaspor,1.0,-0.75,-0.5,1.82,1.9,4.11,1.93,1.78,1.94,1.79,4.6,1.86,1.86,3.72,1.69,3.53,1.8,1.83,1.98,4.33,2.0,1.8,2.05,1.75,4.5,1.9,1.9,3.9,1.66,3.6,1.76,4.2,4.5,3.6,1.73,3.5,1.8,,,4.8,,,2.06,1.89,5.5,2.02,1.95,4.0,1.75,1.03,1.87,3.95,4.5,3.6,1.73,3.6,1.84,4.1,4.75,3.8,1.67,3.4,1.8,4.2,4.5,3.75,1.71,3.5,1.82,4.33,4.6,3.8,1.73,3.6,1.83,4.33,4.5,3.8,1.73,3.5,1.83,1.88,1.98,4.35,2.0,1.83,2.05,1.86,5.0,1.95,1.9,3.9,1.75,3.65,1.86,,,,,,,,,,,,,,,2.0,9.0,0.0,7.0,1.0,2.0,5.0,8.0,0.0,15.0,5.0,0.0,0.0,2.0
13,9,2025-11-03 17:00,Çaykur Rizespor,Mısırlı.com.tr Fatih Karagümrük,1,0,1,T1,/,Rizespor,Karagumruk,0.97,-0.75,-0.75,1.96,1.77,4.41,1.81,1.9,2.07,1.69,4.5,1.89,1.83,3.83,1.69,3.73,1.71,2.0,1.8,5.0,1.9,1.9,2.08,1.73,4.5,1.88,1.93,3.7,1.68,3.75,1.62,4.5,4.6,3.75,1.67,3.6,1.73,,,5.2,,,2.16,1.83,5.2,1.98,2.0,4.0,1.77,3.7,1.72,3.95,4.7,4.0,1.63,3.8,1.79,4.5,4.5,3.8,1.7,3.7,1.67,4.5,4.4,3.9,1.7,3.7,1.71,4.6,4.5,3.9,1.73,3.8,1.73,4.6,4.4,3.9,1.73,3.75,1.73,2.06,1.83,5.0,1.9,1.97,2.14,1.73,4.9,1.96,1.93,4.1,1.73,3.8,1.81,,,,,,,,,,,,,,,4.0,13.0,0.0,14.0,0.0,3.0,4.0,14.0,0.0,13.0,4.0,0.0,0.0,3.0
13,10,2025-11-01 14:30,RB Leipzig,Vfb Stuttgart,3,1,1,D1,/,RB Leipzig,Stuttgart,0.97,-0.25,-0.5,2.76,1.41,3.35,1.82,1.95,2.75,1.42,3.17,1.96,1.81,3.76,2.09,3.87,1.97,2.75,1.44,3.5,1.88,1.98,2.75,1.44,3.25,2.0,1.85,3.8,2.1,3.9,1.95,3.3,3.2,3.8,2.1,4.0,2.0,3.05,1.47,3.7,1.93,2.06,2.96,1.5,3.4,2.06,1.91,3.9,2.18,4.0,2.06,3.25,3.25,3.85,2.06,4.0,2.02,3.2,3.1,4.0,2.05,3.8,1.91,3.4,3.2,3.7,2.1,3.9,1.98,3.4,3.2,3.7,2.1,3.9,2.0,3.4,3.2,3.6,2.1,3.9,1.95,2.88,1.44,3.5,1.88,2.0,2.9,1.46,3.25,2.0,1.9,4.0,2.2,4.0,2.02,2.89,1.43,1.88,2.03,2.72,1.48,2.15,1.79,3.55,3.55,3.89,2.04,3.88,2.02,5.0,10.0,0.0,14.0,4.0,2.0,5.0,8.0,0.0,16.0,9.0,0.0,1.0,1.0
13,11,2025-11-01 17:30,Bayern Münih,Bayer Leverkusen,3,0,1,D1,/,Bayern Munich,Leverkusen,0.978,-1.75,-2.0,3.76,1.25,10.44,1.87,1.91,3.07,1.35,9.42,1.92,1.85,6.2,1.26,6.85,1.22,4.0,1.25,9.5,1.9,1.95,3.2,1.36,10.0,1.93,1.93,6.5,1.25,7.0,1.22,11.0,10.0,6.0,1.29,7.0,1.22,4.1,1.29,12.5,1.98,1.96,3.3,1.42,11.5,1.97,2.01,6.8,1.29,8.2,1.24,10.5,9.5,6.75,1.25,7.0,1.22,10.0,10.0,6.0,1.25,6.5,1.18,11.0,8.75,6.25,1.29,7.25,1.22,11.0,8.5,6.0,1.28,7.0,1.22,11.0,8.5,6.0,1.28,7.0,1.22,4.0,1.26,11.0,1.9,1.95,3.35,1.4,10.0,2.0,1.93,6.75,1.29,7.25,1.25,,,1.92,1.97,,,2.21,1.72,10.66,12.27,7.57,1.21,7.43,1.23,4.0,3.0,0.0,7.0,1.0,1.0,10.0,11.0,0.0,18.0,4.0,0.0,3.0,1.0
13,12,2025-11-01 17:30,Tottenham Hotspur,Chelsea,0,1,2,E0,/,Tottenham,Chelsea,0.97,0.25,0.0,2.1,1.7,2.5,1.82,1.94,2.04,1.76,2.31,1.91,1.82,3.44,3.02,3.52,2.71,2.1,1.73,2.5,1.85,2.0,2.1,1.73,2.25,1.98,1.88,3.5,3.1,3.5,2.7,2.6,2.4,3.5,3.0,3.5,2.75,2.26,1.77,2.62,1.9,2.09,2.14,1.86,2.42,2.08,1.91,3.55,3.2,3.65,2.88,2.5,2.38,3.4,3.05,3.55,2.8,2.5,2.25,3.6,3.0,3.6,2.63,2.45,2.3,3.4,3.0,3.5,2.75,2.45,2.3,3.4,3.0,3.5,2.75,2.4,2.3,3.4,3.0,3.5,2.75,2.12,1.75,2.6,1.86,2.0,2.15,1.81,2.4,2.0,1.88,3.6,3.1,3.6,2.8,2.15,1.76,1.88,2.03,2.11,1.8,2.21,1.75,2.56,2.57,3.51,2.83,3.63,2.73,5.0,12.0,0.0,15.0,9.0,2.0,6.0,14.0,0.0,3.0,1.0,1.0,0.0,4.0
13,13,2025-11-02 16:30,Manchester City,AFC Bournemouth,3,1,1,E0,/,Man City,Bournemouth,0.97,-1.25,-1.25,2.45,1.52,5.9,1.77,2.0,2.64,1.47,6.86,1.97,1.8,5.08,1.41,4.64,1.49,2.5,1.53,5.75,1.75,2.05,2.63,1.5,7.0,2.0,1.85,5.0,1.42,4.75,1.5,6.5,7.5,5.0,1.4,4.6,1.5,2.6,1.59,6.4,1.8,2.16,2.8,1.54,7.6,2.03,1.95,5.4,1.46,4.8,1.55,6.1,7.0,5.25,1.41,4.8,1.49,5.75,7.0,5.0,1.4,4.4,1.5,5.75,6.75,5.0,1.42,4.6,1.5,5.75,7.0,5.0,1.4,4.6,1.5,5.75,6.5,5.0,1.4,4.6,1.5,2.55,1.55,6.5,1.83,2.05,2.75,1.5,7.5,2.02,1.85,5.33,1.42,4.9,1.5,2.5,1.57,1.79,2.11,2.71,1.49,2.01,1.91,6.02,6.8,5.35,1.43,4.75,1.51,4.0,11.0,0.0,8.0,5.0,2.0,10.0,8.0,0.0,15.0,8.0,1.0,2.0,2.0
13,14,2025-11-01 15:15,Atletico Madrid,Sevilla,3,0,1,SP1,/,Ath Madrid,Sevilla,1.0,-1.5,-1.5,2.28,1.58,8.78,1.86,1.91,2.13,1.68,8.53,1.79,1.98,5.06,1.34,5.3,1.32,2.3,1.62,9.0,1.88,1.98,2.1,1.73,8.0,1.73,2.08,4.75,1.38,5.0,1.33,9.5,9.0,5.0,1.33,5.5,1.3,2.46,1.66,10.0,1.93,2.02,2.26,1.77,10.5,1.9,2.05,5.7,1.36,6.0,1.35,9.5,9.0,5.4,1.32,5.5,1.3,9.0,8.5,5.0,1.36,5.25,1.33,8.25,8.0,5.0,1.38,5.25,1.35,8.5,8.0,5.0,1.36,5.25,1.35,8.0,8.0,4.8,1.36,5.0,1.35,2.38,1.62,9.5,1.95,1.98,2.25,1.75,9.5,1.87,2.08,5.4,1.38,5.8,1.35,2.39,1.62,1.9,2.01,2.3,1.68,1.88,2.05,8.48,9.46,5.44,1.34,5.82,1.34,4.0,12.0,0.0,10.0,2.0,3.0,9.0,9.0,0.0,15.0,6.0,0.0,0.0,0.0
13,15,2025-11-02 19:45,Milan,Roma,1,0,1,I1,/,Milan,Roma,1.0,-0.25,-0.25,1.63,2.21,3.68,1.97,1.8,1.54,2.41,3.42,1.83,1.94,2.95,2.34,3.12,2.13,1.67,2.2,3.7,2.0,1.85,1.53,2.5,3.5,1.9,1.95,2.88,2.3,3.0,2.2,3.75,3.4,3.0,2.38,3.2,2.1,1.73,2.34,3.8,2.02,1.96,1.6,2.64,3.8,1.94,2.04,3.05,2.44,3.25,2.32,3.85,3.5,2.88,2.38,3.1,2.1,3.5,3.4,3.0,2.3,3.2,2.1,3.75,3.4,3.0,2.3,3.2,2.1,3.75,3.4,3.0,2.3,3.2,2.1,3.7,3.4,3.0,2.3,3.2,2.1,1.67,2.3,3.85,2.0,1.86,1.67,2.55,3.5,1.9,2.0,3.0,2.38,3.2,2.22,1.68,2.27,2.08,1.84,1.55,2.57,1.89,2.03,3.87,3.6,2.98,2.42,3.21,2.16,8.0,13.0,0.0,20.0,6.0,5.0,7.0,12.0,0.0,17.0,8.0,0.0,1.0,1.0
14,1,2025-11-07 17:00,Natura Dünyası Gençlerbirliği,Rams Başakşehir,2,1,1,T1,/,Genclerbirligi,Buyuksehyr,1.0,0.25,0.25,1.79,1.93,2.23,1.83,1.84,1.81,1.92,2.16,1.8,1.87,3.34,3.17,3.33,3.06,1.85,1.95,2.25,1.98,1.83,1.88,1.93,2.15,1.93,1.88,3.4,3.05,3.3,2.95,2.25,2.2,3.25,3.1,3.2,3.1,1.93,2.04,2.36,2.03,1.95,1.98,2.0,2.3,1.97,2.0,3.5,3.5,3.55,3.3,2.15,2.14,3.35,3.2,3.35,3.2,2.25,2.15,3.4,3.13,3.4,3.0,2.2,2.15,3.4,3.25,3.4,3.1,2.25,2.15,3.4,3.3,3.4,3.2,2.2,2.15,3.4,3.25,3.4,3.1,1.85,2.0,2.3,1.98,1.89,1.88,1.96,2.22,1.93,1.9,3.4,3.3,3.4,3.2,,,,,,,,,,,,,,,9.0,8.0,0.0,19.0,3.0,3.0,4.0,20.0,0.0,15.0,7.0,0.0,1.0,2.0
14,2,2025-11-08 11:30,Gaziantep FK,Çaykur Rizespor,2,2,0,T1,/,Gaziantep,Rizespor,1.0,-0.25,-0.25,1.94,1.78,3.18,1.91,1.8,1.97,1.76,3.04,1.83,1.88,3.4,2.21,3.46,2.11,1.98,1.83,3.2,1.98,1.83,2.08,1.73,2.95,1.83,1.98,3.6,2.2,3.5,2.1,3.2,3.0,3.4,2.2,3.3,2.15,2.02,1.87,3.6,2.07,1.88,2.12,1.85,3.6,1.99,1.96,3.35,2.3,3.55,2.18,3.1,3.05,3.5,2.18,3.65,2.1,3.13,3.0,3.5,2.2,3.4,2.1,3.1,3.0,3.4,2.2,3.5,2.1,3.2,3.1,3.5,2.25,3.6,2.15,3.1,3.1,3.4,2.25,3.6,2.15,1.98,1.83,3.4,1.98,1.83,2.08,1.84,3.25,1.85,1.98,3.6,2.25,3.7,2.15,,,,,,,,,,,,,,,2.0,15.0,0.0,11.0,3.0,2.0,3.0,14.0,0.0,15.0,9.0,1.0,1.0,2.0
14,3,2025-11-08 14:00,Trabzonspor,Corendon Alanyaspor,1,1,0,T1,/,Trabzonspor,Alanyaspor,1.0,-0.75,-0.75,1.87,1.85,4.85,1.88,1.83,2.08,1.68,4.87,1.94,1.78,3.82,1.64,3.79,1.64,1.93,1.88,5.0,1.95,1.85,2.1,1.7,4.5,1.98,1.83,3.9,1.62,3.8,1.61,5.0,5.0,3.75,1.62,3.75,1.62,1.99,1.91,5.9,2.11,1.86,2.2,1.78,6.0,2.03,1.93,3.8,1.73,4.2,1.68,4.6,4.9,3.95,1.62,3.7,1.7,4.8,4.8,3.9,1.65,3.7,1.62,5.0,4.75,3.9,1.66,4.0,1.62,5.0,4.6,4.0,1.7,4.0,1.65,5.0,4.8,3.9,1.67,4.0,1.61,1.93,1.91,5.4,1.95,1.86,2.1,1.7,5.5,1.98,1.83,4.0,1.7,4.0,1.71,,,,,,,,,,,,,,,7.0,10.0,0.0,24.0,3.0,3.0,1.0,13.0,0.0,16.0,3.0,0.0,1.0,1.0
14,4,2025-11-08 17:00,Hesap.com Antalyaspor,Beşiktaş,1,3,2,T1,/,Antalyaspor,Besiktas,1.0,0.75,1.0,2.11,1.66,1.58,1.98,1.76,2.16,1.64,1.67,1.82,1.89,3.98,4.45,4.07,4.97,2.15,1.67,1.56,2.03,1.78,2.2,1.65,1.66,1.9,1.9,4.1,4.33,4.2,5.0,1.6,1.67,4.0,4.5,4.0,5.0,2.2,1.73,1.63,2.05,1.84,2.32,1.73,1.75,1.93,2.03,4.2,5.1,4.4,5.7,1.61,1.67,3.9,4.5,4.0,4.9,1.55,1.67,3.9,4.6,4.0,5.0,1.6,1.68,4.1,4.2,4.2,4.8,1.61,1.7,4.2,4.33,4.2,4.8,1.61,1.7,4.2,4.33,4.2,4.8,2.2,1.68,1.62,2.03,1.83,2.25,1.71,1.7,1.9,1.9,4.2,4.75,4.2,5.6,,,,,,,,,,,,,,,3.0,18.0,0.0,13.0,5.0,1.0,3.0,13.0,0.0,5.0,1.0,2.0,0.0,3.0
14,5,2025-11-08 17:00,Kasımpaşa,Göztepe,0,2,2,T1,/,Kasimpasa,Goztep,0.97,0.25,0.25,1.74,1.99,2.1,1.76,1.92,1.68,2.09,2.12,1.75,1.93,3.25,3.38,3.32,3.32,1.73,2.08,2.05,1.8,2.0,1.73,2.08,2.1,1.8,2.0,3.05,3.6,3.05,3.7,2.1,2.1,3.2,3.4,3.2,3.4,1.8,2.12,2.24,1.91,2.06,1.8,2.18,2.2,1.87,2.11,3.3,4.0,3.45,3.7,2.15,2.15,3.25,3.3,3.5,3.05,2.05,2.05,3.3,3.5,3.25,3.3,2.05,2.1,3.3,3.3,3.4,3.3,2.1,2.15,3.4,3.4,3.5,3.4,2.1,2.15,3.4,3.4,3.5,3.4,1.85,2.1,2.18,1.85,2.0,1.73,2.16,2.18,1.83,2.0,3.4,3.6,3.55,3.7,,,,,,,,,,,,,,,2.0,24.0,0.0,15.0,3.0,3.0,5.0,7.0,0.0,12.0,3.0,0.0,0.0,1.0
14,6,2025-11-09 11:30,Mısırlı.com.tr Fatih Karagümrük,Tümosan Konyaspor,2,0,1,T1,/,Karagumruk,Konyaspor,0.97,0.0,0.25,1.93,1.79,2.2,1.84,1.82,1.94,1.79,2.56,1.83,1.92,3.37,2.57,3.43,3.0,1.95,1.85,2.15,1.9,1.9,2.0,1.8,2.57,1.95,1.85,3.4,2.45,3.4,3.05,2.25,2.6,3.25,2.6,3.3,3.0,1.95,1.9,2.36,2.03,1.93,2.1,1.87,2.86,2.04,1.93,3.45,2.7,3.45,3.35,2.28,2.4,3.4,2.75,3.5,2.85,2.15,2.6,3.4,2.5,3.4,3.0,2.2,2.55,3.5,2.5,3.5,3.0,2.25,2.6,3.5,2.6,3.6,3.0,2.2,2.6,3.5,2.5,3.5,3.0,2.0,1.85,2.28,1.94,1.9,2.0,1.83,2.72,1.95,2.28,3.5,2.8,3.6,3.15,,,,,,,,,,,,,,,7.0,11.0,0.0,12.0,3.0,2.0,4.0,17.0,0.0,10.0,4.0,0.0,2.0,2.0
14,7,2025-11-09 14:00,Kocaelispor,Galatasaray,1,0,1,T1,/,Kocaelispor,Galatasaray,1.0,1.25,1.25,2.37,1.53,1.42,1.88,1.83,2.16,1.64,1.42,1.9,1.81,4.42,6.66,4.59,6.31,2.4,1.53,1.42,1.95,1.85,2.15,1.67,1.42,2.0,1.8,4.5,6.5,4.75,6.0,1.4,1.4,4.33,7.0,4.5,6.5,2.48,1.54,1.48,,,2.3,1.74,1.51,2.07,1.89,4.6,8.0,5.1,7.0,1.44,1.43,4.5,6.5,4.5,6.25,1.4,1.4,4.5,7.0,4.5,6.5,1.46,1.44,4.6,6.25,4.75,6.0,1.48,1.44,4.6,6.5,4.8,6.0,1.44,1.44,4.6,6.5,4.8,6.0,2.45,1.58,1.48,1.95,1.9,2.25,1.67,1.46,2.0,1.84,4.6,7.0,4.8,7.0,,,,,,,,,,,,,,,7.0,9.0,0.0,12.0,3.0,1.0,1.0,13.0,0.0,9.0,3.0,0.0,1.0,2.0
14,8,2025-11-09 17:00,Fenerbahçe,Zecorner Kayserispor,4,2,1,T1,/,Fenerbahce,Kayserispor,1.0,-2.0,-2.0,3.04,1.34,12.39,1.97,1.76,2.96,1.36,12.06,1.87,1.86,6.93,1.18,6.81,1.16,3.1,1.36,12.0,2.03,1.78,3.1,1.36,13.0,1.85,1.95,7.5,1.13,7.5,1.15,15.0,13.0,6.5,1.18,7.0,1.14,3.2,1.37,18.0,,,3.35,1.4,18.5,1.96,1.96,8.8,1.19,9.0,1.18,11.5,11.5,6.75,1.19,7.0,1.18,13.0,13.0,7.0,1.17,7.0,1.14,13.5,11.5,7.25,1.2,7.75,1.17,15.0,12.0,7.5,1.2,8.0,1.17,13.0,12.0,7.0,1.2,8.0,1.17,3.1,1.36,15.0,2.03,1.8,3.1,1.37,13.0,1.91,1.95,7.5,1.2,8.0,1.19,,,,,,,,,,,,,,,2.0,7.0,0.0,5.0,3.0,3.0,8.0,13.0,0.0,28.0,9.0,0.0,2.0,1.0
14,9,2025-11-09 17:00,Samsunspor,ikas Eyüpspor,1,0,1,T1,/,Samsunspor,Eyupspor,1.0,-0.75,-0.75,1.86,1.85,4.32,1.79,1.93,1.94,1.78,4.59,1.83,1.89,3.73,1.7,3.64,1.74,1.95,1.85,4.33,1.83,1.98,2.0,1.8,4.5,1.93,1.88,3.9,1.62,3.7,1.71,4.33,4.5,3.6,1.8,3.6,1.73,1.98,1.86,5.1,,,2.12,1.85,5.8,2.04,1.92,3.9,1.72,3.75,1.78,4.2,4.2,3.7,1.77,3.7,1.77,4.4,4.8,3.75,1.67,3.6,1.7,4.33,4.33,3.8,1.72,3.6,1.77,4.5,4.5,3.9,1.75,3.7,1.8,4.4,4.4,3.8,1.73,3.7,1.75,1.95,1.86,4.75,1.83,1.98,2.0,1.83,5.3,1.93,1.96,3.9,1.8,3.75,1.8,,,,,,,,,,,,,,,0.0,13.0,0.0,2.0,1.0,3.0,14.0,19.0,0.0,17.0,7.0,0.0,0.0,2.0
14,10,2025-11-09 12:30,Anderlecht,Club Brugge,1,0,1,B1,/,Anderlecht,Club Brugge,1.0,0.25,0.25,2.16,1.63,2.29,1.97,1.79,2.12,1.65,2.22,1.9,1.85,3.53,2.98,3.62,2.8,2.15,1.67,2.3,2.03,1.78,2.1,1.7,2.25,1.98,1.83,3.4,3.0,3.5,2.8,2.3,2.2,3.4,3.0,3.4,2.88,2.2,1.67,2.38,2.06,1.84,2.28,1.78,2.32,2.0,1.97,3.7,3.3,3.65,2.84,2.28,2.18,3.5,3.1,3.8,2.85,2.25,2.25,3.6,2.9,3.5,2.8,2.37,2.25,3.7,2.95,3.7,2.75,2.37,2.25,3.7,2.9,3.7,2.75,2.37,2.25,3.7,2.9,3.7,2.7,2.25,1.67,2.37,2.03,1.84,2.2,1.7,2.25,1.98,1.9,3.7,3.1,3.8,2.88,,,,,,,,,,,,,,,5.0,9.0,0.0,11.0,3.0,4.0,6.0,17.0,0.0,16.0,3.0,0.0,1.0,5.0
14,11,2025-11-08 20:05,Monaco,Lens,1,4,2,F1,/,Monaco,Lens,1.0,-0.5,-0.25,2.42,1.52,3.23,2.0,1.78,2.48,1.5,3.43,1.83,1.93,3.81,1.98,3.82,2.03,2.5,1.53,3.2,2.0,1.85,2.5,1.53,3.4,1.85,2.0,3.9,2.0,3.9,2.05,3.3,3.4,3.75,2.0,3.75,2.05,2.56,1.58,3.4,2.06,1.9,2.66,1.57,3.65,1.92,2.07,4.0,2.06,3.9,2.18,3.35,3.55,3.9,1.94,3.95,2.0,3.1,3.3,3.9,2.0,3.75,2.0,3.3,3.4,3.8,2.0,3.9,2.0,3.3,3.4,3.8,2.0,3.9,2.0,3.25,3.4,3.75,2.0,3.8,2.0,2.5,1.56,3.35,2.07,1.86,2.5,1.53,3.55,1.88,2.0,3.9,2.0,4.0,2.12,2.53,1.56,2.07,1.85,2.56,1.56,1.89,2.03,3.35,3.65,3.84,2.02,3.85,2.1,4.0,19.0,0.0,20.0,12.0,2.0,5.0,15.0,1.0,16.0,6.0,3.0,1.0,1.0
14,12,2025-11-08 12:30,Tottenham Hotspur,Manchester United,2,2,0,E0,/,Tottenham,Man United,0.97,0.25,0.0,2.23,1.64,2.52,1.83,1.94,2.15,1.68,2.38,1.96,1.77,3.47,2.9,3.58,2.65,2.2,1.67,2.5,1.88,1.98,2.1,1.73,2.35,2.05,1.8,3.4,2.9,3.6,2.63,2.5,2.5,3.6,2.9,3.6,2.75,2.36,1.72,2.66,1.93,2.05,2.28,1.76,2.5,2.17,1.84,3.65,3.0,3.65,2.82,2.6,2.38,3.5,3.0,3.6,2.7,2.5,2.38,3.5,2.9,3.7,2.63,2.5,2.37,3.4,2.87,3.6,2.6,2.5,2.37,3.5,2.87,3.6,2.62,2.5,2.37,3.4,2.87,3.6,2.6,2.3,1.67,2.6,1.88,1.98,2.2,1.73,2.5,2.08,1.8,3.6,3.0,3.7,2.75,2.27,1.69,1.9,2.01,2.21,1.72,2.1,1.84,2.58,2.43,3.59,3.01,3.59,2.72,3.0,8.0,0.0,5.0,2.0,1.0,5.0,10.0,0.0,10.0,4.0,1.0,0.0,5.0
14,13,2025-11-09 16:30,Manchester City,Liverpool,3,0,1,E0,/,Man City,Liverpool,1.0,-0.5,-0.5,2.58,1.48,3.72,1.92,1.83,2.68,1.46,3.69,1.91,1.86,3.94,1.89,3.92,1.88,2.63,1.5,3.7,1.98,1.88,2.63,1.5,3.8,2.03,1.83,4.0,1.85,3.9,1.9,3.75,3.8,4.0,1.95,4.0,1.9,2.94,1.51,4.0,2.05,1.94,2.86,1.53,4.1,2.05,1.94,4.1,1.92,4.1,1.94,3.85,3.7,4.0,1.91,3.95,1.88,3.6,3.6,4.1,1.87,3.9,1.85,3.6,3.8,3.9,1.85,4.0,1.9,3.6,3.8,3.9,1.85,4.0,1.91,3.5,3.75,3.9,1.85,3.9,1.91,2.63,1.52,4.0,1.98,1.9,2.8,1.5,3.8,2.03,1.93,4.1,1.95,4.0,1.91,2.73,1.47,2.01,1.89,2.69,1.49,1.98,1.94,3.85,3.86,4.0,1.94,4.08,1.88,7.0,15.0,0.0,7.0,1.0,4.0,7.0,14.0,0.0,14.0,6.0,0.0,2.0,2.0
14,14,2025-11-08 20:00,Espanyol,Villarreal,0,2,2,SP1,/,Espanol,Villarreal,0.967,0.0,0.25,2.03,1.73,2.37,1.97,1.75,1.92,1.84,2.47,1.79,1.98,3.41,2.77,3.54,2.82,2.1,1.73,2.38,2.1,1.78,1.93,1.93,2.5,1.83,2.03,3.4,2.8,3.5,2.8,2.4,2.5,3.4,2.8,3.4,2.88,2.22,1.78,2.5,2.16,1.83,1.99,2.0,2.6,1.86,2.14,3.55,2.98,3.65,3.0,2.4,2.43,3.6,2.75,3.55,2.85,2.38,2.45,3.5,2.75,3.6,2.8,2.37,2.45,3.4,2.8,3.6,2.8,2.37,2.45,3.4,2.8,3.6,2.8,2.37,2.45,3.4,2.75,3.6,2.75,2.1,1.8,2.4,2.1,1.8,2.0,1.93,2.54,1.83,2.03,3.6,2.8,3.66,2.9,2.16,1.75,2.1,1.82,1.98,1.93,1.86,2.07,2.41,2.57,3.45,2.87,3.65,2.9,2.0,9.0,0.0,9.0,3.0,2.0,4.0,9.0,0.0,14.0,3.0,1.0,0.0,0.0
14,15,2025-11-08 17:00,Juventus,Torino,0,0,0,I1,/,Juventus,Torino,1.0,-1.0,-1.0,1.76,2.0,7.02,1.92,1.84,1.86,1.91,6.88,1.96,1.82,4.04,1.49,4.07,1.49,1.8,2.05,7.0,2.0,1.85,1.93,1.93,6.5,2.0,1.85,4.1,1.5,4.1,1.5,7.0,7.0,4.0,1.5,4.0,1.5,1.86,2.08,8.2,2.05,1.91,1.97,2.0,7.8,2.07,1.92,4.4,1.54,4.2,1.54,6.75,7.0,4.1,1.49,4.0,1.53,7.0,6.5,4.1,1.5,4.0,1.5,7.0,6.75,4.1,1.51,4.2,1.49,7.0,7.0,4.0,1.5,4.2,1.5,7.0,7.0,4.0,1.5,4.2,1.5,1.8,2.08,7.5,2.0,1.91,1.93,1.93,7.0,2.0,1.85,4.2,1.52,4.2,1.53,1.84,2.06,2.03,1.88,1.96,1.94,2.06,1.87,7.34,7.6,4.23,1.5,4.16,1.51,2.0,4.0,0.0,8.0,3.0,1.0,6.0,9.0,0.0,22.0,6.0,0.0,0.0,0.0
15,1,2025-11-15 17:00,Türkiye,Bulgaristan,2,0,1,,,,,0.333,,,,,,,,,,,,,,,,,,,,,,,,,,,,,,,,,,,,,,,,,,,,,,,,,,,,,,,,,,,,,,,,,,,,,,,,,,,,,,,,,,,,,,,,,,,,,,,,,,,,,,,,,,,,,,,,,,,,,,,,,,
15,2,2025-11-14 19:45,Polonya,Hollanda,1,1,0,,,,,0.399,,,,,,,,,,,,,,,,,,,,,,,,,,,,,,,,,,,,,,,,,,,,,,,,,,,,,,,,,,,,,,,,,,,,,,,,,,,,,,,,,,,,,,,,,,,,,,,,,,,,,,,,,,,,,,,,,,,,,,,,,,
15,3,2025-11-15 17:00,Gürcistan,İspanya,0,4,2,,,,,0.253,,,,,,,,,,,,,,,,,,,,,,,,,,,,,,,,,,,,,,,,,,,,,,,,,,,,,,,,,,,,,,,,,,,,,,,,,,,,,,,,,,,,,,,,,,,,,,,,,,,,,,,,,,,,,,,,,,,,,,,,,,
15,4,2025-11-15 17:00,Lihtenştayn,Galler,0,1,2,,,,,0.278,,,,,,,,,,,,,,,,,,,,,,,,,,,,,,,,,,,,,,,,,,,,,,,,,,,,,,,,,,,,,,,,,,,,,,,,,,,,,,,,,,,,,,,,,,,,,,,,,,,,,,,,,,,,,,,,,,,,,,,,,,
15,5,2025-11-15 19:45,Danimarka,Belarus,2,2,0,,,,,0.294,,,,,,,,,,,,,,,,,,,,,,,,,,,,,,,,,,,,,,,,,,,,,,,,,,,,,,,,,,,,,,,,,,,,,,,,,,,,,,,,,,,,,,,,,,,,,,,,,,,,,,,,,,,,,,,,,,,,,,,,,,
15,6,2025-11-15 19:45,Slovenya,Kosova,0,2,2,,,,,0.258,,,,,,,,,,,,,,,,,,,,,,,,,,,,,,,,,,,,,,,,,,,,,,,,,,,,,,,,,,,,,,,,,,,,,,,,,,,,,,,,,,,,,,,,,,,,,,,,,,,,,,,,,,,,,,,,,,,,,,,,,,
15,7,2025-11-15 19:45,Yunanistan,İskoçya,3,2,1,,,,,0.229,,,,,,,,,,,,,,,,,,,,,,,,,,,,,,,,,,,,,,,,,,,,,,,,,,,,,,,,,,,,,,,,,,,,,,,,,,,,,,,,,,,,,,,,,,,,,,,,,,,,,,,,,,,,,,,,,,,,,,,,,,
15,8,2025-11-15 19:45,İsviçre,İsveç,4,1,1,,,,,0.0,,,,,,,,,,,,,,,,,,,,,,,,,,,,,,,,,,,,,,,,,,,,,,,,,,,,,,,,,,,,,,,,,,,,,,,,,,,,,,,,,,,,,,,,,,,,,,,,,,,,,,,,,,,,,,,,,,,,,,,,,,
15,9,2025-11-16 14:00,Macaristan,İrlanda Cumhuriyeti,2,3,2,,,,,0.0,,,,,,,,,,,,,,,,,,,,,,,,,,,,,,,,,,,,,,,,,,,,,,,,,,,,,,,,,,,,,,,,,,,,,,,,,,,,,,,,,,,,,,,,,,,,,,,,,,,,,,,,,,,,,,,,,,,,,,,,,,
15,10,2025-11-16 17:00,Arnavutluk,İngiltere,0,2,2,,,,,0.387,,,,,,,,,,,,,,,,,,,,,,,,,,,,,,,,,,,,,,,,,,,,,,,,,,,,,,,,,,,,,,,,,,,,,,,,,,,,,,,,,,,,,,,,,,,,,,,,,,,,,,,,,,,,,,,,,,,,,,,,,,
15,11,2025-11-16 17:00,Azerbaycan,Fransa,1,3,2,,,,,0.319,,,,,,,,,,,,,,,,,,,,,,,,,,,,,,,,,,,,,,,,,,,,,,,,,,,,,,,,,,,,,,,,,,,,,,,,,,,,,,,,,,,,,,,,,,,,,,,,,,,,,,,,,,,,,,,,,,,,,,,,,,
15,12,2025-11-16 17:00,Sırbistan,Letonya,2,1,1,,,,,0.417,,,,,,,,,,,,,,,,,,,,,,,,,,,,,,,,,,,,,,,,,,,,,,,,,,,,,,,,,,,,,,,,,,,,,,,,,,,,,,,,,,,,,,,,,,,,,,,,,,,,,,,,,,,,,,,,,,,,,,,,,,
15,13,2025-11-16 19:45,İtalya,Norveç,1,4,2,,,,,0.0,,,,,,,,,,,,,,,,,,,,,,,,,,,,,,,,,,,,,,,,,,,,,,,,,,,,,,,,,,,,,,,,,,,,,,,,,,,,,,,,,,,,,,,,,,,,,,,,,,,,,,,,,,,,,,,,,,,,,,,,,,
15,14,2025-11-17 19:45,Almanya,Slovakya,6,0,1,,,,,0.0,,,,,,,,,,,,,,,,,,,,,,,,,,,,,,,,,,,,,,,,,,,,,,,,,,,,,,,,,,,,,,,,,,,,,,,,,,,,,,,,,,,,,,,,,,,,,,,,,,,,,,,,,,,,,,,,,,,,,,,,,,
15,15,2025-11-17 19:45,Kuzey İrlanda,Lüksemburg,1,0,1,,,,,0.325,,,,,,,,,,,,,,,,,,,,,,,,,,,,,,,,,,,,,,,,,,,,,,,,,,,,,,,,,,,,,,,,,,,,,,,,,,,,,,,,,,,,,,,,,,,,,,,,,,,,,,,,,,,,,,,,,,,,,,,,,,
16,1,2025-11-22 11:30,Zecorner Kayserispor,Gaziantep FK,0,3,2,T1,/,Kayserispor,Gaziantep,1.0,0.0,0.0,2.11,1.66,2.54,1.87,1.86,2.2,1.61,2.66,1.95,1.79,3.49,2.44,3.43,2.54,2.15,1.67,2.57,1.95,1.85,2.25,1.62,2.82,2.08,1.73,3.6,2.3,3.5,2.5,2.6,2.75,3.4,2.4,3.4,2.5,2.26,1.7,2.82,2.05,1.88,2.42,1.67,2.92,2.15,1.84,3.75,2.5,3.55,2.56,2.48,2.48,3.55,2.55,3.45,2.63,2.5,2.63,3.6,2.4,3.5,2.45,2.55,2.6,3.5,2.45,3.5,2.5,2.6,2.62,3.6,2.5,3.6,2.5,2.6,2.62,3.6,2.45,3.6,2.5,2.2,1.7,2.63,1.95,1.91,2.25,1.65,2.82,2.08,1.9,3.6,2.63,3.6,2.7,,,,,2.32,1.65,2.1,1.83,,2.85,3.58,2.48,,,0.0,11.0,0.0,6.0,3.0,1.0,3.0,14.0,0.0,15.0,1.0,2.0,0.0,1.0
16,2,2025-11-22 14:00,ikas Eyüpspor,Mısırlı.com.tr Fatih Karagümrük,1,1,0,T1,/,Eyupspor,Karagumruk,0.97,-0.25,-0.5,1.88,1.82,3.99,1.89,1.81,1.91,1.79,3.51,2.0,1.71,3.4,2.01,3.53,1.84,1.93,1.88,4.0,1.95,1.85,1.95,1.85,3.6,2.08,1.73,3.6,1.96,3.7,1.81,4.0,3.4,3.4,2.05,3.4,1.9,1.97,1.96,4.5,2.01,1.95,1.98,2.0,3.85,2.17,1.81,3.65,2.1,3.6,1.95,3.95,3.6,3.45,1.97,3.5,1.85,3.9,3.6,3.25,2.05,3.5,1.8,4.0,3.5,3.5,2.0,3.6,1.83,4.0,3.6,3.4,2.0,3.6,1.85,4.0,3.6,3.5,2.0,3.6,1.85,1.93,1.88,4.2,1.95,1.85,2.1,1.9,3.65,2.08,1.75,3.6,2.1,3.7,1.9,,,,,1.99,1.9,2.1,1.83,,3.64,3.53,2.1,,,6.0,18.0,0.0,9.0,2.0,2.0,5.0,16.0,0.0,12.0,4.0,0.0,0.0,1.0
16,3,2025-11-22 17:00,Galatasaray,Natura Dünyası Gençlerbirliği,3,2,1,T1,/,Galatasaray,Genclerbirligi,1.0,-2.0,-2.25,3.02,1.34,14.19,1.81,1.89,2.44,1.5,14.03,1.87,1.86,6.67,1.17,7.48,1.15,3.1,1.36,13.0,1.8,2.0,2.35,1.57,13.0,1.78,2.03,6.5,1.17,8.0,1.13,15.0,15.0,6.5,1.17,7.0,1.14,3.3,1.37,18.0,1.86,1.99,2.7,1.57,22.0,1.9,2.03,7.8,1.2,9.2,1.17,16.0,15.0,7.0,1.16,8.0,1.13,15.0,15.0,6.5,1.17,7.0,1.13,13.5,15.0,6.75,1.18,7.75,1.17,15.0,15.0,7.0,1.18,8.0,1.17,13.0,15.0,7.0,1.18,8.0,1.17,3.1,1.36,16.0,1.86,2.0,2.65,1.57,15.0,1.95,2.03,7.5,1.2,8.5,1.17,3.04,1.38,1.82,2.05,2.55,1.54,1.88,2.01,14.59,15.15,7.74,1.18,8.82,1.14,2.0,6.0,1.0,11.0,5.0,3.0,4.0,11.0,1.0,28.0,9.0,1.0,0.0,3.0
16,4,2025-11-23 11:30,Göztepe,Kocaelispor,0,0,0,T1,/,Goztep,Kocaelispor,0.97,-0.5,-0.75,1.67,2.08,5.16,1.88,1.82,1.58,2.25,3.99,1.79,1.91,3.13,1.99,3.57,1.66,1.7,2.1,5.5,1.9,1.9,1.57,2.35,4.0,1.78,2.03,3.2,2.01,3.6,1.62,5.0,4.0,3.1,2.0,3.5,1.67,1.73,1.96,5.8,,,1.63,2.5,4.8,1.9,2.08,3.15,2.08,3.7,1.79,5.4,4.4,3.2,1.86,3.6,1.64,5.0,3.75,3.25,2.0,3.5,1.65,5.0,3.8,3.1,2.0,3.7,1.68,5.0,3.9,3.2,2.05,3.75,1.7,5.0,3.9,3.2,2.05,3.7,1.7,1.7,2.1,5.5,1.9,1.9,1.65,2.35,4.5,1.86,2.03,3.3,2.05,3.75,1.7,1.72,2.14,1.93,1.93,1.6,2.45,1.85,2.06,5.33,4.4,3.13,2.05,3.59,1.7,6.0,7.0,0.0,10.0,3.0,4.0,4.0,16.0,0.0,8.0,0.0,0.0,0.0,2.0
16,5,2025-11-23 14:00,Corendon Alanyaspor,Kasımpaşa,1,2,2,T1,/,Alanyaspor,Kasimpasa,1.0,-0.5,-0.5,1.89,1.81,3.93,1.89,1.82,1.87,1.83,3.98,1.88,1.82,3.5,1.86,3.53,1.85,1.98,1.83,4.0,1.98,1.83,1.9,1.9,3.9,1.93,1.88,3.6,1.86,3.6,1.81,4.0,4.0,3.4,1.9,3.4,1.9,2.0,1.84,4.3,,,2.0,1.98,4.5,2.01,1.97,3.6,1.96,3.7,1.87,3.65,3.85,3.55,1.87,3.5,1.94,3.9,4.0,3.6,1.83,3.5,1.8,3.9,3.9,3.5,1.88,3.6,1.85,4.0,4.0,3.5,1.91,3.7,1.85,4.0,4.0,3.5,1.91,3.6,1.85,1.98,1.85,4.2,1.98,1.89,1.93,1.9,4.2,1.93,1.9,3.6,1.91,3.7,1.98,1.98,1.85,2.02,1.84,1.96,1.93,1.96,1.94,4.18,4.26,3.53,1.93,3.72,1.83,1.0,16.0,0.0,9.0,4.0,2.0,13.0,9.0,0.0,17.0,6.0,0.0,1.0,1.0
16,6,2025-11-23 14:00,Beşiktaş,Samsunspor,1,1,0,T1,/,Besiktas,Samsunspor,1.0,-0.5,-0.5,1.99,1.74,3.99,1.92,1.78,2.11,1.66,3.62,1.8,1.89,3.55,1.93,3.6,1.82,2.05,1.75,4.0,1.9,1.9,2.1,1.7,3.75,1.85,1.95,3.5,1.91,3.5,1.86,4.0,3.4,3.6,1.95,3.5,1.83,2.02,1.66,4.2,,,2.28,1.76,4.2,1.92,2.06,3.6,2.06,3.65,1.97,4.4,3.65,3.5,1.95,3.75,1.72,3.7,3.6,3.7,1.9,3.5,1.85,3.9,3.6,3.7,1.9,3.7,1.82,4.0,3.7,3.75,1.91,3.8,1.83,4.0,3.7,3.7,1.91,3.75,1.83,2.05,1.8,4.5,2.02,1.9,2.2,1.7,3.8,1.85,1.95,3.75,2.0,3.8,1.91,2.04,1.8,1.94,1.91,2.26,1.69,1.92,1.99,4.02,3.99,3.59,1.98,3.61,1.9,3.0,17.0,0.0,14.0,6.0,2.0,4.0,10.0,0.0,14.0,2.0,0.0,0.0,2.0
16,7,2025-11-23 17:00,Çaykur Rizespor,Fenerbahçe,2,5,2,T1,/,Rizespor,Fenerbahce,1.0,1.0,1.0,2.08,1.67,1.49,1.79,1.93,2.12,1.65,1.57,1.9,1.82,4.05,5.29,4.19,5.89,2.1,1.7,1.51,1.93,1.88,2.2,1.65,1.57,2.03,1.78,3.9,5.25,4.0,6.0,1.5,1.6,4.0,5.0,4.0,6.0,2.2,1.59,1.54,,,2.34,1.71,1.64,2.12,1.87,4.1,6.6,4.6,6.4,1.46,1.53,4.1,5.75,4.3,6.4,1.5,1.57,4.1,5.25,4.1,5.5,1.51,1.58,4.2,5.0,4.33,5.5,1.53,1.6,4.33,5.0,4.5,5.75,1.53,1.6,4.33,5.0,4.4,5.5,2.1,1.7,1.53,1.93,1.98,2.2,1.68,1.6,2.03,1.95,4.33,5.8,4.5,6.5,2.15,1.72,1.93,1.92,2.27,1.68,2.07,1.85,1.52,1.6,4.09,6.05,4.25,6.13,9.0,6.0,0.0,28.0,14.0,1.0,5.0,16.0,1.0,6.0,2.0,0.0,2.0,3.0
16,8,2025-11-24 17:00,Rams Başakşehir,Trabzonspor,3,4,2,T1,/,Buyuksehyr,Trabzonspor,1.0,-0.25,0.0,1.92,1.8,2.62,1.9,1.83,1.93,1.78,2.79,1.7,2.02,3.34,2.39,3.31,2.51,2.0,1.8,2.57,1.93,1.88,2.0,1.8,2.95,1.8,2.0,3.4,2.25,3.4,2.55,2.63,2.8,3.3,2.4,3.25,2.5,,,2.84,,,2.08,1.9,3.05,1.83,2.16,3.6,2.48,1.01,2.8,2.75,2.8,3.25,2.45,3.35,2.43,2.55,2.8,3.4,2.38,3.3,2.5,2.55,2.65,3.4,2.45,3.4,2.55,2.6,2.7,3.5,2.45,3.5,2.6,2.6,2.7,3.5,2.45,3.4,2.6,2.0,1.83,2.8,2.0,1.88,2.0,1.83,2.95,1.8,2.05,3.5,2.5,3.5,2.6,2.02,1.83,1.95,1.9,2.06,1.84,1.81,2.12,2.7,2.97,3.46,2.46,3.34,2.63,10.0,11.0,0.0,22.0,12.0,2.0,1.0,15.0,1.0,9.0,3.0,1.0,2.0,2.0
16,9,2025-11-24 17:00,Tümosan Konyaspor,Hesap.com Antalyaspor,0,0,0,T1,/,Konyaspor,Antalyaspor,1.0,-0.75,-0.75,1.89,1.82,4.71,1.87,1.82,1.93,1.79,4.7,1.86,1.83,3.74,1.68,3.7,1.67,1.98,1.83,5.0,1.9,1.9,2.05,1.75,5.0,1.95,1.85,3.7,1.62,3.6,1.66,5.0,4.6,3.75,1.67,3.6,1.67,,,5.3,,,2.12,1.85,5.5,1.98,2.0,3.9,1.78,3.85,1.69,4.8,4.6,3.7,1.7,3.75,1.66,4.6,4.8,3.8,1.65,3.7,1.65,4.6,4.5,3.8,1.7,3.7,1.7,4.8,4.6,3.9,1.73,3.8,1.73,4.6,4.6,3.8,1.7,3.75,1.7,1.98,1.85,5.1,1.9,1.9,2.05,1.82,5.0,1.95,1.85,3.9,1.73,3.8,1.73,2.0,1.84,1.95,1.9,2.03,1.86,1.96,1.94,4.71,5.03,3.85,1.73,3.98,1.69,2.0,8.0,0.0,4.0,0.0,2.0,10.0,15.0,0.0,12.0,1.0,0.0,0.0,1.0
16,10,2025-11-22 14:30,Borussia Dortmund,Vfb Stuttgart,3,3,0,D1,/,Dortmund,Stuttgart,0.97,-0.75,-0.75,2.47,1.51,4.11,1.86,1.91,2.39,1.55,4.14,1.82,1.95,3.88,1.78,4.03,1.74,2.5,1.53,4.33,1.85,2.0,2.38,1.57,4.2,1.88,1.98,3.9,1.75,4.0,1.75,4.33,4.2,3.75,1.8,4.0,1.73,2.62,1.58,4.5,1.96,2.02,2.48,1.65,4.4,1.85,2.15,4.0,1.91,4.4,1.81,4.35,4.35,3.85,1.77,4.2,1.72,3.9,4.2,4.0,1.73,3.9,1.7,4.0,4.2,3.9,1.78,4.1,1.77,4.0,4.2,3.9,1.8,4.0,1.75,4.0,4.2,3.8,1.8,4.0,1.75,2.5,1.53,4.35,1.91,2.0,2.5,1.6,4.35,1.88,2.0,4.0,1.85,4.2,1.78,2.51,1.55,1.89,2.02,2.39,1.61,1.87,2.07,4.25,4.38,3.93,1.83,4.11,1.79,4.0,10.0,0.0,16.0,6.0,1.0,2.0,12.0,0.0,14.0,6.0,0.0,2.0,1.0
16,11,2025-11-22 17:30,FC Köln,Eintracht Frankfurt,3,4,2,D1,/,FC Koln,Ein Frankfurt,1.0,0.0,0.25,2.49,1.5,2.19,1.85,1.88,2.38,1.55,2.41,1.77,2.0,3.6,2.7,3.77,2.91,2.5,1.53,2.2,1.93,1.93,2.38,1.57,2.4,1.8,2.05,3.6,2.7,3.75,3.0,2.2,2.4,3.6,2.75,3.75,3.0,2.7,1.55,2.28,1.99,1.97,2.58,1.61,2.58,1.88,2.11,3.7,2.9,4.0,3.15,2.18,2.45,3.75,2.65,3.8,3.05,2.15,2.38,3.7,2.7,3.6,2.8,2.25,2.4,3.6,2.7,3.75,2.87,2.25,2.4,3.6,2.7,3.75,2.87,2.25,2.4,3.6,2.7,3.7,2.87,2.5,1.53,2.25,1.93,1.93,2.5,1.61,2.45,1.83,2.05,3.75,2.8,4.2,3.05,2.58,1.52,1.96,1.94,2.48,1.57,1.84,2.1,2.23,2.49,3.67,2.83,3.79,3.1,3.0,5.0,0.0,11.0,7.0,0.0,3.0,6.0,0.0,11.0,5.0,2.0,1.0,0.0
16,12,2025-11-23 16:30,Arsenal,Tottenham Hotspur,4,1,1,E0,/,Arsenal,Tottenham,0.97,-1.0,-1.25,2.0,1.77,8.03,1.9,1.87,1.86,1.92,7.15,2.06,1.74,4.29,1.47,4.66,1.39,2.0,1.8,7.5,1.9,1.95,1.88,1.98,7.0,2.05,1.8,4.33,1.48,4.75,1.42,8.5,8.0,4.33,1.44,4.6,1.4,2.08,1.9,9.4,1.95,2.0,1.97,2.02,8.2,2.16,1.84,4.6,1.5,5.0,1.44,8.5,7.5,4.25,1.47,4.9,1.38,8.0,8.0,4.4,1.44,4.5,1.36,8.0,6.75,4.33,1.47,4.6,1.4,8.0,7.0,4.33,1.48,4.6,1.4,8.0,6.5,4.33,1.48,4.6,1.4,2.06,1.83,8.5,1.95,1.95,1.91,2.0,8.0,2.1,1.83,4.4,1.5,4.9,1.42,2.05,1.85,1.93,1.98,1.9,2.0,2.12,1.83,7.88,7.69,4.47,1.47,4.75,1.43,1.0,15.0,0.0,3.0,2.0,3.0,4.0,11.0,0.0,17.0,8.0,0.0,2.0,1.0
16,13,2025-11-22 15:15,Barcelona,Athletic Bilbao,4,0,1,SP1,/,Barcelona,Ath Bilbao,1.0,-1.25,-1.25,2.49,1.5,6.7,1.92,1.85,2.67,1.44,6.67,1.94,1.84,5.01,1.41,5.01,1.41,2.5,1.53,7.0,1.98,1.88,2.75,1.44,6.25,1.93,1.93,5.0,1.45,5.5,1.36,7.5,7.0,5.0,1.4,5.0,1.4,2.68,1.58,8.0,2.04,1.92,2.92,1.5,7.4,2.01,1.98,5.2,1.48,5.6,1.43,7.0,7.0,5.2,1.38,5.1,1.41,7.0,7.0,5.0,1.4,5.0,1.4,6.25,6.5,5.0,1.43,5.0,1.44,6.0,6.5,5.0,1.44,5.0,1.44,6.0,6.5,5.0,1.44,4.8,1.44,2.55,1.53,7.5,1.98,1.9,2.75,1.46,7.0,1.98,1.93,5.2,1.45,5.5,1.44,2.61,1.53,2.01,1.9,2.78,1.47,1.95,1.97,6.94,7.0,5.25,1.43,5.31,1.42,7.0,9.0,1.0,13.0,2.0,2.0,5.0,9.0,0.0,19.0,7.0,0.0,2.0,0.0
16,14,2025-11-22 19:45,Napoli,Atalanta,3,1,1,I1,/,Napoli,Atalanta,1.0,-0.25,-0.25,1.73,2.05,3.4,1.93,1.84,1.67,2.15,3.29,1.84,1.93,3.08,2.31,3.25,2.19,1.73,2.1,3.4,1.95,1.9,1.67,2.2,3.4,1.88,1.98,3.1,2.25,3.25,2.25,3.4,3.2,3.1,2.38,3.25,2.2,1.82,2.18,3.65,2.01,1.97,1.73,2.34,3.6,1.91,2.08,3.1,2.48,3.35,2.32,3.55,3.4,3.15,2.28,3.35,2.12,3.3,3.3,3.1,2.3,3.3,2.2,3.4,3.25,3.1,2.35,3.3,2.2,3.4,3.25,3.1,2.3,3.3,2.2,3.3,3.2,3.1,2.3,3.25,2.15,1.75,2.1,3.55,1.98,1.9,1.7,2.22,3.4,1.88,2.0,3.15,2.4,3.35,2.25,1.76,2.15,1.96,1.94,1.69,2.29,1.86,2.07,3.54,3.38,3.11,2.44,3.22,2.27,3.0,12.0,0.0,14.0,3.0,2.0,5.0,11.0,0.0,11.0,6.0,0.0,3.0,1.0
16,15,2025-11-23 19:45,Inter,Milan,0,1,2,I1,/,Inter,Milan,1.0,-0.5,-0.5,1.9,1.85,3.95,1.88,1.89,1.73,2.06,3.89,1.77,2.02,3.13,2.04,3.44,1.91,1.98,1.88,4.0,1.9,1.95,1.73,2.1,4.0,1.83,2.03,3.2,2.05,3.5,1.9,4.0,3.75,3.3,2.0,3.5,1.95,2.04,1.91,4.2,1.93,2.04,1.84,2.18,4.4,1.9,2.1,3.25,2.12,3.6,2.04,4.1,4.2,3.05,2.05,3.5,1.9,3.7,3.8,3.25,2.05,3.5,1.93,4.0,3.8,3.2,2.1,3.5,1.9,3.75,3.5,3.0,2.0,3.3,1.83,3.75,3.5,3.0,2.0,3.3,1.83,1.98,1.91,4.25,1.91,1.95,1.78,2.1,4.2,1.83,2.08,3.3,2.14,3.5,1.95,1.99,1.89,1.91,2.0,1.78,2.14,1.83,2.11,4.09,4.17,3.2,2.1,3.48,1.99,1.0,9.0,0.0,7.0,3.0,2.0,9.0,7.0,0.0,20.0,6.0,0.0,0.0,1.0
17,1,2025-11-28 17:00,Kocaelispor,Natura Dünyası Gençlerbirliği,1,0,1,T1,/,Kocaelispor,Genclerbirligi,1.0,-0.75,-0.5,1.66,2.11,4.05,1.85,1.85,1.7,2.04,4.95,1.8,1.9,3.54,1.7,3.3,1.89,1.7,2.1,4.2,1.9,1.9,1.75,2.05,5.0,1.93,1.88,3.7,1.62,3.4,1.81,4.0,5.0,3.5,1.7,3.25,1.91,1.75,2.26,4.8,2.03,1.95,1.82,2.18,6.0,2.01,1.96,3.8,1.74,3.45,1.95,4.1,4.6,3.45,1.77,3.3,1.89,3.9,5.0,3.6,1.67,3.25,1.87,3.9,5.0,3.6,1.68,3.4,1.93,3.9,5.25,3.7,1.7,3.4,1.95,3.9,5.0,3.6,1.7,3.4,1.95,1.7,2.15,4.33,1.9,1.91,1.75,2.1,5.9,1.93,1.96,3.7,1.81,3.4,1.95,1.73,2.2,1.95,1.95,1.79,2.08,1.97,1.93,4.4,5.61,3.64,1.71,3.4,1.94,1.0,15.0,0.0,5.0,0.0,0.0,6.0,16.0,0.0,15.0,4.0,0.0,1.0,0.0
17,2,2025-11-29 11:30,Çaykur Rizespor,Zecorner Kayserispor,0,1,2,T1,/,Rizespor,Kayserispor,1.0,-0.5,-0.5,2.07,1.69,3.66,1.86,1.84,2.22,1.59,3.78,1.89,1.81,3.69,1.85,3.64,1.88,2.15,1.67,3.6,1.9,1.9,2.35,1.57,3.7,1.95,1.85,3.9,1.81,3.75,1.86,3.6,3.75,3.6,1.9,3.6,1.91,2.24,1.73,4.5,2.03,1.92,2.42,1.69,4.4,2.07,1.92,3.85,1.92,3.7,1.92,3.75,3.75,3.65,1.88,3.6,1.88,3.6,3.7,3.8,1.85,3.6,1.85,3.7,3.75,3.75,1.85,3.7,1.88,3.75,3.8,3.8,1.85,3.75,1.91,3.7,3.8,3.8,1.85,3.7,1.91,2.2,1.75,3.8,1.91,1.9,2.35,1.63,4.0,1.95,1.85,3.9,1.92,3.75,1.93,2.19,1.7,1.94,1.93,2.33,1.65,2.0,1.9,3.87,4.18,3.73,1.89,3.71,1.91,5.0,15.0,0.0,10.0,5.0,3.0,5.0,16.0,0.0,16.0,3.0,0.0,0.0,2.0
17,3,2025-11-29 14:00,Gaziantep FK,ikas Eyüpspor,1,2,2,T1,/,Gaziantep,Eyupspor,1.0,-0.5,-0.5,1.93,1.78,3.86,1.88,1.82,2.06,1.69,3.55,1.81,1.89,3.57,1.95,3.59,1.85,2.0,1.8,4.1,1.98,1.83,2.2,1.65,3.6,1.8,2.0,3.5,1.91,3.5,1.81,4.0,3.6,3.5,1.95,3.5,1.83,2.06,1.87,4.5,2.07,1.9,2.34,1.7,3.95,1.89,2.1,3.65,2.1,3.85,1.9,3.55,3.85,3.6,1.86,3.5,1.96,3.9,3.4,3.6,2.0,3.5,1.8,3.8,3.3,3.7,1.98,3.6,1.87,3.9,3.4,3.75,2.0,3.7,1.91,3.9,3.4,3.75,2.0,3.7,1.85,2.0,1.83,4.1,1.98,1.91,2.2,1.74,3.95,1.87,2.0,3.75,2.0,3.8,2.0,2.03,1.8,2.01,1.86,2.17,1.74,1.89,2.01,3.97,3.78,3.69,2.0,3.86,1.85,6.0,18.0,0.0,17.0,7.0,4.0,13.0,13.0,0.0,13.0,5.0,1.0,0.0,1.0
17,4,2025-11-29 17:00,Kasımpaşa,Rams Başakşehir,1,3,2,T1,/,Kasimpasa,Buyuksehyr,1.0,0.25,0.25,1.92,1.8,2.16,1.78,1.86,1.92,1.8,2.19,1.8,1.85,3.41,3.07,3.41,3.11,2.0,1.8,2.15,1.9,1.9,2.0,1.8,2.2,1.95,1.85,3.5,2.95,3.5,3.05,2.2,2.25,3.3,3.0,3.3,3.1,2.08,1.8,2.26,1.95,1.95,2.06,1.9,2.3,1.99,1.98,3.6,3.35,3.55,3.3,2.12,2.12,3.45,3.2,3.45,3.15,2.15,2.2,3.5,3.0,3.4,3.0,2.15,2.2,3.5,3.0,3.5,3.1,2.15,2.2,3.6,3.1,3.6,3.2,2.15,2.2,3.5,3.0,3.5,3.1,2.0,1.83,2.24,1.9,1.9,2.0,1.83,2.28,1.95,1.89,3.6,3.25,3.6,3.2,2.04,1.83,1.92,1.95,2.03,1.86,1.99,1.92,2.19,2.3,3.41,3.27,3.54,3.22,3.0,17.0,1.0,11.0,6.0,5.0,12.0,13.0,0.0,16.0,5.0,2.0,0.0,4.0
17,5,2025-11-29 17:00,Trabzonspor,Tümosan Konyaspor,3,1,1,T1,/,Trabzonspor,Konyaspor,1.0,-1.0,-0.75,2.06,1.69,4.66,4.4,1.81,2.18,1.62,5.56,1.82,1.89,3.99,1.55,3.89,1.65,2.1,1.7,5.0,1.95,1.85,2.25,1.62,5.5,1.88,1.93,4.1,1.51,3.8,1.61,4.6,5.5,4.0,1.53,3.75,1.67,2.2,1.74,5.3,2.06,1.89,2.36,1.69,6.8,1.96,2.0,4.1,1.61,4.2,1.7,4.6,5.2,4.1,1.56,3.8,1.68,4.5,5.5,4.1,1.53,3.75,1.65,4.6,5.25,4.0,1.58,4.1,1.63,4.8,5.5,4.0,1.6,4.2,1.65,4.8,5.25,4.0,1.6,4.2,1.65,2.1,1.75,5.0,22.0,1.85,2.25,1.65,6.33,1.91,1.95,4.2,1.6,4.2,1.72,2.17,1.72,1.95,1.92,2.3,1.63,1.92,1.98,4.67,6.6,3.93,1.58,3.99,1.69,3.0,13.0,0.0,16.0,4.0,2.0,3.0,15.0,0.0,19.0,8.0,1.0,1.0,1.0
17,6,2025-11-30 14:00,Hesap.com Antalyaspor,Göztepe,1,2,2,T1,/,Antalyaspor,Goztep,0.97,0.5,0.5,1.59,2.23,1.98,1.93,1.77,1.66,2.11,1.91,1.87,1.83,3.3,4.0,3.2,3.82,1.62,2.25,1.96,2.0,1.8,1.67,2.15,1.86,1.93,1.88,3.3,4.0,3.2,3.9,2.0,1.91,3.25,4.0,3.1,4.0,1.25,1.01,2.06,,,1.75,2.3,2.02,2.02,1.96,3.35,4.6,3.35,4.3,1.95,1.93,3.3,3.9,3.25,3.9,1.95,1.9,3.3,4.0,3.2,3.75,2.0,1.93,3.4,3.9,3.25,3.75,2.0,1.95,3.4,4.0,3.3,3.8,2.0,1.95,3.4,4.0,3.3,3.8,1.62,2.25,2.02,2.0,1.83,1.67,2.15,1.97,1.93,1.91,3.4,4.2,3.3,4.0,1.63,2.32,2.03,1.83,1.71,2.22,1.98,1.93,2.02,1.97,3.4,4.31,3.29,3.95,4.0,20.0,0.0,16.0,8.0,2.0,1.0,11.0,0.0,8.0,3.0,0.0,1.0,0.0
17,7,2025-11-30 17:00,Mısırlı.com.tr Fatih Karagümrük,Beşiktaş,0,2,2,T1,/,Karagumruk,Besiktas,0.97,0.75,0.75,2.19,1.61,1.67,4.36,1.85,2.23,1.59,1.66,1.79,1.91,3.96,4.35,3.93,4.42,2.25,1.62,1.66,1.93,1.88,2.3,1.6,1.62,1.85,1.95,3.9,4.5,3.9,4.5,1.67,1.67,3.5,2.75,4.0,4.5,1.25,1.01,1.75,,,2.4,1.7,1.79,1.97,1.98,4.2,4.8,4.4,4.8,1.68,1.67,3.85,4.6,3.75,4.6,1.67,1.65,4.0,4.6,3.8,4.2,1.65,1.7,4.0,4.33,4.1,4.5,1.67,1.7,4.2,4.33,4.2,4.6,1.65,1.7,4.0,4.33,4.2,4.6,2.25,1.68,1.73,22.0,1.88,2.3,1.63,1.7,1.85,1.95,4.2,4.7,4.2,4.7,2.29,1.63,1.92,1.93,2.37,1.63,1.93,1.98,1.71,1.72,4.18,4.6,4.08,4.45,9.0,11.0,0.0,27.0,12.0,0.0,2.0,11.0,0.0,7.0,0.0,1.0,0.0,3.0
17,8,2025-12-01 17:00,Fenerbahçe,Galatasaray,1,1,0,T1,/,Fenerbahce,Galatasaray,1.0,-0.25,-0.25,2.12,1.66,3.05,4.38,1.84,2.09,1.67,3.03,1.81,1.89,3.38,2.22,3.46,2.16,2.15,1.67,3.2,1.9,1.9,2.15,1.67,2.95,1.88,1.93,3.5,2.2,3.5,2.1,3.0,3.0,3.4,2.2,3.4,2.2,,,3.35,,,2.24,1.79,3.2,1.94,2.03,3.65,2.38,3.5,2.34,3.1,3.1,3.25,2.23,3.5,2.15,3.1,3.0,3.4,2.25,3.3,2.15,2.9,3.0,3.5,2.2,3.7,2.15,3.0,3.0,3.6,2.25,3.75,2.2,2.9,3.0,3.5,2.2,3.75,2.2,2.2,1.67,3.2,22.0,1.9,2.15,1.7,3.2,1.88,1.93,3.6,2.28,3.75,2.22,2.23,1.67,1.93,1.93,2.21,1.72,1.93,1.98,3.3,3.22,3.51,2.28,3.35,2.23,3.0,22.0,0.0,6.0,2.0,4.0,7.0,12.0,0.0,17.0,2.0,1.0,0.0,3.0
17,9,2025-12-01 17:00,Samsunspor,Corendon Alanyaspor,1,1,0,T1,/,Samsunspor,Alanyaspor,1.0,-0.5,-0.5,1.84,1.87,4.12,1.92,1.78,1.85,1.85,4.36,1.98,1.74,3.57,1.76,3.53,1.8,1.85,1.95,4.33,2.0,1.8,1.9,1.9,4.75,2.05,1.75,3.5,1.71,3.6,1.76,4.2,4.33,3.6,1.73,3.5,1.8,,,5.3,,,1.97,2.0,5.1,2.14,1.86,3.7,1.86,3.5,1.82,3.8,4.1,3.65,1.79,3.6,1.87,4.1,4.5,3.6,1.75,3.5,1.75,4.2,4.33,3.5,1.78,3.5,1.83,4.2,4.4,3.6,1.8,3.5,1.85,4.2,4.33,3.6,1.8,3.5,1.85,1.94,1.95,4.35,2.0,1.83,1.9,1.9,4.8,2.1,1.75,3.75,1.83,3.7,1.91,1.88,1.95,2.04,1.82,1.94,1.94,2.09,1.82,4.49,4.75,3.63,1.82,3.58,1.81,1.0,12.0,0.0,10.0,4.0,2.0,3.0,28.0,1.0,7.0,1.0,0.0,1.0,3.0
17,10,2025-11-29 17:30,Bayer Leverkusen,Borussia Dortmund,1,2,2,D1,/,Leverkusen,Dortmund,1.0,0.0,0.0,2.35,1.56,2.59,5.27,1.83,2.34,1.57,2.49,1.82,1.95,3.54,2.66,3.62,2.47,2.38,1.57,2.63,1.98,1.88,2.38,1.57,2.45,1.83,2.03,3.6,2.7,3.6,2.55,2.63,2.5,3.6,2.63,3.6,2.5,2.52,1.61,2.74,2.01,1.97,2.58,1.62,2.64,1.93,2.04,3.7,2.84,3.8,2.68,2.63,2.6,3.4,2.7,3.7,2.48,2.5,2.45,3.7,2.6,3.5,2.4,2.6,2.5,3.6,2.6,3.7,2.5,2.6,2.5,3.6,2.62,3.7,2.5,2.6,2.5,3.6,2.6,3.6,2.5,2.4,1.6,2.66,22.0,1.88,2.45,1.62,2.6,1.85,2.03,3.7,2.75,3.75,2.55,2.43,1.6,2.0,1.9,2.44,1.61,1.89,2.04,2.67,2.57,3.61,2.77,3.77,2.54,3.0,9.0,0.0,7.0,4.0,4.0,10.0,7.0,0.0,14.0,4.0,1.0,0.0,3.0
17,11,2025-11-29 16:00,Monaco,Paris St Germain,1,0,1,F1,/,Monaco,Paris SG,0.952,0.75,1.0,2.75,1.41,1.57,4.11,1.91,2.93,1.38,1.66,1.78,2.0,4.32,4.42,4.47,4.95,2.75,1.44,1.6,1.95,1.9,2.75,1.44,1.7,1.88,1.98,4.2,4.33,4.33,5.0,1.57,1.67,4.33,4.33,4.5,5.0,3.0,1.47,1.62,1.96,1.98,3.15,1.44,1.73,1.9,2.08,4.6,4.8,4.8,5.5,1.54,1.64,4.4,4.6,4.7,5.2,1.53,1.65,4.33,4.4,4.33,4.8,1.6,1.66,4.4,4.33,4.5,4.8,1.6,1.67,4.4,4.33,4.5,4.8,1.6,1.65,4.4,4.33,4.4,4.8,2.88,1.44,1.6,22.0,1.97,3.05,1.44,1.7,1.88,2.06,4.4,4.6,4.7,5.25,2.81,1.44,1.96,1.94,2.95,1.42,1.88,2.05,1.6,1.69,4.41,4.62,4.59,5.1,4.0,13.0,0.0,17.0,4.0,1.0,4.0,10.0,1.0,10.0,5.0,0.0,0.0,3.0
17,12,2025-11-30 16:30,Chelsea,Arsenal,1,1,0,E0,/,Chelsea,Arsenal,1.0,0.25,0.25,1.84,1.92,2.18,4.04,1.93,1.75,2.05,2.46,2.02,1.71,3.14,3.01,3.35,3.33,1.88,1.98,2.2,1.9,1.95,1.8,2.05,2.55,2.15,1.68,3.2,2.88,3.3,3.4,2.25,2.3,3.25,3.0,3.4,3.3,1.93,2.02,2.3,1.96,2.02,1.86,2.14,2.54,2.15,1.86,3.25,3.3,3.45,3.55,2.18,2.5,3.25,3.0,3.45,3.4,2.05,2.45,3.2,3.0,3.4,3.2,2.2,2.4,3.1,3.0,3.3,3.3,2.2,2.45,3.1,3.0,3.3,3.3,2.2,2.4,3.1,3.0,3.3,3.3,1.91,1.98,2.25,22.0,1.95,1.8,2.14,2.55,2.15,1.75,3.25,3.1,3.45,3.45,1.87,2.03,1.93,1.97,1.78,2.11,2.14,1.81,2.25,2.51,3.17,3.19,3.33,3.47,3.0,13.0,0.0,8.0,4.0,6.0,3.0,12.0,1.0,11.0,4.0,0.0,0.0,1.0
17,13,2025-11-29 15:15,Barcelona,Deportivo Alaves,3,1,1,SP1,/,Barcelona,Alaves,0.97,-1.75,-2.0,3.03,1.35,12.97,1.9,1.88,2.87,1.4,10.02,1.89,1.88,6.14,1.25,7.14,1.19,3.2,1.36,13.0,1.98,1.88,3.0,1.4,10.0,1.93,1.93,6.5,1.25,7.0,1.2,13.0,10.0,6.0,1.25,7.0,1.18,3.3,1.4,16.5,2.01,1.91,3.2,1.45,12.0,1.95,2.03,6.8,1.29,8.6,1.2,13.0,11.0,6.1,1.25,6.75,1.21,15.0,11.0,6.5,1.22,7.5,1.17,12.0,9.5,6.25,1.27,7.5,1.2,12.0,9.5,6.0,1.28,7.5,1.2,12.0,9.5,6.0,1.28,7.5,1.2,3.2,1.38,15.0,1.98,1.95,3.1,1.42,11.0,1.93,1.96,6.5,1.28,7.5,1.21,3.12,1.37,1.99,1.9,2.86,1.43,1.92,1.99,13.71,11.13,6.64,1.25,7.57,1.19,4.0,17.0,0.0,9.0,2.0,3.0,5.0,10.0,0.0,18.0,6.0,1.0,2.0,2.0
17,14,2025-11-29 19:45,Milan,Lazio,1,0,1,I1,/,Milan,Lazio,1.0,-0.75,-0.75,1.69,2.1,5.72,4.48,1.8,1.73,2.05,5.38,1.94,1.83,3.67,1.66,3.78,1.61,1.73,2.1,5.75,2.05,1.8,1.73,2.1,5.5,2.0,1.85,3.75,1.65,3.8,1.62,6.0,5.0,3.6,1.7,3.75,1.6,1.76,2.28,6.4,2.12,1.86,1.81,2.2,6.0,2.03,1.95,3.8,1.74,4.0,1.67,5.5,5.8,3.6,1.66,3.85,1.64,5.75,5.25,3.7,1.67,3.75,1.62,5.75,5.25,3.75,1.66,3.75,1.61,5.75,5.25,3.75,1.67,3.75,1.61,5.75,5.25,3.7,1.67,3.75,1.61,1.73,2.15,6.0,22.0,1.84,1.78,2.1,5.8,2.0,1.85,3.75,1.7,3.9,1.64,1.72,2.2,2.09,1.83,1.78,2.13,2.01,1.92,5.67,5.64,3.73,1.7,4.03,1.63,4.0,12.0,0.0,9.0,4.0,3.0,1.0,10.0,0.0,16.0,4.0,0.0,0.0,3.0
17,15,2025-11-30 19:45,Roma,Napoli,0,1,2,I1,/,Roma,Napoli,1.0,0.0,0.0,1.52,2.46,3.08,5.37,1.72,1.43,2.73,3.03,1.97,1.8,2.75,2.72,2.89,2.54,1.53,2.5,3.1,2.1,1.78,1.4,3.0,3.1,2.03,1.83,2.75,2.75,2.88,2.6,3.0,3.0,2.8,2.75,3.0,2.5,1.59,2.6,3.2,2.13,1.85,1.48,3.0,3.3,2.12,1.88,2.82,2.92,3.0,2.78,3.15,3.1,2.7,2.75,2.9,2.55,3.0,3.0,2.8,2.7,2.88,2.55,3.1,3.0,2.8,2.7,2.95,2.5,3.1,3.0,2.8,2.7,3.0,2.5,3.1,3.0,2.8,2.7,2.9,2.5,1.55,2.55,3.2,22.0,1.78,1.46,3.0,3.1,2.03,1.83,2.8,2.8,3.0,2.63,1.54,2.53,2.11,1.82,1.44,2.91,2.05,1.88,3.12,3.12,2.8,2.86,2.92,2.7,2.0,13.0,0.0,8.0,5.0,3.0,4.0,14.0,0.0,8.0,2.0,1.0,0.0,4.0
18,1,2025-12-05 17:00,Galatasaray,Samsunspor,3,2,1,T1,/,Galatasaray,Samsunspor,1.0,-1.25,-1.25,2.3,1.55,5.83,1.74,1.98,2.43,1.51,6.21,1.8,1.89,4.55,1.44,4.43,1.47,2.35,1.57,6.25,1.78,2.03,2.5,1.5,6.5,1.85,1.95,4.5,1.42,4.33,1.45,6.0,6.5,4.5,1.4,4.33,1.44,2.54,1.63,6.6,1.83,2.16,2.72,1.57,7.0,1.9,2.04,4.9,1.52,4.9,1.53,5.8,6.25,4.5,1.45,4.35,1.49,6.0,6.5,4.75,1.4,4.5,1.45,5.5,6.0,4.6,1.46,4.5,1.5,5.5,6.0,4.8,1.48,4.6,1.53,5.5,6.0,4.8,1.48,4.5,1.5,2.38,1.57,6.25,1.78,2.03,2.55,1.54,6.5,1.85,1.95,4.8,1.48,4.6,1.53,2.45,1.59,1.85,2.07,2.61,1.51,1.88,2.03,6.52,6.47,4.76,1.46,4.8,1.48,3.0,10.0,0.0,13.0,4.0,2.0,1.0,7.0,0.0,13.0,6.0,0.0,2.0,1.0
18,2,2025-12-06 11:30,ikas Eyüpspor,Zecorner Kayserispor,1,1,0,T1,/,Eyupspor,Kayserispor,1.0,-0.25,-0.5,2.05,1.69,3.49,1.78,1.92,1.95,1.77,3.49,2.02,1.7,3.43,2.02,3.53,1.97,2.1,1.7,3.6,1.83,1.98,1.98,1.83,3.6,2.08,1.73,3.5,1.96,3.6,1.91,3.5,3.4,3.4,2.05,3.5,1.95,2.18,1.76,4.1,1.91,2.06,2.12,1.88,3.85,2.12,1.87,3.55,2.14,3.6,2.06,3.4,3.5,3.5,2.0,3.5,2.0,3.4,3.5,3.5,2.0,3.5,1.95,3.4,3.3,3.5,2.05,3.6,1.98,3.5,3.4,3.6,2.05,3.7,2.0,3.4,3.4,3.6,2.05,3.7,2.0,2.1,1.73,3.66,1.85,1.98,2.0,1.83,3.75,2.08,1.73,3.6,2.1,3.7,2.05,2.19,1.7,1.86,2.03,2.03,1.86,2.07,1.85,3.73,3.7,3.35,2.15,3.61,2.02,1.0,15.0,1.0,8.0,3.0,5.0,3.0,11.0,0.0,16.0,7.0,0.0,0.0,3.0
18,3,2025-12-06 14:00,Tümosan Konyaspor,Çaykur Rizespor,1,1,0,T1,/,Konyaspor,Rizespor,1.0,0.0,-0.5,1.96,1.76,3.43,1.74,1.96,1.85,1.85,2.45,1.92,1.88,3.28,2.78,3.44,2.02,2.05,1.75,3.6,1.8,2.0,1.88,1.93,2.35,1.68,2.15,3.25,2.85,3.5,1.96,3.4,2.4,3.25,2.8,3.4,2.05,2.1,1.81,3.85,1.85,2.1,2.0,1.96,2.64,1.85,2.14,3.35,3.0,3.55,2.1,3.3,2.7,3.45,2.45,3.4,2.08,3.4,2.5,3.3,2.7,3.5,1.95,3.3,2.35,3.25,2.9,3.5,2.05,3.4,2.4,3.3,2.9,3.6,2.05,3.4,2.37,3.3,2.9,3.6,2.05,2.05,1.83,3.6,1.8,2.0,1.9,1.93,2.7,2.54,2.15,3.5,2.9,3.6,2.12,2.07,1.77,1.83,2.06,1.96,1.93,1.81,2.13,3.71,2.53,3.31,2.98,3.44,2.04,2.0,12.0,0.0,11.0,3.0,3.0,4.0,7.0,0.0,11.0,3.0,1.0,0.0,1.0
18,4,2025-12-06 17:00,Rams Başakşehir,Fenerbahçe,1,1,0,T1,/,Buyuksehyr,Fenerbahce,1.0,0.5,1.0,2.12,1.65,1.59,2.04,1.7,2.07,1.68,1.83,1.8,1.9,3.65,3.93,4.05,4.91,2.2,1.65,1.56,2.03,1.78,2.1,1.7,1.86,1.9,1.9,3.6,3.9,3.9,5.25,1.6,1.9,3.6,3.75,4.0,5.0,2.28,1.69,1.64,2.04,1.86,2.24,1.79,1.94,1.94,2.05,3.9,4.3,4.6,5.5,1.64,1.79,3.65,4.1,3.8,4.9,1.57,1.87,3.7,3.7,3.9,5.0,1.61,1.85,3.75,3.7,4.2,4.75,1.61,1.85,3.8,3.8,4.33,4.8,1.61,1.85,3.8,3.75,4.2,4.8,2.2,1.71,1.68,2.15,1.78,2.2,1.7,1.9,1.9,1.95,3.8,4.5,4.33,5.25,2.29,1.65,2.03,1.85,2.19,1.74,1.91,2.0,1.57,1.9,3.69,4.21,4.48,5.07,8.0,13.0,0.0,10.0,2.0,3.0,10.0,8.0,0.0,18.0,4.0,0.0,0.0,2.0
18,5,2025-12-07 11:30,Natura Dünyası Gençlerbirliği,Mısırlı.com.tr Fatih Karagümrük,3,0,1,T1,/,Genclerbirligi,Karagumruk,0.97,-0.5,-0.25,1.76,1.96,3.14,1.81,1.89,1.79,1.92,3.38,1.7,2.03,3.32,2.09,3.25,2.21,1.8,2.0,3.25,1.9,1.9,1.85,1.95,3.6,1.78,2.03,3.4,2.01,3.3,2.15,3.2,3.3,3.3,2.1,3.2,2.2,1.83,2.02,3.45,1.97,1.91,1.92,2.02,3.85,1.85,2.16,3.55,2.16,3.4,2.24,3.05,3.35,3.3,2.12,3.2,2.32,3.1,3.4,3.4,2.05,3.25,2.15,3.1,3.25,3.3,2.15,3.3,2.2,3.1,3.3,3.4,2.15,3.4,2.25,3.1,3.3,3.4,2.15,3.4,2.25,1.85,2.0,3.3,1.9,1.93,1.85,1.95,3.6,1.78,2.1,3.4,2.16,3.4,2.38,1.84,2.0,1.94,1.91,1.88,2.01,1.83,2.09,3.27,3.72,3.5,2.08,3.43,2.21,4.0,11.0,0.0,8.0,2.0,2.0,7.0,14.0,0.0,19.0,7.0,0.0,1.0,1.0
18,6,2025-12-07 14:00,Kocaelispor,Kasımpaşa,0,0,0,T1,/,Kocaelispor,Kasimpasa,1.0,-0.75,-0.5,1.7,2.04,4.17,1.91,1.79,1.71,2.04,5.12,1.86,1.83,3.61,1.66,3.41,1.83,1.7,2.1,4.33,1.98,1.83,1.73,2.08,5.25,1.98,1.83,3.7,1.62,3.5,1.79,4.2,5.0,3.5,1.67,3.3,1.83,1.75,2.14,5.3,2.14,1.85,1.9,2.08,6.0,2.04,1.93,3.85,1.72,3.4,1.86,4.1,4.6,3.55,1.73,3.5,1.83,4.2,5.25,3.6,1.65,3.3,1.8,4.0,5.25,3.7,1.65,3.5,1.87,4.0,5.25,3.8,1.67,3.5,1.91,4.0,5.25,3.75,1.65,3.5,1.91,1.73,2.1,4.4,1.98,1.85,1.75,2.2,5.66,1.98,1.9,3.8,1.77,3.6,1.91,1.71,2.15,2.01,1.85,1.83,2.07,2.04,1.87,4.6,5.81,3.81,1.66,3.41,1.85,3.0,19.0,0.0,4.0,0.0,2.0,5.0,10.0,0.0,9.0,3.0,0.0,0.0,1.0
18,7,2025-12-07 17:00,Göztepe,Trabzonspor,1,2,2,T1,/,Goztep,Trabzonspor,0.97,-0.25,0.0,1.78,1.93,2.73,1.96,1.78,1.76,1.95,3.37,1.9,1.8,3.24,2.12,3.23,2.48,1.85,1.95,2.75,2.0,1.8,1.8,2.0,3.6,2.03,1.78,3.3,2.01,3.25,2.5,2.75,3.4,3.25,2.1,3.2,2.5,1.89,1.96,3.15,,,1.92,2.06,3.8,2.06,1.93,3.35,2.26,3.2,2.52,2.7,3.25,3.25,2.16,3.2,2.55,2.63,3.4,3.3,2.1,3.25,2.45,2.75,3.25,3.25,2.15,3.4,2.4,2.8,3.3,3.3,2.2,3.4,2.45,2.75,3.25,3.3,2.2,3.4,2.45,1.85,2.02,2.8,2.0,1.83,1.8,2.0,3.6,2.03,1.82,3.35,2.2,3.4,2.6,1.87,1.97,2.0,1.85,1.87,2.03,2.05,1.86,2.82,3.72,3.27,2.18,3.2,2.62,4.0,7.0,1.0,18.0,6.0,3.0,7.0,19.0,1.0,21.0,8.0,0.0,0.0,5.0
18,8,2025-12-08 17:00,Corendon Alanyaspor,Hesap.com Antalyaspor,0,0,0,T1,/,Alanyaspor,Antalyaspor,1.0,-0.75,-0.75,1.86,1.84,4.75,1.87,1.83,1.81,1.9,4.67,1.84,1.85,3.62,1.7,3.7,1.67,1.9,1.9,5.0,1.93,1.88,1.83,1.98,4.75,1.9,1.9,3.6,1.68,3.75,1.62,5.0,4.6,3.6,1.7,3.6,1.67,,,5.5,,,1.91,2.04,5.6,1.97,2.0,3.85,1.77,4.0,1.04,4.6,4.7,3.7,1.68,3.8,1.67,4.75,4.8,3.7,1.67,3.6,1.65,4.75,4.6,3.6,1.72,3.75,1.68,4.8,4.6,3.7,1.75,3.8,1.7,4.8,4.6,3.7,1.73,3.8,1.7,1.93,1.9,5.0,1.93,1.88,1.86,1.98,4.85,1.9,1.9,3.75,1.75,3.9,1.71,1.9,1.93,1.93,1.93,1.88,2.01,1.93,1.98,4.78,5.13,3.73,1.75,3.87,1.7,4.0,19.0,0.0,6.0,3.0,1.0,9.0,18.0,0.0,9.0,2.0,0.0,0.0,1.0
18,9,2025-12-08 17:00,Beşiktaş,Gaziantep FK,2,2,0,T1,/,Besiktas,Gaziantep,1.0,-1.5,-1.25,2.52,1.47,5.69,1.78,1.94,2.58,1.45,7.03,1.75,1.97,4.95,1.37,4.57,1.46,2.6,1.48,5.5,1.8,2.0,2.7,1.44,7.0,1.83,1.98,5.25,1.33,4.75,1.45,6.0,7.0,5.0,1.36,4.5,1.44,,,7.2,,,2.88,1.52,8.2,1.85,2.11,5.6,1.42,4.9,1.47,5.8,6.5,4.8,1.4,4.6,1.46,,7.5,5.0,1.33,,,5.5,6.75,5.0,1.39,4.6,1.49,5.75,7.0,5.25,1.4,4.8,1.5,5.75,7.0,5.0,1.4,4.6,1.5,2.63,1.49,6.0,1.8,2.0,2.7,1.48,8.75,1.85,2.0,5.25,1.42,4.8,1.5,2.65,1.48,1.82,2.04,2.73,1.48,1.83,2.08,5.79,7.44,5.33,1.4,4.76,1.48,1.0,13.0,0.0,9.0,4.0,5.0,10.0,21.0,0.0,29.0,13.0,1.0,1.0,4.0
18,10,2025-12-06 14:30,Vfb Stuttgart,Bayern Münih,0,5,2,D1,/,Stuttgart,Bayern Munich,0.948,1.0,1.25,3.23,1.33,1.47,1.92,1.86,3.39,1.3,1.58,1.87,1.91,4.67,4.7,5.0,5.43,3.4,1.33,1.45,1.98,1.88,3.5,1.3,1.62,1.98,1.88,4.75,4.5,5.0,5.75,1.44,1.6,4.6,4.6,5.0,5.5,3.6,1.37,1.54,2.04,1.92,3.75,1.35,1.65,1.98,1.98,4.8,5.2,5.4,5.8,1.46,1.52,4.7,5.5,5.0,6.0,1.44,1.57,4.75,4.6,4.6,5.25,1.5,1.63,4.75,4.33,5.25,5.25,1.5,1.65,4.8,4.33,5.25,5.25,1.5,1.61,4.6,4.2,5.0,5.0,3.4,1.35,1.5,1.98,1.89,3.6,1.32,1.65,1.98,2.02,4.8,5.5,5.33,6.0,3.28,1.36,2.0,1.9,3.37,1.34,2.0,1.93,1.51,1.63,4.71,4.76,5.21,5.4,4.0,11.0,0.0,19.0,11.0,4.0,3.0,6.0,1.0,13.0,1.0,1.0,0.0,2.0
18,11,2025-12-05 20:00,Lille,Marsilya,1,0,1,F1,/,Lille,Marseille,0.853,-0.25,-0.25,2.09,1.7,2.86,1.78,2.01,2.11,1.69,2.9,1.79,2.0,3.46,2.34,3.49,2.35,2.1,1.73,2.9,1.85,2.0,2.1,1.73,3.0,1.8,2.05,3.5,2.38,3.6,2.3,2.88,2.88,3.4,2.38,3.4,2.38,2.24,1.79,3.05,1.87,2.13,2.22,1.8,3.1,1.85,2.14,3.55,2.5,3.65,2.46,2.85,2.9,3.6,2.32,3.55,2.4,2.88,2.8,3.6,2.38,3.6,2.3,2.8,2.95,3.4,2.35,3.4,2.45,2.8,2.9,3.5,2.37,3.4,2.45,2.8,2.9,3.4,2.3,3.4,2.4,2.16,1.75,2.94,1.85,2.06,2.25,1.75,3.0,1.82,2.05,3.6,2.38,3.6,2.45,2.15,1.78,1.85,2.08,2.14,1.78,1.85,2.09,3.03,3.06,3.48,2.42,3.58,2.39,5.0,11.0,0.0,6.0,2.0,1.0,2.0,9.0,0.0,5.0,2.0,0.0,1.0,1.0
18,12,2025-12-06 12:30,Aston Villa,Arsenal,2,1,1,E0,/,Aston Villa,Arsenal,1.0,0.5,0.5,1.74,2.06,1.91,1.86,1.89,1.76,2.04,1.9,1.85,1.9,3.47,4.18,3.45,4.13,1.73,2.1,1.9,1.9,1.95,1.73,2.1,1.9,1.9,1.95,3.5,4.2,3.5,4.2,1.91,1.91,3.5,4.2,3.5,4.2,1.82,2.16,1.99,2.0,1.98,1.86,2.14,1.95,1.94,2.05,3.6,4.7,3.6,4.4,1.94,1.9,3.45,4.4,3.5,4.2,1.9,1.9,3.5,4.1,3.5,4.1,1.93,1.9,3.5,4.1,3.4,4.0,1.91,1.91,3.5,4.0,3.4,4.0,1.91,1.91,3.5,4.0,3.4,4.0,1.76,2.1,1.95,1.9,1.95,1.8,2.1,1.91,1.9,1.95,3.5,4.4,3.5,4.2,1.76,2.14,1.93,1.98,1.81,2.1,1.93,2.0,1.92,1.93,3.54,4.5,3.53,4.32,3.0,8.0,0.0,15.0,9.0,2.0,3.0,10.0,0.0,15.0,6.0,0.0,1.0,0.0
18,13,2025-12-06 15:00,Everton,Nottingham Forest,3,0,1,E0,/,Everton,Nott'm Forest,1.0,-0.25,-0.25,1.7,2.09,3.52,1.96,1.82,1.72,2.09,3.72,2.04,1.74,3.28,2.08,3.25,2.17,1.73,2.1,3.5,1.98,1.88,1.73,2.1,3.9,2.08,1.73,3.25,2.05,3.2,2.2,3.6,3.6,3.4,2.1,3.3,2.15,1.77,2.26,3.75,2.04,1.94,1.82,2.18,4.0,2.17,1.84,3.4,2.16,3.35,2.28,3.6,3.9,3.25,2.07,3.35,2.14,3.4,3.6,3.4,2.05,3.3,2.2,3.5,3.7,3.25,2.1,3.25,2.15,3.5,3.7,3.25,2.1,3.25,2.15,3.5,3.6,3.2,2.1,3.25,2.15,1.73,2.14,3.65,2.0,1.88,1.75,2.18,3.95,2.08,1.76,3.4,2.12,3.35,2.2,1.73,2.19,2.0,1.9,1.78,2.13,2.12,1.83,3.63,3.84,3.37,2.12,3.24,2.23,3.0,15.0,0.0,7.0,3.0,3.0,6.0,17.0,0.0,11.0,5.0,0.0,2.0,4.0
18,14,2025-12-06 17:30,Real Betis,Barcelona,3,5,2,SP1,/,Betis,Barcelona,0.97,0.5,0.75,3.06,1.34,1.73,1.88,1.9,3.14,1.34,1.86,1.84,1.91,4.11,3.61,4.37,4.01,3.2,1.36,1.73,1.93,1.93,3.2,1.36,1.85,1.88,1.98,4.0,3.75,4.5,4.0,1.73,1.83,4.2,3.6,4.2,4.0,3.3,1.4,1.81,1.99,1.98,3.45,1.39,1.93,1.95,2.04,4.2,4.0,4.7,4.2,1.72,1.83,4.1,3.8,4.5,4.1,1.73,1.87,4.2,3.5,4.4,4.0,1.75,1.87,4.2,3.6,4.33,4.0,1.75,1.85,4.2,3.6,4.33,4.0,1.73,1.85,4.2,3.5,4.33,3.9,3.2,1.36,1.75,1.93,1.95,3.4,1.38,1.98,1.95,1.98,4.2,3.8,4.5,4.2,3.12,1.37,1.98,1.93,3.19,1.37,1.93,2.0,1.78,1.91,4.11,3.76,4.41,4.05,7.0,9.0,0.0,16.0,8.0,2.0,7.0,14.0,0.0,17.0,5.0,4.0,1.0,5.0
18,15,2025-12-07 19:45,Napoli,Juventus,2,1,1,I1,/,Napoli,Juventus,1.0,0.0,-0.25,1.52,2.44,3.28,1.77,1.99,1.43,2.72,3.13,2.07,1.72,2.81,2.58,2.97,2.37,1.53,2.5,3.2,1.8,2.05,1.4,3.0,3.1,2.13,1.75,2.8,2.55,3.0,2.35,3.25,3.0,2.88,2.6,3.0,2.38,1.59,2.6,3.45,1.84,2.14,1.51,2.92,3.35,2.2,1.82,2.92,2.78,3.05,2.56,3.3,3.25,2.88,2.5,3.05,2.4,3.25,3.13,2.8,2.6,2.9,2.38,3.4,3.1,2.85,2.6,3.0,2.3,3.4,3.1,2.8,2.62,3.1,2.3,3.3,3.1,2.8,2.6,3.0,2.3,1.55,2.55,3.4,1.8,2.05,1.46,3.0,3.25,2.15,1.77,2.88,2.71,3.1,2.45,1.55,2.55,1.83,2.1,1.43,2.92,2.13,1.82,3.38,3.2,2.82,2.75,2.97,2.49,0.0,15.0,0.0,5.0,2.0,1.0,9.0,6.0,0.0,9.0,4.0,0.0,1.0,2.0
19,1,2025-12-12 17:00,Kasımpaşa,Natura Dünyası Gençlerbirliği,0,0,0,T1,/,Kasimpasa,Genclerbirligi,1.0,0.0,0.0,1.73,2.0,2.77,2.06,1.72,1.79,1.92,2.67,2.02,1.76,3.24,2.53,3.19,2.48,1.8,2.0,2.7,2.0,1.8,1.85,1.95,2.57,1.9,1.9,3.3,2.55,3.25,2.5,2.8,2.63,3.2,2.6,3.1,2.5,1.86,2.1,2.96,2.1,1.86,1.95,2.04,2.86,2.03,1.95,3.4,2.76,3.4,2.62,2.8,2.85,3.2,2.43,3.15,2.48,2.7,2.7,3.3,2.5,3.2,2.45,2.65,2.6,3.3,2.6,3.25,2.55,2.7,2.62,3.4,2.62,3.3,2.6,2.7,2.62,3.3,2.6,3.3,2.6,1.8,2.02,3.2,2.4,1.83,1.85,1.97,2.9,2.4,1.9,3.4,2.62,3.3,2.6,1.83,2.06,2.06,1.85,1.94,1.94,2.04,1.88,2.87,2.82,3.4,2.6,3.36,2.59,2.0,16.0,0.0,6.0,1.0,3.0,3.0,12.0,0.0,10.0,3.0,0.0,0.0,2.0
19,2,2025-12-13 11:30,Çaykur Rizespor,ikas Eyüpspor,3,0,1,T1,/,Rizespor,Eyupspor,1.0,-0.5,-0.25,1.87,1.83,3.32,1.97,1.74,2.0,1.73,3.99,1.92,1.78,3.63,1.81,3.41,2.06,1.93,1.88,3.3,1.98,1.83,2.05,1.75,4.2,2.03,1.78,3.75,1.71,3.4,2.05,3.4,4.0,3.2,1.8,3.4,2.05,1.97,1.91,3.65,2.08,1.88,2.26,1.77,4.5,2.12,1.88,3.9,1.89,3.55,2.18,3.5,3.75,3.7,1.86,3.5,1.98,3.2,4.0,3.7,1.8,3.4,2.05,3.25,3.9,3.75,1.8,3.5,2.1,3.3,4.0,3.8,1.83,3.5,2.1,3.3,4.0,3.8,1.83,3.5,2.1,1.93,1.9,3.6,2.02,1.83,2.05,1.75,4.2,2.03,1.85,3.8,1.9,3.55,2.14,1.96,1.89,2.02,1.86,2.11,1.78,2.03,1.88,3.4,4.3,3.74,1.87,3.48,2.13,3.0,16.0,0.0,7.0,0.0,2.0,3.0,20.0,0.0,14.0,6.0,0.0,1.0,3.0
19,3,2025-12-13 14:00,Zecorner Kayserispor,Corendon Alanyaspor,0,0,0,T1,/,Kayserispor,Alanyaspor,1.0,0.0,0.25,1.96,1.75,2.25,1.88,1.78,1.8,1.91,2.47,1.81,1.94,3.29,2.69,3.43,2.91,2.0,1.8,2.2,1.98,1.83,1.8,2.0,2.5,1.85,1.95,3.3,2.65,3.5,2.85,2.25,2.5,3.25,2.63,3.3,3.0,2.06,1.84,2.4,2.07,1.89,2.02,1.97,2.66,1.91,2.05,3.5,2.86,3.65,3.05,2.32,2.45,3.25,2.75,3.45,2.8,2.25,2.4,3.3,2.63,3.3,2.9,2.2,2.45,3.4,2.7,3.6,2.95,2.25,2.45,3.4,2.75,3.6,3.0,2.2,2.45,3.4,2.75,3.6,3.0,2.02,1.83,2.38,1.98,1.9,1.91,2.0,2.64,1.91,2.05,3.4,2.8,3.6,3.15,2.05,1.8,2.03,1.85,1.93,1.95,1.87,2.04,2.32,2.59,3.43,2.82,3.55,2.96,8.0,12.0,0.0,15.0,5.0,2.0,3.0,9.0,0.0,10.0,4.0,0.0,0.0,0.0
19,4,2025-12-13 17:00,Hesap.com Antalyaspor,Galatasaray,1,4,2,T1,/,Antalyaspor,Galatasaray,1.0,1.5,1.5,2.37,1.52,1.31,1.87,1.83,2.47,1.49,1.35,1.95,1.76,5.01,7.14,5.13,8.11,2.4,1.53,1.3,1.95,1.85,2.5,1.5,1.33,2.0,1.8,5.25,7.0,5.25,8.0,1.3,1.33,5.0,7.5,5.0,8.5,2.62,1.56,1.36,1.98,1.88,2.68,1.58,1.38,2.06,1.87,5.6,9.4,6.0,9.0,1.32,1.36,4.8,7.5,5.0,8.5,1.3,1.33,5.0,7.5,5.0,8.0,1.34,1.37,5.25,7.0,5.25,7.75,1.35,1.36,5.25,7.0,5.5,8.0,1.33,1.36,5.25,7.0,5.25,8.0,2.45,1.57,1.35,1.95,1.91,2.6,1.53,1.4,2.0,1.83,5.25,8.0,5.5,10.0,2.58,1.51,1.99,1.88,2.6,1.53,2.08,1.83,1.33,1.38,5.63,7.34,5.51,8.12,3.0,14.0,0.0,13.0,6.0,2.0,5.0,8.0,0.0,11.0,3.0,2.0,0.0,1.0
19,5,2025-12-14 11:30,Gaziantep FK,Göztepe,0,1,2,T1,/,Gaziantep,Goztep,0.97,0.25,0.25,1.79,1.92,2.32,1.92,1.75,1.75,1.97,2.17,1.78,1.88,3.25,3.25,3.27,2.94,1.88,1.93,2.25,1.98,1.83,1.8,2.0,2.1,1.88,1.93,3.25,3.4,3.3,3.05,2.38,2.15,3.2,3.3,3.2,2.88,1.89,1.94,2.36,,,1.87,2.1,2.3,1.96,2.0,3.4,3.6,3.3,3.3,2.45,2.2,3.3,3.15,3.25,2.8,,2.15,3.3,3.3,,,2.25,2.15,3.3,3.2,3.4,2.95,2.3,2.2,3.4,3.25,3.4,3.0,2.3,2.2,3.4,3.25,3.4,3.0,1.88,1.98,2.5,2.05,1.85,1.83,2.0,2.25,1.88,1.95,3.4,3.4,3.4,3.1,1.9,1.93,2.02,1.84,1.83,2.07,1.91,1.99,2.34,2.22,3.36,3.49,3.35,3.09,6.0,14.0,0.0,15.0,5.0,2.0,8.0,12.0,0.0,19.0,3.0,0.0,0.0,3.0
19,6,2025-12-14 14:00,Mısırlı.com.tr Fatih Karagümrük,Kocaelispor,1,1,0,T1,/,Karagumruk,Kocaelispor,0.97,0.25,0.25,1.69,2.06,2.29,1.88,1.78,1.59,2.22,2.12,1.71,1.96,3.1,3.52,3.15,3.07,1.7,2.1,2.3,1.98,1.83,1.53,2.4,2.05,1.8,2.0,2.95,3.75,3.05,3.2,2.3,2.1,3.1,3.5,3.1,3.1,1.75,2.08,2.4,,,1.65,2.44,2.22,1.87,2.11,3.2,4.0,3.1,3.4,2.32,2.04,3.25,3.6,3.2,3.0,2.25,2.15,3.13,3.5,3.13,3.0,2.25,2.15,3.1,3.5,3.25,3.0,2.3,2.2,3.1,3.6,3.3,3.1,2.3,2.15,3.1,3.6,3.3,3.1,1.7,2.1,2.38,1.98,1.85,1.67,2.4,2.3,1.8,2.0,3.35,3.75,3.3,3.2,1.73,2.13,2.02,1.84,1.62,2.4,1.88,2.04,2.37,2.19,3.24,3.72,3.09,3.28,6.0,12.0,0.0,16.0,5.0,2.0,2.0,15.0,0.0,8.0,2.0,0.0,0.0,2.0
19,7,2025-12-14 17:00,Samsunspor,Rams Başakşehir,0,2,2,T1,/,Samsunspor,Buyuksehyr,1.0,-0.5,-0.25,1.9,1.81,3.3,1.9,1.8,1.97,1.75,3.48,1.76,1.95,3.41,2.02,3.37,2.08,1.95,1.85,3.3,1.98,1.83,2.0,1.8,3.6,1.8,2.0,3.5,1.96,3.4,2.05,3.4,3.4,3.4,2.05,3.4,2.05,1.99,1.88,3.7,,,2.12,1.86,3.8,1.86,2.14,3.65,2.14,3.5,2.14,3.2,3.5,3.5,1.98,3.35,2.17,3.2,3.5,3.5,2.0,3.4,2.05,3.3,3.5,3.4,2.05,3.5,2.05,3.4,3.6,3.4,2.05,3.5,2.1,3.4,3.5,3.4,2.05,3.5,2.05,1.95,1.87,3.5,1.98,1.83,2.05,1.83,3.6,1.83,2.0,3.6,2.15,3.5,2.2,1.98,1.85,2.0,1.85,2.08,1.81,1.83,2.09,3.47,3.78,3.46,2.08,3.36,2.15,2.0,9.0,0.0,12.0,6.0,0.0,7.0,17.0,0.0,14.0,4.0,0.0,0.0,0.0
19,8,2025-12-14 17:00,Trabzonspor,Beşiktaş,3,3,0,T1,/,Trabzonspor,Besiktas,1.0,0.0,0.0,2.13,1.64,2.57,1.91,1.82,2.11,1.66,2.48,1.81,1.92,3.44,2.61,3.53,2.45,2.15,1.67,2.57,1.95,1.85,2.1,1.7,2.4,1.78,2.03,3.4,2.75,3.4,2.5,2.63,2.5,3.3,2.63,3.4,2.5,2.22,1.73,2.86,,,2.2,1.8,2.72,1.96,2.02,3.55,2.78,3.75,2.5,2.55,2.5,3.6,2.48,3.65,2.45,2.55,2.45,3.5,2.63,3.5,2.4,2.55,2.45,3.5,2.6,3.6,2.45,2.6,2.5,3.5,2.7,3.7,2.5,2.6,2.5,3.5,2.62,3.6,2.45,2.2,1.67,2.66,1.95,1.85,2.2,1.7,2.55,1.9,2.03,3.7,2.75,3.75,2.52,2.26,1.65,1.96,1.89,2.17,1.74,1.88,2.03,2.6,2.58,3.51,2.78,3.72,2.52,1.0,8.0,1.0,9.0,5.0,5.0,7.0,7.0,0.0,34.0,13.0,3.0,1.0,2.0
19,9,2025-12-15 17:00,Fenerbahçe,Tümosan Konyaspor,4,0,1,T1,/,Fenerbahce,Konyaspor,1.0,-1.75,-1.75,2.47,1.49,10.2,1.83,1.86,2.53,1.47,11.27,1.91,1.79,6.16,1.22,5.76,1.24,2.5,1.5,9.5,1.85,1.95,2.4,1.53,10.0,1.9,1.9,7.0,1.19,6.0,1.24,11.0,12.0,6.0,1.2,5.5,1.25,,,12.0,,,2.92,1.51,14.5,2.03,1.92,7.4,1.25,6.6,1.27,10.5,11.5,6.1,1.21,5.8,1.23,10.5,12.0,6.5,1.2,5.5,1.22,9.75,11.0,6.5,1.22,6.0,1.26,10.0,11.0,6.0,1.25,6.0,1.28,10.0,11.0,6.0,1.25,6.0,1.25,2.55,1.5,12.0,1.86,1.95,2.63,1.53,13.5,1.93,1.9,7.0,1.25,6.1,1.28,2.55,1.51,1.85,1.98,2.81,1.44,2.05,1.85,10.09,11.79,7.33,1.22,6.37,1.24,4.0,9.0,0.0,17.0,5.0,2.0,4.0,15.0,0.0,17.0,9.0,0.0,3.0,2.0
19,10,2025-12-14 14:30,Freiburg,Borussia Dortmund,1,1,0,D1,/,Freiburg,Dortmund,1.0,0.5,0.25,1.94,1.8,2.12,1.78,1.95,1.95,1.81,1.99,1.92,1.81,3.5,3.65,3.44,3.25,2.03,1.83,2.15,1.88,1.98,2.0,1.8,1.95,1.98,1.88,3.6,3.75,3.5,3.25,2.15,2.0,3.5,3.6,3.4,3.25,2.1,1.85,2.24,1.93,2.05,2.08,1.92,2.08,2.06,1.91,3.65,4.0,3.6,3.5,2.1,2.0,3.55,3.75,3.5,3.45,2.1,1.93,3.6,3.7,3.3,3.1,2.1,2.05,3.5,3.5,3.5,3.3,2.1,2.05,3.5,3.6,3.5,3.3,2.1,2.05,3.4,3.5,3.5,3.3,2.03,1.86,2.2,1.88,1.98,2.0,1.85,2.2,1.98,1.88,3.6,3.8,3.5,3.45,2.06,1.82,1.92,1.99,2.05,1.86,2.02,1.91,2.2,2.01,3.59,3.95,3.59,3.32,0.0,10.0,1.0,9.0,4.0,2.0,6.0,11.0,0.0,21.0,6.0,1.0,0.0,3.0
19,11,2025-12-14 19:56,Marsilya,Monaco,1,0,1,F1,/,Marseille,Monaco,0.853,-0.5,-0.5,2.59,1.47,3.67,1.93,1.83,2.19,1.64,3.5,1.79,1.97,3.59,2.01,3.89,1.86,2.63,1.5,3.75,1.95,1.9,2.1,1.73,3.5,1.83,2.03,3.5,2.05,3.75,1.9,3.6,3.5,3.6,2.0,4.0,1.9,2.74,1.54,3.95,2.02,1.97,2.32,1.73,3.7,1.89,2.1,3.85,2.1,4.1,1.97,3.8,3.5,3.65,2.04,4.2,1.83,3.5,3.6,3.5,2.0,3.8,1.85,3.75,3.5,3.6,2.0,3.9,1.87,3.75,3.6,3.6,2.0,3.9,1.85,3.7,3.5,3.6,2.0,3.9,1.85,2.75,1.5,3.8,2.0,1.9,2.6,1.73,3.6,1.83,2.05,4.0,2.05,4.2,1.91,2.6,1.51,1.97,1.93,2.19,1.73,1.84,2.1,3.81,3.65,3.63,2.09,3.93,1.93,7.0,11.0,0.0,18.0,7.0,1.0,3.0,11.0,0.0,18.0,8.0,0.0,0.0,2.0
19,12,2025-12-14 13:30,Ajax,Feyenoord,2,0,1,N1,/,Ajax,Feyenoord,1.0,0.25,0.25,2.42,1.51,2.14,1.82,1.88,2.37,1.52,2.06,1.73,1.99,3.76,3.18,3.74,2.97,2.4,1.53,2.15,1.9,1.9,2.4,1.53,2.05,1.8,2.0,4.0,3.2,3.9,3.0,2.05,2.0,3.5,3.1,3.5,3.0,2.54,1.56,2.24,,,2.66,1.58,2.14,1.87,2.1,3.95,3.5,3.9,3.25,2.14,2.0,3.8,3.25,3.75,2.95,2.15,2.1,3.8,3.2,3.75,3.0,2.15,2.1,3.8,3.2,3.8,3.0,2.15,2.1,3.8,3.2,3.8,3.0,2.15,2.1,3.75,3.1,3.75,3.0,2.6,1.55,2.16,1.9,1.95,2.45,1.55,2.15,1.8,2.02,4.0,3.3,3.9,3.2,2.5,1.54,1.94,1.91,2.47,1.58,1.84,2.08,2.19,2.09,3.94,3.32,3.91,2.95,12.0,12.0,0.0,18.0,1.0,1.0,3.0,12.0,0.0,15.0,7.0,0.0,1.0,2.0
19,13,2025-12-13 15:00,Liverpool,Brighton & Hove Albion,2,0,1,E0,/,Liverpool,Brighton,0.97,-0.75,-0.75,2.48,1.5,4.62,1.96,1.8,2.32,1.58,4.37,1.85,1.92,3.98,1.74,4.17,1.67,2.5,1.53,4.75,2.03,1.83,2.3,1.62,4.33,1.88,1.98,3.9,1.75,4.0,1.67,5.0,4.5,4.0,1.73,4.2,1.67,2.66,1.58,5.0,2.07,1.91,2.46,1.67,4.6,1.95,2.04,4.2,1.82,4.4,1.73,4.8,4.6,4.0,1.75,4.3,1.67,4.6,4.33,4.0,1.75,4.2,1.67,4.4,4.33,4.0,1.72,4.2,1.68,4.4,4.33,4.0,1.73,4.2,1.7,4.4,4.33,4.0,1.73,4.2,1.67,2.6,1.53,5.0,2.03,1.83,2.45,1.66,4.6,1.88,1.98,4.0,1.76,4.3,1.7,2.62,1.53,2.03,1.88,2.32,1.67,1.89,2.04,4.68,4.28,4.1,1.8,4.32,1.69,2.0,15.0,0.0,14.0,1.0,2.0,2.0,8.0,0.0,18.0,4.0,0.0,1.0,1.0
19,14,2025-12-13 13:00,Atletico Madrid,Valencia,2,1,1,SP1,/,Ath Madrid,Valencia,1.0,-1.5,-1.5,2.08,1.7,10.58,1.85,1.88,2.32,1.57,9.56,1.87,1.85,5.48,1.29,5.21,1.29,2.1,1.73,11.0,1.93,1.93,2.38,1.57,10.0,1.9,1.95,5.5,1.3,5.0,1.3,11.0,10.0,5.5,1.29,5.0,1.29,2.2,1.79,12.0,1.99,1.97,2.5,1.65,11.0,1.96,2.0,5.9,1.34,5.8,1.32,11.5,11.0,5.6,1.28,5.6,1.27,11.0,9.5,5.5,1.3,5.25,1.29,9.75,9.0,5.5,1.31,5.5,1.31,9.5,9.0,5.5,1.3,5.5,1.3,9.5,9.0,5.5,1.3,5.25,1.3,2.14,1.75,11.5,1.93,1.95,2.4,1.6,11.0,1.94,1.95,5.6,1.32,5.6,1.33,2.11,1.78,1.93,1.97,2.41,1.62,1.94,1.98,11.34,9.6,5.54,1.33,5.0,1.33,7.0,11.0,0.0,13.0,2.0,1.0,5.0,13.0,0.0,10.0,6.0,0.0,1.0,3.0
19,15,2025-12-14 14:00,Udinese,Napoli,1,0,1,I1,/,Udinese,Napoli,1.0,0.5,0.5,1.58,2.29,1.86,1.81,1.91,1.59,2.29,1.87,1.83,1.89,3.29,4.47,3.33,4.38,1.62,2.3,1.85,1.85,2.0,1.62,2.3,1.9,1.88,1.98,3.4,4.33,3.4,4.5,1.9,1.9,3.3,4.33,3.3,4.33,1.66,2.44,1.88,1.88,2.1,1.66,2.44,1.95,1.95,2.04,3.4,5.1,3.5,5.2,1.91,1.87,3.3,4.7,3.35,4.3,1.83,1.87,3.4,4.4,3.3,4.4,1.88,1.9,3.25,4.4,3.3,4.5,1.91,1.91,3.25,4.4,3.3,4.5,1.85,1.91,3.25,4.33,3.3,4.4,1.62,2.35,1.91,1.85,2.0,1.62,2.38,1.91,1.88,1.98,3.4,4.75,3.4,4.5,1.62,2.41,1.87,2.04,1.63,2.38,1.91,2.02,1.86,1.9,3.37,4.84,3.55,4.6,3.0,9.0,0.0,7.0,0.0,0.0,1.0,16.0,0.0,18.0,5.0,0.0,0.0,1.0
20,1,2025-12-19 17:00,Kocaelispor,Hesap.com Antalyaspor,2,1,1,T1,/,Kocaelispor,Antalyaspor,1.0,-0.75,-0.75,1.65,2.12,5.1,1.85,1.85,1.59,2.22,5.42,1.86,1.84,3.47,1.66,3.53,1.68,1.67,2.15,5.25,1.93,1.88,1.6,2.3,5.5,1.95,1.85,3.6,1.62,3.6,1.62,5.0,5.5,3.4,1.67,3.5,1.67,1.78,2.24,5.8,1.99,1.99,1.7,2.42,6.8,2.06,1.91,3.7,1.69,3.8,1.76,4.9,5.0,3.5,1.7,3.55,1.7,5.25,5.5,3.5,1.65,3.5,1.67,5.25,5.5,3.5,1.65,3.6,1.66,5.25,5.5,3.6,1.67,3.6,1.7,5.25,5.5,3.6,1.67,3.6,1.67,1.67,2.15,5.33,1.93,1.88,1.62,2.3,5.8,1.95,1.87,3.6,1.74,3.6,1.74,1.72,2.21,1.96,1.94,1.63,2.38,2.0,1.91,5.44,6.07,3.62,1.68,3.72,1.71,2.0,19.0,0.0,6.0,1.0,3.0,4.0,22.0,0.0,7.0,3.0,1.0,2.0,4.0
20,2,2025-12-20 11:30,Tümosan Konyaspor,Zecorner Kayserispor,1,1,0,T1,/,Konyaspor,Kayserispor,1.0,-0.25,-0.5,1.94,1.78,3.73,1.85,1.85,2.07,1.68,3.48,2.06,1.67,3.54,1.97,3.54,1.89,1.95,1.85,3.9,1.9,1.9,2.1,1.7,3.3,2.0,1.8,3.5,2.01,3.5,1.86,3.75,3.5,3.5,1.95,3.5,1.91,2.04,1.87,4.2,2.0,1.94,2.28,1.76,3.85,2.17,1.82,3.65,2.12,3.65,1.94,3.9,3.85,3.6,1.85,3.6,1.84,3.7,3.4,3.6,2.0,3.5,1.87,3.6,3.3,3.6,2.0,3.5,1.93,3.7,3.4,3.7,2.05,3.6,1.95,3.7,3.3,3.7,2.05,3.6,1.95,2.0,1.85,4.0,1.91,1.9,2.1,1.7,3.95,2.18,1.8,3.7,2.05,3.7,1.95,2.02,1.85,1.94,1.94,2.19,1.74,2.1,1.83,3.91,3.6,3.58,2.1,3.73,1.93,2.0,11.0,0.0,13.0,4.0,1.0,3.0,13.0,0.0,16.0,3.0,0.0,0.0,3.0
20,3,2025-12-20 14:00,ikas Eyüpspor,Fenerbahçe,0,3,2,T1,/,Eyupspor,Fenerbahce,1.0,1.25,1.25,2.17,1.62,1.4,1.86,1.83,2.19,1.61,1.39,1.84,1.85,4.67,7.03,4.62,6.81,2.25,1.62,1.39,1.9,1.9,2.2,1.65,1.42,1.98,1.83,4.75,6.25,4.75,6.5,1.4,1.4,4.5,7.0,4.5,7.0,2.34,1.67,1.43,1.91,1.98,2.32,1.71,1.43,2.01,1.95,5.2,8.6,5.5,7.8,1.42,1.37,4.7,7.5,4.5,6.75,1.36,1.4,4.6,7.0,4.5,7.0,1.44,1.41,4.8,6.5,4.6,6.25,1.44,1.4,5.0,7.0,4.8,6.5,1.44,1.4,5.0,6.5,4.8,6.5,2.25,1.66,1.45,1.9,1.9,2.3,1.65,1.42,1.98,1.92,5.0,8.0,5.0,7.6,2.29,1.65,1.93,1.94,2.27,1.68,2.0,1.9,1.39,1.42,4.95,7.48,5.01,7.33,5.0,13.0,0.0,23.0,7.0,1.0,4.0,12.0,0.0,8.0,3.0,2.0,0.0,2.0
20,4,2025-12-20 17:00,Beşiktaş,Çaykur Rizespor,1,0,1,T1,/,Besiktas,Rizespor,1.0,-0.5,-0.75,2.19,1.61,4.57,1.92,1.78,2.34,1.54,3.94,2.03,1.71,3.86,1.78,3.93,1.65,2.25,1.62,4.75,1.95,1.85,2.4,1.53,3.75,1.95,1.85,3.9,1.81,4.0,1.62,4.5,4.0,3.75,1.8,4.0,1.67,2.38,1.64,5.1,2.09,1.87,2.52,1.64,4.4,2.09,1.89,4.0,1.89,4.5,1.69,4.9,4.35,4.0,1.68,3.95,1.62,4.4,3.7,3.9,1.83,3.8,1.65,4.5,3.8,3.9,1.8,4.0,1.68,4.6,3.9,3.9,1.83,4.0,1.7,4.5,3.9,3.9,1.83,4.0,1.7,2.25,1.65,5.0,1.95,1.85,2.45,1.57,4.4,2.28,1.85,4.1,1.87,4.0,1.7,2.32,1.63,2.0,1.88,2.5,1.57,2.08,1.84,4.73,4.16,4.0,1.83,4.08,1.67,6.0,14.0,0.0,17.0,1.0,3.0,4.0,13.0,0.0,16.0,5.0,0.0,0.0,3.0
20,5,2025-12-21 11:30,Corendon Alanyaspor,Mısırlı.com.tr Fatih Karagümrük,2,0,1,T1,/,Alanyaspor,Karagumruk,0.97,-0.75,-0.75,1.88,1.82,4.78,1.87,1.82,1.76,1.96,4.6,1.8,1.9,3.53,1.73,3.74,1.66,1.95,1.85,5.0,1.95,1.85,1.75,2.05,4.75,1.8,2.0,3.5,1.71,3.8,1.62,5.0,4.5,3.5,1.73,3.6,1.67,1.98,1.87,5.4,2.0,1.86,1.84,2.14,5.4,1.89,2.09,3.65,1.82,4.0,1.67,4.75,4.7,3.75,1.68,3.75,1.67,4.8,4.6,3.5,1.75,3.7,1.62,4.6,4.5,3.6,1.75,3.8,1.68,4.8,4.6,3.6,1.75,3.9,1.7,4.8,4.5,3.6,1.75,3.9,1.7,1.95,1.85,5.2,1.95,1.85,1.82,2.05,4.85,1.84,2.0,3.8,1.78,3.9,1.71,1.95,1.88,1.98,1.87,1.8,2.09,1.85,2.06,4.87,5.0,3.59,1.79,4.03,1.66,3.0,16.0,0.0,9.0,3.0,1.0,2.0,19.0,0.0,11.0,6.0,0.0,1.0,3.0
20,6,2025-12-22 14:00,Rams Başakşehir,Gaziantep FK,5,1,1,T1,/,Buyuksehyr,Gaziantep,1.0,-0.75,-0.75,2.1,1.66,4.15,1.8,1.9,2.22,1.59,4.83,1.99,1.73,4.01,1.62,3.85,1.73,2.15,1.67,4.33,1.9,1.9,2.25,1.62,5.0,2.03,1.78,4.2,1.61,4.0,1.68,4.33,4.6,4.0,1.62,3.75,1.73,2.28,1.64,5.2,,,2.4,1.7,5.3,2.09,1.9,4.3,1.71,4.1,1.73,4.1,4.9,4.0,1.61,3.8,1.77,,4.8,4.1,1.6,,,4.1,4.6,4.0,1.65,3.8,1.77,4.2,4.8,4.2,1.65,3.9,1.8,4.2,4.8,4.0,1.65,3.9,1.75,2.2,1.68,4.5,1.9,1.93,2.3,1.65,5.25,2.05,1.78,4.2,1.65,4.0,1.8,2.28,1.65,1.92,1.93,2.34,1.65,2.04,1.88,4.26,5.02,4.12,1.68,4.21,1.72,3.0,14.0,1.0,14.0,3.0,4.0,2.0,19.0,0.0,17.0,7.0,1.0,2.0,3.0
20,7,2025-12-21 17:00,Galatasaray,Kasımpaşa,3,0,1,T1,/,Galatasaray,Kasimpasa,1.0,-2.0,-2.0,2.95,1.35,10.84,1.8,1.91,3.13,1.33,10.69,1.82,1.89,6.58,1.21,6.58,1.2,3.1,1.36,9.0,1.8,2.0,3.4,1.33,9.0,1.85,1.95,7.5,1.19,7.5,1.19,11.0,11.0,6.5,1.2,6.5,1.2,3.2,1.37,12.5,,,3.65,1.37,13.5,1.88,2.03,7.8,1.24,8.0,1.22,12.0,11.0,6.4,1.21,6.4,1.2,11.0,12.0,7.0,1.18,6.5,1.18,10.5,9.5,6.5,1.24,6.75,1.22,11.0,10.0,6.5,1.25,7.0,1.22,10.0,9.5,6.5,1.25,7.0,1.22,3.1,1.37,12.5,1.83,2.0,3.4,1.35,13.5,1.9,1.95,7.5,1.25,7.5,1.22,3.09,1.36,1.81,2.03,3.35,1.33,1.86,2.03,10.52,11.47,7.83,1.21,7.69,1.2,1.0,13.0,0.0,1.0,0.0,1.0,10.0,11.0,0.0,27.0,7.0,0.0,1.0,2.0
20,8,2025-12-21 17:00,Göztepe,Samsunspor,2,0,1,T1,/,Goztep,Samsunspor,0.97,-0.25,-0.25,1.66,2.1,3.15,1.84,1.86,1.43,2.61,3.54,1.85,1.83,2.89,2.23,3.18,2.23,1.67,2.15,3.2,1.85,1.95,1.44,2.7,3.6,1.9,1.9,2.85,2.2,3.2,2.25,3.2,3.5,2.88,2.25,3.1,2.25,1.69,2.2,3.6,,,1.53,2.84,4.0,2.0,1.97,2.94,2.38,3.15,2.32,3.35,3.6,2.9,2.2,3.2,2.14,3.0,3.4,3.0,2.25,3.13,2.25,3.1,3.5,2.9,2.25,3.25,2.25,3.2,3.5,2.9,2.3,3.3,2.3,3.1,3.5,2.9,2.3,3.25,2.25,1.7,2.15,3.45,1.89,1.95,1.5,2.7,3.7,1.9,1.9,3.0,2.3,3.3,2.3,1.69,2.19,1.85,2.01,1.47,2.8,1.96,1.94,3.24,3.87,2.91,2.32,3.18,2.34,3.0,7.0,0.0,5.0,0.0,2.0,4.0,18.0,0.0,10.0,2.0,0.0,1.0,1.0
20,9,2025-12-22 17:00,Natura Dünyası Gençlerbirliği,Trabzonspor,4,3,1,T1,/,Genclerbirligi,Trabzonspor,1.0,0.25,0.5,1.91,1.81,1.99,1.96,1.76,1.87,1.83,2.22,1.83,1.81,3.33,3.07,3.42,3.47,2.0,1.8,1.96,2.03,1.78,1.93,1.88,2.25,1.98,1.83,3.4,3.05,3.5,3.6,2.05,2.2,3.3,3.1,3.4,3.4,,,2.1,,,2.02,1.96,2.36,2.02,1.96,3.4,3.4,3.55,3.6,2.0,2.2,3.4,3.05,3.4,3.6,1.95,2.25,3.4,3.0,3.4,3.4,2.0,2.2,3.4,3.0,3.5,3.4,2.0,2.2,3.5,3.1,3.6,3.5,2.0,2.25,3.4,3.1,3.6,3.5,2.0,1.88,2.05,2.03,1.83,1.93,1.9,2.28,1.98,1.85,3.5,3.25,3.6,3.65,2.06,1.78,2.06,1.81,1.97,1.92,2.0,1.91,2.05,2.34,3.25,3.36,3.54,3.57,6.0,15.0,0.0,14.0,7.0,2.0,6.0,6.0,0.0,18.0,9.0,1.0,2.0,1.0
20,10,2025-12-20 17:30,RB Leipzig,Bayer Leverkusen,1,3,2,D1,/,RB Leipzig,Leverkusen,1.0,-0.25,-0.25,2.45,1.51,3.18,1.95,1.82,2.65,1.45,3.19,1.98,1.81,3.83,2.05,3.73,2.06,2.5,1.53,3.2,2.0,1.85,2.63,1.5,3.1,1.98,1.88,3.9,2.15,3.8,2.1,3.25,3.2,3.75,2.05,3.75,2.05,2.58,1.62,3.3,2.03,1.95,2.96,1.5,3.4,2.09,1.89,4.0,2.16,3.9,2.24,3.2,3.25,3.8,2.08,3.8,2.1,3.0,3.1,3.9,2.05,3.6,2.05,3.2,3.2,3.9,2.05,3.8,2.05,3.2,3.2,3.9,2.05,3.9,2.05,3.2,3.2,3.8,2.05,3.8,2.05,2.5,1.54,3.35,2.0,1.85,2.75,1.5,3.33,2.05,1.88,4.0,2.15,3.9,2.15,2.52,1.55,2.02,1.88,2.75,1.47,2.07,1.86,3.28,3.33,3.92,2.11,3.8,2.15,8.0,12.0,0.0,15.0,8.0,2.0,2.0,10.0,0.0,19.0,7.0,2.0,1.0,1.0
20,11,2025-12-20 17:30,Tottenham Hotspur,Liverpool,1,2,2,E0,/,Tottenham,Liverpool,0.97,0.5,0.5,2.2,1.63,2.02,1.97,1.76,2.02,1.76,2.02,1.95,1.79,3.59,3.54,3.71,3.36,2.2,1.67,2.0,2.03,1.83,2.0,1.8,2.0,2.03,1.83,3.6,3.6,3.75,3.5,2.1,2.1,3.6,3.6,3.75,3.4,2.32,1.73,2.14,2.14,1.86,2.14,1.86,2.08,2.08,1.91,3.8,3.85,3.85,3.55,2.05,2.04,3.6,3.65,3.85,3.4,2.0,2.0,3.7,3.5,3.75,3.4,2.05,2.05,3.6,3.4,3.7,3.4,1.95,2.05,3.6,3.4,3.5,3.2,1.95,2.0,3.6,3.4,3.5,3.2,2.32,1.67,2.1,2.03,1.83,2.07,1.8,2.1,2.03,1.83,3.7,3.7,3.85,3.5,2.21,1.72,2.09,1.82,2.05,1.83,2.06,1.87,2.09,2.05,3.68,3.71,3.8,3.42,6.0,7.0,0.0,8.0,4.0,3.0,2.0,9.0,2.0,15.0,4.0,0.0,0.0,3.0
20,12,2025-12-21 16:30,Aston Villa,Manchester United,2,1,1,E0,/,Aston Villa,Man United,1.0,-0.5,-0.25,2.21,1.63,3.26,1.96,1.8,2.26,1.61,3.53,1.79,1.96,3.67,2.01,3.64,2.1,2.2,1.67,3.3,2.03,1.83,2.2,1.67,3.6,1.85,2.0,3.7,2.0,3.6,2.1,3.3,3.5,3.75,2.15,3.75,2.15,2.42,1.68,3.6,2.12,1.87,2.42,1.69,3.85,1.91,2.08,3.8,2.06,3.75,2.16,3.25,3.6,3.7,2.02,3.7,2.14,3.2,3.4,3.8,2.0,3.6,2.05,3.25,3.5,3.7,1.98,3.7,2.1,3.25,3.5,3.7,2.0,3.7,2.1,3.25,3.5,3.7,2.0,3.6,2.1,2.28,1.67,3.4,2.03,1.84,2.43,1.68,3.7,1.85,2.0,3.8,2.15,3.75,2.15,2.31,1.66,2.09,1.81,2.33,1.64,1.88,2.04,3.49,3.76,3.75,2.04,3.73,2.08,5.0,14.0,0.0,15.0,6.0,2.0,5.0,11.0,0.0,12.0,4.0,1.0,1.0,1.0
20,13,2025-12-21 15:15,Villarreal,Barcelona,0,2,2,SP1,/,Villarreal,Barcelona,1.0,0.75,0.75,3.66,1.26,1.82,2.01,1.76,3.19,1.33,1.73,1.88,1.88,4.36,3.92,4.53,3.39,3.75,1.29,1.83,2.0,1.8,3.2,1.36,1.73,1.95,1.9,4.33,3.8,4.75,3.4,1.8,1.73,4.2,4.0,4.33,3.6,4.0,1.3,1.86,2.07,1.91,3.6,1.37,1.82,2.03,1.95,4.5,4.3,4.9,3.75,1.88,1.74,4.4,3.95,4.6,3.3,1.75,1.73,4.4,4.0,4.2,3.5,1.85,1.78,4.4,3.75,4.6,3.3,1.85,1.8,4.4,3.75,4.6,3.3,1.83,1.75,4.33,3.7,4.6,3.3,3.85,1.29,1.88,2.08,1.8,3.33,1.36,1.8,1.95,1.93,4.5,4.1,5.0,3.6,3.35,1.32,2.06,1.86,3.21,1.37,1.94,1.98,1.83,1.75,4.48,4.19,4.86,3.54,10.0,8.0,0.0,19.0,5.0,1.0,5.0,10.0,1.0,14.0,5.0,1.0,0.0,1.0
20,14,2025-12-21 20:00,Real Betis,Getafe,4,0,1,SP1,/,Betis,Getafe,0.97,-0.75,-0.75,1.56,2.34,5.36,1.87,1.9,1.48,2.56,5.5,1.81,1.97,3.31,1.73,3.44,1.7,1.57,2.38,5.5,1.93,1.93,1.5,2.63,5.5,1.83,2.03,3.3,1.73,3.5,1.7,5.5,5.5,3.3,1.73,3.4,1.73,1.62,2.52,6.2,1.98,1.97,1.55,2.76,6.2,1.93,2.05,3.55,1.78,3.65,1.74,5.5,5.6,3.3,1.75,3.45,1.72,5.25,5.5,3.4,1.73,3.4,1.65,5.25,5.5,3.3,1.73,3.5,1.72,5.25,5.5,3.3,1.75,3.5,1.73,5.25,5.5,3.25,1.73,3.5,1.73,1.6,2.38,5.66,1.93,1.94,1.5,2.63,5.66,1.87,2.03,3.4,1.75,3.5,1.73,1.58,2.49,1.96,1.94,1.5,2.69,1.89,2.04,5.69,5.72,3.45,1.77,3.63,1.71,5.0,12.0,0.0,15.0,3.0,1.0,7.0,13.0,0.0,19.0,8.0,0.0,1.0,0.0
20,15,2025-12-20 19:45,Juventus,Roma,2,1,1,I1,/,Juventus,Roma,1.0,-0.5,-0.5,1.59,2.27,4.12,1.82,1.92,1.67,2.14,4.21,1.8,1.94,3.09,2.0,3.22,1.97,1.62,2.3,4.33,1.88,1.98,1.67,2.2,4.5,1.85,2.0,3.0,2.0,3.2,1.95,4.0,4.0,3.2,2.0,3.2,2.0,1.68,2.4,4.5,1.92,2.06,1.77,2.26,4.6,1.92,2.07,3.3,2.08,3.35,2.06,4.25,4.2,3.15,2.02,3.25,1.95,4.1,4.2,3.1,2.0,3.3,1.95,4.0,4.2,3.1,2.0,3.2,2.05,4.0,4.2,3.1,2.0,3.2,2.05,3.9,4.2,3.1,2.0,3.2,2.05,1.62,2.3,4.33,1.88,1.98,1.73,2.2,4.5,1.85,2.0,3.2,2.05,3.3,2.05,1.63,2.39,1.9,2.0,1.71,2.24,1.88,2.06,4.34,4.44,3.18,2.05,3.31,1.99,4.0,13.0,0.0,14.0,5.0,3.0,2.0,14.0,0.0,13.0,9.0,0.0,1.0,2.0
21,1,2025-12-26 17:30,Standard Liege,Sint Truiden,1,2,2,B1,/,Standard,St Truiden,0.92,0.25,0.0,1.85,1.86,2.41,1.76,1.98,1.71,2.02,2.1,1.79,1.94,3.26,3.45,3.3,2.79,1.93,1.88,2.38,1.78,2.03,1.7,2.1,2.05,1.78,2.03,3.25,3.4,3.3,2.7,2.4,2.1,3.2,3.4,3.25,2.8,1.94,1.9,2.52,,,1.81,2.2,2.22,1.9,2.07,3.5,3.7,3.35,2.92,2.4,2.17,3.2,3.4,3.35,2.88,2.4,2.05,3.4,3.5,3.3,2.7,2.4,2.1,3.4,3.5,3.4,2.85,2.4,2.1,3.4,3.5,3.5,2.87,2.37,2.1,3.3,3.5,3.4,2.8,1.93,1.91,2.5,1.83,2.03,1.73,2.1,2.17,1.85,2.03,3.4,3.5,3.5,2.88,,,,,,,,,,,,,,,5.0,11.0,0.0,16.0,3.0,2.0,1.0,7.0,1.0,5.0,2.0,1.0,1.0,1.0
21,2,2025-12-26 19:45,Anderlecht,Sporting Charleroi,1,2,2,B1,/,Anderlecht,Charleroi,0.97,-0.75,-0.75,1.78,1.94,4.44,1.77,1.98,1.86,1.84,4.64,1.86,1.87,3.65,1.71,3.54,1.76,1.8,2.0,4.33,1.83,1.98,1.9,1.9,4.5,1.93,1.88,3.6,1.67,3.5,1.75,4.5,4.6,3.6,1.7,3.5,1.73,1.79,2.04,5.0,,,2.04,1.94,5.3,1.93,2.04,3.85,1.78,3.7,1.79,4.2,4.8,3.65,1.71,3.6,1.84,4.6,4.8,3.75,1.67,3.5,1.7,4.4,4.75,3.7,1.73,3.6,1.82,4.4,4.6,3.7,1.75,3.6,1.8,4.33,4.5,3.7,1.75,3.6,1.8,1.81,2.0,4.75,1.83,2.07,1.92,1.9,5.0,1.93,1.9,3.75,1.75,3.66,1.84,,,,,,,,,,,,,,,3.0,16.0,0.0,13.0,5.0,4.0,8.0,7.0,0.0,17.0,4.0,2.0,1.0,1.0
21,3,2025-12-27 12:30,Antwerp,Zulte Waregem,2,1,1,B1,/,Antwerp,Waregem,0.97,-0.75,-0.5,1.91,1.81,3.42,1.77,1.96,1.94,1.78,4.34,1.81,1.92,3.7,1.75,3.46,2.02,1.95,1.85,3.5,1.8,2.0,1.95,1.85,4.0,1.83,1.98,3.7,1.73,3.4,1.95,3.4,4.5,3.6,1.73,3.4,2.05,1.96,1.86,3.5,,,2.04,1.94,5.0,1.92,2.04,3.9,1.81,3.55,2.06,3.35,4.5,3.8,1.74,3.45,2.1,3.4,4.5,3.7,1.73,3.4,2.0,3.5,4.2,3.75,1.8,3.5,2.05,3.5,4.2,3.75,1.8,3.5,2.05,3.5,4.2,3.7,1.8,3.5,2.05,1.95,1.85,3.6,1.83,2.0,1.98,1.85,4.6,1.84,1.98,3.8,1.8,3.6,2.1,,,,,,,,,,,,,,,7.0,5.0,0.0,16.0,6.0,0.0,5.0,19.0,0.0,7.0,3.0,1.0,1.0,3.0
21,4,2025-12-27 19:45,KAA Gent,Westerlo,2,0,1,B1,/,Gent,Westerlo,0.97,0.0,-0.25,2.33,1.54,2.81,1.8,1.94,2.29,1.56,2.7,1.93,1.79,3.5,2.41,3.62,2.25,2.4,1.53,2.8,1.8,2.0,2.35,1.57,2.6,1.98,1.83,3.5,2.45,3.6,2.25,2.8,2.63,3.5,2.38,3.5,2.3,,,2.76,,,2.46,1.67,2.82,2.09,1.9,3.75,2.6,3.85,2.32,2.9,2.88,3.55,2.3,3.65,2.25,2.75,2.7,3.4,2.45,3.6,2.25,2.85,2.7,3.7,2.37,3.6,2.3,2.8,2.75,3.7,2.4,3.6,2.3,2.8,2.7,3.6,2.37,3.6,2.3,2.45,1.6,2.9,1.82,2.0,2.38,1.6,2.88,1.98,1.85,3.7,2.5,3.8,2.3,,,,,,,,,,,,,,,3.0,15.0,0.0,14.0,5.0,1.0,4.0,17.0,0.0,18.0,5.0,0.0,2.0,1.0
21,5,2025-12-26 20:00,Manchester United,Newcastle United,1,0,1,E0,/,Man United,Newcastle,0.97,0.0,0.0,2.22,1.62,2.67,1.92,1.83,2.32,1.58,2.66,1.93,1.84,3.64,2.47,3.58,2.47,2.2,1.67,2.6,1.95,1.9,2.38,1.57,2.6,1.98,1.88,3.7,2.5,3.6,2.55,2.75,2.75,3.6,2.5,3.6,2.5,2.4,1.69,2.8,2.05,1.93,2.54,1.64,2.78,2.06,1.93,3.85,2.62,3.75,2.64,2.8,2.65,3.75,2.5,3.55,2.48,2.55,2.55,3.75,2.5,3.6,2.45,2.65,2.7,3.6,2.4,3.6,2.45,2.7,2.7,3.6,2.45,3.6,2.5,2.62,2.7,3.6,2.4,3.5,2.45,2.32,1.67,2.8,1.95,1.9,2.45,1.62,2.75,2.0,1.88,3.75,2.5,3.75,2.55,2.34,1.65,1.99,1.92,2.37,1.62,2.05,1.88,2.67,2.71,3.77,2.49,3.71,2.57,11.0,5.0,0.0,16.0,3.0,1.0,2.0,9.0,0.0,10.0,4.0,0.0,1.0,2.0
21,6,2025-12-27 15:00,Arsenal,Brighton & Hove Albion,2,1,1,E0,/,Arsenal,Brighton,0.97,-1.5,-1.25,2.2,1.64,7.34,1.9,1.86,2.45,1.53,8.87,1.87,1.84,5.45,1.32,4.73,1.41,2.2,1.67,7.0,1.95,1.9,2.5,1.53,8.0,1.95,1.9,5.5,1.33,4.75,1.42,8.0,10.0,5.5,1.33,4.6,1.44,2.3,1.74,9.0,1.99,1.91,2.62,1.6,10.5,2.02,1.97,5.9,1.35,5.1,1.43,8.0,8.5,5.3,1.35,4.7,1.43,7.5,10.0,5.75,1.29,4.75,1.36,6.75,8.0,5.75,1.34,4.8,1.43,7.0,8.0,5.75,1.33,4.8,1.44,6.5,8.0,5.5,1.33,4.8,1.44,2.25,1.67,8.0,1.95,1.9,2.6,1.55,10.0,1.95,1.91,5.75,1.36,5.0,1.44,2.3,1.66,2.01,1.89,2.46,1.58,1.97,1.95,8.08,9.7,5.65,1.33,5.09,1.39,2.0,13.0,0.0,8.0,3.0,3.0,7.0,7.0,0.0,24.0,6.0,0.0,1.0,2.0
21,7,2025-12-27 15:00,Brentford,AFC Bournemouth,4,1,1,E0,/,Brentford,Bournemouth,0.97,-0.25,-0.25,2.11,1.69,2.98,1.83,1.95,1.98,1.8,3.04,1.82,1.95,3.47,2.28,3.57,2.25,2.2,1.67,3.0,1.88,1.98,1.93,1.93,3.2,1.88,1.98,3.4,2.25,3.6,2.25,3.1,3.1,3.5,2.3,3.6,2.3,2.32,1.74,3.2,1.93,2.05,2.02,1.96,3.25,1.94,2.05,3.65,2.36,3.7,2.38,3.0,3.0,3.55,2.32,3.6,2.32,2.9,3.1,3.5,2.25,3.6,2.2,2.95,3.0,3.5,2.25,3.6,2.25,3.0,3.0,3.5,2.25,3.6,2.3,2.9,3.0,3.4,2.25,3.5,2.25,2.2,1.73,3.1,1.88,1.98,2.12,1.93,3.2,1.88,2.0,3.6,2.33,3.75,2.32,2.24,1.7,1.89,2.02,2.05,1.87,1.91,2.01,3.05,3.15,3.59,2.32,3.67,2.31,15.0,8.0,0.0,20.0,10.0,2.0,2.0,9.0,0.0,15.0,7.0,0.0,2.0,2.0
21,8,2025-12-27 15:00,Liverpool,Wolverhampton,2,1,1,E0,/,Liverpool,Wolves,0.763,-1.75,-1.75,2.62,1.46,11.25,1.94,1.83,2.7,1.45,11.22,1.97,1.81,6.43,1.24,6.31,1.24,2.63,1.5,10.0,1.98,1.88,2.75,1.44,11.0,1.98,1.88,7.0,1.22,6.5,1.25,13.0,12.0,6.5,1.25,6.5,1.25,2.76,1.54,14.0,2.04,1.92,2.98,1.5,13.5,2.04,1.94,7.4,1.26,7.6,1.25,12.0,13.0,6.75,1.23,6.5,1.24,12.0,12.0,6.5,1.22,6.0,1.22,10.5,9.5,6.5,1.25,6.75,1.24,10.0,9.5,6.5,1.25,6.5,1.25,10.0,9.5,6.5,1.25,6.5,1.25,2.75,1.5,13.0,1.98,1.88,2.8,1.48,13.0,2.05,1.88,7.0,1.26,6.75,1.25,2.65,1.48,1.97,1.92,2.73,1.47,1.97,1.93,11.7,11.61,6.61,1.25,7.02,1.23,4.0,13.0,0.0,9.0,4.0,1.0,6.0,5.0,0.0,14.0,4.0,0.0,2.0,0.0
21,9,2025-12-27 17:30,Chelsea,Aston Villa,1,2,2,E0,/,Chelsea,Aston Villa,1.0,-0.75,-0.5,2.12,1.68,3.97,1.93,1.8,2.16,1.67,4.23,1.82,1.95,3.94,1.77,3.82,1.84,2.2,1.67,4.0,2.0,1.85,2.2,1.67,4.2,1.88,1.98,4.0,1.75,3.9,1.83,4.2,4.33,4.0,1.8,4.0,1.83,2.28,1.74,4.3,2.07,1.92,2.38,1.71,4.5,1.93,2.06,4.3,1.83,4.0,1.92,4.0,4.3,3.9,1.8,3.85,1.87,4.0,4.33,4.0,1.75,3.75,1.8,3.9,4.2,3.9,1.77,3.9,1.83,3.9,4.2,3.9,1.75,3.9,1.83,3.9,4.2,3.9,1.75,3.9,1.83,2.2,1.72,4.2,2.0,1.9,2.25,1.71,4.33,1.88,1.98,4.0,1.81,4.0,1.89,2.2,1.72,2.05,1.87,2.25,1.7,1.9,2.03,4.1,4.31,4.14,1.79,3.95,1.85,7.0,8.0,0.0,11.0,8.0,3.0,6.0,16.0,0.0,14.0,3.0,0.0,1.0,5.0
21,10,2025-12-28 16:30,Crystal Palace,Tottenham Hotspur,0,1,2,E0,/,Crystal Palace,Tottenham,0.97,-0.25,-0.25,1.8,1.96,3.19,1.87,1.9,1.91,1.86,3.22,1.86,1.91,3.38,2.23,3.33,2.25,1.8,2.0,3.2,1.88,1.98,1.93,1.93,3.25,1.9,1.95,3.4,2.2,3.25,2.25,3.25,3.3,3.4,2.25,3.4,2.3,1.9,2.08,3.45,1.96,2.01,1.97,2.0,3.35,1.97,2.01,3.55,2.34,3.45,2.36,3.3,3.25,3.45,2.25,3.45,2.23,3.1,3.25,3.3,2.25,3.3,2.25,3.1,3.2,3.4,2.2,3.4,2.25,3.1,3.25,3.4,2.2,3.4,2.25,3.1,3.2,3.4,2.2,3.4,2.25,1.83,2.02,3.35,1.91,1.98,2.0,1.93,3.3,1.9,1.95,3.45,2.25,3.45,2.3,1.85,2.05,1.93,1.97,1.93,1.97,1.95,1.97,3.36,3.33,3.45,2.29,3.34,2.29,2.0,5.0,0.0,8.0,4.0,2.0,3.0,7.0,0.0,15.0,2.0,1.0,0.0,3.0
21,11,2025-12-27 17:00,Udinese,Lazio,1,1,0,I1,/,Udinese,Lazio,1.0,0.25,0.25,1.61,2.24,2.43,1.95,1.75,1.45,2.65,2.5,1.99,1.74,2.87,3.2,3.05,3.06,1.62,2.3,2.45,2.1,1.78,1.44,2.75,2.5,2.1,1.78,2.9,3.3,3.0,3.1,2.5,2.5,3.0,3.0,3.1,3.0,1.65,2.4,2.56,2.17,1.83,1.5,2.96,2.64,2.2,1.81,3.0,3.4,3.2,3.25,2.38,2.55,2.85,3.25,3.2,3.15,2.4,2.45,2.88,3.3,3.0,3.1,2.45,2.55,2.85,3.2,3.1,3.0,2.45,2.5,2.87,3.2,3.1,3.0,2.45,2.5,2.8,3.25,3.1,3.0,1.62,2.3,2.5,2.1,1.8,1.53,2.75,2.55,2.1,1.78,3.0,3.3,3.2,3.15,1.63,2.37,2.17,1.77,1.45,2.85,2.14,1.81,2.56,2.55,2.98,3.34,3.08,3.14,6.0,14.0,0.0,14.0,2.0,4.0,5.0,19.0,0.0,15.0,4.0,0.0,0.0,3.0
21,12,2025-12-28 14:00,Cremonese,Napoli,0,2,2,I1,/,Cremonese,Napoli,1.0,1.0,1.0,1.73,2.04,1.55,1.96,1.82,1.67,2.12,1.56,1.96,1.81,3.77,6.49,3.84,6.21,1.73,2.1,1.55,1.98,1.88,1.67,2.2,1.6,2.05,1.75,3.6,6.5,3.9,6.25,1.57,1.57,3.75,6.5,3.75,6.5,1.81,2.14,1.6,2.05,1.88,1.74,2.3,1.63,2.16,1.85,3.95,7.4,4.1,7.0,1.57,1.53,3.9,7.0,3.8,6.5,1.53,1.55,3.75,6.5,3.8,6.5,1.58,1.58,3.9,6.0,3.9,6.0,1.57,1.57,3.9,6.0,3.9,6.0,1.57,1.57,3.8,6.0,3.8,6.0,1.75,2.1,1.58,2.0,1.88,1.73,2.2,1.6,2.05,1.88,3.9,7.0,4.0,6.5,1.79,2.09,2.0,1.9,1.71,2.23,2.11,1.83,1.57,1.59,3.85,7.14,4.16,6.28,10.0,8.0,0.0,22.0,8.0,2.0,1.0,13.0,0.0,6.0,2.0,2.0,0.0,2.0
21,13,2025-12-28 17:00,Bologna,Sassuolo,1,1,0,I1,/,Bologna,Sassuolo,1.0,-0.5,-0.75,1.77,1.98,4.73,1.85,1.92,1.73,2.04,3.96,1.79,1.95,3.27,1.99,3.58,1.74,1.8,2.0,4.75,1.85,2.0,1.73,2.1,4.2,1.85,2.0,3.25,1.95,3.6,1.75,4.6,3.75,3.3,2.05,3.5,1.8,1.88,2.04,5.2,1.9,2.04,1.84,2.16,4.5,1.94,2.06,3.4,2.06,3.8,1.79,5.1,4.1,3.2,2.02,3.7,1.72,4.6,4.0,3.25,2.0,3.6,1.73,4.6,4.0,3.4,1.95,3.6,1.78,4.6,4.0,3.4,1.95,3.6,1.8,4.6,3.9,3.4,1.95,3.6,1.75,1.8,2.02,5.1,1.9,2.0,1.78,2.12,4.2,1.85,2.05,3.4,2.05,3.7,1.8,1.87,2.03,1.9,2.0,1.76,2.17,1.9,2.02,5.1,4.36,3.3,2.01,3.75,1.74,3.0,19.0,0.0,8.0,5.0,3.0,2.0,18.0,0.0,16.0,6.0,0.0,0.0,2.0
21,14,2025-12-28 19:45,Atalanta,Inter,0,1,2,I1,/,Atalanta,Inter,1.0,0.25,0.5,2.02,1.74,2.05,1.98,1.75,2.0,1.76,2.07,1.73,2.01,3.45,3.41,3.52,3.39,2.1,1.73,2.0,2.05,1.8,2.03,1.83,2.0,1.83,2.03,3.3,3.2,3.5,3.5,2.05,2.05,3.5,3.4,3.5,3.4,2.14,1.8,2.12,2.12,1.87,2.2,1.82,2.18,1.88,2.11,3.65,3.65,3.7,3.75,2.1,2.04,3.5,3.6,3.55,3.4,2.0,2.05,3.6,3.4,3.6,3.4,2.1,2.1,3.4,3.4,3.5,3.3,2.1,2.1,3.4,3.4,3.5,3.3,2.1,2.1,3.4,3.4,3.5,3.3,2.1,1.8,2.1,2.05,1.8,2.05,1.83,2.12,1.83,2.06,3.6,3.6,3.66,3.5,2.13,1.78,2.07,1.84,2.12,1.79,1.88,2.05,2.07,2.16,3.56,3.51,3.64,3.64,7.0,12.0,0.0,15.0,4.0,1.0,4.0,8.0,0.0,7.0,0.0,0.0,0.0,2.0
21,15,2025-12-28 18:00,Braga,Benfica,2,2,0,P1,/,Sp Braga,Benfica,0.97,0.25,0.25,1.7,2.04,2.12,1.76,1.9,1.66,2.1,2.05,1.68,1.99,3.24,3.56,3.24,3.35,1.75,2.05,2.1,1.88,1.98,1.62,2.25,1.96,1.73,2.08,3.05,4.0,3.3,3.3,2.1,2.1,3.2,3.5,3.2,3.4,,,2.18,,,1.76,2.28,2.14,1.86,2.15,3.45,3.95,3.4,3.7,2.14,2.04,3.3,3.65,3.15,3.5,2.1,2.0,3.2,3.5,3.25,3.25,2.1,2.05,3.4,3.4,3.4,3.3,2.15,2.05,3.4,3.6,3.4,3.4,2.1,2.05,3.4,3.5,3.4,3.4,1.75,2.16,2.16,1.88,1.98,1.67,2.25,2.14,1.76,2.08,3.4,4.0,3.4,3.5,1.76,2.09,1.88,1.97,1.72,2.21,1.85,2.06,2.18,2.16,3.34,3.68,3.34,3.43,5.0,9.0,0.0,14.0,6.0,2.0,1.0,14.0,1.0,11.0,3.0,1.0,2.0,4.0
22,1,2026-01-03 16:00,Monaco,Olympique Lyon,1,3,2,F1,/,Monaco,Lyon,0.97,-0.25,-0.25,2.3,1.57,3.36,2.05,1.71,2.22,1.62,3.29,1.98,1.79,3.65,2.07,3.72,2.0,2.38,1.57,3.5,2.05,1.75,2.2,1.67,3.4,2.05,1.8,3.75,2.05,3.75,2.0,3.3,3.3,3.6,2.1,3.75,2.05,2.44,1.68,3.5,2.12,1.86,2.38,1.7,3.5,2.09,1.9,3.85,2.18,3.95,2.14,3.55,3.2,3.8,2.1,3.8,1.97,3.2,3.25,3.8,2.05,3.6,2.0,3.3,3.25,3.7,2.1,3.8,2.0,3.3,3.25,3.7,2.1,3.8,2.0,3.3,3.2,3.7,2.05,3.75,2.0,2.38,1.6,3.55,2.12,1.75,2.3,1.68,3.5,2.05,1.82,3.8,2.1,3.8,2.1,2.4,1.61,2.08,1.84,2.28,1.69,2.08,1.85,3.36,3.48,3.71,2.12,3.89,2.09,2.0,12.0,0.0,13.0,9.0,3.0,7.0,14.0,1.0,6.0,2.0,1.0,1.0,2.0
22,2,2026-01-03 20:05,Lille,Rennes,0,2,2,F1,/,Lille,Rennes,1.0,-0.75,-0.5,2.15,1.66,3.92,1.93,1.83,2.16,1.65,4.48,1.87,1.9,3.86,1.73,3.63,1.87,2.2,1.67,4.0,1.98,1.88,2.2,1.67,4.75,1.93,1.93,4.0,1.73,3.7,1.9,3.75,4.5,3.75,1.73,3.75,1.9,2.28,1.73,4.3,2.05,1.93,2.32,1.75,5.0,1.96,2.01,4.0,1.8,3.95,1.93,4.0,4.75,3.8,1.73,3.7,1.88,3.75,4.4,4.0,1.73,3.6,1.83,3.9,4.33,4.0,1.73,3.7,1.88,3.9,4.33,4.0,1.73,3.7,1.91,3.9,4.33,3.9,1.73,3.7,1.85,2.2,1.67,4.33,1.98,1.9,2.2,1.68,4.75,1.93,1.95,4.0,1.77,3.75,1.91,2.23,1.71,2.01,1.9,2.26,1.7,1.94,1.98,4.27,4.78,3.92,1.76,3.67,1.89,7.0,14.0,0.0,18.0,4.0,1.0,4.0,4.0,1.0,13.0,3.0,0.0,0.0,1.0
22,3,2026-01-04 12:30,Leeds United,Manchester United,1,1,0,E0,/,Leeds,Man United,0.97,0.0,0.0,1.96,1.8,2.56,1.84,1.92,1.82,1.95,2.59,1.82,1.94,3.3,2.73,3.44,2.68,2.03,1.83,2.63,1.88,1.98,1.8,2.0,2.6,1.85,2.0,3.2,2.8,3.3,2.7,2.6,2.63,3.3,2.8,3.4,2.8,2.08,1.89,2.7,1.95,2.03,1.93,2.06,2.72,1.94,2.05,3.5,2.86,3.6,2.82,2.6,2.63,3.35,2.75,3.5,2.7,2.6,2.55,3.4,2.7,3.5,2.63,2.5,2.6,3.3,2.65,3.5,2.7,2.5,2.6,3.3,2.7,3.5,2.7,2.5,2.6,3.3,2.62,3.5,2.7,2.03,1.85,2.63,1.88,1.98,1.87,2.0,2.65,1.87,2.0,3.4,2.8,3.5,2.8,2.05,1.85,1.92,1.99,1.87,2.04,1.93,1.99,2.61,2.68,3.4,2.77,3.57,2.71,4.0,9.0,0.0,15.0,2.0,1.0,6.0,9.0,0.0,11.0,3.0,0.0,0.0,0.0
22,4,2026-01-04 15:00,Everton,Brentford,2,4,2,E0,/,Everton,Brentford,1.0,-0.25,-0.25,1.64,2.19,3.1,1.79,1.98,1.68,2.15,3.01,1.74,2.05,3.16,2.46,3.19,2.36,1.67,2.2,3.1,1.83,2.03,1.67,2.2,3.1,1.78,2.1,3.2,2.45,3.25,2.35,3.25,3.0,3.25,2.5,3.2,2.4,1.74,2.32,3.25,1.86,2.13,1.77,2.28,3.25,1.85,2.16,3.3,2.54,3.3,2.5,3.2,3.1,3.1,2.5,3.25,2.38,3.0,3.0,3.25,2.4,3.2,2.3,3.0,3.0,3.1,2.45,3.25,2.35,3.0,3.0,3.1,2.45,3.25,2.37,3.0,3.0,3.1,2.45,3.25,2.37,1.67,2.3,3.25,1.83,2.03,1.73,2.2,3.15,1.78,2.1,3.3,2.55,3.25,2.4,1.69,2.25,1.83,2.09,1.73,2.21,1.79,2.16,3.24,3.09,3.24,2.53,3.16,2.45,5.0,8.0,0.0,11.0,7.0,2.0,4.0,9.0,0.0,14.0,6.0,1.0,0.0,0.0
22,5,2026-01-04 15:15,Fulham,Liverpool,2,2,0,E0,/,Fulham,Liverpool,1.0,0.5,0.5,2.0,1.77,1.92,1.88,1.85,1.89,1.87,1.88,1.82,1.91,3.61,4.07,3.68,3.74,2.0,1.8,1.91,1.95,1.9,2.0,1.85,1.85,1.88,1.98,3.75,4.0,3.75,3.8,1.95,1.91,3.6,4.2,3.75,3.75,2.08,1.87,2.02,2.03,1.94,1.96,2.02,1.94,1.93,2.06,3.75,4.5,3.85,3.9,1.94,1.89,3.65,4.2,3.65,3.95,1.91,1.85,3.7,4.1,3.6,3.7,1.93,1.9,3.6,3.9,3.75,3.7,1.91,1.91,3.6,3.9,3.75,3.7,1.91,1.91,3.6,3.9,3.7,3.7,2.02,1.82,1.96,1.95,1.9,2.0,1.95,1.91,1.88,1.98,3.75,4.25,3.8,3.95,2.05,1.85,1.98,1.93,1.92,1.99,1.91,2.01,1.97,1.91,3.67,4.39,3.84,3.75,8.0,4.0,0.0,10.0,2.0,1.0,3.0,11.0,0.0,8.0,2.0,0.0,1.0,1.0
22,6,2026-01-04 15:00,Newcastle United,Crystal Palace,2,0,1,E0,/,Newcastle,Crystal Palace,0.97,-0.75,-0.75,2.02,1.75,4.89,1.96,1.81,2.09,1.71,4.9,1.96,1.82,3.93,1.68,3.92,1.67,2.0,1.8,4.75,1.98,1.88,2.1,1.73,4.75,2.0,1.85,4.1,1.67,3.9,1.7,5.0,5.0,4.0,1.73,4.0,1.7,2.1,1.84,5.3,2.03,1.92,2.24,1.79,5.3,2.04,1.93,4.1,1.73,4.1,1.72,5.3,5.1,3.9,1.7,4.1,1.65,4.8,5.0,4.1,1.65,3.8,1.65,4.8,4.75,3.9,1.7,3.9,1.68,4.8,4.8,3.9,1.7,3.9,1.7,4.8,4.6,3.9,1.7,3.9,1.67,2.12,1.8,5.3,2.0,1.88,2.2,1.75,5.1,2.0,1.86,4.1,1.73,4.1,1.7,2.08,1.81,1.98,1.93,2.13,1.78,2.03,1.9,4.86,5.19,4.0,1.69,4.04,1.71,6.0,12.0,0.0,11.0,1.0,3.0,8.0,5.0,0.0,12.0,7.0,0.0,0.0,1.0
22,7,2026-01-04 15:00,Tottenham Hotspur,Sunderland,1,1,0,E0,/,Tottenham,Sunderland,0.97,-0.5,-0.5,1.77,2.0,4.37,1.97,1.76,1.72,2.09,3.95,1.83,1.9,3.39,1.97,3.65,1.8,1.8,2.0,4.5,2.05,1.8,1.73,2.1,3.9,1.88,1.98,3.5,1.95,3.6,1.8,4.5,4.0,3.5,2.0,3.6,1.8,1.86,2.1,4.8,2.15,1.86,1.82,2.2,4.3,1.94,2.04,3.5,2.04,3.85,1.86,4.7,4.0,3.4,2.02,3.75,1.79,4.4,3.9,3.4,2.0,3.5,1.8,4.2,3.9,3.4,1.95,3.7,1.82,4.2,3.9,3.4,1.95,3.7,1.83,4.2,3.9,3.4,1.95,3.7,1.83,1.8,2.05,4.7,2.05,1.83,1.75,2.25,4.2,1.88,1.98,3.5,2.02,3.8,1.84,1.78,2.11,2.09,1.83,1.76,2.16,1.92,2.01,4.39,4.22,3.46,2.01,3.85,1.83,5.0,6.0,0.0,10.0,3.0,3.0,3.0,10.0,0.0,13.0,5.0,0.0,1.0,2.0
22,8,2026-01-04 17:30,Manchester City,Chelsea,1,1,0,E0,/,Man City,Chelsea,1.0,-1.25,-0.75,2.55,1.49,4.66,2.02,1.74,3.02,1.37,5.88,1.84,1.93,4.9,1.47,4.39,1.63,2.63,1.5,4.5,2.03,1.78,3.2,1.36,5.5,1.85,2.0,5.0,1.5,4.75,1.6,5.0,6.5,5.0,1.44,4.33,1.67,2.72,1.55,5.1,2.14,1.85,3.4,1.41,6.8,1.95,2.04,5.2,1.5,4.7,1.68,5.1,6.0,5.0,1.48,4.35,1.62,4.6,6.0,5.0,1.45,4.2,1.62,4.4,5.5,5.0,1.49,4.4,1.66,4.4,5.5,5.0,1.48,4.4,1.67,4.4,5.5,5.0,1.48,4.33,1.65,2.63,1.5,5.1,2.07,1.78,3.2,1.4,6.5,1.9,2.0,5.0,1.5,4.75,1.67,2.67,1.5,2.08,1.83,3.15,1.38,1.91,2.02,4.64,6.35,5.05,1.48,4.66,1.65,2.0,14.0,0.0,8.0,3.0,3.0,8.0,12.0,0.0,14.0,3.0,0.0,1.0,3.0
22,9,2026-01-02 20:00,Rayo Vallecano,Getafe,1,1,0,SP1,/,Vallecano,Getafe,0.97,-0.5,-0.5,1.33,3.19,4.46,1.76,1.99,1.32,3.21,4.55,1.74,2.02,2.83,2.05,2.86,2.04,1.33,3.4,4.5,1.8,2.05,1.33,3.4,4.5,1.78,2.1,2.88,2.05,2.9,2.05,4.33,4.5,2.8,2.05,2.88,2.05,1.39,3.45,4.8,1.87,2.14,1.39,3.45,4.8,1.81,2.2,2.94,2.2,3.05,2.14,4.6,5.1,2.85,2.0,2.85,2.02,4.5,4.33,2.9,2.1,2.9,2.05,4.4,4.5,2.85,2.05,2.87,2.05,4.4,4.5,2.87,2.05,2.87,2.05,4.4,4.4,2.87,2.05,2.87,2.05,1.36,3.4,4.6,1.83,2.05,1.36,3.4,5.1,1.83,2.1,2.9,2.12,2.9,2.1,1.34,3.33,1.83,2.12,1.34,3.37,1.8,2.16,4.63,4.68,2.87,2.15,2.96,2.11,2.0,10.0,0.0,12.0,4.0,4.0,3.0,13.0,0.0,13.0,4.0,0.0,1.0,3.0
22,10,2026-01-03 20:00,Espanyol,Barcelona,0,2,2,SP1,/,Espanol,Barcelona,0.967,1.25,1.25,2.86,1.39,1.51,2.0,1.76,2.55,1.49,1.48,1.97,1.8,4.64,5.81,4.72,5.35,3.0,1.4,1.5,2.03,1.78,2.63,1.5,1.5,2.05,1.75,4.5,5.75,4.75,5.25,1.5,1.5,4.5,6.0,4.6,5.5,3.15,1.44,1.56,2.1,1.89,2.76,1.55,1.54,2.16,1.85,4.9,6.6,5.1,5.9,1.5,1.44,4.8,6.5,4.8,5.6,1.5,1.5,4.6,5.75,4.8,5.5,,,,,,,1.53,1.53,4.6,5.25,4.8,5.25,1.53,1.53,4.6,5.25,4.8,5.0,3.0,1.4,1.55,2.03,1.8,2.7,1.53,1.53,2.05,1.9,5.0,6.5,4.8,5.6,2.94,1.41,2.07,1.85,2.61,1.53,2.1,1.81,1.54,1.52,4.75,5.94,4.83,5.55,7.0,14.0,0.0,15.0,6.0,0.0,5.0,10.0,0.0,14.0,7.0,0.0,0.0,1.0
22,11,2026-01-04 15:15,Real Madrid,Real Betis,5,1,1,SP1,/,Real Madrid,Betis,0.97,-1.0,-1.25,2.66,1.44,5.99,1.82,1.94,2.47,1.51,6.05,2.06,1.74,4.59,1.48,4.67,1.46,2.75,1.44,6.25,1.85,2.0,2.38,1.57,6.0,2.03,1.83,4.6,1.5,4.75,1.45,6.5,6.0,4.5,1.5,4.6,1.44,2.86,1.51,7.0,1.92,2.01,2.68,1.59,7.0,2.11,1.87,4.6,1.55,5.1,1.5,6.1,6.5,4.7,1.46,4.8,1.46,5.75,6.5,4.75,1.45,4.5,1.44,6.0,5.75,4.75,1.5,4.75,1.49,5.75,5.75,4.8,1.5,4.8,1.48,5.75,5.5,4.6,1.5,4.6,1.48,2.75,1.45,6.5,1.85,2.0,2.6,1.57,6.5,2.12,1.83,4.8,1.52,4.85,1.49,2.79,1.45,1.91,2.0,2.52,1.56,2.09,1.85,6.8,6.75,4.55,1.51,4.92,1.45,8.0,12.0,0.0,13.0,5.0,1.0,5.0,10.0,0.0,19.0,9.0,0.0,1.0,1.0
22,12,2026-01-03 11:30,Como,Udinese,1,0,1,I1,/,Como,Udinese,1.0,-0.75,-0.75,1.78,1.98,4.94,1.89,1.88,1.71,2.06,4.75,1.82,1.95,3.53,1.75,3.65,1.71,1.8,2.0,4.75,1.9,1.95,1.73,2.1,4.75,1.83,2.03,3.6,1.75,3.8,1.73,4.6,4.6,3.4,1.73,3.5,1.73,1.89,2.08,5.6,1.98,1.99,1.78,2.26,5.5,1.9,2.09,3.6,1.83,3.85,1.77,5.4,5.0,3.65,1.72,3.75,1.66,5.0,4.75,3.6,1.75,3.7,1.7,4.8,4.75,3.6,1.77,3.75,1.71,4.8,4.8,3.6,1.75,3.75,1.73,4.8,4.6,3.6,1.75,3.7,1.7,1.8,2.05,5.4,1.94,1.95,1.77,2.1,5.0,1.86,2.03,3.65,1.84,3.8,1.75,1.83,2.07,1.93,1.98,1.74,2.2,1.88,2.04,5.26,5.2,3.55,1.79,3.62,1.75,2.0,15.0,0.0,4.0,1.0,3.0,3.0,12.0,0.0,15.0,3.0,0.0,1.0,1.0
22,13,2026-01-03 19:45,Atalanta,Roma,1,0,1,I1,/,Atalanta,Roma,1.0,-0.25,-0.25,1.72,2.04,3.28,1.87,1.9,1.64,2.17,3.37,1.84,1.93,3.05,2.28,3.22,2.23,1.73,2.1,3.3,1.9,1.95,1.67,2.2,3.4,1.88,1.98,3.1,2.3,3.2,2.3,3.2,3.2,3.1,2.25,3.2,2.2,1.81,2.2,3.55,1.95,2.03,1.77,2.28,3.65,1.94,2.04,3.15,2.44,3.25,2.4,3.3,3.5,2.95,2.33,3.25,2.25,3.2,3.3,3.1,2.3,3.3,2.25,3.3,3.4,3.1,2.25,3.3,2.2,3.3,3.4,3.1,2.25,3.3,2.2,3.25,3.4,3.0,2.25,3.3,2.2,1.77,2.1,3.4,1.9,1.95,1.71,2.28,3.5,1.88,1.98,3.1,2.33,3.3,2.3,1.78,2.12,1.93,1.98,1.69,2.26,1.94,1.98,3.48,3.6,3.11,2.34,3.17,2.32,5.0,15.0,0.0,10.0,4.0,2.0,7.0,16.0,0.0,13.0,2.0,0.0,1.0,1.0
22,14,2026-01-04 11:30,Lazio,Napoli,0,2,2,I1,/,Lazio,Napoli,1.0,0.25,0.25,1.49,2.52,2.31,1.86,1.84,1.5,2.48,2.16,1.75,1.97,2.98,3.79,3.01,3.34,1.5,2.63,2.3,1.98,1.88,1.53,2.5,2.15,1.83,2.03,3.0,3.8,3.1,3.4,2.3,2.15,3.0,3.6,2.88,3.3,1.56,2.7,2.42,2.02,1.95,1.58,2.68,2.24,1.9,2.1,3.15,4.1,3.1,3.75,2.28,2.16,3.0,3.85,3.05,3.5,2.3,2.15,3.0,3.8,3.0,3.3,2.35,2.2,2.95,3.75,3.0,3.3,2.37,2.2,3.0,3.75,3.0,3.3,2.3,2.2,3.0,3.75,3.0,3.3,1.5,2.63,2.38,1.98,1.88,1.53,2.54,2.2,1.83,2.03,3.0,4.0,3.1,3.5,1.52,2.66,2.01,1.89,1.53,2.6,1.86,2.07,2.38,2.2,3.09,4.01,3.05,3.5,6.0,13.0,1.0,14.0,3.0,1.0,2.0,10.0,2.0,5.0,0.0,2.0,0.0,5.0
22,15,2026-01-02 18:45,Gil Vicente,Sporting Lizbon,1,1,0,P1,/,Gil Vicente,Sp Lisbon,0.964,1.0,1.25,1.86,1.84,1.43,1.94,1.76,1.82,1.9,1.45,1.72,2.03,4.17,6.81,4.25,7.03,1.95,1.85,1.42,2.05,1.8,1.9,1.9,1.45,1.8,2.05,4.2,7.0,4.1,7.0,1.4,1.44,4.0,7.5,4.2,7.0,2.0,1.97,1.51,2.17,1.82,1.94,2.04,1.52,1.9,2.07,4.5,7.8,4.6,8.0,1.44,1.42,4.4,7.5,4.25,7.5,1.4,1.44,4.0,6.5,4.2,7.0,1.46,1.49,4.1,6.25,4.33,6.75,1.48,1.5,4.2,6.5,4.33,7.0,1.48,1.5,4.2,6.5,4.33,7.0,1.95,1.9,1.48,2.05,1.8,1.9,1.95,1.5,1.83,2.1,4.4,7.5,4.5,7.8,1.97,1.92,2.08,1.84,1.93,1.95,1.84,2.08,1.46,1.48,4.47,7.17,4.62,7.3,7.0,14.0,1.0,14.0,4.0,4.0,8.0,17.0,0.0,19.0,9.0,1.0,0.0,4.0
24,1,2026-01-17 14:00,Rams Başakşehir,Mısırlı.com.tr Fatih Karagümrük,2,1,1,T1,/,Buyuksehyr,Karagumruk,0.97,-1.0,-1.25,2.08,1.67,6.05,1.71,2.03,2.16,1.62,6.17,1.99,1.74,4.37,1.46,4.23,1.47,2.1,1.7,6.5,1.75,2.05,2.25,1.62,6.25,2.05,1.75,4.5,1.45,4.33,1.45,6.0,6.5,4.33,1.44,4.2,1.5,2.18,1.75,7.2,1.78,2.12,2.36,1.72,7.8,2.24,1.76,4.9,1.48,4.8,1.5,5.8,5.8,4.3,1.49,4.2,1.5,6.0,6.5,4.4,1.44,4.2,1.45,5.75,6.0,4.5,1.47,4.4,1.49,6.0,6.0,4.6,1.48,4.5,1.5,5.75,6.0,4.5,1.48,4.4,1.5,2.1,1.7,6.8,1.77,2.05,2.25,1.65,6.66,2.05,1.85,4.6,1.53,4.5,1.53,,,,,,,,,,,,,,,1.0,8.0,0.0,11.0,5.0,2.0,5.0,17.0,0.0,12.0,6.0,0.0,1.0,2.0
24,2,2026-01-17 17:00,Galatasaray,Gaziantep FK,1,1,0,T1,/,Galatasaray,Gaziantep,1.0,-2.0,-2.0,3.17,1.32,11.95,1.93,1.78,3.01,1.34,11.52,1.89,1.83,6.89,1.19,7.04,1.17,3.4,1.33,15.0,2.0,1.8,3.1,1.36,13.0,1.83,1.98,7.5,1.15,8.0,1.11,13.0,12.0,6.5,1.18,7.0,1.17,3.45,1.34,13.0,2.06,1.79,3.35,1.41,18.5,1.91,2.02,8.2,1.2,8.2,1.19,12.0,12.0,7.0,1.18,6.75,1.18,12.0,12.0,7.0,1.18,7.0,1.15,9.75,9.75,7.25,1.22,7.5,1.21,10.0,10.0,7.5,1.22,7.5,1.22,10.0,10.0,7.0,1.22,7.5,1.22,3.4,1.33,15.0,2.0,1.85,3.2,1.38,13.0,1.95,1.98,7.5,1.22,8.0,1.22,,,,,,,,,,,,,,,2.0,12.0,0.0,10.0,4.0,2.0,10.0,17.0,0.0,17.0,3.0,0.0,0.0,3.0
24,3,2026-01-18 11:30,Kasımpaşa,Hesap.com Antalyaspor,0,0,0,T1,/,Kasimpasa,Antalyaspor,1.0,-0.25,-0.25,1.72,2.02,3.29,1.92,1.8,1.68,2.08,3.51,1.97,1.76,3.16,2.08,3.21,2.13,1.7,2.1,3.4,1.93,1.88,1.67,2.15,3.7,2.03,1.78,3.2,2.05,3.2,2.15,3.3,3.5,3.2,2.1,3.2,2.15,1.75,2.16,3.7,,,1.76,2.28,4.0,2.1,1.89,3.25,2.24,3.2,2.22,3.45,3.5,3.25,2.07,3.4,2.04,3.2,3.5,3.25,2.1,3.2,2.15,3.25,3.4,3.25,2.1,3.3,2.15,3.1,3.25,3.1,2.05,3.1,2.1,3.1,3.25,3.1,2.05,3.1,2.1,1.8,2.1,3.5,1.97,1.9,1.76,2.15,3.75,2.03,1.83,3.35,2.15,3.45,2.2,,,,,,,,,,,,,,,4.0,11.0,0.0,7.0,2.0,1.0,10.0,18.0,0.0,11.0,4.0,0.0,0.0,3.0
24,4,2026-01-18 14:00,Natura Dünyası Gençlerbirliği,Samsunspor,1,1,0,T1,/,Genclerbirligi,Samsunspor,1.0,-0.25,0.25,1.68,2.07,2.38,2.0,1.73,1.61,2.17,3.18,1.8,1.92,3.12,2.27,3.17,2.9,1.73,2.08,2.35,2.05,1.75,1.62,2.25,3.3,1.83,1.98,3.1,2.25,3.2,3.0,2.4,3.2,3.1,2.25,3.2,2.88,1.77,1.92,2.52,,,1.71,2.38,3.5,1.93,2.05,3.25,2.42,3.2,3.1,2.35,3.05,3.2,2.3,3.15,3.0,2.3,3.2,3.13,2.25,3.2,2.88,2.45,3.1,3.2,2.3,3.2,2.85,2.45,3.2,3.2,2.3,3.25,2.9,2.45,3.1,3.2,2.3,3.2,2.87,1.75,2.15,2.45,2.05,1.77,1.66,2.25,3.3,1.83,2.0,3.25,2.34,3.25,3.05,,,,,,,,,,,,,,,6.0,14.0,0.0,18.0,4.0,2.0,4.0,9.0,0.0,8.0,3.0,1.0,0.0,0.0
24,5,2026-01-18 14:00,Kocaelispor,Trabzonspor,1,2,2,T1,/,Kocaelispor,Trabzonspor,1.0,0.0,0.0,1.71,2.02,2.67,1.87,1.85,1.72,2.01,2.78,1.96,1.77,3.19,2.47,3.17,2.57,1.73,2.08,2.65,1.95,1.85,1.75,2.05,2.75,2.03,1.78,3.3,2.4,3.3,2.55,2.63,2.88,3.1,2.4,3.1,2.63,1.76,2.14,2.92,,,1.84,2.14,3.1,2.15,1.84,3.25,2.66,3.2,2.66,2.88,2.7,3.25,2.5,3.15,2.43,2.63,2.8,3.25,2.45,3.2,2.5,2.6,2.75,3.3,2.45,3.2,2.65,2.62,2.8,3.3,2.5,3.25,2.7,2.6,2.75,3.3,2.5,3.25,2.7,1.75,2.1,2.95,1.95,1.95,1.8,2.05,2.88,2.03,1.83,3.3,2.55,3.3,2.74,,,,,,,,,,,,,,,3.0,14.0,0.0,10.0,3.0,2.0,4.0,16.0,0.0,15.0,5.0,1.0,1.0,1.0
24,6,2026-01-18 17:00,Corendon Alanyaspor,Fenerbahçe,2,3,2,T1,/,Alanyaspor,Fenerbahce,1.0,1.0,1.0,1.89,1.82,1.5,1.8,1.92,1.84,1.86,1.54,1.88,1.85,3.96,5.69,4.06,6.08,1.93,1.88,1.49,1.88,1.93,1.85,1.95,1.51,1.98,1.83,4.33,5.25,4.1,6.0,1.5,1.53,3.75,6.0,4.0,6.5,1.96,1.01,1.26,,,1.96,2.0,1.61,2.11,1.89,4.2,7.0,4.7,5.5,1.5,1.54,4.0,5.6,4.1,6.1,1.5,1.53,3.9,6.0,3.9,6.0,1.51,1.57,4.0,5.5,4.1,6.0,1.53,1.6,4.0,5.5,4.2,6.0,1.53,1.57,4.0,5.5,4.2,6.0,1.93,1.88,1.53,1.88,2.05,1.91,1.95,1.6,2.0,2.05,4.33,6.0,4.2,6.6,,,,,,,,,,,,,,,6.0,10.0,0.0,12.0,4.0,0.0,6.0,10.0,0.0,9.0,3.0,1.0,2.0,2.0
24,7,2026-01-19 14:00,Tümosan Konyaspor,ikas Eyüpspor,1,1,0,T1,/,Konyaspor,Eyupspor,1.0,-1.25,-1.0,1.92,1.79,5.32,1.78,1.94,2.07,1.68,7.24,1.87,1.83,4.59,1.38,3.96,1.56,2.0,1.8,5.5,1.85,1.95,2.05,1.75,7.0,1.9,1.9,4.75,1.37,4.1,1.53,5.5,7.5,4.5,1.36,4.0,1.53,,,6.2,,,2.14,1.86,9.4,1.99,1.93,5.1,1.42,4.1,1.56,5.1,7.5,4.75,1.37,3.95,1.6,5.5,8.0,4.6,1.36,3.9,1.53,5.25,7.0,4.75,1.4,3.9,1.6,5.5,7.0,4.8,1.4,4.0,1.61,5.25,7.0,4.8,1.4,4.0,1.6,2.0,1.83,5.75,1.85,1.98,2.14,1.75,8.0,1.91,1.95,4.9,1.44,4.1,1.63,,,,,,,,,,,,,,,2.0,14.0,0.0,10.0,2.0,2.0,5.0,7.0,0.0,18.0,4.0,0.0,0.0,0.0
24,8,2026-01-19 17:00,Beşiktaş,Zecorner Kayserispor,1,0,1,T1,/,Besiktas,Kayserispor,1.0,-1.5,-1.25,2.57,1.45,6.51,1.89,1.83,2.72,1.4,6.75,1.77,1.94,5.0,1.37,4.77,1.39,2.7,1.44,7.0,1.98,1.83,2.88,1.4,6.5,1.78,2.03,5.0,1.37,5.0,1.39,7.0,7.0,5.0,1.36,4.6,1.4,,,7.0,,,3.1,1.46,8.6,1.84,2.12,5.6,1.41,5.9,1.44,6.5,6.75,5.0,1.38,4.5,1.43,6.5,7.0,5.0,1.36,4.8,1.36,6.5,6.5,5.0,1.4,5.0,1.4,6.5,6.5,5.0,1.4,5.0,1.4,6.5,6.5,5.0,1.4,5.0,1.4,2.75,1.53,7.2,2.0,1.86,2.88,1.44,7.0,1.83,2.03,5.33,1.4,5.0,1.46,,,,,,,,,,,,,,,2.0,15.0,0.0,9.0,3.0,4.0,9.0,12.0,0.0,31.0,9.0,0.0,0.0,2.0
24,9,2026-01-19 17:00,Göztepe,Çaykur Rizespor,3,1,1,T1,/,Goztep,Rizespor,0.97,-0.25,-0.5,1.66,2.09,3.9,1.82,1.89,1.58,2.24,3.82,2.04,1.71,3.1,2.03,3.29,1.91,1.7,2.1,4.1,1.88,1.93,1.57,2.35,4.0,2.08,1.73,3.1,2.01,3.3,1.91,4.0,3.75,3.1,2.05,3.25,1.91,,,4.9,,,1.66,2.44,4.5,2.21,1.78,3.15,2.12,3.35,1.91,4.0,3.85,3.25,1.97,3.3,1.9,3.8,3.9,3.0,2.05,3.25,1.9,3.75,3.6,3.25,2.05,3.4,1.95,3.9,3.7,3.3,2.05,3.4,1.95,3.8,3.7,3.25,2.05,3.4,1.95,1.73,2.12,4.1,1.9,1.93,1.62,2.35,4.0,2.08,1.83,3.3,2.12,3.4,1.95,,,,,,,,,,,,,,,9.0,8.0,0.0,16.0,5.0,1.0,3.0,15.0,0.0,13.0,7.0,0.0,1.0,3.0
24,10,2026-01-17 14:30,TSG Hoffenheim,Bayer Leverkusen,1,0,1,D1,/,Hoffenheim,Leverkusen,0.97,-0.25,0.0,2.6,1.47,2.65,1.99,1.77,2.59,1.48,2.77,1.78,2.01,3.71,2.31,3.74,2.37,2.63,1.5,2.7,2.05,1.8,2.63,1.5,2.8,1.8,2.05,3.8,2.35,3.8,2.4,2.63,2.88,3.6,2.3,3.75,2.38,2.84,1.52,2.82,2.11,1.87,2.74,1.57,2.94,1.87,2.13,3.9,2.44,3.95,2.5,2.7,2.8,3.8,2.33,3.75,2.43,2.55,2.7,3.8,2.3,3.7,2.3,2.7,2.8,3.75,2.3,3.8,2.35,2.7,2.8,3.75,2.3,3.8,2.37,2.7,2.8,3.75,2.3,3.75,2.37,2.7,1.5,2.71,2.05,1.83,2.8,1.52,2.88,1.83,2.05,3.8,2.38,3.8,2.43,,,,,,,,,,,,,,,5.0,7.0,0.0,8.0,2.0,1.0,3.0,17.0,0.0,19.0,8.0,0.0,1.0,2.0
24,11,2026-01-17 17:30,RB Leipzig,Bayern Münih,1,5,2,D1,/,RB Leipzig,Bayern Munich,0.978,0.75,1.0,3.32,1.3,1.54,1.82,1.95,3.17,1.34,1.7,1.83,1.94,4.33,4.12,4.69,4.9,3.5,1.3,1.55,1.85,2.0,3.2,1.36,1.73,1.93,1.93,4.33,4.0,4.75,5.0,1.53,1.7,4.33,4.2,4.6,5.0,3.75,1.35,1.6,1.9,2.06,3.45,1.39,1.77,1.95,2.03,4.5,4.6,5.1,5.4,1.56,1.68,4.4,4.3,4.75,5.0,1.5,1.7,4.33,4.1,4.5,4.75,1.57,1.75,4.33,3.9,4.8,4.75,1.57,1.75,4.33,3.9,4.8,4.8,1.55,1.75,4.33,3.9,4.8,4.6,3.5,1.33,1.57,1.85,2.0,3.45,1.37,1.75,1.93,2.0,4.4,4.35,5.0,5.2,,,,,,,,,,,,,,,9.0,6.0,0.0,19.0,12.0,0.0,5.0,7.0,0.0,17.0,4.0,0.0,1.0,1.0
24,12,2026-01-16 20:00,Paris St Germain,Lille,3,0,1,F1,/,Paris SG,Lille,0.952,-1.75,-1.5,2.67,1.43,8.43,1.92,1.81,2.86,1.39,9.35,1.87,1.91,6.05,1.27,5.52,1.31,2.75,1.44,8.0,2.0,1.85,2.75,1.44,9.0,1.88,1.98,6.25,1.27,5.75,1.3,9.0,10.0,6.0,1.25,5.5,1.3,3.0,1.49,9.6,2.05,1.91,3.1,1.46,11.5,1.91,2.07,6.6,1.31,6.0,1.36,8.5,9.5,6.4,1.27,5.4,1.33,9.0,10.5,6.0,1.25,5.75,1.29,7.75,9.25,6.0,1.29,5.5,1.35,7.5,9.5,6.0,1.28,5.5,1.35,7.5,9.0,6.0,1.28,5.5,1.35,2.75,1.46,9.0,2.0,1.85,3.1,1.44,10.5,1.9,1.98,6.4,1.29,5.75,1.35,,,,,,,,,,,,,,,2.0,6.0,0.0,7.0,4.0,1.0,4.0,14.0,0.0,13.0,7.0,0.0,1.0,0.0
24,13,2026-01-17 12:30,Manchester United,Manchester City,2,0,1,E0,/,Man United,Man City,1.0,0.25,0.5,2.56,1.48,1.94,1.88,1.85,2.54,1.5,2.23,1.92,1.86,3.63,3.01,3.87,3.55,2.5,1.53,1.91,1.93,1.93,2.5,1.53,2.3,2.03,1.83,3.6,2.9,3.8,3.7,1.95,2.3,3.6,3.0,4.0,3.6,2.76,1.56,2.0,2.01,1.98,2.74,1.56,2.38,2.06,1.92,3.75,3.1,4.0,3.85,1.95,2.2,3.65,3.2,3.9,3.65,1.93,2.25,3.8,2.88,4.0,3.5,1.95,2.2,3.7,2.95,3.8,3.5,1.95,2.2,3.7,3.0,3.8,3.5,1.95,2.2,3.7,2.9,3.8,3.5,2.63,1.53,2.0,1.95,1.93,2.75,1.53,2.33,2.03,1.92,3.8,3.25,4.0,3.7,,,,,,,,,,,,,,,6.0,8.0,0.0,7.0,1.0,3.0,1.0,13.0,0.0,11.0,7.0,0.0,0.0,2.0
24,14,2026-01-18 16:30,Aston Villa,Everton,0,1,2,E0,/,Aston Villa,Everton,1.0,-0.75,-0.75,1.87,1.88,5.09,1.95,1.82,1.95,1.81,5.77,2.08,1.72,3.94,1.6,3.87,1.66,1.93,1.93,5.25,2.0,1.85,2.0,1.8,5.75,2.08,1.73,3.9,1.62,3.9,1.67,5.5,5.5,4.0,1.62,3.75,1.7,1.98,2.0,5.7,2.04,1.92,2.08,1.9,6.6,2.2,1.81,4.1,1.63,4.0,1.72,5.4,6.1,3.95,1.6,3.95,1.66,5.0,6.5,3.9,1.55,3.75,1.65,5.0,5.5,4.0,1.6,4.0,1.66,5.0,5.5,4.0,1.6,4.0,1.67,4.8,5.25,4.0,1.6,3.9,1.67,1.93,1.93,5.5,2.0,1.85,2.0,1.85,6.5,2.1,1.83,4.0,1.64,4.0,1.7,,,,,,,,,,,,,,,4.0,13.0,0.0,9.0,3.0,2.0,6.0,15.0,0.0,18.0,5.0,0.0,0.0,1.0
24,15,2026-01-18 20:00,Real Sociedad,Barcelona,2,1,1,SP1,/,Sociedad,Barcelona,0.97,1.0,1.0,2.85,1.39,1.56,1.88,1.9,2.76,1.42,1.62,1.97,1.81,4.37,4.7,4.5,4.93,3.0,1.4,1.55,1.88,1.98,2.63,1.5,1.65,2.05,1.75,4.33,4.5,4.5,5.0,1.57,1.62,4.33,4.6,4.5,5.0,3.15,1.44,1.59,1.89,2.03,3.0,1.49,1.68,2.11,1.89,4.5,5.3,4.9,5.7,1.57,1.58,4.5,5.0,4.7,4.9,1.5,1.62,4.4,4.8,4.4,5.0,1.6,1.63,4.4,4.75,4.5,4.75,1.6,1.61,4.4,4.6,4.5,4.6,1.6,1.61,4.33,4.6,4.5,4.6,3.0,1.41,1.6,1.93,1.98,3.0,1.5,1.67,2.05,1.87,4.5,5.0,4.75,5.33,,,,,,,,,,,,,,,8.0,8.0,0.0,25.0,9.0,3.0,6.0,13.0,1.0,8.0,6.0,0.0,1.0,3.0
25,1,2026-01-23 17:00,Trabzonspor,Kasımpaşa,2,1,1,T1,/,Trabzonspor,Kasimpasa,1.0,-1.0,-1.0,2.21,1.6,5.61,1.91,1.81,2.29,1.56,5.16,1.87,1.85,4.21,1.55,4.22,1.5,2.25,1.62,5.5,1.9,1.9,2.35,1.57,5.0,1.8,2.0,4.1,1.56,4.2,1.51,6.0,5.0,4.0,1.57,4.2,1.5,2.42,1.69,6.4,2.01,1.94,2.48,1.66,6.0,1.91,2.04,4.4,1.62,4.7,1.57,5.8,5.75,4.3,1.49,4.35,1.49,5.5,5.0,4.2,1.57,4.1,1.5,5.5,4.8,4.33,1.58,4.5,1.51,,4.8,4.5,1.6,,,,4.8,4.4,1.6,,,2.33,1.65,6.25,2.0,1.9,2.38,1.62,6.0,1.93,2.0,4.5,1.6,4.5,1.53,,,,,,,,,,,,,,,3.0,13.0,1.0,6.0,2.0,2.0,3.0,18.0,0.0,14.0,3.0,0.0,0.0,2.0
25,2,2026-01-24 11:30,Zecorner Kayserispor,Rams Başakşehir,0,3,2,T1,/,Kayserispor,Buyuksehyr,1.0,0.25,0.5,2.08,1.67,2.03,2.0,1.73,1.98,1.75,2.11,1.81,1.9,3.38,3.21,3.51,3.27,2.1,1.7,2.01,2.05,1.75,2.0,1.8,2.1,1.85,1.95,3.5,3.25,3.6,3.4,2.05,2.1,3.4,3.2,3.5,3.3,2.12,1.65,2.14,2.14,1.79,2.18,1.83,2.22,1.92,2.06,3.6,3.55,3.6,3.55,2.0,2.14,3.35,3.2,3.55,3.4,2.05,2.1,3.5,3.2,3.5,3.13,2.05,2.1,3.6,3.2,3.6,3.25,2.05,,,,3.7,3.3,2.0,,,,3.5,3.1,2.12,1.73,2.1,2.05,1.83,2.05,1.8,2.15,1.85,1.95,3.6,3.33,3.7,3.45,,,,,,,,,,,,,,,4.0,18.0,0.0,13.0,7.0,0.0,10.0,8.0,0.0,7.0,2.0,1.0,0.0,1.0
25,3,2026-01-24 14:00,Samsunspor,Kocaelispor,0,0,0,T1,/,Samsunspor,Kocaelispor,1.0,-0.25,-0.25,1.59,2.23,3.46,1.95,1.78,1.43,2.63,3.35,1.83,1.89,2.9,2.3,3.12,2.1,1.6,2.3,3.5,1.98,1.83,1.44,2.7,3.2,1.8,2.0,3.0,2.35,3.3,2.1,3.5,3.4,2.88,2.3,3.1,2.1,1.65,2.36,4.1,2.12,1.84,1.5,2.9,3.65,1.89,2.08,3.0,2.5,3.15,2.18,3.65,3.7,3.0,2.12,3.2,2.05,3.4,3.3,3.0,2.3,3.1,2.1,3.4,3.25,2.95,2.35,3.2,2.15,,,,,,,,,,,,,1.62,2.3,3.65,2.0,1.83,1.48,2.75,3.7,1.92,2.0,3.0,2.4,3.3,2.15,,,,,,,,,,,,,,,1.0,14.0,0.0,7.0,1.0,2.0,9.0,13.0,0.0,16.0,1.0,0.0,0.0,1.0
25,4,2026-01-24 17:00,Mısırlı.com.tr Fatih Karagümrük,Galatasaray,1,3,2,T1,/,Karagumruk,Galatasaray,0.97,1.75,1.5,2.59,1.45,1.3,1.83,1.88,2.69,1.41,1.23,1.82,1.9,5.86,9.92,5.3,7.9,2.6,1.48,1.3,1.88,1.93,2.7,1.44,1.24,1.93,1.88,6.0,9.0,5.5,8.0,1.29,1.25,5.5,10.0,5.5,8.5,2.76,1.48,1.32,1.89,1.91,3.05,1.48,1.27,2.0,1.95,7.0,13.5,6.2,8.2,1.32,1.22,6.0,12.0,5.1,8.0,1.29,1.25,5.75,10.0,5.25,8.0,1.33,1.28,6.0,8.5,5.25,7.75,,,,,,,,,,,,,2.8,1.48,1.33,1.9,1.93,2.8,1.44,1.28,1.93,2.05,6.5,12.0,5.75,8.5,,,,,,,,,,,,,,,6.0,13.0,0.0,11.0,4.0,2.0,2.0,8.0,0.0,10.0,3.0,1.0,1.0,0.0
25,5,2026-01-25 11:30,Gaziantep FK,Tümosan Konyaspor,1,1,0,T1,/,Gaziantep,Konyaspor,1.0,-0.25,-0.25,2.03,1.71,2.92,1.77,1.97,2.0,1.73,3.05,1.83,1.89,3.37,2.18,3.33,2.27,2.08,1.73,3.0,1.8,2.0,2.05,1.75,3.1,1.9,1.9,3.4,2.15,3.4,2.25,2.88,3.1,3.4,2.15,3.4,2.25,2.12,1.67,3.25,1.88,2.0,2.12,1.86,3.35,1.95,2.03,3.5,2.36,3.45,2.34,2.8,2.95,3.4,2.25,3.35,2.35,,3.1,3.5,2.15,,,2.87,3.0,3.5,2.2,3.5,2.25,,,,,,,,,,,,,2.1,1.75,3.1,1.83,2.0,2.05,1.8,3.15,1.91,1.91,3.5,2.25,3.5,2.35,,,,,,,,,,,,,,,4.0,15.0,0.0,11.0,6.0,3.0,10.0,16.0,0.0,15.0,2.0,0.0,1.0,6.0
25,6,2026-01-25 14:00,Hesap.com Antalyaspor,Natura Dünyası Gençlerbirliği,2,1,1,T1,/,Antalyaspor,Genclerbirligi,1.0,0.0,0.0,1.64,2.14,2.59,1.83,1.95,1.64,2.13,2.57,1.82,1.92,3.09,2.71,3.1,2.65,1.65,2.2,2.55,1.85,1.95,1.67,2.15,2.5,1.83,1.98,3.3,2.7,3.25,2.65,2.5,2.5,3.1,2.75,3.1,2.75,1.66,2.08,2.7,,,1.75,2.28,2.8,1.93,2.05,3.2,2.98,3.15,3.05,2.75,2.7,3.05,2.65,3.2,2.48,,2.55,3.2,2.7,,,2.55,2.55,3.2,2.7,3.2,2.7,,,,,,,,,,,,,1.72,2.2,2.75,1.85,2.0,1.7,2.18,2.7,1.91,1.98,3.3,2.8,3.25,2.84,,,,,,,,,,,,,,,2.0,20.0,0.0,12.0,2.0,3.0,8.0,16.0,0.0,11.0,3.0,1.0,1.0,2.0
25,7,2026-01-25 14:00,Çaykur Rizespor,Corendon Alanyaspor,1,1,0,T1,/,Rizespor,Alanyaspor,1.0,-0.5,-0.5,1.76,1.96,3.67,1.75,1.97,1.73,2.01,4.1,1.85,1.86,3.3,1.87,3.24,1.98,1.8,2.0,3.75,1.8,2.0,1.78,2.03,4.1,1.93,1.88,3.5,1.86,3.4,1.96,3.6,4.0,3.3,1.91,3.3,2.0,1.83,2.04,4.7,,,1.86,2.12,4.8,2.02,1.97,3.5,1.97,3.35,2.02,3.6,3.85,3.3,1.95,3.3,2.0,,4.1,3.4,1.85,,,3.6,4.1,3.3,1.9,3.25,2.05,,,,,,,,,,,,,1.8,2.0,3.9,1.83,2.07,1.78,2.1,4.5,1.93,2.07,3.5,1.95,3.4,2.05,,,,,,,,,,,,,,,8.0,8.0,1.0,23.0,3.0,5.0,4.0,14.0,1.0,6.0,3.0,0.0,0.0,2.0
25,8,2026-01-25 17:00,Fenerbahçe,Göztepe,1,1,0,T1,/,Fenerbahce,Goztep,0.97,-1.25,-1.25,1.89,1.81,7.2,1.8,1.93,1.99,1.74,7.12,1.8,1.91,4.41,1.4,4.31,1.4,1.95,1.85,7.0,1.8,2.0,2.08,1.73,7.0,1.83,1.98,4.5,1.41,4.33,1.41,8.0,7.5,4.33,1.4,4.2,1.4,2.0,1.87,9.2,,,2.16,1.85,9.0,1.93,2.05,5.2,1.43,4.8,1.42,7.5,7.5,4.25,1.42,4.3,1.42,,7.0,4.5,1.4,,,7.0,6.5,4.5,1.44,4.5,1.42,,,,,,,,,,,,,1.95,1.85,8.0,1.83,2.0,2.08,1.82,7.6,1.85,1.98,4.6,1.44,4.5,1.43,,,,,,,,,,,,,,,4.0,22.0,0.0,14.0,4.0,4.0,8.0,8.0,0.0,21.0,5.0,1.0,1.0,3.0
25,9,2026-01-26 17:00,ikas Eyüpspor,Beşiktaş,2,2,0,T1,/,Eyupspor,Besiktas,1.0,1.75,1.25,2.16,1.62,1.4,1.9,1.83,2.8,1.39,1.25,1.9,1.82,5.71,9.23,4.48,6.73,2.15,1.67,1.39,1.9,1.9,3.1,1.36,1.25,1.9,1.9,6.5,9.0,4.33,7.5,1.4,1.25,5.5,10.0,4.5,7.0,,,1.41,,,3.05,1.46,1.31,2.01,1.96,6.2,11.0,5.1,8.0,1.45,1.29,5.25,9.0,4.3,6.5,,1.22,6.0,10.5,,,1.41,1.28,6.0,8.75,4.6,6.75,,,,,,,,,,,,,2.25,1.67,1.45,1.95,1.9,3.1,1.48,1.29,1.97,1.9,6.5,10.5,4.75,7.5,,,,,,,,,,,,,,,5.0,14.0,0.0,17.0,9.0,1.0,3.0,10.0,0.0,15.0,4.0,1.0,0.0,3.0
25,10,2026-01-24 17:30,Union Berlin,Borussia Dortmund,0,3,2,D1,/,Union Berlin,Dortmund,1.0,0.25,0.5,1.84,1.91,2.03,1.97,1.77,1.73,2.06,2.25,1.91,1.85,3.25,3.21,3.4,3.57,1.91,1.91,2.05,2.05,1.8,1.73,2.1,2.3,1.98,1.88,3.3,3.2,3.5,3.6,2.0,2.3,3.2,3.2,3.4,3.75,1.96,2.0,2.16,2.16,1.84,1.85,2.14,2.36,2.01,1.97,3.35,3.5,3.55,3.8,2.06,2.23,3.3,3.35,3.45,3.65,2.0,2.25,3.3,3.13,3.3,3.4,2.0,2.25,3.25,3.2,3.5,3.7,,,,,,,,,,,,,1.91,1.95,2.1,2.05,1.83,1.78,2.1,2.3,1.98,1.9,3.33,3.35,3.5,3.75,,,,,,,,,,,,,,,2.0,16.0,0.0,15.0,5.0,1.0,7.0,10.0,0.0,10.0,3.0,1.0,0.0,0.0
25,11,2026-01-24 20:05,Marsilya,Lens,3,1,1,F1,/,Marseille,Lens,0.853,-0.25,-0.5,2.24,1.61,3.43,1.79,1.94,2.48,1.5,3.22,1.97,1.81,3.72,2.07,3.65,1.99,2.3,1.62,3.4,1.83,2.03,2.5,1.53,3.25,2.03,1.83,3.8,2.05,3.75,2.0,3.5,3.25,3.75,2.05,3.6,2.0,2.4,1.67,3.6,1.86,2.14,2.7,1.57,3.5,2.13,1.87,3.95,2.12,3.85,2.14,3.55,3.1,3.75,2.16,3.75,1.98,3.3,3.25,3.8,2.05,3.6,1.95,3.3,3.2,3.8,2.05,3.75,2.05,,,,,,,,,,,,,2.3,1.62,3.6,1.85,2.03,2.5,1.53,3.4,2.03,1.87,3.8,2.16,3.75,2.05,,,,,,,,,,,,,,,2.0,16.0,0.0,7.0,2.0,3.0,2.0,18.0,0.0,10.0,5.0,0.0,2.0,0.0
25,12,2026-01-25 16:30,Arsenal,Manchester United,2,3,2,E0,/,Arsenal,Man United,1.0,-1.0,-1.0,2.1,1.69,5.89,1.88,1.89,2.18,1.66,5.69,1.9,1.88,4.32,1.54,4.08,1.55,2.1,1.73,6.0,1.93,1.93,2.2,1.67,5.75,1.98,1.88,4.5,1.53,4.2,1.55,6.0,5.5,4.33,1.57,4.2,1.57,2.28,1.75,6.4,1.96,1.98,2.3,1.75,6.2,2.03,1.96,4.7,1.57,4.2,1.62,6.4,5.75,4.35,1.56,4.1,1.56,5.75,5.75,4.33,1.53,4.2,1.5,5.75,5.5,4.5,1.53,4.1,1.57,,,,,,,,,,,,,2.15,1.73,6.4,1.93,1.95,2.25,1.71,5.8,1.98,1.91,4.5,1.57,4.2,1.6,,,,,,,,,,,,,,,2.0,9.0,0.0,10.0,3.0,0.0,9.0,11.0,0.0,15.0,4.0,1.0,1.0,2.0
25,13,2026-01-24 20:00,Villarreal,Real Madrid,0,2,2,SP1,/,Villarreal,Real Madrid,1.0,0.5,0.5,2.62,1.46,2.0,1.95,1.78,2.81,1.4,1.84,1.81,1.93,4.05,3.74,3.84,3.32,2.63,1.5,2.0,2.03,1.83,2.75,1.44,1.85,1.88,1.98,4.0,3.75,3.9,3.4,2.0,1.9,4.0,3.6,3.75,3.4,2.84,1.52,2.08,2.08,1.89,3.15,1.46,1.91,1.91,2.08,4.2,4.1,4.0,3.55,1.98,1.77,4.1,4.1,4.0,3.35,2.0,1.85,4.2,3.6,4.0,3.25,2.0,1.87,4.0,3.6,3.8,3.3,,,,,,,,,,,,,2.7,1.5,2.05,2.03,1.85,3.0,1.44,1.9,1.88,2.0,4.2,4.1,4.0,3.4,,,,,,,,,,,,,,,6.0,10.0,0.0,14.0,4.0,1.0,6.0,19.0,0.0,8.0,1.0,0.0,0.0,3.0
25,14,2026-01-25 17:00,Juventus,Napoli,3,0,1,I1,/,Juventus,Napoli,1.0,-0.5,-0.5,1.49,2.53,3.9,1.72,2.01,1.54,2.41,4.57,1.87,1.86,3.12,1.91,3.08,2.06,1.5,2.63,4.0,1.8,2.05,1.53,2.5,4.75,1.95,1.9,3.1,1.85,3.2,2.05,4.0,4.33,3.2,1.91,3.1,2.05,1.57,2.68,4.3,1.86,2.14,1.63,2.56,5.2,2.03,1.96,3.35,1.96,3.2,2.14,4.1,4.5,3.1,1.96,3.1,2.05,3.8,4.6,3.13,1.91,3.1,2.05,3.7,4.6,3.1,1.93,3.1,2.1,,,,,,,,,,,,,1.53,2.63,4.1,1.8,2.05,1.57,2.5,4.75,1.95,1.9,3.2,1.96,3.2,2.1,,,,,,,,,,,,,,,2.0,11.0,0.0,9.0,1.0,2.0,2.0,21.0,0.0,12.0,6.0,0.0,1.0,1.0
25,15,2026-01-25 19:45,Roma,Milan,1,1,0,I1,/,Roma,Milan,1.0,0.0,0.0,1.65,2.17,2.87,1.95,1.8,1.69,2.12,2.89,1.96,1.8,2.95,2.66,3.0,2.62,1.67,2.2,2.88,2.0,1.85,1.67,2.2,3.0,2.05,1.8,2.9,2.63,3.1,2.63,2.8,2.88,3.0,2.63,3.1,2.63,1.73,2.28,3.0,2.04,1.91,1.75,2.32,3.2,2.13,1.86,3.0,2.8,3.1,2.82,3.0,2.85,3.05,2.75,3.1,2.55,2.8,2.9,3.0,2.63,3.0,2.6,2.8,3.0,2.9,2.6,3.1,2.65,,,,,,,,,,,,,1.67,2.2,3.0,2.0,1.85,1.73,2.2,3.0,2.05,1.85,3.05,2.75,3.1,2.7,,,,,,,,,,,,,,,3.0,11.0,0.0,5.0,2.0,4.0,5.0,15.0,0.0,15.0,7.0,0.0,0.0,0.0
26,1,2026-01-30 17:00,Hesap.com Antalyaspor,Trabzonspor,1,1,0,T1,/,Antalyaspor,Trabzonspor,1.0,0.5,0.5,1.91,1.81,1.81,1.76,1.95,1.88,1.82,1.83,1.81,1.9,3.48,4.03,3.56,4.13,1.95,1.85,1.76,1.8,2.0,1.93,1.88,1.81,1.85,1.95,3.5,4.1,3.6,4.2,1.8,1.9,3.4,4.0,3.5,4.2,2.06,1.92,1.9,1.9,2.09,2.02,1.93,1.93,1.96,2.03,3.65,4.7,3.7,4.8,1.87,1.8,3.6,4.1,3.55,3.9,1.8,1.8,3.6,4.1,3.6,4.1,1.78,1.85,3.6,4.0,3.6,4.2,1.8,,,,3.7,4.33,1.8,,,,3.6,4.2,1.95,1.85,1.91,1.83,2.0,1.94,1.9,1.94,1.95,1.95,3.6,4.25,3.7,4.4,,,,,,,,,,,,,,,9.0,12.0,0.0,14.0,4.0,2.0,3.0,19.0,0.0,4.0,2.0,0.0,1.0,1.0
26,2,2026-01-30 17:00,Kasımpaşa,Samsunspor,0,1,2,T1,/,Kasimpasa,Samsunspor,1.0,0.25,0.25,1.67,2.08,2.38,1.98,1.75,1.7,2.04,2.16,1.85,1.87,3.17,3.31,3.12,2.98,1.67,2.15,2.4,2.05,1.75,1.73,2.08,2.2,1.9,1.9,3.2,3.4,3.1,3.1,2.4,2.15,3.2,3.3,3.1,2.88,1.79,2.24,2.56,2.16,1.83,1.78,2.24,2.32,1.96,2.01,3.3,3.7,3.25,3.25,2.28,2.25,3.25,3.15,3.2,3.05,2.38,2.15,3.3,3.25,3.2,2.9,2.45,2.15,3.2,3.4,3.1,2.9,2.5,,,,3.2,2.9,2.45,,,,3.2,2.9,1.74,2.15,2.5,2.05,1.78,1.76,2.1,2.25,1.9,1.93,3.3,3.5,3.3,3.15,,,,,,,,,,,,,,,1.0,22.0,0.0,8.0,3.0,1.0,4.0,21.0,0.0,11.0,1.0,0.0,0.0,2.0
26,3,2026-01-31 11:30,Corendon Alanyaspor,ikas Eyüpspor,1,3,2,T1,/,Alanyaspor,Eyupspor,1.0,-1.0,-1.0,1.82,1.9,6.89,1.98,1.75,1.94,1.78,5.55,1.83,1.89,3.9,1.55,4.04,1.44,1.85,1.95,7.5,2.03,1.78,2.0,1.8,5.75,1.78,2.03,3.8,1.56,4.0,1.45,7.0,5.5,3.75,1.57,4.0,1.44,1.94,2.0,8.8,2.16,1.78,2.12,1.88,6.2,1.9,2.06,4.3,1.63,4.5,1.47,6.75,6.25,4.0,1.5,4.1,1.47,7.0,5.5,4.0,1.55,4.0,1.44,6.5,5.25,4.0,1.58,4.1,1.49,,,,,,,,,,,,,1.85,1.95,7.5,2.05,1.78,2.0,1.83,6.25,1.95,2.03,4.0,1.58,4.2,1.49,,,,,,,,,,,,,,,3.0,6.0,0.0,13.0,6.0,1.0,2.0,10.0,0.0,17.0,6.0,0.0,1.0,2.0
26,4,2026-01-31 14:00,Rams Başakşehir,Çaykur Rizespor,2,2,0,T1,/,Buyuksehyr,Rizespor,1.0,-0.75,-0.5,2.0,1.73,3.85,1.92,1.79,2.24,1.58,4.25,1.85,1.86,3.83,1.71,3.62,1.84,2.05,1.75,3.8,1.98,1.83,2.35,1.57,4.0,1.95,1.85,3.8,1.76,3.8,1.81,4.0,4.2,3.75,1.73,3.5,1.83,2.1,1.8,4.5,2.08,1.9,2.5,1.66,5.2,2.02,1.94,4.1,1.75,3.9,1.9,3.7,4.1,3.7,1.77,3.55,1.91,3.8,4.5,4.0,1.67,3.6,1.8,3.9,4.2,3.9,1.72,3.7,1.85,3.9,,,,3.75,1.85,3.9,,,,3.7,1.85,2.05,1.8,4.0,1.98,1.85,2.35,1.65,4.55,1.95,1.94,4.0,1.77,3.8,1.95,,,,,,,,,,,,,,,4.0,10.0,0.0,13.0,6.0,0.0,4.0,15.0,0.0,10.0,4.0,1.0,1.0,1.0
26,5,2026-01-31 17:00,Beşiktaş,Tümosan Konyaspor,2,1,1,T1,/,Besiktas,Konyaspor,1.0,-1.25,-1.0,2.49,1.48,5.29,1.91,1.8,2.43,1.5,6.06,1.76,1.96,4.38,1.46,4.34,1.51,2.6,1.48,5.5,2.0,1.8,2.5,1.5,6.25,1.78,2.03,4.5,1.45,4.33,1.49,5.5,6.0,4.33,1.44,4.33,1.5,2.72,1.53,6.0,2.05,1.87,2.7,1.58,8.2,1.9,2.08,4.6,1.49,4.9,1.56,5.4,5.6,4.4,1.49,4.2,1.55,5.25,6.5,4.4,1.44,4.33,1.5,5.25,5.75,4.5,1.49,4.4,1.53,,5.75,4.6,1.5,,,,5.75,4.6,1.5,,,2.6,1.52,5.5,2.0,1.85,2.55,1.5,6.66,1.83,2.03,4.6,1.52,4.5,1.55,,,,,,,,,,,,,,,2.0,22.0,0.0,9.0,2.0,6.0,8.0,16.0,1.0,22.0,10.0,1.0,1.0,2.0
26,6,2026-01-31 17:00,Göztepe,Mısırlı.com.tr Fatih Karagümrük,2,1,1,T1,/,Goztep,Karagumruk,0.94,-1.0,-1.0,1.83,1.89,6.95,1.98,1.74,1.8,1.92,6.39,1.9,1.82,3.93,1.5,4.13,1.43,1.85,1.95,7.0,2.03,1.78,1.85,1.95,6.25,1.93,1.88,3.9,1.46,4.1,1.45,7.5,6.5,3.75,1.5,4.0,1.44,1.92,2.0,8.4,2.11,1.81,1.95,2.02,8.0,2.0,1.95,4.4,1.54,4.5,1.48,6.75,6.5,3.9,1.5,4.1,1.47,7.5,6.5,3.9,1.5,4.1,1.4,6.5,5.75,4.0,1.53,4.33,1.46,,6.0,4.2,1.55,,,,5.75,4.0,1.55,,,1.85,1.95,7.5,2.03,1.8,1.85,2.0,7.6,2.0,1.88,4.2,1.55,4.4,1.47,,,,,,,,,,,,,,,3.0,14.0,0.0,8.0,3.0,5.0,6.0,20.0,0.0,19.0,7.0,1.0,2.0,3.0
26,7,2026-02-01 14:00,Natura Dünyası Gençlerbirliği,Gaziantep FK,2,1,1,T1,/,Genclerbirligi,Gaziantep,1.0,-0.25,-0.25,1.83,1.88,3.0,1.84,1.9,1.93,1.79,3.13,1.85,1.86,3.34,2.17,3.24,2.22,1.9,1.9,3.2,1.85,1.95,2.0,1.8,3.25,1.9,1.9,3.4,2.15,3.25,2.25,2.2,3.1,3.3,2.2,,,1.92,1.86,3.55,1.97,1.93,2.1,1.88,3.4,1.99,1.98,3.55,2.32,3.3,2.26,3.15,3.15,3.3,2.2,3.3,2.23,,3.1,3.5,2.15,,,3.1,3.1,3.4,2.2,3.3,2.25,,,,,,,,,,,,,1.9,1.95,3.2,1.9,1.95,2.0,1.88,3.25,1.9,1.93,3.5,2.22,3.3,2.25,,,,,,,,,,,,,,,2.0,13.0,0.0,14.0,5.0,1.0,3.0,18.0,0.0,13.0,6.0,0.0,1.0,6.0
26,8,2026-02-01 17:00,Galatasaray,Zecorner Kayserispor,4,0,1,T1,/,Galatasaray,Kayserispor,1.0,-2.0,-2.25,3.17,1.31,14.11,1.85,1.87,3.04,1.34,10.75,1.82,1.91,6.37,1.2,7.71,1.14,3.4,1.33,15.0,1.9,1.9,3.4,1.33,13.0,1.75,2.05,6.5,1.17,7.5,1.11,15.0,11.0,6.5,1.2,7.5,1.14,3.35,1.3,18.5,,,3.35,1.42,15.5,1.84,2.1,8.0,1.22,9.8,1.15,15.0,12.5,6.75,1.18,7.5,1.14,,11.0,6.5,1.2,,,12.0,8.75,6.5,1.26,8.25,1.17,13.0,,,,8.5,1.18,12.0,,,,8.5,1.17,3.4,1.35,17.5,1.91,1.9,3.4,1.36,13.0,2.05,2.05,7.0,1.26,9.0,1.18,,,,,,,,,,,,,,,4.0,11.0,0.0,9.0,3.0,5.0,6.0,13.0,0.0,23.0,9.0,0.0,2.0,2.0
26,9,2026-02-02 17:00,Kocaelispor,Fenerbahçe,0,2,2,T1,/,Kocaelispor,Fenerbahce,1.0,0.75,0.75,1.76,1.96,1.67,1.85,1.87,1.81,1.9,1.65,1.79,1.92,3.6,5.07,3.6,4.81,1.75,2.05,1.66,1.9,1.9,1.85,1.95,1.62,1.85,1.95,3.7,5.25,3.7,5.0,1.67,1.67,3.6,5.0,3.6,5.0,,,1.72,,,1.91,2.08,1.75,1.97,2.0,3.75,6.0,3.75,5.5,1.68,1.61,3.7,5.3,3.6,4.8,,1.65,3.7,5.0,,,1.65,1.68,3.6,5.0,3.7,5.25,,,,,,,,,,,,,1.8,2.05,1.7,1.9,1.95,1.85,2.0,1.7,1.85,1.95,3.7,5.33,3.7,5.3,,,,,,,,,,,,,,,3.0,14.0,0.0,9.0,5.0,3.0,8.0,17.0,0.0,12.0,1.0,1.0,0.0,2.0
26,10,2026-01-31 14:30,Eintracht Frankfurt,Bayer Leverkusen,1,3,2,D1,/,Ein Frankfurt,Leverkusen,1.0,0.5,0.25,2.43,1.52,2.21,1.92,1.86,2.21,1.64,2.04,1.98,1.76,3.6,3.38,3.67,2.92,2.5,1.53,2.2,1.93,1.93,2.2,1.67,2.0,2.03,1.78,3.75,3.4,3.8,3.0,2.2,2.1,3.6,3.3,3.6,3.0,2.66,1.58,2.3,2.0,1.96,2.28,1.76,2.14,2.14,1.86,3.75,3.7,3.9,3.15,2.28,2.1,3.7,3.25,3.65,2.95,2.1,2.05,3.7,3.3,3.6,2.88,2.25,2.05,3.5,3.4,3.75,2.87,2.25,,,,3.75,2.87,2.25,,,,3.7,2.87,2.5,1.55,2.28,1.97,1.93,2.3,1.68,2.1,2.03,1.83,3.75,3.6,3.8,3.0,,,,,,,,,,,,,,,3.0,10.0,0.0,11.0,4.0,1.0,8.0,11.0,1.0,11.0,4.0,2.0,0.0,3.0
26,11,2026-02-01 14:00,Olympique Lyon,Lille,1,0,1,F1,/,Lyon,Lille,0.97,-0.25,-0.5,1.99,1.76,3.83,1.87,1.85,1.91,1.83,3.15,1.88,1.89,3.38,2.23,3.63,1.89,2.0,1.8,3.8,1.9,1.95,1.95,1.9,3.1,1.9,1.95,3.5,2.25,3.7,1.91,3.75,3.1,3.4,2.25,3.6,1.95,2.04,1.9,4.1,1.96,2.02,2.02,1.96,3.45,2.0,1.98,3.55,2.3,3.75,2.02,4.1,3.3,3.45,2.18,3.65,1.87,3.7,3.13,3.5,2.2,3.6,1.87,3.9,3.2,3.4,2.2,3.7,1.88,,,,,,,,,,,,,2.0,1.8,4.1,1.95,1.95,1.98,1.91,3.3,1.94,1.95,3.5,2.28,3.75,1.95,,,,,,,,,,,,,,,7.0,11.0,0.0,11.0,4.0,4.0,2.0,15.0,0.0,4.0,2.0,0.0,1.0,1.0
26,12,2026-01-31 20:00,Liverpool,Newcastle United,4,1,1,E0,/,Liverpool,Newcastle,0.97,-1.0,-0.75,2.24,1.61,4.12,1.82,1.97,2.68,1.45,4.78,1.78,2.01,4.22,1.64,3.99,1.77,2.3,1.62,4.1,1.83,2.03,2.75,1.44,4.75,1.8,2.05,4.33,1.62,3.9,1.8,4.2,5.0,4.33,1.7,4.0,1.8,2.42,1.69,4.3,1.87,2.12,2.9,1.52,5.4,1.86,2.13,4.4,1.67,4.1,1.88,4.2,4.9,4.25,1.66,4.2,1.77,4.2,4.8,4.4,1.62,4.0,1.75,4.0,4.75,4.33,1.63,4.0,1.8,,,,,,,,,,,,,2.3,1.66,4.2,1.86,2.03,2.8,1.48,5.0,1.83,2.08,4.4,1.7,4.2,1.83,,,,,,,,,,,,,,,11.0,7.0,0.0,8.0,2.0,3.0,7.0,11.0,0.0,17.0,7.0,1.0,2.0,1.0
26,13,2026-02-01 16:30,Tottenham Hotspur,Manchester City,2,2,0,E0,/,Tottenham,Man City,0.97,0.75,0.75,2.26,1.61,1.71,1.87,1.91,2.27,1.61,1.65,1.79,1.99,4.01,4.98,4.06,4.41,2.3,1.62,1.73,1.93,1.93,2.3,1.62,1.67,1.83,2.03,4.1,4.75,4.1,4.5,1.73,1.7,4.2,5.0,4.0,4.6,2.42,1.68,1.77,1.97,2.01,2.44,1.68,1.72,1.9,2.08,4.2,5.4,4.3,4.8,1.68,1.66,4.1,5.1,4.35,4.6,1.67,1.62,4.0,5.5,4.0,4.4,1.73,1.68,4.0,4.6,4.1,4.2,1.75,,,,4.0,4.2,1.73,,,,4.0,4.2,2.32,1.62,1.75,1.93,1.95,2.43,1.65,1.7,1.83,2.03,4.2,5.5,4.4,4.6,,,,,,,,,,,,,,,4.0,12.0,0.0,15.0,3.0,3.0,3.0,15.0,0.0,12.0,6.0,2.0,0.0,3.0
26,14,2026-01-31 17:00,Napoli,Fiorentina,2,1,1,I1,/,Napoli,Fiorentina,1.0,-0.5,-0.75,1.77,2.0,4.78,1.78,1.99,1.68,2.13,4.3,1.84,1.89,3.22,1.92,3.46,1.78,1.8,2.0,5.0,1.8,2.05,1.67,2.2,4.33,1.9,1.95,3.2,1.91,3.4,1.8,4.6,4.0,3.3,1.95,3.5,1.8,1.86,2.12,5.2,1.85,2.15,1.77,2.26,5.1,1.98,2.0,3.3,1.99,3.6,1.88,4.9,4.5,3.35,1.89,3.5,1.77,4.5,4.4,3.25,1.9,3.6,1.8,4.5,4.33,3.2,1.95,3.7,1.77,,4.33,3.2,1.95,,,,4.33,3.1,1.95,,,1.8,2.05,5.33,1.83,2.05,1.72,2.2,4.5,1.9,1.95,3.35,2.0,3.7,1.83,,,,,,,,,,,,,,,4.0,13.0,0.0,15.0,5.0,1.0,4.0,21.0,0.0,19.0,6.0,0.0,1.0,1.0
26,15,2026-02-01 14:00,Como,Atalanta,0,0,0,I1,/,Como,Atalanta,1.0,-0.25,-0.25,1.85,1.91,3.06,1.79,1.98,1.8,1.98,3.17,1.85,1.93,3.24,2.3,3.27,2.32,1.91,1.91,3.2,1.83,2.03,1.83,2.03,3.2,1.83,2.03,3.25,2.35,3.25,2.35,3.1,3.2,3.25,2.25,3.3,2.3,1.95,2.0,3.25,1.88,2.12,1.92,2.06,3.45,1.95,2.01,3.4,2.38,3.35,2.48,3.1,3.45,3.25,2.23,3.2,2.38,3.0,3.1,3.4,2.3,3.3,2.3,3.1,3.1,3.3,2.3,3.4,2.25,,,,,,,,,,,,,1.91,1.95,3.2,1.85,2.03,1.83,2.05,3.45,1.92,2.03,3.4,2.38,3.4,2.38,,,,,,,,,,,,,,,1.0,11.0,1.0,6.0,2.0,3.0,7.0,9.0,0.0,28.0,9.0,0.0,0.0,4.0
27,1,2026-02-07 11:30,Mısırlı.com.tr Fatih Karagümrük,Hesap.com Antalyaspor,1,0,1,T1,/,Karagumruk,Antalyaspor,0.97,-0.25,-0.25,1.67,2.08,3.1,1.81,1.91,1.6,2.21,3.1,1.77,1.95,3.08,2.3,3.16,2.25,1.67,2.15,3.25,1.85,1.95,1.62,2.25,3.2,1.8,2.0,3.1,2.3,3.2,2.2,3.1,3.1,3.1,2.3,3.1,2.3,1.72,2.26,3.55,1.95,2.01,1.68,2.44,3.5,1.92,2.06,3.2,2.44,3.25,2.38,3.15,2.95,3.15,2.4,3.25,2.23,3.1,3.13,3.13,2.3,3.13,2.25,2.95,3.0,3.1,2.35,3.3,2.3,,,,,,,,,,,,,1.73,2.15,3.25,1.85,1.95,1.66,2.25,3.25,1.85,2.0,3.15,2.4,3.3,2.3,,,,,,,,,,,,,,,4.0,13.0,0.0,9.0,2.0,5.0,9.0,22.0,0.0,16.0,5.0,0.0,1.0,2.0
27,2,2026-02-07 17:00,Samsunspor,Trabzonspor,0,3,2,T1,/,Samsunspor,Trabzonspor,1.0,-0.25,-0.25,1.82,1.89,2.75,1.68,2.07,1.81,1.9,2.98,1.75,1.98,3.2,2.31,3.22,2.43,1.85,1.95,2.75,1.7,2.1,1.85,1.95,3.1,1.8,2.0,3.25,2.25,3.25,2.5,2.8,3.0,3.2,2.3,3.2,2.4,1.93,2.0,3.0,1.79,2.22,1.89,2.1,3.4,1.9,2.07,3.3,2.44,3.4,2.6,2.65,2.75,3.3,2.48,3.3,2.55,2.75,3.0,3.3,2.3,3.25,2.38,2.7,2.8,3.3,2.4,3.3,2.5,,,,,,,,,,,,,1.9,1.95,2.88,1.77,2.12,1.9,2.0,3.2,1.85,2.07,3.3,2.48,3.3,2.55,,,,,,,,,,,,,,,1.0,12.0,0.0,17.0,9.0,1.0,8.0,14.0,0.0,11.0,0.0,1.0,0.0,2.0
27,3,2026-02-08 11:30,ikas Eyüpspor,Rams Başakşehir,1,2,2,T1,/,Eyupspor,Buyuksehyr,1.0,0.75,0.75,2.06,1.69,1.63,1.79,1.94,2.18,1.62,1.63,1.8,1.93,3.81,4.77,3.65,5.11,2.1,1.7,1.61,1.8,2.0,2.2,1.65,1.61,1.8,2.0,3.7,5.25,3.6,5.5,1.62,1.62,4.0,4.6,3.75,5.0,2.18,1.73,1.67,1.81,2.01,2.38,1.7,1.71,1.89,2.08,4.1,5.6,4.0,5.7,1.66,1.63,3.75,5.1,3.7,5.0,1.62,1.65,3.9,4.33,3.8,4.75,1.65,1.65,4.1,4.6,4.0,4.6,,,,,,,,,,,,,2.1,1.74,1.67,1.83,2.0,2.3,1.7,1.65,1.83,2.0,4.1,5.25,4.0,5.8,,,,,,,,,,,,,,,7.0,15.0,0.0,26.0,11.0,1.0,0.0,9.0,0.0,6.0,2.0,1.0,0.0,1.0
27,4,2026-02-08 14:00,Tümosan Konyaspor,Göztepe,0,0,0,T1,/,Konyaspor,Goztep,0.97,-0.25,0.0,1.65,2.12,2.52,1.8,1.93,1.65,2.13,2.82,1.67,2.09,3.09,2.49,3.12,2.69,1.67,2.15,2.55,1.85,1.95,1.67,2.15,3.0,1.75,2.05,3.25,2.35,3.2,2.7,2.5,2.88,3.1,2.4,3.1,2.75,1.71,2.16,2.68,,,1.74,2.3,3.15,1.79,2.23,3.2,2.64,3.1,2.94,2.5,2.6,3.2,2.65,3.2,2.75,2.55,2.9,3.2,2.4,3.1,2.63,2.45,2.85,3.1,2.45,3.25,2.75,,,,,,,,,,,,,1.73,2.2,2.6,1.85,2.0,1.73,2.2,3.0,1.75,2.18,3.25,2.65,3.25,2.78,,,,,,,,,,,,,,,3.0,15.0,0.0,7.0,1.0,4.0,4.0,9.0,0.0,11.0,4.0,0.0,0.0,2.0
27,5,2026-02-08 14:00,Çaykur Rizespor,Galatasaray,0,3,2,T1,/,Rizespor,Galatasaray,1.0,1.0,1.0,2.23,1.58,1.54,1.86,1.85,2.4,1.51,1.56,1.87,1.84,4.21,5.0,4.18,5.08,2.25,1.62,1.53,1.95,1.85,2.5,1.5,1.57,2.0,1.8,4.5,4.5,4.33,5.25,1.57,1.57,4.2,5.0,4.0,5.0,2.38,1.58,1.57,1.98,1.91,2.7,1.57,1.62,2.04,1.94,4.6,5.8,4.9,5.7,1.53,1.52,4.1,5.8,4.2,5.5,1.53,1.57,4.2,5.0,4.1,5.0,1.55,1.6,4.33,4.75,4.33,5.0,,,,,,,,,,,,,2.3,1.62,1.58,1.95,1.95,2.55,1.58,1.6,2.0,1.95,4.5,5.8,4.33,5.5,,,,,,,,,,,,,,,3.0,13.0,0.0,19.0,5.0,1.0,3.0,11.0,0.0,15.0,4.0,1.0,0.0,1.0
27,6,2026-02-08 17:00,Beşiktaş,Corendon Alanyaspor,2,2,0,T1,/,Besiktas,Alanyaspor,1.0,-1.0,-1.0,2.21,1.6,5.35,1.85,1.87,2.27,1.57,5.42,1.86,1.85,4.25,1.52,4.16,1.52,2.25,1.62,5.25,1.88,1.93,2.2,1.65,5.5,1.9,1.9,4.33,1.51,4.33,1.51,5.5,5.5,4.2,1.5,4.0,1.53,2.34,1.65,6.0,1.91,1.94,2.46,1.65,6.4,2.0,1.96,4.6,1.57,4.5,1.59,5.6,5.6,4.2,1.52,4.25,1.52,5.25,5.5,4.2,1.53,4.0,1.53,5.25,5.25,4.33,1.55,4.2,1.55,,5.25,4.4,1.57,,,,5.25,4.4,1.55,,,2.28,1.62,5.6,1.91,1.93,2.3,1.65,5.75,1.9,1.91,4.4,1.57,4.33,1.55,,,,,,,,,,,,,,,3.0,15.0,0.0,7.0,3.0,4.0,3.0,13.0,0.0,20.0,8.0,2.0,1.0,2.0
27,7,2026-02-09 14:00,Zecorner Kayserispor,Kocaelispor,1,2,2,T1,/,Kayserispor,Kocaelispor,1.0,0.25,0.0,1.64,2.15,2.5,1.78,1.96,1.62,2.16,2.23,1.88,1.83,3.13,3.23,3.09,2.75,1.65,2.2,2.55,1.8,2.0,1.62,2.25,2.15,1.88,1.93,3.1,3.4,3.1,2.75,2.5,2.25,3.1,3.2,3.1,2.8,,,1.4,,,1.73,2.36,2.38,1.99,1.97,3.2,3.65,1.54,2.98,2.55,2.28,3.2,3.1,3.2,2.7,2.45,2.2,3.13,3.3,3.1,2.75,2.45,2.2,3.2,3.2,3.25,2.8,,2.25,3.25,3.25,,,,2.25,3.25,3.25,,,1.71,2.2,2.56,1.83,2.0,1.72,2.25,2.32,1.91,1.93,3.25,3.4,3.25,2.8,,,,,,,,,,,,,,,2.0,14.0,0.0,10.0,4.0,1.0,8.0,17.0,0.0,20.0,3.0,0.0,0.0,4.0
27,8,2026-02-09 17:00,Fenerbahçe,Natura Dünyası Gençlerbirliği,3,1,1,T1,/,Fenerbahce,Genclerbirligi,1.0,-1.75,-1.75,2.5,1.48,11.27,1.92,1.8,2.4,1.51,10.84,1.89,1.83,5.78,1.23,5.87,1.21,2.5,1.5,13.0,1.95,1.85,2.4,1.53,11.0,1.85,1.95,5.5,1.22,6.0,1.19,12.0,10.0,5.5,1.25,6.0,1.2,2.72,1.48,11.0,1.83,1.72,2.62,1.6,15.0,1.91,2.04,6.8,1.26,7.2,1.23,12.5,13.0,6.25,1.2,6.0,1.21,11.5,11.5,6.0,1.22,5.75,1.2,10.5,9.5,5.75,1.28,5.75,1.25,,9.5,5.75,1.28,,,,9.5,5.75,1.28,,,2.6,1.5,13.0,1.95,1.93,2.55,1.55,13.0,1.98,1.95,6.4,1.28,6.0,1.25,,,,,,,,,,,,,,,9.0,12.0,0.0,13.0,3.0,2.0,7.0,9.0,0.0,19.0,7.0,0.0,3.0,2.0
27,9,2026-02-09 17:00,Gaziantep FK,Kasımpaşa,2,1,1,T1,/,Gaziantep,Kasimpasa,1.0,-0.25,-0.5,1.87,1.83,3.56,1.77,1.93,1.88,1.82,3.31,1.94,1.78,3.37,2.09,3.34,1.97,1.98,1.83,3.8,1.83,1.98,1.98,1.83,3.3,1.95,1.85,3.4,2.1,3.5,1.91,3.6,3.3,3.3,2.1,3.4,1.95,,,3.9,,,2.06,1.91,3.45,2.03,1.96,3.65,2.28,3.5,2.0,3.45,3.45,3.35,2.06,3.3,2.07,3.5,3.25,3.5,2.1,3.4,1.95,3.5,3.2,3.5,2.1,3.4,2.0,,3.25,3.5,2.15,,,,3.2,3.5,2.15,,,1.98,1.9,3.8,1.83,2.0,1.98,1.9,3.5,2.0,1.85,3.5,2.15,3.5,2.07,,,,,,,,,,,,,,,7.0,21.0,0.0,9.0,1.0,2.0,1.0,15.0,1.0,4.0,2.0,1.0,2.0,3.0
27,10,2026-02-08 16:30,Bayern Münih,TSG Hoffenheim,5,1,1,D1,/,Bayern Munich,Hoffenheim,0.948,-2.0,-1.75,3.92,1.23,8.44,1.95,1.82,4.19,1.21,9.82,1.89,1.88,7.03,1.22,6.34,1.26,4.0,1.25,7.5,2.0,1.85,4.33,1.22,10.0,2.03,1.78,8.0,1.2,7.0,1.29,9.0,11.0,7.0,1.2,6.5,1.25,4.2,1.28,10.0,2.05,1.88,4.8,1.25,11.5,2.07,1.89,8.0,1.26,7.2,1.3,9.0,9.5,6.5,1.25,6.4,1.27,8.5,11.0,7.0,1.2,6.0,1.22,7.75,9.0,7.25,1.25,6.75,1.29,,9.0,7.5,1.25,,,,8.5,7.0,1.25,,,4.1,1.25,9.0,2.0,1.85,4.5,1.23,11.0,2.03,1.96,8.0,1.25,7.0,1.29,,,,,,,,,,,,,,,3.0,9.0,1.0,9.0,4.0,2.0,8.0,11.0,0.0,27.0,14.0,1.0,3.0,2.0
27,11,2026-02-08 19:45,Paris St Germain,Marsilya,5,0,1,F1,/,Paris SG,Marseille,0.805,-1.25,-1.25,2.76,1.41,6.54,1.95,1.82,2.83,1.4,6.05,1.89,1.88,4.92,1.44,5.02,1.39,2.75,1.44,6.0,1.98,1.88,3.0,1.4,6.0,1.93,1.93,5.0,1.44,5.25,1.42,7.0,6.0,5.0,1.44,5.0,1.4,2.94,1.48,7.2,2.03,1.9,3.15,1.45,7.0,2.0,1.98,5.5,1.47,5.6,1.45,7.0,6.25,4.9,1.45,5.3,1.38,6.5,6.5,5.0,1.4,4.75,1.36,6.25,6.0,5.0,1.46,5.25,1.42,,,,,,,,,,,,,2.88,1.44,7.0,2.02,1.88,3.0,1.44,6.5,1.93,1.93,5.0,1.48,5.33,1.43,,,,,,,,,,,,,,,2.0,18.0,0.0,9.0,3.0,2.0,5.0,11.0,0.0,22.0,7.0,0.0,2.0,2.0
27,12,2026-02-08 16:30,Liverpool,Manchester City,1,2,2,E0,/,Liverpool,Man City,1.0,-0.25,-0.25,2.36,1.56,2.76,1.77,2.0,2.66,1.45,3.01,1.91,1.87,3.84,2.15,3.68,2.34,2.38,1.57,2.75,1.8,2.05,2.75,1.44,3.0,1.98,1.88,3.9,2.1,3.7,2.38,2.8,3.1,3.75,2.25,3.75,2.38,2.56,1.61,2.94,1.85,2.15,2.88,1.53,3.2,2.01,1.97,4.0,2.24,3.85,2.48,2.88,3.05,3.85,2.2,3.75,2.35,2.75,3.0,3.9,2.15,3.7,2.3,2.75,3.0,3.8,2.1,3.7,2.35,,3.0,3.9,2.15,,,,3.0,3.8,2.1,,,2.4,1.6,2.88,1.83,2.05,2.75,1.48,3.1,1.98,1.9,4.0,2.25,3.75,2.42,,,,,,,,,,,,,,,4.0,16.0,0.0,17.0,7.0,4.0,5.0,13.0,1.0,15.0,4.0,0.0,0.0,2.0
27,13,2026-02-08 17:30,Atletico Madrid,Real Betis,0,1,2,SP1,/,Ath Madrid,Betis,0.97,-1.25,-1.25,2.17,1.65,6.15,1.76,2.02,2.31,1.57,6.35,1.82,1.96,4.66,1.45,4.47,1.47,2.2,1.67,6.25,1.8,2.05,2.38,1.57,5.75,1.8,2.05,4.75,1.48,4.75,1.48,6.0,6.5,4.5,1.44,4.33,1.5,2.32,1.73,7.0,1.83,2.09,2.48,1.65,7.4,1.9,2.08,5.0,1.49,5.1,1.5,6.25,7.5,4.75,1.42,4.4,1.5,6.5,7.0,4.6,1.45,4.2,1.44,6.0,6.0,4.75,1.49,4.6,1.49,,6.0,4.8,1.48,,,,5.75,4.8,1.48,,,2.2,1.67,6.5,1.83,2.08,2.38,1.6,7.5,1.88,2.05,4.8,1.49,4.75,1.5,,,,,,,,,,,,,,,3.0,3.0,0.0,8.0,4.0,1.0,7.0,12.0,0.0,10.0,5.0,1.0,0.0,3.0
27,14,2026-02-08 20:00,Valencia,Real Madrid,0,2,2,SP1,/,Valencia,Real Madrid,1.0,1.0,1.0,2.35,1.55,1.51,1.82,1.94,2.23,1.63,1.62,2.02,1.76,4.1,5.01,4.47,5.59,2.38,1.57,1.55,1.88,1.98,2.2,1.67,1.65,2.08,1.73,4.2,4.75,4.75,5.25,1.5,1.6,4.2,5.0,4.5,6.0,2.52,1.62,1.57,1.91,2.03,2.38,1.71,1.66,2.14,1.84,4.4,5.6,4.9,6.0,1.52,1.57,4.25,5.6,4.5,6.0,1.5,1.62,4.2,5.0,4.2,5.25,1.52,1.68,4.0,4.75,4.75,5.5,,,,,,,,,,,,,2.4,1.58,1.55,1.88,2.0,2.38,1.68,1.68,2.1,1.88,4.25,5.6,4.75,6.0,,,,,,,,,,,,,,,8.0,13.0,0.0,11.0,6.0,1.0,5.0,10.0,0.0,7.0,0.0,0.0,0.0,1.0
27,15,2026-02-08 19:45,Juventus,Lazio,2,2,0,I1,/,Juventus,Lazio,1.0,-1.25,-1.0,1.7,2.1,7.57,2.0,1.77,1.74,2.05,8.65,1.84,1.94,4.37,1.39,4.09,1.45,1.73,2.1,7.5,2.05,1.8,1.73,2.1,8.5,1.85,2.0,4.5,1.42,4.2,1.48,8.0,9.0,4.2,1.4,4.0,1.44,1.76,2.24,9.2,2.13,1.83,1.86,2.14,10.0,1.89,2.09,4.8,1.43,4.4,1.48,8.0,10.0,4.6,1.36,4.1,1.46,7.5,8.5,4.4,1.4,4.0,1.44,7.25,7.75,4.5,1.42,4.1,1.47,,,,,,,,,,,,,1.73,2.15,8.0,2.05,1.83,1.8,2.1,10.0,1.91,2.0,4.6,1.42,4.33,1.48,,,,,,,,,,,,,,,1.0,4.0,0.0,9.0,2.0,2.0,8.0,10.0,0.0,34.0,8.0,1.0,0.0,0.0
28,1,2026-02-13 17:00,Hesap.com Antalyaspor,Samsunspor,3,1,1,T1,/,Antalyaspor,Samsunspor,1.0,0.5,0.5,1.6,2.21,1.94,1.92,1.78,1.65,2.12,2.05,2.04,1.7,3.2,3.56,3.22,3.87,1.6,2.3,1.91,1.98,1.83,1.67,2.15,2.05,2.08,1.73,3.2,3.6,3.2,4.1,1.95,2.05,3.2,3.6,3.2,4.0,1.65,2.4,2.08,2.08,1.88,1.66,2.46,2.16,2.16,1.83,3.3,4.1,3.3,4.3,1.86,1.95,3.3,3.8,3.4,3.9,1.93,2.1,3.25,3.5,3.2,3.9,1.98,2.1,3.25,3.4,3.3,3.75,,,,,,,,,,,,,1.72,2.3,2.0,1.98,1.83,1.68,2.2,2.1,2.1,1.8,3.3,3.9,3.4,4.1,,,,,,,,,,,,,,,10.0,10.0,0.0,13.0,3.0,1.0,4.0,17.0,0.0,13.0,5.0,0.0,2.0,5.0
28,2,2026-02-13 17:00,Galatasaray,ikas Eyüpspor,5,1,1,T1,/,Galatasaray,Eyupspor,1.0,-2.25,-2.5,3.63,1.25,16.73,1.84,1.87,3.37,1.29,15.31,1.92,1.79,7.95,1.12,8.76,1.1,3.6,1.29,19.0,1.83,1.98,3.5,1.3,17.0,1.95,1.85,7.5,1.11,8.5,1.1,17.0,15.0,8.0,1.13,8.5,1.11,3.9,1.31,26.0,1.9,1.96,3.85,1.34,23.0,2.02,1.91,10.0,1.16,12.0,1.12,20.0,17.0,8.0,1.12,9.5,1.09,17.0,17.0,8.5,1.11,8.5,1.09,13.0,12.5,9.0,1.15,10.5,1.13,,,,,,,,,,,,,3.8,1.29,20.0,2.07,1.98,3.6,1.3,17.5,2.0,1.85,9.0,1.15,10.5,1.13,,,,,,,,,,,,,,,4.0,13.0,1.0,6.0,3.0,2.0,12.0,13.0,0.0,21.0,9.0,0.0,2.0,0.0
28,3,2026-02-14 11:30,Natura Dünyası Gençlerbirliği,Çaykur Rizespor,2,2,0,T1,/,Genclerbirligi,Rizespor,1.0,-0.25,0.0,1.81,1.9,2.73,1.94,1.79,1.76,1.95,2.9,1.71,2.01,3.16,2.4,3.07,2.55,1.88,1.93,2.75,2.0,1.8,1.75,2.05,2.82,1.7,2.1,3.2,2.45,3.25,2.45,2.75,2.88,3.2,2.4,3.2,2.5,1.92,1.98,2.98,2.07,1.82,1.88,2.1,3.2,1.83,2.16,3.35,2.52,3.25,2.6,2.55,2.95,3.25,2.35,3.15,2.7,2.7,2.8,3.3,2.4,3.25,2.4,2.75,2.87,3.1,2.45,3.25,2.5,,2.9,3.2,2.5,,,,2.9,3.2,2.45,,,1.88,1.95,2.9,2.0,1.83,1.8,2.05,3.0,1.75,2.1,3.3,2.5,3.25,2.71,,,,,,,,,,,,,,,11.0,14.0,0.0,15.0,6.0,4.0,4.0,17.0,0.0,12.0,4.0,0.0,2.0,3.0
28,4,2026-02-14 14:00,Corendon Alanyaspor,Tümosan Konyaspor,2,1,1,T1,/,Alanyaspor,Konyaspor,1.0,-0.25,-0.25,1.78,1.94,3.29,1.92,1.79,1.78,1.93,3.16,1.87,1.83,3.26,2.2,3.3,2.09,1.8,2.0,3.4,1.98,1.83,1.83,1.98,3.1,1.9,1.9,3.4,2.15,3.4,2.05,3.4,3.1,3.2,2.25,3.25,2.1,1.25,2.02,3.5,,,1.88,2.1,3.5,1.99,2.0,3.45,2.34,3.35,2.18,3.25,3.3,3.4,2.12,3.4,2.12,3.25,3.2,3.3,2.2,3.25,2.1,3.3,3.0,3.25,2.25,3.4,2.1,,3.1,3.3,2.3,,,,3.1,3.3,2.3,,,1.8,2.0,3.4,1.98,1.83,1.83,2.0,3.3,1.9,1.9,3.4,2.3,3.4,2.12,,,,,,,,,,,,,,,3.0,17.0,0.0,9.0,2.0,4.0,4.0,10.0,0.0,19.0,6.0,0.0,1.0,2.0
28,5,2026-02-14 17:00,Trabzonspor,Fenerbahçe,2,3,2,T1,/,Trabzonspor,Fenerbahce,1.0,0.25,0.5,2.15,1.63,1.98,1.87,1.85,1.97,1.75,2.02,1.73,2.0,3.47,3.39,3.59,3.36,2.15,1.67,2.01,2.03,1.78,1.98,1.83,2.05,1.83,1.98,3.4,3.4,3.6,3.4,2.05,2.05,3.4,3.4,3.5,3.25,2.22,1.76,2.06,,,2.04,1.95,2.16,1.86,2.14,3.65,3.75,3.8,3.45,1.9,1.94,3.65,3.5,3.6,3.65,2.0,2.05,3.5,3.3,3.5,3.25,1.95,2.0,3.5,3.4,3.7,3.4,1.95,2.05,3.6,3.5,3.75,3.5,1.95,2.05,3.5,3.4,3.75,3.5,2.2,1.67,2.05,2.03,2.12,2.08,1.83,2.12,1.83,2.06,3.65,3.55,3.75,3.7,,,,,,,,,,,,,,,7.0,14.0,0.0,9.0,3.0,5.0,7.0,16.0,0.0,17.0,8.0,2.0,2.0,4.0
28,6,2026-02-15 11:30,Kocaelispor,Gaziantep FK,3,0,1,T1,/,Kocaelispor,Gaziantep,1.0,-0.5,-0.5,1.73,2.01,3.88,1.83,1.86,1.72,2.02,4.05,1.86,1.83,3.31,1.88,3.33,1.89,1.75,2.05,4.0,1.9,1.9,1.73,2.08,4.2,1.95,1.85,3.5,1.81,3.4,1.86,4.0,4.0,3.3,1.91,3.3,1.91,1.77,2.08,4.2,,,1.84,2.16,5.0,2.06,1.93,3.5,1.92,3.35,1.98,3.85,3.85,3.4,1.92,3.45,1.9,3.9,4.2,3.4,1.85,3.3,1.87,3.8,3.9,3.3,1.93,3.3,1.95,,,,,,,,,,,,,1.78,2.1,4.0,1.9,1.9,1.77,2.1,4.2,1.95,1.87,3.5,1.93,3.45,1.95,,,,,,,,,,,,,,,2.0,17.0,1.0,7.0,3.0,5.0,4.0,25.0,0.0,14.0,7.0,0.0,1.0,3.0
28,7,2026-02-15 14:00,Göztepe,Zecorner Kayserispor,0,0,0,T1,/,Goztep,Kayserispor,0.97,-0.75,-1.0,1.77,1.94,5.59,1.74,1.99,1.66,2.11,5.03,1.86,1.85,3.43,1.69,3.75,1.56,1.8,2.0,6.0,1.78,2.03,1.67,2.15,5.25,1.85,1.95,3.4,1.66,3.75,1.53,5.5,5.0,3.4,1.7,3.75,1.57,,,2.32,,,1.71,2.36,6.2,1.93,2.04,3.5,1.78,2.24,1.09,5.25,5.3,3.75,1.61,3.75,1.62,5.75,5.0,3.5,1.7,3.7,1.53,5.5,4.8,3.5,1.72,3.9,1.58,,,,,,,,,,,,,1.8,2.0,6.0,1.8,2.04,1.76,2.2,5.3,1.96,1.95,3.75,1.73,3.9,1.62,,,,,,,,,,,,,,,3.0,9.0,0.0,10.0,3.0,1.0,6.0,14.0,0.0,17.0,4.0,0.0,0.0,2.0
28,8,2026-02-15 17:00,Rams Başakşehir,Beşiktaş,2,3,2,T1,/,Buyuksehyr,Besiktas,1.0,0.0,0.0,2.17,1.62,2.49,1.82,1.9,2.12,1.65,2.45,1.78,1.94,3.43,2.62,3.46,2.54,2.2,1.65,2.45,1.85,1.95,2.1,1.7,2.4,1.8,2.0,3.5,2.65,3.6,2.55,2.6,2.5,3.4,2.63,3.4,2.5,,,1.34,,,2.28,1.78,2.6,1.88,2.11,3.7,2.88,1.57,1.71,2.5,2.55,3.55,2.5,3.45,2.5,2.45,2.38,3.5,2.7,3.5,2.5,2.45,2.45,3.5,2.6,3.5,2.6,2.5,,,,3.6,2.62,2.5,,,,3.6,2.6,2.2,1.65,2.6,1.85,1.95,2.2,1.7,2.55,1.83,2.0,3.55,2.7,3.6,2.62,,,,,,,,,,,,,,,3.0,13.0,0.0,13.0,4.0,2.0,6.0,12.0,0.0,14.0,6.0,1.0,1.0,2.0
28,9,2026-02-16 17:00,Kasımpaşa,Mısırlı.com.tr Fatih Karagümrük,3,2,1,T1,/,Kasimpasa,Karagumruk,0.97,-0.25,-0.5,1.77,1.95,3.94,1.88,1.82,1.7,2.04,3.46,1.97,1.74,3.23,2.08,3.41,1.87,1.75,2.05,4.0,1.95,1.85,1.7,2.1,3.4,2.0,1.8,3.4,2.05,3.6,1.81,4.0,3.5,3.2,2.1,3.4,1.9,,,4.3,,,1.8,2.24,3.9,2.11,1.89,3.4,2.22,3.5,1.93,3.7,3.7,3.45,1.95,3.5,1.91,4.0,3.4,3.3,2.1,3.3,1.83,4.0,3.4,3.25,2.1,3.5,1.87,4.0,,,,3.5,1.91,4.0,,,,3.5,1.91,1.81,2.05,4.2,1.95,1.85,1.82,2.1,3.7,2.07,1.83,3.45,2.15,3.6,1.93,,,,,,,,,,,,,,,3.0,8.0,0.0,11.0,4.0,2.0,2.0,20.0,0.0,12.0,6.0,0.0,1.0,5.0
28,10,2026-02-13 19:30,Borussia Dortmund,Mainz 05,4,0,1,D1,/,Dortmund,Mainz,0.97,-0.75,-1.0,2.45,1.52,5.52,1.94,1.83,2.36,1.56,4.77,2.02,1.77,4.1,1.64,4.35,1.52,2.5,1.53,5.5,2.0,1.85,2.38,1.57,4.75,2.05,1.8,4.2,1.65,4.5,1.53,6.0,4.6,4.0,1.67,4.33,1.5,2.68,1.57,6.2,2.12,1.86,2.5,1.65,5.5,2.09,1.9,4.2,1.71,4.9,1.56,6.1,5.4,4.2,1.58,4.4,1.52,5.25,4.8,4.2,1.62,4.1,1.5,5.25,4.6,4.2,1.65,4.4,1.57,,,,,,,,,,,,,2.55,1.54,6.1,2.0,1.9,2.45,1.62,5.4,2.1,1.85,4.2,1.69,4.6,1.57,,,,,,,,,,,,,,,2.0,5.0,0.0,10.0,5.0,2.0,7.0,10.0,0.0,14.0,8.0,0.0,3.0,3.0
28,11,2026-02-13 18:00,Rennes,Paris St Germain,3,1,1,F1,/,Rennes,Paris SG,0.952,1.5,1.25,2.91,1.38,1.4,1.81,1.96,3.2,1.32,1.34,1.86,1.87,5.47,7.47,5.05,6.51,3.0,1.4,1.4,1.83,2.03,3.4,1.33,1.36,1.93,1.93,5.25,7.5,5.0,7.0,1.4,1.33,5.5,7.5,5.0,7.0,3.15,1.43,1.42,1.85,2.13,3.25,1.42,1.48,2.24,1.78,5.4,7.0,5.8,7.8,1.42,1.35,5.6,7.5,5.25,6.4,1.36,1.3,5.75,8.0,5.0,6.5,1.4,1.37,5.5,6.75,5.25,6.5,,,,,,,,,,,,,3.0,1.4,1.43,1.85,2.03,3.4,1.35,1.38,1.93,1.93,5.75,8.0,5.25,7.0,,,,,,,,,,,,,,,8.0,9.0,0.0,22.0,7.0,0.0,5.0,10.0,0.0,13.0,4.0,0.0,1.0,0.0
28,12,2026-02-14 20:00,Real Madrid,Real Sociedad,4,1,1,SP1,/,Real Madrid,Sociedad,0.97,-1.25,-1.5,2.72,1.42,7.59,1.82,1.91,2.41,1.55,7.63,2.01,1.77,5.08,1.37,5.27,1.34,2.75,1.44,8.0,1.83,2.03,2.38,1.57,7.0,2.0,1.85,4.75,1.4,5.25,1.33,8.0,8.0,5.0,1.36,5.5,1.33,2.84,1.52,8.2,1.86,2.07,2.5,1.64,8.4,2.06,1.91,5.5,1.42,5.5,1.43,8.0,8.5,5.6,1.33,5.5,1.34,7.0,8.0,5.0,1.36,5.0,1.33,7.0,6.75,5.25,1.4,5.25,1.38,,,,,,,,,,,,,2.75,1.45,8.5,1.95,2.03,2.6,1.63,8.5,2.12,1.85,5.6,1.4,5.5,1.38,,,,,,,,,,,,,,,6.0,9.0,0.0,13.0,3.0,1.0,4.0,10.0,0.0,11.0,5.0,1.0,3.0,1.0
28,13,2026-02-14 17:00,Lazio,Atalanta,0,2,2,I1,/,Lazio,Atalanta,1.0,0.25,0.25,1.72,2.05,2.13,1.81,1.96,1.79,1.97,2.2,1.86,1.92,3.22,3.35,3.26,3.46,1.73,2.1,2.15,1.85,2.0,1.83,2.03,2.2,1.85,2.0,3.2,3.5,3.25,3.5,2.15,2.2,3.3,3.25,3.25,3.5,1.82,2.16,2.24,1.91,2.07,1.93,2.06,2.3,1.97,2.01,3.35,3.7,3.45,3.75,2.14,2.2,3.25,3.5,3.3,3.55,2.1,2.15,3.4,3.3,3.3,3.4,2.2,2.25,3.25,3.2,3.25,3.4,2.2,2.25,3.25,3.2,3.25,3.4,2.2,2.25,3.25,3.2,3.25,3.4,1.75,2.1,2.2,1.85,2.0,1.83,2.03,2.25,1.91,2.0,3.4,3.5,3.33,3.66,,,,,,,,,,,,,,,4.0,16.0,0.0,12.0,5.0,4.0,5.0,10.0,0.0,18.0,5.0,1.0,0.0,1.0
28,14,2026-02-14 19:45,Inter,Juventus,3,2,1,I1,/,Inter,Juventus,1.0,-0.5,-0.5,1.83,1.93,3.92,1.84,1.89,1.8,1.96,3.85,1.78,1.96,3.29,2.02,3.41,1.94,1.88,1.98,4.1,1.93,1.93,1.8,2.0,3.9,1.83,2.03,3.25,2.05,3.4,1.95,4.0,3.75,3.4,2.0,3.4,1.95,1.93,2.02,4.4,1.96,2.02,1.87,2.12,4.3,1.9,2.09,3.4,2.08,3.55,2.02,4.0,4.1,3.25,2.02,3.35,1.97,3.8,3.6,3.5,2.0,3.5,1.9,3.75,3.9,3.3,2.0,3.4,2.0,,,,,,,,,,,,,1.91,1.98,4.1,1.93,1.95,1.86,2.0,4.1,1.83,2.05,3.5,2.05,3.5,2.0,,,,,,,,,,,,,,,1.0,7.0,1.0,11.0,8.0,2.0,4.0,15.0,0.0,21.0,9.0,1.0,1.0,4.0
28,15,2026-02-15 19:45,Napoli,Roma,2,2,0,I1,/,Napoli,Roma,1.0,-0.25,-0.25,1.51,2.45,3.43,1.86,1.92,1.43,2.72,3.33,1.76,2.03,2.8,2.47,3.0,2.27,1.53,2.5,3.5,1.88,1.98,1.4,3.0,3.3,1.75,2.13,2.8,2.5,3.0,2.3,3.5,3.25,2.88,2.5,3.0,2.25,1.55,2.5,3.6,1.92,2.05,1.46,3.1,3.55,1.83,2.18,2.88,2.66,3.05,2.44,3.6,3.35,2.88,2.45,2.9,2.32,3.3,3.3,2.8,2.5,3.1,2.25,3.3,3.3,2.8,2.5,3.2,2.25,3.3,,,,3.2,2.25,3.3,,,,3.1,2.25,1.53,2.5,3.6,1.9,1.98,1.46,3.0,3.5,1.83,2.13,2.88,2.5,3.2,2.32,,,,,,,,,,,,,,,1.0,14.0,0.0,9.0,2.0,1.0,2.0,14.0,0.0,11.0,7.0,1.0,1.0,1.0
29,1,2026-02-20 17:00,Çaykur Rizespor,Kocaelispor,2,0,1,T1,/,Rizespor,Kocaelispor,1.0,-0.25,-0.25,1.66,2.09,3.08,1.78,1.92,1.68,2.07,3.12,1.8,1.91,3.15,2.26,3.16,2.28,1.7,2.1,3.1,1.85,1.95,1.73,2.08,3.25,1.88,1.93,3.25,2.2,3.4,2.2,3.1,3.1,3.1,2.3,3.1,2.3,1.79,2.2,3.45,1.96,2.03,1.81,2.2,3.5,1.94,2.04,3.25,2.42,3.35,2.38,3.05,3.05,3.15,2.32,3.15,2.28,3.0,3.1,3.25,2.25,3.2,2.3,3.1,3.1,3.2,2.25,3.1,2.35,3.1,,,,3.2,2.37,3.1,,,,3.2,2.37,1.7,2.1,3.25,1.85,1.95,1.73,2.1,3.25,1.88,1.95,3.25,2.32,3.4,2.37,,,,,,,,,,,,,,,6.0,19.0,0.0,13.0,1.0,3.0,2.0,14.0,0.0,11.0,5.0,0.0,1.0,1.0
29,2,2026-02-21 10:30,ikas Eyüpspor,Natura Dünyası Gençlerbirliği,1,0,1,T1,/,Eyupspor,Genclerbirligi,1.0,0.25,0.25,1.82,1.88,2.35,1.98,1.74,1.91,1.81,2.26,1.92,1.78,3.32,2.96,3.28,2.86,1.85,1.95,2.35,2.08,1.73,2.0,1.8,2.2,1.98,1.83,3.5,3.0,3.4,2.75,2.38,2.3,3.3,2.88,3.2,2.88,1.9,1.99,2.54,2.17,1.79,2.06,1.89,2.42,2.07,1.9,3.5,3.2,3.35,3.05,2.25,2.23,3.35,3.05,3.35,3.05,2.38,2.3,3.4,2.9,3.25,2.8,2.3,2.25,3.4,3.0,3.4,2.9,,,,,,,,,,,,,1.9,1.95,2.4,2.08,1.8,2.0,1.9,2.3,1.98,1.83,3.5,3.05,3.4,3.05,,,,,,,,,,,,,,,4.0,18.0,0.0,13.0,4.0,2.0,3.0,13.0,0.0,10.0,7.0,0.0,0.0,1.0
29,3,2026-02-21 13:00,Corendon Alanyaspor,Rams Başakşehir,1,2,2,T1,/,Alanyaspor,Buyuksehyr,1.0,0.25,0.25,1.9,1.81,2.41,2.05,1.69,1.95,1.77,2.31,1.98,1.73,3.32,2.86,3.32,2.72,1.95,1.85,2.4,2.08,1.73,1.98,1.83,2.35,2.03,1.78,3.3,2.85,3.4,2.75,2.4,2.3,3.3,2.88,3.25,2.8,2.0,1.87,2.58,2.2,1.8,2.06,1.89,2.46,2.09,1.88,3.5,3.2,3.45,3.0,2.45,2.4,3.45,2.75,3.45,2.65,2.38,2.3,3.4,2.88,3.3,2.7,2.4,2.3,3.4,2.85,3.4,2.7,,,,,,,,,,,,,2.0,1.9,2.45,2.08,1.75,2.0,1.83,2.4,2.03,1.83,3.45,3.0,3.45,2.82,,,,,,,,,,,,,,,2.0,18.0,0.0,13.0,3.0,5.0,6.0,14.0,0.0,13.0,2.0,2.0,0.0,5.0
29,4,2026-02-21 17:00,Tümosan Konyaspor,Galatasaray,2,0,1,T1,/,Konyaspor,Galatasaray,1.0,1.0,1.25,2.27,1.56,1.45,1.94,1.77,2.11,1.65,1.61,1.95,1.76,3.95,4.92,4.44,5.99,2.3,1.6,1.45,2.0,1.8,2.2,1.65,1.53,1.95,1.85,4.2,5.25,4.5,6.0,1.44,1.6,4.0,5.0,4.33,6.5,2.44,1.64,1.48,2.11,1.86,2.22,1.79,1.72,2.26,1.74,4.2,5.3,5.2,6.8,1.46,1.65,3.9,4.6,4.4,6.1,1.44,1.5,4.2,5.75,4.33,6.0,1.47,1.65,4.0,4.75,4.5,5.75,1.5,1.67,4.0,4.8,4.6,6.0,1.48,1.65,4.0,4.8,4.6,6.0,2.3,1.62,1.5,2.0,1.8,2.2,1.71,1.67,2.02,1.85,4.2,5.75,4.75,6.5,,,,,,,,,,,,,,,4.0,8.0,0.0,6.0,2.0,2.0,3.0,13.0,0.0,9.0,2.0,0.0,0.0,4.0
29,5,2026-02-22 10:30,Zecorner Kayserispor,Hesap.com Antalyaspor,1,0,1,T1,/,Kayserispor,Antalyaspor,1.0,-0.5,-0.5,1.74,1.98,3.68,1.79,1.9,1.75,1.96,3.74,1.79,1.9,3.34,1.95,3.32,1.95,1.75,2.05,4.0,1.85,1.95,1.8,2.0,4.0,1.85,1.95,3.4,1.91,3.3,1.91,3.6,3.75,3.3,1.95,3.25,2.0,1.75,2.1,4.1,1.87,2.0,1.83,2.16,4.2,1.92,2.08,3.5,2.08,3.35,2.0,3.6,3.6,3.45,1.98,3.4,1.97,3.7,3.7,3.4,1.95,3.3,1.93,3.6,3.75,3.3,1.98,3.3,2.0,3.7,3.8,3.4,2.0,3.4,2.05,3.6,3.8,3.4,2.0,3.4,2.0,1.81,2.1,4.0,1.85,2.0,1.81,2.1,4.0,1.85,1.95,3.45,2.0,3.4,2.05,,,,,,,,,,,,,,,5.0,10.0,0.0,11.0,3.0,1.0,5.0,12.0,0.0,15.0,5.0,0.0,0.0,3.0
29,6,2026-02-22 13:00,Gaziantep FK,Trabzonspor,1,2,2,T1,/,Gaziantep,Trabzonspor,1.0,0.5,0.5,2.09,1.66,1.96,1.91,1.78,2.06,1.68,1.9,1.86,1.83,3.54,3.67,3.57,3.42,2.1,1.7,1.91,1.98,1.83,2.1,1.7,1.81,1.88,1.93,3.6,3.9,3.6,3.6,1.95,1.91,3.5,3.75,3.5,3.5,2.18,1.74,2.04,2.04,1.9,2.18,1.81,1.95,1.95,2.02,3.75,4.4,3.8,3.8,2.0,1.98,3.6,3.4,3.6,3.35,1.95,1.95,3.6,3.5,3.5,3.4,2.0,1.9,3.7,3.6,3.7,3.3,2.0,1.91,3.7,3.7,3.75,3.4,2.0,1.91,3.7,3.7,3.75,3.3,2.2,1.7,2.0,1.98,1.83,2.12,1.73,1.98,1.9,1.93,3.7,4.0,3.75,3.6,,,,,,,,,,,,,,,4.0,16.0,0.0,13.0,4.0,1.0,11.0,11.0,0.0,15.0,7.0,2.0,1.0,1.0
29,7,2026-02-22 17:00,Beşiktaş,Göztepe,4,0,1,T1,/,Besiktas,Goztep,0.97,-0.75,-0.75,1.91,1.8,4.37,1.78,1.92,1.95,1.77,4.93,1.92,1.78,3.78,1.63,3.62,1.72,1.95,1.85,4.75,1.85,1.95,2.0,1.8,5.5,2.03,1.78,3.8,1.57,3.6,1.68,4.5,5.0,3.75,1.62,3.6,1.73,2.0,1.77,5.0,,,2.12,1.85,5.9,2.14,1.86,4.2,1.67,3.8,1.77,4.2,4.8,3.85,1.64,3.55,1.8,4.4,4.8,3.8,1.65,3.6,1.7,4.33,4.8,3.8,1.66,3.7,1.75,,,,,,,,,,,,,1.95,1.85,4.75,1.85,1.98,2.0,1.83,5.5,2.03,1.83,3.9,1.66,3.75,1.8,,,,,,,,,,,,,,,4.0,18.0,0.0,8.0,1.0,1.0,9.0,14.0,0.0,12.0,7.0,0.0,2.0,2.0
29,8,2026-02-22 17:00,Mısırlı.com.tr Fatih Karagümrük,Samsunspor,0,0,0,T1,/,Karagumruk,Samsunspor,0.97,0.0,0.5,1.73,1.99,1.97,1.92,1.77,1.64,2.15,2.39,1.7,2.05,3.08,2.97,3.31,3.6,1.75,2.05,1.96,2.03,1.78,1.65,2.2,2.45,1.75,2.05,3.1,2.85,3.3,3.75,2.0,2.38,3.1,3.0,3.25,3.6,1.81,1.93,2.12,,,1.71,2.36,2.64,1.81,2.19,3.1,3.2,3.45,3.85,1.94,2.2,3.25,3.2,3.4,3.75,2.0,2.3,3.2,3.1,3.25,3.5,1.98,2.45,3.1,2.87,3.3,3.75,,,,,,,,,,,,,1.78,2.1,2.0,2.03,1.91,1.68,2.2,2.68,1.9,2.12,3.25,3.2,3.4,3.75,,,,,,,,,,,,,,,1.0,15.0,0.0,7.0,0.0,1.0,5.0,14.0,0.0,12.0,5.0,0.0,0.0,1.0
29,9,2026-02-23 17:00,Fenerbahçe,Kasımpaşa,1,1,0,T1,/,Fenerbahce,Kasimpasa,1.0,-1.5,-1.75,2.38,1.52,10.05,1.79,1.93,2.29,1.56,9.25,1.88,1.82,5.34,1.27,5.66,1.23,2.4,1.53,13.0,1.88,1.93,2.35,1.57,10.0,1.83,1.98,5.5,1.25,6.0,1.19,10.0,9.5,5.0,1.29,5.5,1.25,2.6,1.46,12.5,1.8,1.81,2.44,1.68,11.0,1.94,2.04,6.0,1.33,6.6,1.25,9.5,9.5,5.8,1.25,5.8,1.25,10.5,10.0,5.5,1.25,5.5,1.22,9.5,8.0,5.0,1.33,5.75,1.27,,,,,,,,,,,,,2.45,1.54,13.0,1.88,2.0,2.38,1.62,10.0,1.95,1.98,5.8,1.33,6.0,1.28,,,,,,,,,,,,,,,1.0,16.0,1.0,5.0,3.0,7.0,8.0,9.0,0.0,21.0,5.0,0.0,0.0,3.0
29,10,2026-02-21 17:30,RB Leipzig,Borussia Dortmund,2,2,0,D1,/,RB Leipzig,Dortmund,1.0,-0.5,-0.25,2.69,1.43,2.92,1.89,1.89,2.52,1.49,3.32,1.82,1.92,3.88,1.97,3.88,2.14,2.75,1.44,3.1,1.95,1.9,2.5,1.53,3.5,1.93,1.93,3.9,1.91,3.8,2.15,2.8,3.3,4.0,1.95,4.0,2.2,3.0,1.48,3.2,2.0,1.97,2.7,1.56,3.65,1.94,2.04,4.1,2.04,4.0,2.26,2.95,3.2,3.8,1.98,3.95,2.16,2.8,3.13,3.9,2.05,3.75,2.1,3.0,3.4,4.0,1.95,4.0,2.1,3.0,3.4,4.0,1.95,4.0,2.15,3.0,3.4,3.9,1.95,3.9,2.1,2.8,1.46,3.1,1.95,1.91,2.75,1.53,3.5,1.93,1.96,4.0,2.05,4.0,2.2,,,,,,,,,,,,,,,2.0,17.0,0.0,11.0,5.0,4.0,6.0,11.0,0.0,13.0,3.0,0.0,2.0,3.0
29,11,2026-02-21 20:00,Manchester City,Newcastle United,2,1,1,E0,/,Man City,Newcastle,0.97,-1.0,-1.25,2.77,1.41,5.82,1.83,1.95,2.73,1.43,5.31,1.95,1.83,4.63,1.54,4.92,1.46,2.75,1.44,5.5,1.85,2.0,2.75,1.44,5.0,1.93,1.93,4.75,1.57,5.0,1.45,6.0,5.5,4.6,1.53,5.0,1.44,3.05,1.46,6.4,1.95,2.03,3.0,1.49,6.0,2.05,1.92,4.9,1.57,5.3,1.51,6.1,5.8,4.6,1.52,5.0,1.48,6.0,5.75,4.75,1.5,5.0,1.45,5.5,5.0,4.8,1.55,5.0,1.47,5.5,5.0,4.8,1.55,5.0,1.48,5.5,5.0,4.8,1.55,5.0,1.48,2.85,1.45,6.1,1.86,2.0,2.9,1.46,5.8,1.98,1.93,4.8,1.57,5.0,1.48,,,,,,,,,,,,,,,5.0,13.0,0.0,13.0,7.0,5.0,5.0,12.0,0.0,15.0,7.0,1.0,2.0,2.0
29,12,2026-02-22 16:30,Tottenham Hotspur,Arsenal,1,4,2,E0,/,Tottenham,Arsenal,0.97,1.25,1.0,1.98,1.77,1.56,1.93,1.84,1.96,1.82,1.45,2.01,1.78,4.35,7.2,3.98,5.83,2.0,1.8,1.57,1.98,1.88,2.0,1.85,1.4,1.98,1.88,4.5,7.5,4.0,6.0,1.57,1.44,4.5,7.5,4.2,5.5,2.1,1.87,1.62,2.07,1.92,2.06,1.93,1.44,2.02,1.95,5.3,8.0,4.3,6.2,1.58,1.44,4.4,7.5,4.1,6.1,1.53,1.5,4.2,6.5,4.0,5.75,1.58,1.46,4.4,7.25,4.0,5.5,,,,,,,,,,,,,2.02,1.83,1.6,1.98,1.88,2.07,1.9,1.5,2.07,1.88,4.5,7.8,4.2,6.1,,,,,,,,,,,,,,,5.0,11.0,0.0,20.0,7.0,1.0,2.0,17.0,0.0,6.0,5.0,1.0,1.0,2.0
29,13,2026-02-21 20:00,Atletico Madrid,Espanyol,4,2,1,SP1,/,Ath Madrid,Espanol,0.967,-1.25,-1.0,1.91,1.83,6.87,2.01,1.77,2.03,1.74,7.5,1.86,1.92,4.54,1.41,4.25,1.47,1.91,1.91,7.0,2.0,1.85,2.1,1.73,8.0,1.95,1.9,4.75,1.4,4.1,1.5,6.5,7.5,4.5,1.4,4.33,1.5,2.0,1.96,7.8,2.08,1.86,2.16,1.84,8.6,1.93,2.04,4.8,1.47,4.6,1.52,7.5,8.5,4.6,1.4,4.4,1.44,7.0,7.5,4.4,1.44,4.2,1.5,6.5,6.75,4.6,1.44,4.4,1.49,6.5,7.0,4.6,1.44,4.4,1.48,6.5,6.5,4.6,1.44,4.4,1.48,2.0,1.91,7.5,2.08,1.85,2.1,1.8,8.5,1.95,1.94,4.75,1.44,4.4,1.5,,,,,,,,,,,,,,,3.0,10.0,0.0,8.0,2.0,1.0,5.0,8.0,0.0,18.0,9.0,1.0,1.0,0.0
29,14,2026-02-21 14:00,Juventus,Como,0,2,2,I1,/,Juventus,Como,1.0,-0.25,-0.25,1.78,1.98,3.56,2.02,1.76,1.8,1.97,3.5,2.01,1.77,3.35,2.08,3.4,2.05,1.8,2.0,3.7,2.05,1.75,1.85,2.0,3.5,2.05,1.8,3.3,2.1,3.4,2.0,3.5,3.5,3.5,2.05,3.5,2.05,1.83,2.18,3.8,2.14,1.86,1.88,2.12,3.85,2.12,1.88,3.45,2.2,3.6,2.16,3.65,3.6,3.3,2.02,3.35,2.07,3.6,3.5,3.4,2.05,3.4,2.05,3.5,3.6,3.4,2.1,3.5,2.05,,,,,,,,,,,,,1.8,2.05,3.7,2.05,1.83,1.85,2.05,3.65,2.05,1.83,3.5,2.15,3.5,2.1,,,,,,,,,,,,,,,2.0,15.0,0.0,11.0,2.0,0.0,7.0,10.0,0.0,11.0,3.0,1.0,0.0,1.0
29,15,2026-02-22 14:00,Atalanta,Napoli,2,1,1,I1,/,Atalanta,Napoli,1.0,-0.25,-0.25,1.71,2.07,2.98,1.75,2.04,1.65,2.18,3.15,1.76,2.03,2.96,2.43,3.16,2.42,1.73,2.1,3.0,1.78,2.1,1.62,2.3,3.3,1.83,2.03,3.0,2.4,3.2,2.45,2.88,3.0,3.1,2.5,3.25,2.5,1.8,2.2,3.1,1.8,2.21,1.69,2.44,3.45,1.87,2.12,3.15,2.52,3.25,2.62,3.05,3.15,2.9,2.4,3.25,2.4,3.0,3.1,3.1,2.4,3.1,2.4,3.0,3.2,2.9,2.45,3.2,2.45,3.0,3.25,2.9,2.5,3.2,2.45,3.0,3.2,2.87,2.45,3.2,2.4,1.75,2.12,3.05,1.79,2.1,1.7,2.3,3.3,1.83,2.08,3.1,2.5,3.25,2.5,,,,,,,,,,,,,,,1.0,9.0,0.0,10.0,4.0,1.0,6.0,10.0,0.0,10.0,7.0,1.0,0.0,1.0
30,1,2026-02-27 17:00,Rams Başakşehir,Tümosan Konyaspor,2,0,1,T1,/,Buyuksehyr,Konyaspor,1.0,-0.75,-0.75,2.05,1.7,4.36,1.81,1.89,1.93,1.78,4.55,1.8,1.89,3.57,1.71,3.69,1.71,2.0,1.8,4.75,1.85,1.95,1.93,1.88,5.0,1.85,1.95,3.6,1.66,3.6,1.68,4.2,4.33,3.5,1.7,3.6,1.7,2.14,1.83,5.1,1.95,2.01,2.08,1.89,5.2,1.92,2.03,3.9,1.81,4.0,1.8,4.25,4.35,3.65,1.74,3.75,1.75,4.5,4.6,3.6,1.73,3.8,1.7,4.33,4.4,3.7,1.75,3.75,1.73,,,,,,,,,,,,,2.12,1.8,4.75,1.85,1.95,2.0,1.88,5.0,1.85,1.95,3.7,1.75,3.8,1.75,,,,,,,,,,,,,,,7.0,16.0,0.0,11.0,2.0,1.0,5.0,14.0,0.0,12.0,4.0,0.0,0.0,3.0
30,2,2026-02-27 17:00,Trabzonspor,Mısırlı.com.tr Fatih Karagümrük,3,1,1,T1,/,Trabzonspor,Karagumruk,0.97,-1.25,-1.25,2.0,1.73,7.01,1.81,1.9,2.09,1.67,6.37,1.76,1.96,4.26,1.44,4.35,1.4,2.05,1.75,6.5,1.8,2.0,2.1,1.7,6.0,1.73,2.08,4.33,1.45,4.5,1.41,7.0,6.5,4.0,1.44,4.0,1.4,2.2,1.8,8.4,1.89,2.04,2.3,1.74,7.4,1.82,2.16,5.0,1.49,4.9,1.47,7.5,7.5,4.6,1.38,4.6,1.37,7.5,6.5,4.33,1.45,4.4,1.4,6.25,5.75,4.4,1.49,4.5,1.44,,,,,,,,,,,,,2.06,1.8,7.5,1.88,2.0,2.2,1.7,7.5,1.87,2.08,4.6,1.5,4.6,1.44,,,,,,,,,,,,,,,4.0,12.0,0.0,11.0,4.0,1.0,5.0,8.0,0.0,13.0,6.0,1.0,1.0,1.0
30,3,2026-02-28 10:30,Kasımpaşa,Çaykur Rizespor,0,3,2,T1,/,Kasimpasa,Rizespor,1.0,0.0,0.0,1.87,1.83,2.65,1.94,1.78,1.86,1.84,2.41,1.75,1.97,3.27,2.75,3.29,2.45,1.95,1.85,2.65,1.98,1.83,1.9,1.9,2.4,1.78,2.03,3.5,2.75,3.5,2.4,2.63,2.38,3.1,2.75,3.2,2.4,2.0,1.94,2.96,2.11,1.86,1.98,2.0,2.64,1.88,2.12,3.45,2.98,3.4,2.58,2.65,2.55,3.3,2.63,3.25,2.55,2.63,2.45,3.4,2.7,3.3,2.45,2.7,2.3,3.4,2.9,3.4,2.45,,,,,,,,,,,,,1.95,1.85,2.76,2.0,1.83,1.91,1.9,2.55,1.83,2.03,3.5,3.0,3.5,2.55,,,,,,,,,,,,,,,5.0,16.0,0.0,14.0,6.0,2.0,2.0,18.0,0.0,13.0,4.0,1.0,0.0,0.0
30,4,2026-02-28 13:00,Kocaelispor,Beşiktaş,0,1,2,T1,/,Kocaelispor,Besiktas,1.0,0.25,0.25,1.8,1.92,2.06,1.77,1.93,1.67,2.09,2.09,1.76,1.95,3.13,3.48,3.31,3.33,1.8,2.0,2.01,1.8,2.0,1.53,2.4,2.05,1.8,2.0,3.1,3.6,3.4,3.5,2.05,2.1,3.1,3.3,3.2,3.3,1.86,2.04,2.2,1.87,2.05,1.77,2.24,2.22,1.89,2.11,3.4,3.85,3.4,3.7,2.12,2.05,3.25,3.5,3.45,3.2,2.05,2.1,3.25,3.5,3.3,3.3,2.05,2.1,3.25,3.5,3.4,3.4,,,,,,,,,,,,,1.91,2.0,2.12,1.83,2.0,1.85,2.4,2.16,1.8,2.0,3.25,3.66,3.45,3.5,,,,,,,,,,,,,,,4.0,13.0,0.0,11.0,2.0,2.0,1.0,15.0,0.0,10.0,0.0,0.0,0.0,1.0
30,5,2026-02-28 17:00,Galatasaray,Corendon Alanyaspor,3,1,1,T1,/,Galatasaray,Alanyaspor,1.0,-1.5,-1.5,2.56,1.46,8.56,1.89,1.8,2.57,1.45,8.18,1.85,1.84,5.27,1.29,5.35,1.27,2.6,1.48,8.5,1.93,1.88,2.7,1.44,7.0,1.9,1.9,5.0,1.27,5.5,1.27,9.0,8.5,5.0,1.29,5.0,1.25,2.74,1.54,10.0,1.99,1.87,2.86,1.52,11.0,1.99,1.97,6.2,1.33,6.6,1.31,9.0,9.0,5.5,1.28,5.6,1.27,9.0,9.0,5.5,1.29,5.25,1.25,8.25,8.0,5.25,1.33,5.5,1.31,,8.0,5.5,1.33,,,,8.0,5.25,1.33,,,2.65,1.48,9.0,1.95,1.91,2.7,1.5,9.0,1.9,1.91,5.5,1.33,5.6,1.31,,,,,,,,,,,,,,,0.0,4.0,0.0,10.0,5.0,3.0,4.0,18.0,0.0,14.0,6.0,0.0,1.0,2.0
30,6,2026-03-01 13:00,Natura Dünyası Gençlerbirliği,Zecorner Kayserispor,0,0,0,T1,/,Genclerbirligi,Kayserispor,1.0,-0.25,-0.25,1.8,1.92,3.31,1.94,1.76,1.86,1.85,2.87,1.74,1.97,3.27,2.31,3.28,2.06,1.8,2.0,3.5,1.95,1.85,1.98,1.83,2.75,1.73,2.08,3.4,2.35,3.3,2.05,3.25,2.8,3.2,2.3,3.2,2.05,1.86,1.98,3.5,1.98,1.87,2.04,1.92,3.15,1.87,2.11,3.55,2.46,3.45,2.18,3.5,2.88,3.2,2.4,3.4,1.98,3.25,2.9,3.4,2.3,3.3,2.05,3.25,2.9,3.3,2.3,3.4,2.15,,,,,,,,,,,,,1.85,2.0,3.5,2.0,1.85,1.98,1.98,3.0,1.8,2.08,3.4,2.4,3.4,2.15,,,,,,,,,,,,,,,6.0,15.0,0.0,10.0,2.0,1.0,3.0,14.0,0.0,10.0,3.0,0.0,0.0,1.0
30,7,2026-03-01 17:00,Hesap.com Antalyaspor,Fenerbahçe,2,2,0,T1,/,Antalyaspor,Fenerbahce,1.0,1.0,1.0,1.99,1.73,1.45,1.73,1.99,1.92,1.8,1.49,1.8,1.9,4.04,5.88,4.28,6.16,2.08,1.73,1.45,1.78,2.03,1.95,1.85,1.49,1.9,1.9,4.0,6.25,4.33,6.5,1.44,1.5,3.75,6.0,4.0,6.5,2.14,1.62,1.51,,,2.04,1.95,1.57,1.96,1.98,4.3,7.4,5.0,7.0,1.45,1.46,4.35,6.25,4.5,6.25,1.45,1.5,4.1,6.0,4.2,6.0,1.47,1.53,4.2,5.5,4.4,6.0,1.5,,,,4.5,6.0,1.48,,,,4.5,6.0,2.08,1.8,1.5,1.8,2.03,2.0,1.85,1.53,1.9,1.96,4.35,6.25,4.5,6.5,,,,,,,,,,,,,,,14.0,10.0,0.0,14.0,5.0,0.0,3.0,11.0,0.0,10.0,4.0,0.0,1.0,0.0
30,8,2026-03-01 17:00,Samsunspor,Gaziantep FK,0,0,0,T1,/,Samsunspor,Gaziantep,1.0,-0.5,-0.75,1.88,1.81,4.46,1.81,1.89,1.79,1.93,3.96,1.86,1.83,3.33,1.88,3.65,1.7,1.95,1.85,4.33,1.85,1.95,1.8,2.0,4.0,1.9,1.9,3.5,1.86,3.9,1.68,4.5,3.75,3.25,1.9,3.5,1.67,1.95,1.87,5.5,,,1.87,2.12,4.5,1.98,1.99,3.55,1.99,3.8,1.71,4.35,4.25,3.55,1.79,3.65,1.75,4.5,3.9,3.4,1.9,3.6,1.67,4.6,3.8,3.3,1.95,3.75,1.71,4.6,,,,3.8,1.73,4.6,,,,3.75,1.73,1.95,1.9,4.6,1.85,1.95,1.89,2.0,4.25,2.0,1.9,3.55,1.95,3.9,1.75,,,,,,,,,,,,,,,2.0,13.0,0.0,6.0,0.0,3.0,6.0,16.0,0.0,12.0,3.0,0.0,0.0,1.0
30,9,2026-02-28 17:30,Borussia Dortmund,Bayern Münih,2,3,2,D1,/,Dortmund,Bayern Munich,0.978,0.75,0.75,3.36,1.3,1.61,1.75,2.03,3.17,1.33,1.67,1.79,1.99,4.38,4.21,4.51,4.37,3.4,1.33,1.6,1.75,2.05,3.4,1.33,1.67,1.8,2.05,4.5,4.2,4.75,4.5,1.62,1.67,4.33,4.2,4.5,4.33,3.75,1.34,1.68,1.82,2.18,3.55,1.38,1.76,1.92,2.04,4.7,4.4,4.9,4.9,1.56,1.6,4.35,4.5,4.6,4.6,1.57,1.65,4.4,4.33,4.33,4.33,1.66,1.73,4.4,4.0,4.6,4.2,,1.73,4.4,4.0,,,,1.73,4.33,3.9,,,3.5,1.33,1.69,1.83,2.1,3.4,1.35,1.73,1.85,2.05,4.5,4.5,4.75,4.6,,,,,,,,,,,,,,,2.0,10.0,0.0,14.0,6.0,0.0,5.0,15.0,0.0,10.0,2.0,0.0,1.0,1.0
30,10,2026-03-01 16:30,Eintracht Frankfurt,Freiburg,2,0,1,D1,/,Ein Frankfurt,Freiburg,1.0,-0.25,-0.25,2.0,1.75,3.1,1.9,1.88,2.05,1.73,3.06,1.87,1.9,3.45,2.22,3.44,2.18,2.0,1.8,3.2,1.93,1.93,2.1,1.73,3.1,1.88,1.98,3.5,2.25,3.5,2.2,3.0,3.0,3.4,2.25,3.5,2.2,2.12,1.84,3.35,1.98,1.98,2.18,1.83,3.35,1.96,2.01,3.55,2.36,3.6,2.3,3.2,3.1,3.5,2.14,3.5,2.1,3.0,3.0,3.6,2.2,3.4,2.1,3.1,3.1,3.4,2.25,3.4,2.25,3.1,,,,3.4,2.25,3.1,,,,3.4,2.2,2.05,1.8,3.2,1.95,1.95,2.1,1.8,3.14,1.92,1.98,3.6,2.3,3.5,2.28,,,,,,,,,,,,,,,6.0,11.0,0.0,4.0,2.0,2.0,5.0,9.0,0.0,15.0,7.0,0.0,0.0,1.0
30,11,2026-02-28 12:30,AFC Bournemouth,Sunderland,1,1,0,E0,/,Bournemouth,Sunderland,0.97,-0.5,-0.75,2.02,1.77,4.34,1.82,1.96,1.95,1.82,4.27,1.98,1.77,3.68,1.8,3.8,1.77,2.0,1.8,4.33,1.85,2.0,1.95,1.9,4.33,2.03,1.83,3.6,1.83,3.75,1.8,4.2,4.2,3.75,1.8,3.75,1.8,2.1,1.88,4.8,1.91,2.06,2.06,1.92,4.7,2.12,1.88,3.9,1.88,3.95,1.83,4.5,4.6,3.65,1.78,3.8,1.77,4.5,4.2,3.7,1.83,3.8,1.75,4.33,4.2,3.75,1.8,3.9,1.75,,,,,,,,,,,,,2.1,1.8,4.5,1.85,2.0,2.0,1.9,4.6,2.05,1.83,3.75,1.83,4.0,1.8,,,,,,,,,,,,,,,3.0,12.0,0.0,8.0,4.0,2.0,7.0,15.0,0.0,21.0,5.0,1.0,0.0,4.0
30,12,2026-02-28 15:00,Newcastle United,Everton,2,3,2,E0,/,Newcastle,Everton,0.97,-0.5,-0.75,2.05,1.73,4.67,1.91,1.86,2.02,1.76,4.34,2.0,1.74,3.73,1.78,3.92,1.69,2.1,1.73,4.75,1.98,1.88,2.0,1.8,4.33,2.05,1.75,3.8,1.75,4.0,1.7,4.6,4.2,3.75,1.8,4.0,1.7,2.2,1.8,5.0,2.0,1.97,2.12,1.87,4.7,2.14,1.87,3.95,1.87,4.1,1.76,4.8,4.6,3.7,1.78,3.95,1.68,4.8,4.5,3.8,1.75,4.0,1.67,4.6,4.2,3.75,1.8,4.0,1.68,,,,,,,,,,,,,2.1,1.77,4.8,1.98,1.9,2.1,1.8,4.6,2.05,1.85,3.8,1.86,4.0,1.73,,,,,,,,,,,,,,,2.0,7.0,0.0,9.0,5.0,3.0,7.0,15.0,0.0,17.0,7.0,2.0,1.0,2.0
30,13,2026-03-01 16:30,Arsenal,Chelsea,2,1,1,E0,/,Arsenal,Chelsea,1.0,-1.0,-0.75,2.09,1.7,5.28,2.02,1.75,2.17,1.66,6.05,1.96,1.82,4.36,1.5,3.98,1.6,2.1,1.73,5.5,2.05,1.75,2.2,1.67,6.0,2.0,1.85,4.2,1.53,3.8,1.6,5.5,6.5,4.33,1.5,4.0,1.62,2.22,1.77,5.9,2.19,1.81,2.26,1.78,6.8,2.08,1.9,4.7,1.55,4.3,1.65,5.5,6.25,4.5,1.48,4.0,1.6,5.25,6.0,4.4,1.5,4.0,1.57,5.25,5.75,4.5,1.51,4.0,1.63,5.25,,,,4.0,1.61,5.25,,,,4.0,1.61,2.15,1.75,5.5,2.05,1.83,2.33,1.71,6.5,2.02,1.9,4.5,1.53,4.0,1.63,,,,,,,,,,,,,,,10.0,14.0,1.0,9.0,3.0,3.0,5.0,11.0,0.0,12.0,5.0,1.0,1.0,1.0
30,14,2026-02-28 15:15,Barcelona,Villarreal,4,1,1,SP1,/,Barcelona,Villarreal,1.0,-1.5,-1.75,3.62,1.26,8.02,1.87,1.9,3.82,1.25,6.51,1.83,1.9,5.54,1.37,6.15,1.29,3.75,1.29,7.0,1.9,1.95,4.0,1.25,7.0,1.85,2.0,5.75,1.36,6.5,1.3,8.0,7.0,5.5,1.33,6.0,1.29,4.1,1.31,9.2,1.93,1.99,4.3,1.28,7.6,1.91,2.04,5.9,1.42,6.8,1.33,8.5,6.5,5.5,1.37,6.75,1.27,9.0,7.0,5.5,1.36,6.0,1.29,7.25,6.0,5.75,1.4,6.25,1.32,,,,,,,,,,,,,3.75,1.29,9.0,1.91,1.95,4.2,1.26,7.0,1.96,2.0,6.0,1.41,6.75,1.32,,,,,,,,,,,,,,,2.0,9.0,0.0,6.0,1.0,1.0,3.0,11.0,0.0,19.0,8.0,0.0,2.0,2.0
30,15,2026-02-28 17:00,Göztepe,ikas Eyüpspor,0,0,0,T1,/,Goztep,Eyupspor,0.97,-1.0,-1.0,1.86,1.84,5.51,1.78,1.93,1.81,1.89,6.63,1.92,1.78,4.05,1.46,3.8,1.55,1.93,1.88,5.75,1.78,2.03,1.9,1.9,7.0,2.05,1.75,4.2,1.42,3.75,1.57,5.5,6.5,3.75,1.44,3.6,1.57,1.98,1.91,6.6,1.85,2.05,1.95,2.0,8.4,2.12,1.83,4.5,1.51,4.2,1.6,6.1,6.1,3.9,1.53,3.95,1.52,5.5,6.5,4.1,1.5,3.8,1.53,5.25,6.5,4.33,1.47,4.0,1.58,,6.5,4.4,1.48,,,,6.5,4.33,1.48,,,1.93,1.91,6.1,1.83,2.03,1.9,1.95,8.25,2.1,1.86,4.4,1.53,4.0,1.58,,,,,,,,,,,,,,,2.0,10.0,0.0,6.0,1.0,1.0,5.0,16.0,0.0,12.0,3.0,0.0,0.0,3.0
31,1,2026-03-07 13:00,Rams Başakşehir,Göztepe,2,1,1,T1,/,Buyuksehyr,Goztep,0.97,-0.5,-0.5,1.79,1.93,3.88,1.85,1.84,1.78,1.93,3.98,1.87,1.83,3.36,1.86,3.39,1.87,1.8,2.0,4.2,1.9,1.9,1.8,2.0,4.2,1.93,1.88,3.3,1.86,3.3,1.86,3.75,4.0,3.3,1.83,3.4,1.83,1.86,2.04,4.7,2.02,1.94,1.86,2.12,4.6,2.01,1.98,3.55,1.97,3.4,1.94,3.65,3.85,3.5,1.89,3.55,1.92,3.9,4.0,3.4,1.85,3.4,1.85,4.0,3.9,3.4,1.9,3.4,1.9,,4.0,3.4,1.91,,,,4.0,3.4,1.91,,,1.92,2.0,4.2,1.9,1.9,1.85,2.0,4.3,1.95,1.88,3.5,1.91,3.55,1.92,,,,,,,,,,,,,,,5.0,14.0,0.0,23.0,9.0,2.0,3.0,8.0,0.0,7.0,4.0,1.0,1.0,1.0
31,2,2026-03-07 17:00,Beşiktaş,Galatasaray,0,1,2,T1,/,Besiktas,Galatasaray,1.0,0.0,0.0,2.36,1.54,2.43,1.83,1.87,2.21,1.61,2.54,1.93,1.79,3.51,2.44,3.58,2.51,2.35,1.57,2.45,1.9,1.9,2.1,1.7,2.65,2.0,1.8,3.5,2.35,3.7,2.45,2.38,2.5,3.5,2.38,3.6,2.5,2.6,1.59,2.68,1.98,1.94,2.32,1.73,2.76,2.04,1.94,3.75,2.64,3.75,2.62,2.43,2.43,3.7,2.55,3.7,2.55,2.45,2.6,3.5,2.45,3.6,2.45,2.4,2.6,3.5,2.45,3.7,2.6,,,,,,,,,,,,,2.4,1.57,2.5,1.9,1.9,2.45,1.7,2.66,2.0,1.8,3.7,2.55,3.7,2.62,,,,,,,,,,,,,,,4.0,15.0,1.0,12.0,4.0,7.0,8.0,10.0,0.0,24.0,7.0,1.0,0.0,3.0
31,3,2026-03-08 10:30,Gaziantep FK,Mısırlı.com.tr Fatih Karagümrük,1,1,0,T1,/,Gaziantep,Karagumruk,0.97,-0.25,-0.5,1.9,1.81,3.67,1.82,1.87,1.85,1.86,3.29,1.96,1.75,3.35,2.06,3.49,1.89,1.9,1.9,3.7,1.85,1.95,1.85,1.95,3.25,1.95,1.85,3.5,2.1,3.6,1.91,3.6,3.1,3.3,2.1,3.4,1.9,1.9,1.9,4.3,1.97,1.97,1.94,2.04,3.55,2.02,1.95,3.5,2.28,3.6,1.97,3.9,3.55,3.45,1.98,3.6,1.84,3.6,3.25,3.4,2.1,3.4,1.91,3.7,3.2,3.4,2.15,3.6,1.93,,,,,,,,,,,,,1.95,1.9,3.9,1.85,1.95,1.91,1.95,3.6,2.04,1.85,3.5,2.15,3.6,1.95,,,,,,,,,,,,,,,12.0,15.0,0.0,14.0,7.0,1.0,6.0,14.0,0.0,14.0,7.0,0.0,0.0,3.0
31,4,2026-03-08 10:30,Çaykur Rizespor,Hesap.com Antalyaspor,1,0,1,T1,/,Rizespor,Antalyaspor,1.0,-1.0,-1.0,1.88,1.83,5.35,1.75,1.96,1.95,1.77,5.49,1.79,1.92,3.89,1.55,3.85,1.55,1.93,1.88,5.75,1.8,2.0,2.0,1.8,5.75,1.83,1.98,4.0,1.51,3.9,1.53,5.5,5.5,3.75,1.53,3.75,1.53,1.96,1.78,6.6,1.81,1.96,2.12,1.88,6.6,1.89,2.08,4.1,1.64,4.1,1.6,5.25,5.3,3.95,1.58,3.95,1.58,5.5,5.5,4.0,1.55,3.8,1.53,5.25,5.25,4.0,1.6,3.9,1.6,,,,,,,,,,,,,1.97,1.9,5.75,1.8,2.0,2.0,1.83,6.25,1.9,1.98,4.0,1.6,4.0,1.6,,,,,,,,,,,,,,,1.0,17.0,0.0,10.0,4.0,1.0,2.0,12.0,0.0,13.0,7.0,0.0,1.0,3.0
31,5,2026-03-08 13:00,Tümosan Konyaspor,Kasımpaşa,1,1,0,T1,/,Konyaspor,Kasimpasa,1.0,-0.5,-0.5,1.68,2.08,3.68,1.73,1.99,1.7,2.04,4.29,1.88,1.81,3.2,1.85,3.12,2.02,1.67,2.15,4.0,1.78,2.03,1.7,2.1,4.75,1.95,1.85,3.2,1.81,3.1,2.01,3.5,4.0,3.2,1.83,3.1,2.0,1.69,2.2,4.5,1.81,2.12,1.76,2.28,5.0,2.02,1.97,3.35,1.97,3.15,2.12,3.65,4.1,3.3,1.9,3.3,2.02,3.5,4.4,3.25,1.85,3.25,2.0,3.6,4.33,3.2,1.88,3.25,2.05,,,,,,,,,,,,,1.76,2.15,4.2,1.8,2.03,1.77,2.1,4.75,1.95,1.9,3.3,1.9,3.3,2.05,,,,,,,,,,,,,,,3.0,19.0,0.0,6.0,2.0,3.0,4.0,13.0,0.0,11.0,4.0,1.0,1.0,5.0
31,6,2026-03-08 17:00,Fenerbahçe,Samsunspor,3,2,1,T1,/,Fenerbahce,Samsunspor,1.0,-1.25,-1.25,2.02,1.71,6.45,1.77,1.95,1.94,1.79,6.8,1.79,1.92,4.3,1.42,4.28,1.43,2.05,1.75,6.5,1.78,2.03,1.95,1.85,6.0,1.75,2.05,4.75,1.45,4.5,1.45,6.5,6.5,4.0,1.44,4.0,1.44,2.04,1.77,7.8,,,2.04,1.94,8.6,1.83,2.15,4.9,1.46,5.0,1.45,6.75,7.5,4.5,1.4,4.4,1.43,6.5,7.0,4.2,1.44,4.2,1.44,6.25,6.25,4.4,1.46,4.5,1.46,6.0,,,,4.2,1.44,6.5,,,,4.5,1.48,2.1,1.8,6.75,1.8,2.03,2.07,1.85,7.5,1.87,2.05,4.75,1.46,4.5,1.48,,,,,,,,,,,,,,,6.0,25.0,0.0,12.0,5.0,6.0,7.0,11.0,0.0,14.0,5.0,2.0,1.0,2.0
31,7,2026-03-09 13:00,ikas Eyüpspor,Kocaelispor,0,1,2,T1,/,Eyupspor,Kocaelispor,1.0,0.25,0.25,1.6,2.19,2.14,1.81,1.89,1.58,2.23,2.08,1.77,1.94,3.14,3.52,3.13,3.33,1.62,2.25,2.15,1.85,1.95,1.6,2.3,2.05,1.8,2.0,3.2,3.6,3.2,3.5,2.1,2.05,3.1,3.4,3.1,3.25,1.05,1.01,2.12,,,1.64,2.52,2.26,1.91,2.07,3.25,3.9,2.66,3.6,2.1,2.12,3.2,3.45,3.2,3.5,2.15,2.1,3.2,3.5,3.1,3.25,2.15,2.05,3.2,3.6,3.2,3.3,2.2,2.1,3.2,3.7,3.25,3.4,2.2,2.1,3.2,3.7,3.25,3.3,1.66,2.25,2.22,1.9,1.95,1.65,2.35,2.15,1.83,2.0,3.2,3.75,3.25,3.5,,,,,,,,,,,,,,,3.0,21.0,0.0,5.0,3.0,2.0,3.0,13.0,0.0,11.0,3.0,1.0,0.0,4.0
31,8,2026-03-09 17:00,Corendon Alanyaspor,Natura Dünyası Gençlerbirliği,0,0,0,T1,/,Alanyaspor,Genclerbirligi,1.0,-0.5,-0.5,1.8,1.91,3.94,1.89,1.8,1.69,2.06,3.72,1.76,1.94,3.27,1.96,3.43,1.83,1.83,1.98,4.1,1.95,1.85,1.67,2.15,3.9,1.8,2.0,3.3,1.96,3.5,1.81,3.75,3.5,3.2,1.95,3.5,1.8,,,4.4,,,1.78,2.26,4.1,1.89,2.06,3.55,2.1,3.5,1.87,3.85,3.85,3.45,1.9,3.5,1.89,3.9,3.75,3.3,2.0,3.4,1.83,4.0,3.75,3.25,2.0,3.4,1.88,4.0,3.8,3.3,2.0,3.5,1.91,4.0,3.75,3.3,2.0,3.5,1.91,1.88,1.98,4.2,1.95,1.85,1.82,2.2,3.9,1.8,2.0,3.45,2.0,3.5,1.91,,,,,,,,,,,,,,,2.0,5.0,0.0,3.0,0.0,2.0,9.0,11.0,0.0,18.0,7.0,0.0,0.0,1.0
31,9,2026-03-09 17:00,Zecorner Kayserispor,Trabzonspor,1,3,2,T1,/,Kayserispor,Trabzonspor,1.0,0.5,0.5,1.98,1.74,1.94,1.93,1.77,2.13,1.64,1.96,1.95,1.75,3.59,3.38,3.49,3.46,2.0,1.8,1.96,2.0,1.8,2.1,1.7,2.01,2.08,1.73,3.5,3.4,3.4,3.6,1.95,1.91,3.6,3.25,3.5,3.3,,,2.02,,,2.36,1.71,2.08,2.08,1.89,3.85,3.75,2.64,3.6,1.89,1.89,3.65,3.7,3.65,3.65,1.95,2.0,3.6,3.3,3.4,3.4,1.95,2.0,3.6,3.4,3.6,3.5,2.0,2.0,3.7,3.4,3.7,3.5,2.0,2.0,3.7,3.4,3.6,3.5,2.06,1.8,2.0,2.0,1.83,2.3,1.7,2.01,2.08,1.83,3.7,3.7,3.7,3.65,,,,,,,,,,,,,,,8.0,9.0,0.0,18.0,5.0,0.0,6.0,8.0,1.0,14.0,6.0,2.0,0.0,4.0
31,10,2026-03-07 14:30,Freiburg,Bayer Leverkusen,3,3,0,D1,/,Freiburg,Leverkusen,1.0,0.25,0.25,1.91,1.85,2.35,2.02,1.76,2.04,1.73,2.34,1.99,1.8,3.37,2.94,3.35,2.86,1.91,1.91,2.4,2.1,1.78,2.1,1.73,2.35,2.03,1.83,3.5,2.9,3.3,2.9,2.3,2.38,3.4,2.8,3.5,2.8,2.04,1.94,2.52,2.16,1.83,2.2,1.81,2.42,2.08,1.91,3.55,3.25,3.5,3.05,2.33,2.35,3.25,2.95,3.4,2.85,2.3,2.3,3.4,3.0,3.3,2.75,2.37,2.37,3.4,2.9,3.4,2.87,,2.4,3.4,2.9,,,,2.37,3.4,2.9,,,1.95,1.91,2.4,2.1,1.83,2.1,1.8,2.4,2.04,1.85,3.5,3.1,3.5,3.0,,,,,,,,,,,,,,,2.0,8.0,0.0,17.0,5.0,3.0,5.0,7.0,0.0,21.0,9.0,2.0,2.0,3.0
31,11,2026-03-08 12:30,Club Brugge,Anderlecht,2,2,0,B1,/,Club Brugge,Anderlecht,1.0,-1.25,-1.0,2.29,1.56,4.98,1.81,1.92,2.59,1.45,6.55,1.9,1.83,4.78,1.39,4.12,1.57,2.35,1.57,5.0,1.8,2.0,2.7,1.44,7.0,1.95,1.85,4.5,1.4,4.0,1.6,5.0,6.5,4.6,1.4,4.2,1.57,2.36,1.19,5.4,1.75,1.62,2.84,1.52,7.6,1.98,1.95,5.2,1.46,4.4,1.62,5.3,6.5,5.0,1.4,4.3,1.55,5.0,7.0,5.0,1.36,4.0,1.57,4.8,6.5,4.75,1.46,4.2,1.62,,,,,,,,,,,,,2.35,1.6,5.3,1.86,2.0,2.7,1.5,7.0,1.95,1.91,5.0,1.46,4.3,1.62,,,,,,,,,,,,,,,2.0,14.0,0.0,13.0,5.0,3.0,11.0,7.0,0.0,24.0,9.0,1.0,1.0,1.0
31,12,2026-03-06 19:45,Paris St Germain,Monaco,1,3,2,F1,/,Paris SG,Monaco,0.952,-1.5,-1.5,3.26,1.32,7.27,1.87,1.85,3.17,1.33,7.15,1.83,1.89,5.42,1.35,5.55,1.34,3.4,1.33,7.0,1.93,1.93,3.2,1.36,7.0,1.85,2.0,5.25,1.38,5.5,1.36,7.0,7.0,5.5,1.33,5.5,1.33,3.6,1.37,8.4,1.96,1.98,3.6,1.37,8.2,1.96,2.01,6.0,1.4,6.0,1.38,8.0,8.0,5.6,1.34,5.6,1.34,7.5,7.5,5.25,1.36,5.75,1.33,6.75,6.5,5.75,1.39,5.75,1.36,,6.5,5.75,1.4,,,,6.5,5.5,1.4,,,3.6,1.35,8.0,1.93,1.93,3.4,1.36,8.0,1.9,2.0,5.75,1.4,5.75,1.38,,,,,,,,,,,,,,,3.0,6.0,0.0,11.0,6.0,3.0,7.0,12.0,0.0,20.0,6.0,1.0,0.0,1.0
31,13,2026-03-06 20:00,Celta Vigo,Real Madrid,1,2,2,SP1,/,Celta,Real Madrid,0.97,0.25,0.25,1.78,1.98,2.25,1.93,1.84,1.86,1.89,2.37,2.0,1.78,3.28,2.97,3.33,3.15,1.8,2.0,2.3,1.98,1.88,1.91,1.91,2.45,2.1,1.7,3.4,2.8,3.3,3.1,2.2,2.4,3.3,2.8,3.4,3.1,1.88,2.12,2.38,2.04,1.94,2.0,1.99,2.56,2.17,1.83,3.3,3.2,3.55,3.3,2.32,2.3,3.25,3.2,3.25,3.2,2.25,2.4,3.4,2.88,3.4,3.13,2.25,2.4,3.3,2.9,3.4,3.1,,2.4,3.3,2.9,,,,2.4,3.3,2.9,,,1.82,2.05,2.32,1.98,1.91,1.92,2.0,2.45,2.1,1.83,3.4,3.2,3.4,3.25,,,,,,,,,,,,,,,6.0,12.0,0.0,14.0,3.0,2.0,1.0,4.0,0.0,8.0,4.0,1.0,1.0,1.0
31,14,2026-03-07 20:00,Athletic Bilbao,Barcelona,0,1,2,SP1,/,Ath Bilbao,Barcelona,1.0,0.75,1.0,2.57,1.47,1.61,2.0,1.78,2.53,1.49,1.64,1.78,2.0,4.27,4.63,4.31,4.75,2.63,1.5,1.62,2.03,1.83,2.5,1.53,1.65,1.8,2.05,4.33,4.5,4.5,4.75,1.6,1.62,4.2,4.5,4.2,4.6,2.8,1.53,1.7,2.14,1.83,2.74,1.56,1.69,1.84,2.15,4.6,5.2,4.6,5.0,1.65,1.67,4.1,4.7,4.3,4.7,1.6,1.62,4.4,4.8,4.33,5.0,1.63,1.66,4.2,4.5,4.4,4.6,,,,,,,,,,,,,2.63,1.5,1.65,2.06,1.83,2.7,1.53,1.67,1.83,2.05,4.5,4.8,4.5,5.0,,,,,,,,,,,,,,,4.0,9.0,0.0,7.0,2.0,1.0,2.0,11.0,0.0,10.0,3.0,0.0,0.0,2.0
31,15,2026-03-08 19:45,Milan,Inter,1,0,1,I1,/,Milan,Inter,1.0,0.25,0.25,1.8,1.95,2.19,1.86,1.91,1.81,1.95,2.37,1.99,1.79,3.12,3.12,3.14,3.41,1.8,2.0,2.25,1.9,1.95,1.8,2.0,2.45,2.05,1.8,3.0,3.25,3.0,3.6,2.2,2.38,3.1,3.0,3.2,3.25,1.88,2.08,2.3,1.94,2.05,1.9,2.1,2.46,2.09,1.89,3.25,3.4,3.25,3.85,2.15,2.33,3.0,3.2,3.1,3.5,2.2,2.38,3.2,3.1,3.2,3.3,2.2,2.37,3.2,3.1,3.25,3.3,2.25,,,,3.25,3.3,2.2,,,,3.2,3.3,1.86,2.0,2.25,1.9,1.95,1.91,2.0,2.45,2.05,1.83,3.25,3.25,3.25,3.66,,,,,,,,,,,,,,,6.0,12.0,0.0,11.0,2.0,2.0,1.0,8.0,0.0,9.0,2.0,0.0,1.0,2.0
32,1,2026-03-13 17:00,Hesap.com Antalyaspor,Gaziantep FK,1,4,2,T1,/,Antalyaspor,Gaziantep,1.0,-0.25,0.0,1.78,1.92,2.64,1.9,1.81,1.8,1.92,2.94,1.74,1.98,3.24,2.29,3.23,2.52,1.8,2.0,2.65,1.95,1.85,1.83,1.98,3.1,1.85,1.95,3.4,2.2,3.3,2.55,2.5,2.88,3.2,2.25,3.25,2.5,1.9,2.06,2.92,2.09,1.9,1.89,2.1,3.25,1.9,2.08,3.45,2.46,3.4,2.68,2.7,2.8,3.35,2.38,3.35,2.48,2.7,3.1,3.3,2.25,3.25,2.55,2.6,2.95,3.25,2.35,3.25,2.6,2.62,,,,3.3,2.62,2.62,,,,3.3,2.62,1.84,2.0,2.71,1.95,1.85,1.85,2.0,3.1,1.85,2.1,3.4,2.45,3.35,2.62,,,,,,,,,,,,,,,6.0,18.0,0.0,12.0,8.0,4.0,5.0,15.0,0.0,12.0,4.0,0.0,0.0,4.0
32,2,2026-03-13 17:00,Mısırlı.com.tr Fatih Karagümrük,Fenerbahçe,2,0,1,T1,/,Karagumruk,Fenerbahce,0.97,1.25,1.25,2.33,1.54,1.43,1.9,1.81,2.1,1.67,1.43,1.93,1.77,4.26,6.63,4.44,6.21,2.35,1.57,1.41,2.0,1.8,2.08,1.73,1.41,2.05,1.75,4.33,7.0,4.5,6.5,1.4,1.44,4.2,6.0,4.33,6.0,2.6,1.61,1.47,2.04,1.93,2.24,1.79,1.49,2.16,1.84,4.5,8.8,4.8,8.2,1.43,1.43,4.5,6.5,4.5,6.75,1.44,1.45,4.33,6.5,4.5,6.0,1.49,1.47,4.4,6.0,4.5,5.75,1.5,,,,4.6,5.75,1.5,,,,4.5,5.75,2.5,1.57,1.5,2.0,1.88,2.23,1.73,1.47,2.05,1.83,4.5,7.5,4.6,7.5,,,,,,,,,,,,,,,14.0,7.0,0.0,16.0,3.0,3.0,2.0,16.0,0.0,9.0,5.0,0.0,2.0,1.0
32,3,2026-03-14 10:30,Kocaelispor,Tümosan Konyaspor,1,2,2,T1,/,Kocaelispor,Konyaspor,1.0,-0.25,-0.25,1.55,2.31,3.25,1.83,1.87,1.52,2.38,3.31,1.82,1.88,2.92,2.26,3.0,2.24,1.57,2.35,3.3,1.85,1.95,1.5,2.5,3.5,1.85,1.95,2.82,2.25,3.2,2.2,3.2,3.2,2.88,2.25,3.0,2.2,1.63,2.48,3.75,1.95,2.01,1.59,2.66,3.75,1.91,2.05,3.0,2.46,3.1,2.4,3.25,3.3,3.1,2.23,3.2,2.18,3.2,3.25,3.1,2.25,3.0,2.25,3.2,3.3,2.95,2.3,3.1,2.25,,,,,,,,,,,,,1.61,2.38,3.4,1.9,1.95,1.58,2.5,3.5,1.85,1.95,3.1,2.36,3.2,2.36,,,,,,,,,,,,,,,7.0,4.0,0.0,19.0,7.0,1.0,8.0,21.0,0.0,10.0,3.0,0.0,0.0,3.0
32,4,2026-03-14 17:00,Trabzonspor,Çaykur Rizespor,1,0,1,T1,/,Trabzonspor,Rizespor,1.0,-0.5,-0.75,2.16,1.63,4.31,1.85,1.85,2.18,1.62,3.9,1.93,1.76,3.67,1.8,3.81,1.68,2.15,1.67,4.5,1.9,1.9,2.25,1.62,4.0,2.0,1.8,3.9,1.76,3.9,1.66,4.2,3.75,3.6,1.8,3.75,1.67,2.28,1.69,5.1,1.99,1.97,2.44,1.67,4.5,2.08,1.91,3.85,1.92,4.1,1.78,4.4,4.4,3.85,1.7,3.9,1.68,4.33,3.8,3.75,1.83,3.8,1.67,4.2,3.75,3.75,1.85,3.9,1.73,,,,,,,,,,,,,2.2,1.67,4.5,1.9,1.93,2.25,1.65,4.4,2.07,1.83,3.9,1.87,3.9,1.73,,,,,,,,,,,,,,,4.0,14.0,0.0,11.0,3.0,2.0,8.0,11.0,0.0,10.0,3.0,0.0,0.0,0.0
32,5,2026-03-14 17:00,Galatasaray,Rams Başakşehir,3,0,1,T1,/,Galatasaray,Buyuksehyr,1.0,-1.5,-1.0,2.45,1.5,4.6,1.77,1.94,2.79,1.39,6.47,1.74,1.97,4.89,1.37,4.17,1.57,2.4,1.53,4.5,1.78,2.03,2.88,1.4,6.25,1.78,2.03,5.25,1.37,4.33,1.57,4.6,6.0,4.6,1.4,4.0,1.57,2.62,1.55,5.2,1.9,2.01,3.1,1.45,8.0,1.88,2.09,5.5,1.43,4.8,1.63,4.9,6.4,4.8,1.4,4.2,1.57,4.6,7.0,5.0,1.36,4.1,1.57,4.5,6.25,5.0,1.41,4.2,1.63,,,,,,,,,,,,,2.55,1.53,5.0,1.83,2.03,2.95,1.41,7.0,1.8,2.03,5.25,1.41,4.33,1.63,,,,,,,,,,,,,,,3.0,12.0,1.0,7.0,3.0,2.0,9.0,13.0,0.0,19.0,6.0,0.0,0.0,0.0
32,6,2026-03-14 17:00,Göztepe,Corendon Alanyaspor,2,2,0,T1,/,Goztep,Alanyaspor,0.97,-0.25,-0.25,1.65,2.13,3.44,1.95,1.76,1.6,2.22,3.46,1.93,1.78,3.06,2.13,3.18,2.07,1.65,2.2,3.6,2.0,1.8,1.62,2.25,3.5,1.98,1.83,3.2,2.1,3.25,2.05,3.4,3.25,3.1,2.1,3.1,2.05,1.71,2.26,4.1,2.1,1.86,1.7,2.38,3.9,2.04,1.94,3.15,2.3,3.15,2.2,3.5,3.55,3.2,2.08,3.35,2.05,3.4,3.4,3.2,2.15,3.2,2.05,3.4,3.4,3.1,2.2,3.3,2.1,,,,,,,,,,,,,1.73,2.2,3.6,2.0,1.83,1.64,2.25,3.7,2.0,1.83,3.2,2.2,3.35,2.15,,,,,,,,,,,,,,,8.0,7.0,0.0,17.0,3.0,3.0,5.0,19.0,0.0,13.0,5.0,1.0,1.0,3.0
32,7,2026-03-15 13:00,Kasımpaşa,ikas Eyüpspor,1,0,1,T1,/,Kasimpasa,Eyupspor,1.0,-0.5,-0.5,1.89,1.82,4.0,1.93,1.77,1.78,1.94,3.89,1.86,1.83,3.4,1.87,3.56,1.79,1.9,1.9,4.0,1.98,1.83,1.8,2.0,3.9,1.9,1.9,3.6,1.86,3.75,1.81,4.0,3.75,3.3,1.9,3.5,1.73,1.88,1.91,4.8,2.07,1.86,1.89,2.1,4.4,1.99,2.0,3.6,2.0,3.65,1.86,4.1,4.1,3.6,1.8,3.55,1.81,4.0,4.0,3.4,1.87,3.5,1.8,4.0,3.8,3.3,1.95,3.6,1.83,,,,,,,,,,,,,1.95,1.9,4.2,2.0,1.83,1.9,2.0,4.1,1.93,1.9,3.6,1.95,3.75,1.85,,,,,,,,,,,,,,,2.0,13.0,0.0,8.0,1.0,2.0,2.0,19.0,0.0,9.0,2.0,0.0,1.0,3.0
32,8,2026-03-15 17:00,Natura Dünyası Gençlerbirliği,Beşiktaş,0,2,2,T1,/,Genclerbirligi,Besiktas,1.0,1.0,1.0,2.06,1.68,1.6,2.03,1.7,2.09,1.67,1.57,1.98,1.74,3.95,5.06,3.93,4.84,2.08,1.73,1.57,2.05,1.75,2.1,1.7,1.56,2.0,1.8,4.0,5.25,4.0,5.25,1.57,1.57,3.75,5.0,4.0,4.6,1.07,1.75,1.1,,,2.26,1.77,1.66,2.12,1.86,4.2,5.9,4.2,5.4,1.67,1.64,3.95,4.7,3.9,4.5,1.6,1.57,4.1,5.25,3.8,5.0,1.6,1.57,4.2,5.0,4.1,4.8,1.61,,,,4.2,5.0,1.6,,,,4.2,5.0,2.12,1.73,1.67,2.08,1.8,2.12,1.7,1.64,2.08,1.8,4.2,5.4,4.2,5.5,,,,,,,,,,,,,,,10.0,10.0,0.0,24.0,7.0,1.0,6.0,6.0,1.0,11.0,4.0,0.0,0.0,2.0
32,9,2026-03-15 17:00,Samsunspor,Zecorner Kayserispor,2,1,1,T1,/,Samsunspor,Kayserispor,1.0,-0.5,-0.5,1.77,1.95,3.82,1.84,1.85,1.85,1.85,3.64,1.79,1.9,3.38,1.94,3.38,1.89,1.8,2.0,4.0,1.85,1.95,1.93,1.88,3.75,1.83,1.98,3.5,1.96,3.4,1.91,3.75,3.4,3.4,1.95,3.3,1.9,1.83,2.16,4.6,,,2.0,1.97,4.1,1.92,2.06,3.55,2.06,3.4,1.98,4.1,3.7,3.45,1.93,3.6,1.8,3.75,3.6,3.5,1.95,3.3,1.9,3.75,3.6,3.4,1.98,3.4,1.93,3.8,,,,3.5,1.95,3.8,,,,3.4,1.95,1.87,2.0,4.1,1.94,1.95,1.93,1.9,3.8,1.83,1.98,3.5,1.98,3.6,2.0,,,,,,,,,,,,,,,8.0,14.0,0.0,11.0,2.0,0.0,7.0,13.0,0.0,18.0,8.0,0.0,1.0,1.0
32,10,2026-03-14 14:30,Bayer Leverkusen,Bayern Münih,1,1,0,D1,/,Leverkusen,Bayern Munich,0.978,1.0,1.0,3.02,1.36,1.53,1.82,1.96,3.39,1.31,1.54,1.84,1.94,4.67,4.91,4.59,4.98,3.2,1.36,1.55,1.85,2.0,3.4,1.33,1.57,1.88,1.98,4.75,4.75,4.33,5.25,1.53,1.53,4.6,5.0,4.6,5.0,3.4,1.4,1.57,1.87,2.09,3.65,1.36,1.59,1.92,2.06,5.0,5.6,5.1,5.8,1.5,1.53,4.6,4.9,4.6,5.2,1.5,1.53,4.75,5.0,4.4,4.8,1.58,1.57,4.75,4.6,4.6,4.75,1.57,,,,4.6,4.8,1.57,,,,4.6,4.8,3.2,1.38,1.58,1.85,2.0,3.6,1.35,1.58,1.9,1.98,4.75,5.0,5.0,5.25,,,,,,,,,,,,,,,1.0,13.0,2.0,11.0,5.0,4.0,4.0,12.0,0.0,21.0,7.0,0.0,1.0,3.0
32,11,2026-03-14 17:30,Chelsea,Newcastle United,0,1,2,E0,/,Chelsea,Newcastle,0.97,-0.75,-0.75,2.58,1.47,3.86,1.8,1.97,2.59,1.48,4.3,1.89,1.89,4.24,1.69,4.12,1.79,2.63,1.5,3.8,1.83,2.03,2.63,1.5,4.33,1.98,1.88,4.33,1.67,4.2,1.8,4.0,4.33,4.33,1.7,4.2,1.8,2.78,1.54,4.1,1.88,2.1,2.8,1.55,4.7,2.03,1.96,4.5,1.76,4.4,1.88,4.0,4.35,4.25,1.67,4.1,1.75,3.9,4.4,4.2,1.7,4.1,1.8,3.9,4.33,4.33,1.7,4.2,1.78,,,,,,,,,,,,,2.63,1.53,4.0,1.83,2.03,2.75,1.5,4.4,1.98,1.98,4.33,1.72,4.2,1.81,,,,,,,,,,,,,,,1.0,10.0,0.0,7.0,5.0,2.0,8.0,9.0,0.0,22.0,3.0,1.0,0.0,2.0
32,12,2026-03-15 14:00,Manchester United,Aston Villa,3,1,1,E0,/,Man United,Aston Villa,1.0,-0.75,-0.75,2.19,1.64,4.38,1.89,1.89,2.25,1.61,4.56,1.9,1.88,4.0,1.69,4.02,1.71,2.2,1.67,4.5,1.95,1.9,2.3,1.62,4.5,1.95,1.9,4.1,1.7,4.0,1.73,4.33,4.5,4.0,1.73,4.0,1.73,2.34,1.71,4.8,2.04,1.94,2.42,1.69,5.0,2.02,1.96,4.2,1.76,4.4,1.75,4.4,4.7,3.95,1.67,4.1,1.68,4.6,4.6,4.0,1.7,4.0,1.7,4.33,4.4,4.1,1.7,4.0,1.73,,,,,,,,,,,,,2.23,1.67,4.6,1.95,1.93,2.3,1.65,4.75,1.96,1.93,4.2,1.73,4.2,1.73,,,,,,,,,,,,,,,6.0,5.0,0.0,9.0,2.0,2.0,6.0,10.0,0.0,16.0,6.0,0.0,0.0,3.0
32,13,2026-03-15 16:30,Liverpool,Tottenham Hotspur,1,1,0,E0,/,Liverpool,Tottenham,0.97,-1.5,-1.5,2.72,1.42,8.72,1.94,1.77,3.13,1.34,8.24,1.96,1.77,5.87,1.3,5.79,1.29,2.75,1.44,8.0,2.03,1.78,3.4,1.33,8.5,2.0,1.8,6.0,1.3,6.25,1.3,9.0,9.0,6.0,1.3,5.5,1.33,3.0,1.48,10.0,2.09,1.86,3.45,1.39,9.4,2.11,1.88,6.4,1.34,6.6,1.32,9.5,8.5,5.8,1.29,6.0,1.27,9.5,8.5,6.0,1.3,5.75,1.25,8.25,7.25,6.25,1.32,5.75,1.32,8.0,,,,5.75,1.33,8.0,,,,5.75,1.3,2.8,1.44,9.5,2.03,1.85,3.4,1.4,9.0,2.05,1.85,6.25,1.33,6.25,1.33,,,,,,,,,,,,,,,4.0,13.0,0.0,13.0,7.0,0.0,3.0,8.0,0.0,17.0,4.0,0.0,1.0,0.0
32,14,2026-03-15 15:15,Barcelona,Sevilla,5,2,1,SP1,/,Barcelona,Sevilla,1.0,-1.75,-1.75,3.25,1.31,9.19,1.9,1.88,3.02,1.37,9.28,1.87,1.89,5.87,1.28,6.06,1.26,3.4,1.33,10.0,1.88,1.98,3.0,1.4,10.0,1.9,1.95,5.75,1.29,6.5,1.25,9.0,9.5,6.0,1.25,6.0,1.25,3.45,1.37,11.0,1.95,1.95,3.4,1.4,10.0,1.92,2.05,6.4,1.33,6.8,1.31,10.5,9.5,5.75,1.26,6.4,1.22,8.5,10.5,6.5,1.25,5.75,1.25,9.0,8.0,6.25,1.31,6.25,1.28,9.0,,,,6.5,1.28,9.0,,,,6.0,1.28,3.4,1.35,10.5,1.95,1.98,3.25,1.4,10.5,1.95,2.0,6.5,1.32,6.5,1.3,,,,,,,,,,,,,,,4.0,14.0,0.0,8.0,4.0,1.0,3.0,5.0,0.0,13.0,8.0,1.0,3.0,0.0
32,15,2026-03-14 14:00,Inter,Atalanta,1,1,0,I1,/,Inter,Atalanta,1.0,-1.0,-1.0,2.09,1.7,5.79,1.89,1.88,2.35,1.56,5.89,1.96,1.82,4.44,1.49,4.23,1.53,2.1,1.73,5.75,1.93,1.93,2.38,1.57,6.0,2.03,1.83,4.5,1.5,4.33,1.55,6.0,5.5,4.33,1.5,4.0,1.53,2.2,1.8,6.6,2.01,1.95,2.58,1.62,7.0,2.11,1.87,4.6,1.55,4.7,1.57,5.8,6.25,4.5,1.44,4.3,1.49,6.0,5.75,4.5,1.5,4.2,1.53,5.5,5.75,4.6,1.51,4.33,1.55,,,,,,,,,,,,,2.14,1.75,6.0,1.93,1.93,2.45,1.62,6.25,2.03,1.88,4.6,1.52,4.33,1.55,,,,,,,,,,,,,,,3.0,5.0,0.0,8.0,3.0,2.0,2.0,11.0,0.0,16.0,3.0,0.0,1.0,2.0
33,1,2026-03-20 19:30,RB Leipzig,TSG Hoffenheim,5,0,1,D1,/,RB Leipzig,Hoffenheim,0.97,-0.5,-0.5,3.05,1.36,3.4,1.86,1.85,2.89,1.4,3.45,1.86,1.86,3.98,1.9,4.09,1.9,3.2,1.36,3.5,1.9,1.95,3.0,1.4,3.5,1.93,1.93,4.1,1.91,4.0,1.91,3.25,3.4,4.0,1.9,4.2,1.91,3.3,1.41,3.7,1.98,2.0,3.2,1.44,3.9,2.01,1.98,4.1,1.99,4.2,2.0,3.55,3.4,4.0,1.89,4.0,1.85,3.3,3.4,4.0,1.91,4.1,1.93,3.4,3.4,4.1,1.93,4.1,1.9,,,,,,,,,,,,,3.3,1.39,3.55,1.93,1.95,3.1,1.43,3.6,1.93,1.93,4.1,1.95,4.2,1.93,,,,,,,,,,,,,,,3.0,16.0,0.0,8.0,2.0,1.0,1.0,8.0,0.0,14.0,9.0,0.0,4.0,1.0
33,2,2026-03-21 14:30,FC Köln,M'gladbach,3,3,0,D1,/,FC Koln,M'gladbach,1.0,-0.25,-0.25,2.01,1.74,2.99,1.83,1.93,1.87,1.87,3.0,1.82,1.96,3.36,2.3,3.44,2.25,2.0,1.8,3.1,1.88,1.98,1.91,1.91,3.0,1.8,2.05,3.4,2.38,3.5,2.25,3.0,2.88,3.4,2.3,3.5,2.2,2.16,1.83,3.25,1.92,2.05,1.94,2.02,3.2,1.89,2.09,3.5,2.44,3.6,2.38,2.95,3.1,3.3,2.23,3.5,2.23,2.88,2.9,3.4,2.38,3.4,2.2,2.95,3.0,3.4,2.3,3.5,2.3,3.0,3.0,3.4,2.3,3.5,2.3,3.0,3.0,3.3,2.3,3.5,2.25,2.06,1.8,3.1,1.88,1.98,1.91,1.94,3.2,1.87,2.05,3.4,2.38,3.5,2.3,,,,,,,,,,,,,,,3.0,14.0,0.0,9.0,3.0,2.0,5.0,8.0,1.0,12.0,5.0,2.0,2.0,8.0
33,3,2026-03-22 14:00,Olympique Lyon,Monaco,1,2,2,F1,/,Lyon,Monaco,0.97,0.0,0.0,2.09,1.69,2.42,1.77,1.98,2.19,1.64,2.51,1.85,1.9,3.52,2.62,3.49,2.7,2.1,1.73,2.5,1.8,2.05,2.2,1.67,2.55,1.93,1.93,3.5,2.63,3.5,2.75,2.38,2.4,3.6,2.6,3.6,2.63,2.2,1.77,2.52,1.84,2.12,2.34,1.71,2.74,1.97,2.01,3.6,2.78,3.6,2.92,2.38,2.48,3.45,2.63,3.5,2.7,2.38,2.55,3.6,2.55,3.4,2.7,2.5,2.5,3.5,2.65,3.6,2.65,,,,,,,,,,,,,2.12,1.73,2.5,1.8,2.05,2.3,1.67,2.6,1.93,1.96,3.6,2.71,3.6,2.8,,,,,,,,,,,,,,,6.0,19.0,0.0,21.0,7.0,3.0,2.0,11.0,1.0,15.0,4.0,0.0,1.0,1.0
33,4,2026-03-22 16:15,Marsilya,Lille,1,2,2,F1,/,Marseille,Lille,0.853,-0.5,-0.5,2.01,1.74,3.69,1.85,1.86,1.97,1.78,3.99,1.9,1.81,3.64,1.86,3.64,1.91,2.0,1.8,3.8,1.95,1.9,2.0,1.8,4.0,1.98,1.88,3.75,1.85,3.75,1.91,3.6,3.75,3.6,1.9,3.6,1.95,2.1,1.85,4.0,1.96,1.97,2.1,1.88,4.4,2.04,1.95,3.75,1.95,3.8,1.97,3.55,4.1,3.6,1.82,3.65,1.93,3.7,4.0,3.7,1.85,3.6,1.85,3.8,4.0,3.7,1.87,3.7,1.9,,,,,,,,,,,,,2.1,1.8,3.8,1.95,1.9,2.0,1.85,4.2,1.98,1.88,3.75,1.9,3.75,1.95,,,,,,,,,,,,,,,4.0,6.0,0.0,11.0,4.0,3.0,6.0,8.0,0.0,14.0,3.0,0.0,1.0,1.0
33,5,2026-03-21 17:30,Everton,Chelsea,3,0,1,E0,/,Everton,Chelsea,1.0,0.25,0.25,1.98,1.78,2.08,1.77,2.02,1.94,1.82,2.22,1.82,1.98,3.43,3.15,3.5,3.38,2.03,1.83,2.1,1.83,2.03,2.0,1.8,2.25,1.98,1.88,3.4,3.2,3.4,3.5,2.1,2.25,3.6,3.1,3.6,3.4,2.1,1.88,2.18,1.88,2.1,2.06,1.92,2.34,2.03,1.96,3.65,3.3,3.7,3.55,2.0,2.16,3.35,3.3,3.6,3.45,2.1,2.2,3.5,3.2,3.6,3.3,2.1,2.25,3.4,3.1,3.5,3.4,,2.25,3.4,3.1,,,,2.25,3.4,3.0,,,2.07,1.86,2.15,1.83,2.15,2.0,1.87,2.28,1.98,2.15,3.6,3.35,3.65,3.5,,,,,,,,,,,,,,,9.0,7.0,0.0,12.0,4.0,2.0,3.0,6.0,0.0,10.0,9.0,0.0,1.0,0.0
33,6,2026-03-22 12:00,Newcastle United,Sunderland,1,2,2,E0,/,Newcastle,Sunderland,0.97,-1.0,-0.75,1.91,1.83,5.04,1.95,1.81,2.14,1.69,5.83,1.84,1.95,4.2,1.53,3.89,1.65,1.98,1.88,5.0,2.0,1.85,2.2,1.67,5.75,1.93,1.93,4.2,1.55,4.0,1.67,5.0,5.5,4.2,1.57,4.0,1.67,2.02,1.96,5.5,2.03,1.94,2.26,1.78,6.6,2.0,1.99,4.5,1.58,4.1,1.74,5.4,5.8,4.1,1.54,4.0,1.6,5.0,6.0,4.2,1.53,3.7,1.65,4.8,5.5,4.2,1.55,4.0,1.66,,,,,,,,,,,,,2.02,1.88,5.4,2.0,1.85,2.2,1.76,6.33,1.96,2.18,4.33,1.57,4.0,1.7,,,,,,,,,,,,,,,5.0,19.0,0.0,17.0,7.0,6.0,9.0,8.0,0.0,16.0,4.0,0.0,1.0,1.0
33,7,2026-03-22 14:15,Tottenham Hotspur,Nottingham Forest,0,3,2,E0,/,Tottenham,Nott'm Forest,0.97,-0.25,-0.25,1.88,1.86,3.11,1.8,1.97,1.78,2.0,3.0,1.76,2.04,3.29,2.37,3.39,2.24,1.93,1.93,3.2,1.9,1.95,1.73,2.1,3.0,1.83,2.03,3.4,2.35,3.4,2.25,3.1,3.0,3.4,2.38,3.5,2.25,2.02,1.96,3.4,1.97,2.0,1.85,2.14,3.2,1.87,2.13,3.45,2.5,3.5,2.34,3.15,3.0,3.25,2.38,3.4,2.23,3.1,3.0,3.13,2.45,3.4,2.2,3.2,2.95,3.25,2.4,3.5,2.2,,,,,,,,,,,,,1.93,1.93,3.2,1.9,2.12,1.88,2.1,3.1,1.83,2.12,3.4,2.45,3.5,2.3,,,,,,,,,,,,,,,3.0,13.0,0.0,8.0,7.0,2.0,13.0,13.0,0.0,14.0,3.0,1.0,0.0,1.0
33,8,2026-03-22 16:30,Arsenal,Manchester City,0,2,2,,,,,0.467,,,,,,,,,,,,,,,,,,,,,,,,,,,,,,,,,,,,,,,,,,,,,,,,,,,,,,,,,,,,,,,,,,,,,,,,,,,,,,,,,,,,,,,,,,,,,,,,,,,,,,,,,,,,,,,,,,,,,,,,,,
33,9,2026-03-21 15:15,Espanyol,Getafe,1,2,2,SP1,/,Espanol,Getafe,0.967,-0.25,-0.25,1.38,2.9,3.28,1.78,1.99,1.36,3.02,3.29,1.77,2.02,2.83,2.46,2.92,2.4,1.36,3.2,3.4,1.83,2.03,1.36,3.2,3.2,1.83,2.03,2.88,2.55,3.0,2.35,3.25,3.2,2.88,2.4,2.88,2.38,1.44,3.15,3.55,1.87,2.12,1.43,3.3,3.6,1.86,2.14,2.94,2.58,3.0,2.54,3.2,3.35,2.75,2.43,2.9,2.4,3.4,3.25,2.88,2.5,2.9,2.4,3.2,3.3,2.85,2.45,2.95,2.45,,,,,,,,,,,,,1.44,3.2,3.4,1.83,2.03,1.4,3.2,3.4,1.83,2.08,2.88,2.55,3.0,2.45,,,,,,,,,,,,,,,9.0,20.0,0.0,10.0,5.0,7.0,12.0,14.0,0.0,15.0,5.0,2.0,0.0,2.0
33,10,2026-03-21 20:00,Sevilla,Valencia,0,2,2,SP1,/,Sevilla,Valencia,1.0,-0.25,-0.25,1.57,2.29,3.34,1.88,1.89,1.57,2.34,3.48,1.94,1.83,3.14,2.18,3.13,2.24,1.57,2.38,3.3,1.88,1.98,1.57,2.38,3.6,2.0,1.85,3.2,2.15,3.2,2.3,3.3,3.4,3.2,2.15,3.2,2.2,1.66,2.48,3.6,1.96,2.01,1.63,2.56,3.8,2.04,1.95,3.3,2.3,3.25,2.38,3.4,3.3,3.05,2.23,3.15,2.14,3.3,3.6,3.2,2.15,3.2,2.3,3.3,3.6,3.1,2.15,3.1,2.25,,,,,,,,,,,,,1.62,2.38,3.45,1.94,1.98,1.6,2.4,3.66,2.0,1.86,3.2,2.3,3.2,2.3,,,,,,,,,,,,,,,3.0,6.0,0.0,9.0,4.0,1.0,1.0,13.0,0.0,13.0,2.0,2.0,0.0,2.0
33,11,2026-03-22 17:30,Athletic Bilbao,Real Betis,2,1,1,SP1,/,Ath Bilbao,Betis,0.97,-0.5,-0.25,1.84,1.9,3.17,1.89,1.89,1.83,1.94,3.61,1.77,1.96,3.48,2.0,3.39,2.18,1.91,1.91,3.25,1.93,1.93,1.83,2.03,3.7,1.85,2.0,3.6,2.0,3.4,2.2,3.1,3.5,3.5,2.0,3.4,2.2,2.02,1.94,3.45,2.03,1.95,1.9,2.08,3.85,1.89,2.1,3.7,2.1,3.65,2.26,3.35,3.4,3.45,2.05,3.2,2.17,3.1,3.75,3.5,2.0,3.3,2.15,3.1,3.6,3.5,2.0,3.4,2.25,,,,,,,,,,,,,1.91,1.96,3.4,1.93,1.93,1.93,2.05,3.8,1.85,2.0,3.6,2.07,3.66,2.25,,,,,,,,,,,,,,,5.0,6.0,0.0,11.0,3.0,1.0,6.0,10.0,0.0,11.0,6.0,0.0,2.0,1.0
33,12,2026-03-22 20:00,Real Madrid,Atletico Madrid,3,2,1,SP1,/,Real Madrid,Ath Madrid,1.0,-0.5,-0.5,2.31,1.57,3.54,1.86,1.86,2.36,1.56,3.32,1.78,1.95,3.8,2.0,3.78,1.91,2.3,1.62,3.5,1.9,1.95,2.38,1.57,3.3,1.8,2.05,3.8,2.05,4.0,1.95,3.5,3.25,3.75,2.0,3.75,1.91,2.46,1.65,3.75,1.94,2.04,2.54,1.64,3.45,1.86,2.16,4.0,2.16,4.0,2.04,3.55,3.35,3.65,1.98,3.8,1.89,3.4,3.3,3.8,2.05,3.7,1.87,3.6,3.3,3.8,2.0,3.8,1.9,,,,,,,,,,,,,2.38,1.62,3.8,1.95,1.95,2.5,1.6,3.5,1.85,2.05,4.0,2.05,4.0,1.95,,,,,,,,,,,,,,,1.0,15.0,0.0,13.0,7.0,4.0,4.0,2.0,1.0,17.0,10.0,1.0,0.0,1.0
33,13,2026-03-20 19:45,Genoa,Udinese,0,2,2,I1,/,Genoa,Udinese,1.0,-0.25,-0.25,1.52,2.45,3.65,1.97,1.81,1.55,2.38,3.68,1.95,1.83,3.05,2.16,3.1,2.14,1.53,2.5,3.75,2.03,1.83,1.57,2.38,3.75,2.0,1.85,3.1,2.15,3.1,2.15,3.5,3.5,3.1,2.15,3.1,2.15,1.6,2.62,4.0,2.08,1.89,1.63,2.54,3.95,2.05,1.93,3.15,2.3,3.2,2.24,3.6,3.75,3.0,2.1,3.1,2.12,3.7,3.6,3.2,2.15,3.13,2.15,3.7,3.75,2.95,2.2,3.1,2.15,,,,,,,,,,,,,1.53,2.5,3.8,2.03,1.85,1.57,2.45,3.75,2.0,1.87,3.2,2.22,3.13,2.2,,,,,,,,,,,,,,,1.0,13.0,0.0,6.0,4.0,5.0,7.0,5.0,0.0,18.0,2.0,0.0,0.0,1.0
33,14,2026-03-21 19:45,Juventus,Sassuolo,1,1,0,I1,/,Juventus,Sassuolo,1.0,-1.75,-1.5,2.22,1.62,9.25,1.83,1.89,2.48,1.5,9.82,1.75,2.06,5.73,1.27,5.19,1.31,2.3,1.62,9.0,1.9,1.95,2.5,1.53,11.0,1.85,2.0,5.75,1.27,5.25,1.33,9.0,9.5,5.5,1.29,5.0,1.3,2.4,1.69,11.0,1.94,2.0,2.7,1.58,12.0,1.86,2.12,6.0,1.33,5.9,1.34,9.5,10.5,5.8,1.24,5.2,1.28,10.0,11.0,6.0,1.25,5.25,1.3,8.0,9.0,5.75,1.3,5.5,1.34,,,,,,,,,,,,,2.3,1.66,10.25,1.9,1.95,2.6,1.55,11.0,1.85,2.28,6.0,1.3,5.5,1.34,,,,,,,,,,,,,,,4.0,7.0,0.0,7.0,1.0,2.0,9.0,7.0,0.0,18.0,8.0,0.0,1.0,1.0
33,15,2026-03-22 14:00,Bologna,Lazio,0,2,2,I1,/,Bologna,Lazio,1.0,-0.25,-0.25,1.58,2.3,3.28,1.82,1.95,1.72,2.08,3.26,1.84,1.93,3.12,2.29,3.04,2.3,1.62,2.3,3.4,1.83,2.03,1.8,2.05,3.3,1.88,1.98,3.1,2.3,3.0,2.35,3.2,3.1,3.2,2.3,3.1,2.3,1.63,2.48,3.5,1.89,2.08,1.85,2.14,3.4,1.95,2.03,3.4,2.38,3.1,2.48,3.45,3.3,3.0,2.28,3.1,2.17,3.13,3.2,3.2,2.3,3.13,2.3,3.25,3.25,3.1,2.3,3.1,2.3,,,,,,,,,,,,,1.62,2.38,3.45,1.87,2.03,1.8,2.22,3.35,1.88,1.98,3.25,2.33,3.13,2.4,,,,,,,,,,,,,,,1.0,8.0,0.0,9.0,5.0,1.0,2.0,13.0,0.0,15.0,4.0,0.0,0.0,1.0
35,1,2026-04-04 11:30,Natura Dünyası Gençlerbirliği,Göztepe,0,2,2,T1,/,Genclerbirligi,Goztep,0.97,0.25,0.25,1.61,2.2,2.26,1.91,1.8,1.6,2.22,2.22,1.86,1.84,3.06,3.25,3.11,3.09,1.62,2.25,2.2,1.95,1.85,1.62,2.25,2.2,1.9,1.9,3.0,3.5,3.2,3.25,2.3,2.2,3.1,3.2,3.1,3.0,1.51,2.3,2.36,2.01,1.87,1.7,2.38,2.4,2.03,1.94,3.2,3.55,3.1,3.4,2.28,2.3,3.1,3.15,3.25,3.05,2.25,2.2,3.13,3.3,3.0,3.1,2.3,2.2,3.2,3.2,3.2,3.1,,,,,,,,,,,,,1.68,2.25,2.3,1.95,1.85,1.62,2.3,2.3,1.9,1.9,3.2,3.5,3.25,3.25,,,,,,,,,,,,,,,5.0,17.0,0.0,9.0,3.0,4.0,6.0,14.0,0.0,11.0,0.0,1.0,0.0,3.0
35,2,2026-04-04 11:30,Kasımpaşa,Zecorner Kayserispor,2,0,1,T1,/,Kasimpasa,Kayserispor,1.0,-0.25,-0.25,1.89,1.84,3.13,1.9,1.8,1.83,1.89,3.2,1.88,1.82,3.26,2.15,3.36,2.12,1.9,1.9,3.3,1.95,1.85,1.8,2.0,3.3,1.95,1.85,3.4,2.1,3.5,2.1,3.0,3.1,3.3,2.15,3.4,2.15,1.9,1.76,3.85,2.09,1.85,1.97,1.99,3.75,2.07,1.9,3.45,2.22,3.4,2.16,3.05,3.05,3.35,2.23,3.35,2.2,3.2,3.25,3.3,2.15,3.3,2.1,3.1,3.2,3.25,2.2,3.5,2.15,,,,,,,,,,,,,1.93,1.91,3.33,1.95,1.85,1.91,2.0,3.33,1.95,1.9,3.4,2.23,3.5,2.2,,,,,,,,,,,,,,,10.0,14.0,0.0,5.0,1.0,2.0,1.0,18.0,1.0,8.0,3.0,0.0,1.0,1.0
35,3,2026-04-04 14:00,Gaziantep FK,Corendon Alanyaspor,1,1,0,T1,/,Gaziantep,Alanyaspor,1.0,0.0,0.0,1.97,1.76,2.34,1.71,2.01,1.9,1.82,2.41,1.76,1.95,3.34,2.7,3.4,2.71,2.0,1.8,2.32,1.73,2.08,1.95,1.85,2.4,1.8,2.0,3.4,2.7,3.5,2.75,2.38,2.4,3.3,2.75,3.4,2.63,2.08,1.71,2.5,1.77,2.1,2.04,1.92,2.66,1.89,2.08,3.5,2.92,3.4,2.88,2.48,2.45,3.4,2.7,3.4,2.65,2.3,2.45,3.4,2.7,3.4,2.7,2.35,2.37,3.4,2.75,3.5,2.75,,,,,,,,,,,,,2.0,1.8,2.48,1.75,2.08,1.96,1.91,2.46,1.8,2.0,3.4,2.75,3.5,2.9,,,,,,,,,,,,,,,2.0,20.0,0.0,8.0,3.0,3.0,2.0,16.0,0.0,15.0,5.0,1.0,0.0,2.0
35,4,2026-04-04 17:00,Trabzonspor,Galatasaray,2,1,1,T1,/,Trabzonspor,Galatasaray,1.0,0.25,0.25,2.33,1.55,2.04,1.78,1.92,2.29,1.56,2.07,1.81,1.89,3.52,3.16,3.55,3.16,2.35,1.57,2.1,1.85,1.95,2.3,1.6,2.1,1.85,1.95,3.5,3.2,3.6,3.2,2.05,2.1,3.6,3.0,3.6,3.1,2.06,1.61,2.12,1.86,2.03,2.46,1.66,2.22,1.92,2.05,3.7,3.5,3.75,3.35,2.0,1.92,3.65,3.55,3.7,3.25,2.05,2.1,3.7,3.0,3.6,3.0,2.05,2.15,3.5,3.1,3.6,3.2,,,,,,,,,,,,,2.38,1.57,2.12,1.85,1.95,2.4,1.6,2.15,1.85,1.95,3.7,3.55,3.7,3.5,,,,,,,,,,,,,,,10.0,15.0,1.0,19.0,3.0,4.0,3.0,12.0,0.0,13.0,4.0,0.0,1.0,4.0
35,5,2026-04-05 11:30,Mısırlı.com.tr Fatih Karagümrük,Çaykur Rizespor,2,1,1,T1,/,Karagumruk,Rizespor,0.97,0.25,0.0,1.98,1.75,2.29,1.7,2.02,1.88,1.84,2.28,1.97,1.75,3.33,2.88,3.4,2.78,2.0,1.8,2.32,1.75,2.05,1.9,1.9,2.3,2.03,1.78,3.5,2.82,3.6,2.7,2.3,2.3,3.4,2.75,3.4,2.75,2.02,1.79,2.46,1.76,1.95,1.97,1.98,2.48,2.13,1.85,3.45,3.15,3.3,2.64,2.23,2.23,3.4,3.0,3.45,2.95,2.3,2.3,3.4,2.9,3.4,2.75,2.25,2.25,3.4,3.0,3.5,2.85,,,,,,,,,,,,,2.0,1.8,2.38,1.75,2.05,1.93,1.91,2.33,2.03,1.8,3.5,3.0,3.6,2.95,,,,,,,,,,,,,,,3.0,21.0,0.0,11.0,2.0,2.0,0.0,15.0,0.0,10.0,5.0,0.0,1.0,1.0
35,6,2026-04-05 11:30,Samsunspor,Tümosan Konyaspor,2,2,0,T1,/,Samsunspor,Konyaspor,1.0,-0.25,-0.25,1.64,2.13,3.11,1.81,1.9,1.78,1.94,3.29,1.87,1.83,3.19,2.14,3.12,2.25,1.7,2.1,3.3,1.85,1.95,1.85,1.95,3.3,1.9,1.9,3.25,2.15,3.1,2.25,3.0,3.2,3.3,2.1,3.2,2.25,1.57,1.82,3.6,1.91,1.87,1.91,2.06,3.85,2.09,1.88,3.3,2.24,3.1,2.1,3.15,3.15,3.2,2.23,3.15,2.28,3.1,3.4,3.2,2.15,3.13,2.2,3.0,3.25,3.25,2.2,3.2,2.35,,,,,,,,,,,,,1.7,2.2,3.3,1.85,1.95,1.85,2.02,3.5,1.9,1.93,3.3,2.28,3.2,2.35,,,,,,,,,,,,,,,2.0,14.0,1.0,9.0,2.0,4.0,8.0,12.0,0.0,18.0,7.0,1.0,1.0,1.0
35,7,2026-04-05 14:00,Hesap.com Antalyaspor,ikas Eyüpspor,3,0,1,T1,/,Antalyaspor,Eyupspor,1.0,-0.5,-0.25,1.64,2.14,3.52,1.93,1.77,1.66,2.12,3.76,1.72,1.99,3.09,2.03,3.02,2.11,1.67,2.15,3.8,2.0,1.8,1.67,2.15,4.2,1.78,2.03,3.0,2.01,3.0,2.1,3.4,3.6,3.1,2.05,3.1,2.1,1.25,2.16,4.2,,,1.76,2.28,4.4,1.86,2.14,3.2,2.14,3.0,2.06,3.65,3.8,3.1,2.04,3.05,2.1,3.4,3.7,3.3,2.0,3.2,2.05,3.3,3.8,3.1,2.05,3.25,2.15,,,,,,,,,,,,,1.73,2.25,3.8,2.0,1.8,1.73,2.25,4.2,1.78,2.05,3.3,2.1,3.25,2.2,,,,,,,,,,,,,,,4.0,13.0,1.0,8.0,0.0,7.0,8.0,24.0,0.0,20.0,6.0,0.0,0.0,5.0
35,8,2026-04-05 17:00,Fenerbahçe,Beşiktaş,1,0,1,T1,/,Fenerbahce,Besiktas,1.0,-0.5,-0.5,2.23,1.6,3.34,1.78,1.91,2.1,1.67,3.67,1.84,1.85,3.51,1.88,3.63,1.94,2.25,1.62,3.5,1.8,2.0,2.1,1.7,3.7,1.9,1.9,3.3,1.79,3.75,1.91,3.2,3.6,3.5,1.9,3.6,2.0,1.2,1.01,4.0,,,2.24,1.78,4.2,1.98,2.0,3.75,2.0,3.6,1.96,3.7,3.95,3.6,1.84,3.8,1.85,3.25,3.6,3.7,1.91,3.6,1.95,3.3,3.7,3.6,1.9,3.6,2.0,,,,,,,,,,,,,2.25,1.63,3.7,1.87,2.0,2.2,1.73,3.95,1.9,1.9,3.7,1.92,3.8,2.0,,,,,,,,,,,,,,,5.0,19.0,0.0,14.0,2.0,5.0,10.0,13.0,0.0,13.0,6.0,0.0,0.0,3.0
35,9,2026-04-06 17:00,Kocaelispor,Rams Başakşehir,0,0,0,T1,/,Kocaelispor,Buyuksehyr,1.0,0.25,0.0,1.76,1.98,2.43,1.76,1.97,1.8,1.92,2.15,1.8,1.9,3.26,3.2,3.17,2.75,1.78,2.03,2.45,1.78,2.03,1.83,1.98,2.1,1.85,1.95,3.4,3.3,3.3,2.75,2.4,2.15,3.25,3.2,3.2,2.75,1.25,1.01,1.37,,,1.93,2.02,2.3,1.96,2.03,3.4,3.65,1.09,1.09,2.38,2.32,3.25,2.95,3.3,2.85,2.45,2.1,3.4,3.3,3.2,2.7,2.45,2.15,3.25,3.3,3.2,2.8,,,,,,,,,,,,,1.8,2.03,2.5,1.8,2.03,1.83,2.0,2.32,1.85,1.95,3.4,3.3,3.3,2.85,,,,,,,,,,,,,,,8.0,7.0,0.0,13.0,2.0,1.0,1.0,10.0,0.0,11.0,1.0,0.0,0.0,0.0
35,10,2026-04-04 13:30,Hamburger SV,Augsburg,1,1,0,D1,/,Hamburg,Augsburg,0.97,0.0,-0.25,1.98,1.78,3.07,1.85,1.91,2.04,1.74,2.88,2.07,1.71,3.37,2.37,3.41,2.22,2.0,1.8,3.2,1.9,1.95,2.1,1.73,2.9,2.1,1.7,3.5,2.35,3.5,2.25,3.0,2.75,3.5,2.4,3.5,2.25,2.08,1.9,3.3,1.95,2.03,2.24,1.8,3.15,2.25,1.79,3.5,2.5,3.55,2.36,3.1,2.95,3.25,2.35,3.4,2.2,2.9,2.9,3.3,2.38,3.4,2.15,3.0,2.9,3.4,2.37,3.5,2.25,,,,,,,,,,,,,2.0,1.83,3.2,1.91,1.95,2.1,1.81,3.0,2.14,1.83,3.5,2.44,3.5,2.3,,,,,,,,,,,,,,,2.0,12.0,0.0,18.0,3.0,3.0,9.0,12.0,1.0,18.0,4.0,1.0,0.0,2.0
35,11,2026-04-04 16:30,Vfb Stuttgart,Borussia Dortmund,0,2,2,D1,/,Stuttgart,Dortmund,0.97,-0.25,-0.25,2.75,1.42,2.68,1.78,1.98,2.67,1.46,2.65,1.74,2.03,3.85,2.33,3.86,2.28,2.75,1.44,2.8,1.8,2.05,2.63,1.5,2.63,1.73,2.08,3.9,2.35,3.9,2.3,2.63,2.63,4.0,2.3,4.0,2.3,3.0,1.47,2.88,1.88,2.11,2.84,1.54,2.84,1.84,2.17,4.0,2.48,4.1,2.4,2.63,2.55,3.8,2.38,3.8,2.32,2.63,2.63,3.8,2.38,3.75,2.2,2.75,2.75,3.8,2.3,3.8,2.3,,,,,,,,,,,,,2.88,1.44,2.8,1.83,2.05,2.88,1.5,2.75,1.83,2.08,4.0,2.38,4.0,2.38,,,,,,,,,,,,,,,2.0,12.0,0.0,5.0,3.0,4.0,5.0,10.0,0.0,13.0,3.0,0.0,0.0,2.0
35,12,2026-04-04 19:05,Lille,Lens,3,0,1,F1,/,Lille,Lens,1.0,0.0,0.0,1.94,1.8,2.63,1.88,1.87,1.96,1.78,2.4,1.74,2.02,3.38,2.82,3.32,2.58,2.0,1.85,2.63,1.93,1.93,2.0,1.85,2.4,1.73,2.08,3.4,2.9,3.4,2.63,2.63,2.4,3.5,2.75,3.4,2.6,2.06,1.87,2.76,1.97,1.97,2.12,1.87,2.58,1.84,2.15,3.5,3.0,3.5,2.76,2.65,2.35,3.3,2.88,3.25,2.55,2.55,2.4,3.5,2.8,3.3,2.55,2.65,2.4,3.3,2.9,3.4,2.6,,2.4,3.4,2.9,,,,2.4,3.3,2.87,,,2.0,1.85,2.7,1.93,1.93,2.05,1.85,2.48,1.8,2.08,3.5,2.9,3.4,2.66,,,,,,,,,,,,,,,3.0,13.0,0.0,5.0,1.0,2.0,3.0,9.0,0.0,13.0,7.0,0.0,1.0,3.0
35,13,2026-04-05 18:45,Monaco,Marsilya,2,1,1,F1,/,Monaco,Marseille,0.853,-0.25,-0.25,2.41,1.53,3.06,1.91,1.84,2.42,1.52,3.29,1.99,1.78,3.7,2.05,3.62,2.14,2.38,1.57,3.1,1.98,1.88,2.38,1.57,3.25,2.03,1.83,3.7,2.1,3.75,2.15,3.0,3.3,3.75,2.05,3.75,2.15,2.52,1.6,3.3,2.02,1.95,2.64,1.59,3.55,2.1,1.89,3.8,2.18,3.85,2.24,3.05,3.3,3.65,2.0,3.55,2.14,3.0,3.25,3.6,2.1,3.6,2.1,3.1,3.3,3.8,2.05,3.7,2.15,,,,,,,,,,,,,2.5,1.57,3.2,1.98,1.88,2.5,1.57,3.5,2.08,1.83,3.8,2.1,3.75,2.18,,,,,,,,,,,,,,,8.0,9.0,0.0,19.0,9.0,2.0,0.0,14.0,0.0,7.0,3.0,0.0,0.0,2.0
35,14,2026-04-04 19:00,Atletico Madrid,Barcelona,1,2,2,SP1,/,Ath Madrid,Barcelona,1.0,0.5,0.25,2.63,1.45,2.15,1.86,1.9,2.93,1.38,1.99,1.93,1.79,3.98,3.21,3.77,3.0,2.75,1.44,2.15,1.9,1.95,3.0,1.4,1.95,1.98,1.88,4.2,3.25,3.8,3.1,2.15,2.0,4.0,3.2,3.75,3.0,2.88,1.5,2.24,1.96,2.02,3.25,1.43,2.04,2.04,1.94,4.4,3.45,4.0,3.25,2.1,2.02,3.8,3.1,3.7,3.05,2.15,1.95,4.2,3.3,3.9,3.0,2.2,2.0,4.0,3.2,3.7,3.0,,2.0,4.0,3.2,,,,2.0,3.9,3.2,,,2.75,1.48,2.2,1.91,1.95,3.1,1.42,2.15,1.98,1.88,4.2,3.33,4.0,3.1,,,,,,,,,,,,,,,9.0,11.0,0.0,22.0,8.0,2.0,1.0,15.0,1.0,6.0,2.0,1.0,1.0,6.0
35,15,2026-04-05 18:45,Inter,Roma,5,2,1,I1,/,Inter,Roma,1.0,-1.0,-0.75,1.84,1.9,5.22,1.95,1.8,1.96,1.8,5.81,1.82,1.94,3.98,1.56,3.84,1.63,1.91,1.91,5.25,2.0,1.85,2.0,1.8,6.0,1.85,2.0,4.0,1.57,4.0,1.67,5.0,5.5,4.0,1.57,3.75,1.67,1.96,1.99,5.9,2.1,1.87,2.1,1.89,6.8,1.9,2.08,4.1,1.63,4.1,1.69,5.6,6.0,3.8,1.54,3.9,1.56,5.25,5.75,4.1,1.55,3.75,1.62,5.25,5.75,4.1,1.57,3.8,1.66,,,,,,,,,,,,,1.91,1.95,5.6,2.0,1.85,2.0,1.86,6.0,1.85,2.0,4.1,1.6,4.0,1.67,,,,,,,,,,,,,,,4.0,10.0,0.0,9.0,3.0,1.0,7.0,11.0,0.0,17.0,9.0,1.0,2.0,0.0
36,1,2026-04-10 17:00,Beşiktaş,Hesap.com Antalyaspor,4,2,1,T1,/,Besiktas,Antalyaspor,1.0,-1.5,-1.5,2.56,1.46,8.15,1.86,1.83,2.51,1.48,8.45,1.87,1.82,5.18,1.29,5.26,1.29,2.6,1.48,7.5,1.9,1.9,2.5,1.5,7.5,1.9,1.9,5.5,1.3,5.5,1.3,8.5,8.5,5.0,1.29,5.0,1.29,2.74,1.55,10.5,1.98,1.92,2.7,1.58,11.0,2.0,1.93,5.9,1.34,6.0,1.35,8.5,9.0,5.3,1.28,5.1,1.32,8.5,8.5,5.25,1.3,5.25,1.3,8.0,8.0,5.25,1.34,5.5,1.33,,,,,,,,,,,,,2.7,1.5,9.0,1.9,1.9,2.65,1.52,9.5,1.91,1.9,5.5,1.34,5.66,1.33,,,,,,,,,,,,,,,6.0,11.0,0.0,11.0,4.0,2.0,10.0,13.0,0.0,21.0,12.0,1.0,3.0,1.0
36,2,2026-04-11 11:30,Rams Başakşehir,Natura Dünyası Gençlerbirliği,3,0,1,T1,/,Buyuksehyr,Genclerbirligi,1.0,-1.0,-1.0,2.01,1.73,5.22,1.83,1.87,2.17,1.62,5.11,1.81,1.9,4.04,1.56,3.85,1.57,2.08,1.73,5.5,1.88,1.93,2.25,1.62,5.25,1.85,1.95,4.2,1.53,3.9,1.56,5.0,5.0,4.0,1.57,3.75,1.6,2.16,1.81,6.0,1.91,1.99,2.42,1.69,5.4,1.89,2.07,4.7,1.64,4.2,1.63,5.3,5.2,3.95,1.58,3.95,1.58,5.25,5.25,4.1,1.57,3.9,1.55,5.0,4.8,4.1,1.61,3.9,1.62,,,,,,,,,,,,,2.1,1.8,5.66,1.88,1.93,2.25,1.68,6.5,1.95,1.95,4.2,1.61,3.95,1.62,,,,,,,,,,,,,,,2.0,14.0,0.0,12.0,3.0,1.0,4.0,19.0,0.0,21.0,10.0,0.0,3.0,2.0
36,3,2026-04-11 14:00,Corendon Alanyaspor,Trabzonspor,1,1,0,T1,/,Alanyaspor,Trabzonspor,1.0,0.25,0.25,1.9,1.82,2.23,2.02,1.7,1.92,1.8,2.29,1.97,1.75,3.32,2.86,3.32,2.95,1.95,1.85,2.25,2.1,1.7,1.95,1.85,2.3,2.03,1.78,3.3,2.85,3.3,3.0,2.25,2.3,3.4,2.8,3.4,2.88,1.92,1.89,2.38,2.19,1.74,2.02,1.97,2.5,2.14,1.85,3.45,3.15,3.35,3.15,2.17,2.28,3.4,2.9,3.5,3.05,2.25,2.3,3.4,2.9,3.3,2.88,2.25,2.3,3.4,2.87,3.4,2.95,,,,,,,,,,,,,1.98,1.91,2.3,2.1,1.8,2.0,1.85,2.36,2.03,1.8,3.4,2.92,3.5,3.1,,,,,,,,,,,,,,,5.0,13.0,0.0,17.0,3.0,1.0,2.0,8.0,0.0,8.0,2.0,0.0,0.0,3.0
36,4,2026-04-11 17:00,Zecorner Kayserispor,Fenerbahçe,0,4,2,T1,/,Kayserispor,Fenerbahce,1.0,1.0,1.25,2.2,1.61,1.43,1.93,1.78,2.21,1.6,1.45,1.74,1.97,4.35,5.97,4.38,6.21,2.2,1.65,1.41,1.95,1.85,2.3,1.6,1.45,1.78,2.03,4.5,5.75,4.5,6.5,1.4,1.44,4.2,6.5,4.33,6.5,2.34,1.67,1.46,2.07,1.85,2.36,1.72,1.52,1.85,2.11,4.7,7.4,5.3,7.6,1.45,1.44,4.5,6.4,4.35,6.4,1.4,1.45,4.4,6.5,4.4,6.5,1.46,1.49,4.5,5.5,4.6,6.0,,,,,,,,,,,,,2.25,1.65,1.46,2.0,1.85,2.3,1.62,1.51,1.8,2.03,4.5,6.5,4.6,6.5,,,,,,,,,,,,,,,5.0,11.0,0.0,18.0,7.0,3.0,4.0,19.0,0.0,11.0,3.0,1.0,0.0,3.0
36,5,2026-04-12 11:30,Tümosan Konyaspor,Mısırlı.com.tr Fatih Karagümrük,3,0,1,T1,/,Konyaspor,Karagumruk,0.97,-0.5,-0.75,1.76,1.96,4.98,1.88,1.82,1.75,1.97,4.39,1.95,1.75,3.44,1.77,3.61,1.64,1.8,2.0,5.0,1.93,1.88,1.75,2.05,4.33,1.98,1.83,3.5,1.79,3.7,1.62,5.0,4.2,3.4,1.8,3.6,1.62,1.84,1.89,6.0,1.98,1.85,1.86,2.14,5.0,2.06,1.93,3.5,1.93,3.85,1.69,5.2,4.5,3.6,1.73,3.7,1.64,4.8,4.2,3.5,1.8,3.6,1.65,4.8,4.2,3.5,1.82,3.75,1.66,,,,,,,,,,,,,1.8,2.0,5.33,1.93,1.88,1.8,2.05,5.0,2.02,1.83,3.6,1.83,3.75,1.67,,,,,,,,,,,,,,,4.0,8.0,0.0,11.0,3.0,1.0,3.0,16.0,0.0,10.0,7.0,0.0,2.0,1.0
36,6,2026-04-12 14:00,Göztepe,Kasımpaşa,3,3,0,T1,/,Goztep,Kasimpasa,0.97,-0.5,-0.5,1.68,2.08,4.02,1.85,1.84,1.59,2.24,4.24,1.87,1.83,3.23,1.85,3.34,1.85,1.67,2.15,4.1,1.9,1.9,1.53,2.4,4.33,1.88,1.93,3.25,1.86,3.4,1.86,3.75,4.0,3.25,1.9,3.3,1.91,1.72,2.16,4.8,2.05,1.91,1.66,2.46,5.0,2.0,1.98,3.3,1.98,3.3,1.91,4.4,4.4,3.4,1.8,3.4,1.81,4.0,4.2,3.25,1.9,3.3,1.85,3.9,4.2,3.25,1.88,3.4,1.93,,,,,,,,,,,,,1.73,2.15,4.4,1.93,1.9,1.66,2.4,4.5,1.95,1.93,3.4,1.91,3.4,1.93,,,,,,,,,,,,,,,2.0,12.0,1.0,8.0,4.0,5.0,4.0,15.0,0.0,18.0,6.0,1.0,1.0,3.0
36,7,2026-04-12 17:00,Galatasaray,Kocaelispor,1,1,0,T1,/,Galatasaray,Kocaelispor,1.0,-1.75,-1.75,2.42,1.51,11.29,1.92,1.79,2.28,1.57,10.96,1.8,1.9,5.67,1.22,5.8,1.21,2.4,1.53,12.0,1.98,1.83,2.3,1.6,12.0,1.85,1.95,5.75,1.22,6.0,1.19,11.0,11.0,5.5,1.22,5.5,1.22,2.48,1.48,16.0,,,2.5,1.65,16.5,1.93,2.01,7.0,1.25,6.4,1.23,10.5,11.0,6.0,1.22,5.8,1.24,12.0,12.0,5.75,1.22,6.0,1.18,11.5,10.0,5.75,1.26,6.0,1.23,,,,,,,,,,,,,2.55,1.55,14.5,1.98,1.83,2.45,1.62,12.0,1.85,1.95,6.0,1.26,6.0,1.24,,,,,,,,,,,,,,,1.0,13.0,0.0,8.0,3.0,1.0,4.0,15.0,0.0,13.0,6.0,0.0,1.0,0.0
36,8,2026-04-13 17:00,ikas Eyüpspor,Samsunspor,1,2,2,T1,/,Eyupspor,Samsunspor,1.0,0.5,0.5,1.76,1.96,1.83,1.81,1.88,1.77,1.95,1.87,1.84,1.85,3.38,3.93,3.35,3.99,1.8,2.0,1.81,1.85,1.95,1.75,2.05,1.81,1.9,1.9,3.4,4.33,3.4,4.2,1.83,1.9,3.4,3.75,3.4,4.0,,,1.84,,,1.86,2.12,1.98,1.98,2.01,3.55,4.6,3.5,4.5,1.92,1.87,3.4,4.0,3.25,3.9,1.83,1.9,3.4,3.9,3.4,3.9,1.85,1.88,3.4,3.9,3.5,4.1,,,,,,,,,,,,,1.8,2.0,1.92,1.87,1.95,1.83,2.05,1.9,1.9,1.9,3.45,4.33,3.5,4.25,,,,,,,,,,,,,,,7.0,14.0,0.0,13.0,4.0,3.0,2.0,11.0,1.0,9.0,2.0,0.0,1.0,4.0
36,9,2026-04-13 17:00,Çaykur Rizespor,Gaziantep FK,2,1,1,T1,/,Rizespor,Gaziantep,1.0,-0.5,-0.75,2.18,1.62,4.09,1.81,1.9,2.18,1.62,4.12,1.98,1.73,3.67,1.75,3.69,1.74,2.15,1.67,4.5,1.83,1.98,2.25,1.62,4.33,2.03,1.78,3.7,1.76,3.8,1.68,4.0,4.0,3.75,1.73,3.75,1.73,,,4.3,,,2.38,1.71,4.7,2.16,1.83,3.9,1.84,3.95,1.79,3.85,3.9,3.75,1.8,3.75,1.82,4.1,4.1,3.8,1.75,3.7,1.73,4.1,4.2,3.7,1.77,3.8,1.77,,,,,,,,,,,,,2.2,1.67,4.5,1.83,1.98,2.25,1.67,4.4,2.05,1.78,3.8,1.8,3.8,1.82,,,,,,,,,,,,,,,1.0,17.0,0.0,10.0,6.0,4.0,9.0,13.0,0.0,24.0,7.0,1.0,0.0,2.0
36,10,2026-04-11 13:30,Borussia Dortmund,Bayer Leverkusen,0,1,2,D1,/,Dortmund,Leverkusen,1.0,-0.5,-0.5,2.46,1.51,3.42,1.82,1.91,2.57,1.48,3.19,1.73,2.0,3.79,2.06,3.8,1.95,2.5,1.53,3.6,1.88,1.98,2.5,1.53,3.1,1.7,2.1,3.8,2.15,3.8,1.95,3.4,3.1,3.75,2.1,4.0,1.95,2.66,1.58,3.7,1.94,2.04,2.8,1.54,3.5,1.84,2.16,3.9,2.14,4.0,2.06,3.45,3.3,3.7,2.0,3.85,1.9,3.25,3.0,3.9,2.1,3.7,1.91,3.5,3.1,3.8,2.1,3.75,1.98,3.5,,,,3.75,2.0,3.5,,,,3.75,1.95,2.63,1.53,3.6,1.88,1.98,2.75,1.53,3.33,1.81,2.1,4.0,2.15,4.0,2.0,,,,,,,,,,,,,,,5.0,6.0,0.0,11.0,4.0,0.0,5.0,5.0,0.0,14.0,1.0,1.0,0.0,3.0
36,11,2026-04-11 16:30,Liverpool,Fulham,2,0,1,E0,/,Liverpool,Fulham,1.0,-0.75,-0.75,2.42,1.53,4.83,1.99,1.77,2.54,1.5,4.38,1.88,1.88,4.06,1.71,4.18,1.62,2.38,1.57,4.75,2.05,1.8,2.63,1.5,4.2,1.88,1.98,4.1,1.75,4.2,1.65,5.0,4.33,4.2,1.73,4.2,1.62,2.62,1.59,5.2,2.09,1.9,2.78,1.55,4.8,1.99,1.98,4.2,1.79,4.4,1.72,5.0,4.4,3.9,1.7,4.3,1.58,4.8,4.4,4.2,1.7,4.2,1.65,4.75,4.1,4.2,1.73,4.2,1.63,,,,,,,,,,,,,2.5,1.57,5.1,2.05,1.83,2.65,1.52,5.0,1.93,1.98,4.2,1.78,4.35,1.65,,,,,,,,,,,,,,,9.0,4.0,0.0,19.0,4.0,0.0,6.0,10.0,0.0,18.0,5.0,0.0,2.0,0.0
36,12,2026-04-12 15:30,Chelsea,Manchester City,0,3,2,E0,/,Chelsea,Man City,1.0,0.5,0.25,2.4,1.54,2.1,1.83,1.93,2.55,1.5,1.94,1.87,1.85,3.89,3.48,3.8,3.08,2.38,1.57,2.15,1.88,1.98,2.5,1.53,1.91,1.93,1.93,3.9,3.6,3.8,3.1,2.1,1.95,4.0,3.5,4.0,3.1,2.62,1.59,2.16,1.9,2.09,2.72,1.57,2.0,2.0,1.99,4.2,3.75,4.0,3.35,2.05,1.91,3.85,3.55,3.65,3.25,2.1,1.93,4.0,3.5,3.7,3.0,2.15,1.95,3.8,3.5,3.9,3.0,,,,,,,,,,,,,2.5,1.6,2.15,1.88,1.98,2.7,1.54,2.1,1.93,1.93,4.0,3.6,4.0,3.3,,,,,,,,,,,,,,,12.0,14.0,0.0,18.0,8.0,1.0,4.0,10.0,0.0,12.0,3.0,0.0,0.0,3.0
36,13,2026-04-11 19:00,Sevilla,Atletico Madrid,2,1,1,SP1,/,Sevilla,Ath Madrid,1.0,-0.25,0.0,1.68,2.1,2.63,1.99,1.77,1.9,1.84,3.12,1.91,1.85,3.46,2.23,3.12,2.78,1.73,2.1,2.8,2.05,1.8,2.0,1.8,3.2,2.0,1.85,3.6,2.15,3.1,2.7,2.6,3.1,3.5,2.2,3.2,2.75,1.78,2.24,2.88,2.13,1.85,2.04,1.92,3.35,2.01,1.97,3.65,2.3,3.25,2.84,2.55,3.1,3.35,2.2,3.05,2.85,2.7,3.3,3.5,2.15,3.25,2.63,2.65,3.25,3.5,2.15,3.1,2.75,,3.25,3.5,2.15,,,,3.25,3.5,2.1,,,1.73,2.17,2.8,2.05,1.85,2.0,1.94,3.3,2.0,1.91,3.6,3.2,3.25,3.2,,,,,,,,,,,,,,,6.0,12.0,0.0,13.0,2.0,4.0,6.0,7.0,0.0,11.0,2.0,1.0,2.0,4.0
36,14,2026-04-11 18:45,Atalanta,Juventus,0,1,2,I1,/,Atalanta,Juventus,1.0,0.25,0.25,1.95,1.8,2.29,1.95,1.8,2.09,1.7,2.28,1.95,1.82,3.4,3.01,3.34,3.04,2.0,1.8,2.35,2.0,1.85,2.1,1.73,2.25,2.0,1.85,3.5,3.1,3.3,3.1,2.3,2.38,3.5,2.88,3.4,3.0,2.08,1.89,2.44,2.09,1.89,2.24,1.8,2.42,2.07,1.91,3.55,3.25,3.55,3.2,2.28,2.2,3.4,3.05,3.4,2.95,2.3,2.25,3.4,3.1,3.3,3.1,2.25,2.3,3.4,3.0,3.4,3.1,,,,,,,,,,,,,2.0,1.83,2.37,2.0,1.85,2.2,1.77,2.38,2.0,1.85,3.5,3.1,3.5,3.1,,,,,,,,,,,,,,,2.0,11.0,0.0,7.0,2.0,3.0,13.0,7.0,0.0,22.0,3.0,0.0,0.0,1.0
36,15,2026-04-12 13:00,Parma,Napoli,1,1,0,I1,/,Parma,Napoli,1.0,1.0,0.75,1.66,2.17,1.59,1.74,2.02,1.57,2.34,1.56,2.0,1.78,3.65,6.74,3.75,5.87,1.67,2.2,1.6,1.78,2.1,1.57,2.38,1.55,2.03,1.83,3.75,7.0,3.8,6.0,1.6,1.57,3.6,7.0,3.75,6.0,1.73,2.28,1.62,1.8,2.19,1.62,2.56,1.61,2.11,1.87,3.85,8.0,4.0,7.0,1.56,1.53,3.6,7.0,3.7,6.1,1.57,1.55,3.7,7.0,3.7,6.0,1.63,1.57,3.7,6.5,3.75,5.5,,,,,,,,,,,,,1.68,2.25,1.67,1.83,2.1,1.62,2.45,1.67,2.05,1.83,3.75,7.0,4.0,6.25,,,,,,,,,,,,,,,7.0,8.0,0.0,20.0,6.0,0.0,3.0,4.0,0.0,3.0,2.0,0.0,1.0,1.0
37,1,2026-04-17 17:00,Hesap.com Antalyaspor,Tümosan Konyaspor,0,2,2,T1,/,Antalyaspor,Konyaspor,1.0,0.0,0.0,1.78,1.95,2.35,1.71,2.01,1.81,1.91,2.51,1.84,1.85,3.23,2.66,3.21,2.84,1.85,1.95,2.4,1.78,2.03,1.85,1.95,2.65,1.93,1.88,3.25,2.55,3.25,2.82,2.38,2.4,3.25,2.75,3.25,2.75,1.93,2.02,2.58,1.83,2.14,1.98,2.0,2.86,2.0,1.97,3.35,2.8,3.45,2.98,2.3,2.35,3.25,2.9,3.2,3.1,2.38,2.6,3.3,2.6,3.2,2.75,2.3,2.5,3.3,2.65,3.3,2.95,,,,,,,,,,,,,1.85,2.02,2.42,1.78,2.05,1.91,2.02,2.65,1.93,1.88,3.35,2.9,3.3,3.1,,,,,,,,,,,,,,,1.0,21.0,0.0,9.0,4.0,5.0,10.0,8.0,0.0,13.0,5.0,0.0,0.0,3.0
37,2,2026-04-17 17:00,Fenerbahçe,Çaykur Rizespor,2,2,0,T1,/,Fenerbahce,Rizespor,1.0,-1.5,-1.5,2.62,1.44,7.75,1.87,1.83,2.63,1.44,7.87,1.86,1.82,5.19,1.3,5.12,1.31,2.6,1.48,8.0,1.83,1.98,2.7,1.44,8.0,1.85,1.95,5.0,1.3,5.0,1.3,8.0,8.0,5.0,1.3,5.0,1.3,2.82,1.53,9.8,1.89,2.05,2.88,1.52,10.5,1.98,1.99,6.2,1.34,6.0,1.36,9.0,9.0,5.5,1.27,5.3,1.29,7.5,7.5,5.25,1.33,4.8,1.33,8.5,8.75,5.5,1.31,5.5,1.31,,,,,,,,,,,,,2.75,1.48,9.0,1.95,1.98,2.8,1.48,9.0,1.93,1.95,5.5,1.35,5.5,1.35,,,,,,,,,,,,,,,3.0,16.0,1.0,6.0,3.0,7.0,7.0,14.0,0.0,15.0,5.0,0.0,0.0,1.0
37,3,2026-04-18 11:30,Mısırlı.com.tr Fatih Karagümrük,ikas Eyüpspor,1,2,2,T1,/,Karagumruk,Eyupspor,0.97,-0.75,-0.5,1.74,1.99,3.73,1.81,1.88,1.72,2.02,4.84,1.86,1.84,3.5,1.7,3.36,1.91,1.75,2.05,4.1,1.9,1.9,1.7,2.1,5.25,1.9,1.9,3.6,1.66,3.4,1.86,3.75,5.0,3.5,1.67,3.3,1.91,1.8,2.12,4.5,1.98,1.95,1.79,2.22,5.9,1.98,1.99,3.7,1.77,3.4,1.95,3.55,4.4,3.45,1.77,3.35,2.02,3.9,5.0,3.6,1.67,3.3,1.87,3.7,4.8,3.6,1.7,3.4,1.98,,,,,,,,,,,,,1.8,2.05,4.1,1.9,1.96,1.78,2.1,5.5,1.9,1.9,3.6,1.95,3.6,2.02,,,,,,,,,,,,,,,5.0,12.0,1.0,6.0,4.0,3.0,6.0,14.0,0.0,12.0,3.0,2.0,1.0,0.0
37,4,2026-04-18 14:00,Kocaelispor,Göztepe,1,1,0,T1,/,Kocaelispor,Goztep,0.97,0.0,0.0,1.5,2.45,2.67,1.81,1.89,1.5,2.43,2.49,1.7,2.03,2.94,2.93,2.95,2.67,1.5,2.5,2.65,1.85,1.95,1.5,2.5,2.4,1.68,2.15,3.0,3.1,3.0,2.75,2.63,2.5,3.0,2.8,3.0,2.63,1.56,2.58,2.88,1.92,1.96,1.58,2.68,2.7,1.81,2.18,3.05,3.25,2.94,2.88,2.85,2.6,3.0,2.8,3.0,2.55,2.6,2.45,3.0,3.0,2.9,2.7,2.7,2.5,3.1,2.9,3.1,2.65,,,,,,,,,,,,,1.53,2.63,2.85,1.85,1.95,1.53,2.5,2.62,1.8,2.15,3.1,3.1,3.1,2.85,,,,,,,,,,,,,,,0.0,23.0,0.0,7.0,3.0,7.0,9.0,11.0,1.0,21.0,4.0,1.0,0.0,5.0
37,5,2026-04-18 17:00,Natura Dünyası Gençlerbirliği,Galatasaray,1,2,2,T1,/,Genclerbirligi,Galatasaray,1.0,1.25,1.25,2.31,1.55,1.37,1.79,1.91,2.29,1.56,1.37,1.79,1.92,4.73,7.08,4.68,6.93,2.35,1.57,1.33,1.83,1.98,2.35,1.57,1.37,1.85,1.95,4.5,7.5,4.75,8.0,1.36,1.36,4.6,7.0,4.6,7.0,2.5,1.6,1.4,1.94,2.04,2.5,1.66,1.41,1.92,2.04,5.4,9.2,5.8,8.2,1.4,1.4,4.7,7.0,4.5,7.0,1.36,1.36,4.8,7.5,4.6,7.0,1.39,1.41,4.8,6.5,5.0,6.75,,,,,,,,,,,,,2.38,1.57,1.4,1.83,1.98,2.4,1.62,1.41,1.85,1.96,5.33,7.5,5.0,8.0,,,,,,,,,,,,,,,4.0,14.0,0.0,9.0,2.0,2.0,2.0,11.0,0.0,11.0,3.0,2.0,0.0,2.0
37,6,2026-04-19 11:30,Kasımpaşa,Corendon Alanyaspor,1,0,1,T1,/,Kasimpasa,Alanyaspor,1.0,0.0,0.0,1.72,2.02,2.53,1.83,1.88,1.6,2.22,2.88,2.03,1.7,3.01,2.46,3.18,2.64,1.73,2.08,2.57,1.88,1.93,1.62,2.25,2.85,2.05,1.75,3.1,2.45,3.2,2.65,2.5,2.8,3.1,2.4,3.25,2.6,1.78,2.12,2.8,,,1.69,2.4,3.25,2.23,1.78,3.15,2.62,3.25,2.8,2.48,2.75,3.15,2.55,3.25,2.75,2.55,3.0,2.9,2.5,3.13,2.6,2.55,2.9,3.0,2.5,3.2,2.7,,,,,,,,,,,,,1.79,2.1,2.62,1.88,1.93,1.63,2.25,3.0,2.1,1.75,3.15,2.55,3.3,2.75,,,,,,,,,,,,,,,1.0,15.0,0.0,8.0,4.0,4.0,6.0,11.0,0.0,7.0,2.0,0.0,0.0,2.0
37,7,2026-04-19 14:00,Samsunspor,Beşiktaş,2,1,1,T1,/,Samsunspor,Besiktas,1.0,0.25,0.25,2.02,1.71,2.01,1.73,1.99,2.23,1.6,2.09,1.83,1.87,3.52,3.08,3.46,3.33,2.08,1.73,1.96,1.73,2.08,2.3,1.6,2.05,1.9,1.9,3.4,2.82,3.6,3.5,2.05,2.1,3.6,3.0,3.5,3.2,2.16,1.64,2.1,,,2.46,1.66,2.3,1.98,2.0,3.7,3.35,3.7,3.45,2.0,1.98,3.65,3.45,3.45,3.5,2.0,2.15,3.6,3.0,3.5,3.3,2.0,2.15,3.5,3.1,3.5,3.4,,,,,,,,,,,,,2.1,1.73,2.12,1.8,2.08,2.4,1.64,2.16,1.9,1.93,3.65,3.45,3.6,3.5,,,,,,,,,,,,,,,7.0,4.0,0.0,14.0,3.0,2.0,1.0,17.0,0.0,14.0,5.0,0.0,0.0,5.0
37,8,2026-04-19 17:00,Trabzonspor,Rams Başakşehir,1,1,0,T1,/,Trabzonspor,Buyuksehyr,1.0,-0.5,-0.5,2.27,1.57,3.49,1.83,1.85,2.5,1.49,3.63,1.89,1.8,3.8,1.83,3.61,1.89,2.3,1.6,3.6,1.9,1.9,2.6,1.48,3.6,1.98,1.83,4.1,1.79,3.75,1.86,3.3,3.5,3.75,1.83,3.6,1.95,2.4,1.63,3.8,,,2.72,1.57,4.1,2.06,1.93,4.1,1.93,4.0,1.94,3.65,3.6,3.75,1.88,3.65,1.88,3.5,3.6,3.9,1.85,3.6,1.87,3.6,3.7,3.8,1.85,3.6,1.93,,,,,,,,,,,,,2.38,1.6,3.65,1.9,1.93,2.63,1.55,4.0,1.98,1.83,4.1,1.88,3.75,1.97,,,,,,,,,,,,,,,8.0,13.0,0.0,17.0,2.0,2.0,5.0,10.0,0.0,11.0,2.0,0.0,0.0,0.0
37,9,2026-04-20 17:00,Gaziantep FK,Zecorner Kayserispor,3,0,1,T1,/,Gaziantep,Kayserispor,1.0,-0.25,-0.25,1.99,1.74,3.1,1.91,1.81,2.13,1.65,2.97,1.8,1.9,3.4,2.2,3.39,2.11,2.0,1.8,3.4,1.95,1.85,2.1,1.7,3.0,1.83,1.98,3.3,2.2,3.25,2.1,3.0,2.8,3.4,2.3,3.5,2.1,,,3.6,,,,,,,,,,3.0,2.14,3.05,3.1,3.55,2.14,3.55,2.14,3.1,2.9,3.5,2.25,3.4,2.1,3.1,3.0,3.4,2.2,3.5,2.2,,,,,,,,,,,,,2.15,1.8,3.4,1.95,1.85,2.2,1.7,3.1,1.83,1.98,3.55,2.3,3.55,2.2,,,,,,,,,,,,,,,3.0,11.0,0.0,17.0,7.0,3.0,5.0,10.0,0.0,20.0,6.0,0.0,2.0,2.0
37,10,2026-04-18 13:30,TSG Hoffenheim,Borussia Dortmund,2,1,1,D1,/,Hoffenheim,Dortmund,0.97,-0.25,0.0,2.58,1.47,2.42,1.85,1.9,2.67,1.44,2.89,1.87,1.88,3.82,2.19,3.8,2.53,2.63,1.5,2.5,1.93,1.93,2.75,1.44,3.0,1.93,1.93,3.9,2.15,4.0,2.5,2.4,2.88,3.75,2.2,4.0,2.5,2.8,1.54,2.66,1.99,1.98,2.92,1.52,3.15,1.99,2.0,4.0,2.28,4.0,2.64,2.4,2.8,3.75,2.2,3.7,2.6,2.4,2.88,3.9,2.15,3.6,2.45,2.45,3.0,3.9,2.15,3.75,2.6,,3.0,3.9,2.15,,,,3.0,3.9,2.1,,,2.63,1.5,2.5,1.93,1.95,2.8,1.48,3.0,1.93,1.93,3.9,2.63,4.0,2.63,,,,,,,,,,,,,,,3.0,11.0,0.0,8.0,3.0,3.0,4.0,14.0,0.0,13.0,4.0,0.0,1.0,2.0
37,11,2026-04-18 19:00,Chelsea,Manchester United,0,1,2,E0,/,Chelsea,Man United,1.0,-0.25,-0.25,2.4,1.53,3.07,1.86,1.89,2.57,1.49,3.21,1.96,1.79,3.69,2.1,3.54,2.21,2.38,1.57,3.2,1.93,1.93,2.63,1.5,3.2,2.03,1.83,3.8,2.05,3.5,2.2,3.0,3.2,3.75,2.15,3.75,2.25,2.6,1.6,3.25,1.98,2.0,2.78,1.55,3.4,2.08,1.91,3.9,2.2,3.85,2.3,3.1,3.3,3.55,2.07,3.45,2.2,3.1,3.25,3.7,2.1,3.6,2.2,3.0,3.2,3.8,2.1,3.7,2.2,,,,,,,,,,,,,2.5,1.57,3.2,1.93,1.95,2.7,1.52,3.35,2.03,1.83,3.8,2.15,3.75,2.3,,,,,,,,,,,,,,,1.0,13.0,0.0,4.0,1.0,3.0,7.0,12.0,0.0,21.0,3.0,1.0,0.0,1.0
37,12,2026-04-19 13:00,Everton,Liverpool,1,2,2,E0,/,Everton,Liverpool,1.0,0.25,0.25,1.9,1.86,2.25,1.92,1.83,1.98,1.8,2.24,1.89,1.86,3.33,3.2,3.36,3.11,1.95,1.9,2.3,1.98,1.88,2.03,1.83,2.25,1.93,1.93,3.4,3.2,3.4,3.1,2.25,2.25,3.5,3.1,3.5,3.1,2.0,1.97,2.4,2.06,1.91,2.1,1.89,2.32,1.99,1.99,3.4,3.55,3.45,3.3,2.28,2.28,3.3,3.15,3.25,3.15,2.25,2.25,3.3,3.25,3.4,3.0,2.25,2.3,3.25,3.2,3.4,3.1,,,,,,,,,,,,,1.95,1.91,2.3,1.98,1.88,2.04,1.85,2.3,1.96,1.93,3.6,3.3,3.6,3.25,,,,,,,,,,,,,,,6.0,12.0,0.0,14.0,6.0,0.0,1.0,8.0,0.0,10.0,4.0,1.0,0.0,2.0
37,13,2026-04-19 15:30,Manchester City,Arsenal,2,1,1,E0,/,Man City,Arsenal,1.0,-0.5,-0.5,1.82,1.92,4.25,1.96,1.76,1.86,1.9,4.22,1.93,1.78,3.59,1.84,3.6,1.82,1.8,2.0,4.2,2.03,1.83,1.93,1.93,4.1,2.0,1.85,3.7,1.85,3.7,1.83,4.33,4.4,3.6,1.9,3.75,1.8,1.94,2.04,4.5,2.09,1.9,1.96,2.02,4.7,2.09,1.91,3.75,1.91,3.9,1.9,4.6,4.5,3.55,1.8,3.55,1.77,4.33,4.2,3.6,1.83,3.5,1.8,4.33,4.33,3.7,1.8,3.7,1.8,,,,,,,,,,,,,1.91,2.0,4.6,2.03,1.83,1.93,2.0,4.5,2.0,1.85,3.7,2.0,3.75,2.0,,,,,,,,,,,,,,,5.0,12.0,0.0,9.0,3.0,2.0,8.0,5.0,0.0,15.0,5.0,1.0,1.0,2.0
37,14,2026-04-18 16:00,Napoli,Lazio,0,2,2,I1,/,Napoli,Lazio,1.0,-1.0,-1.0,1.66,2.17,6.58,1.87,1.88,1.73,2.05,6.86,1.89,1.86,3.96,1.51,3.83,1.54,1.67,2.2,7.0,1.95,1.9,1.83,2.03,7.0,1.93,1.93,4.0,1.53,3.9,1.53,6.5,6.5,4.0,1.53,3.75,1.57,1.73,2.3,7.8,2.01,1.95,1.84,2.16,7.8,2.0,1.99,4.2,1.56,4.1,1.57,6.5,7.5,4.1,1.44,3.85,1.52,7.0,7.0,4.0,1.5,3.9,1.5,6.5,6.25,4.1,1.53,3.8,1.57,,,,,,,,,,,,,1.7,2.25,7.1,1.95,1.95,1.83,2.12,7.5,1.96,1.93,4.1,1.67,4.0,1.67,,,,,,,,,,,,,,,0.0,9.0,0.0,14.0,7.0,3.0,12.0,11.0,0.0,12.0,0.0,1.0,0.0,1.0
37,15,2026-04-18 18:45,Roma,Atalanta,1,1,0,I1,/,Roma,Atalanta,1.0,-0.25,0.0,1.78,1.98,2.94,2.0,1.74,1.88,1.88,2.94,1.75,2.02,3.33,2.36,3.25,2.4,1.8,2.0,2.9,2.05,1.8,1.9,1.95,2.9,1.78,2.1,3.3,2.4,3.25,2.45,2.88,2.88,3.4,2.38,3.3,2.4,1.89,2.08,3.05,2.17,1.83,2.04,1.94,3.1,1.84,2.16,3.5,2.52,3.35,2.6,3.0,2.9,3.35,2.32,3.25,2.3,2.88,2.9,3.4,2.38,3.3,2.45,3.0,2.95,3.3,2.37,3.25,2.37,,,,,,,,,,,,,1.8,2.0,3.25,2.05,1.8,1.91,1.95,3.25,1.78,2.1,3.4,2.45,3.4,2.54,,,,,,,,,,,,,,,6.0,14.0,0.0,8.0,2.0,2.0,7.0,4.0,0.0,19.0,9.0,1.0,1.0,1.0
38,1,2026-04-24 17:00,Rams Başakşehir,Kasımpaşa,4,0,1,T1,/,Buyuksehyr,Kasimpasa,1.0,-0.75,-0.75,2.02,1.72,4.51,1.87,1.83,2.01,1.72,4.54,1.88,1.83,3.73,1.68,3.76,1.67,2.08,1.73,4.75,1.93,1.88,2.08,1.73,4.75,1.93,1.88,3.9,1.66,3.9,1.66,4.5,4.5,3.75,1.67,3.75,1.67,,,,,,,,,,,,,,,4.7,4.7,3.65,1.7,3.7,1.7,4.5,4.75,3.9,1.65,3.75,1.65,4.4,4.5,3.75,1.72,3.9,1.7,4.5,4.6,3.8,1.73,3.9,1.73,4.5,4.5,3.8,1.73,3.9,1.7,2.1,1.79,4.8,1.93,1.88,2.1,1.81,4.75,1.93,1.88,3.9,1.73,3.9,1.73,,,,,,,,,,,,,,,2.0,8.0,1.0,5.0,2.0,1.0,6.0,13.0,0.0,14.0,8.0,0.0,2.0,3.0
38,2,2026-04-25 11:30,ikas Eyüpspor,Gaziantep FK,3,0,1,T1,/,Eyupspor,Gaziantep,1.0,0.0,0.0,1.91,1.8,2.51,1.84,1.86,1.98,1.73,2.49,1.8,1.9,3.38,2.54,3.39,2.53,1.98,1.83,2.55,1.9,1.9,2.15,1.67,2.5,1.85,1.95,3.5,2.55,3.4,2.57,2.5,,,,3.4,2.5,,,,,,,,,,,,,,,2.63,2.63,3.35,2.5,3.35,2.55,2.5,,,,3.3,2.55,2.45,2.45,3.5,2.65,3.5,2.6,2.5,,,,3.6,2.7,2.45,2.45,3.5,2.62,3.5,2.62,2.0,1.83,2.63,1.9,1.9,2.15,1.81,2.63,1.85,1.95,3.5,2.66,3.6,2.7,,,,,,,,,,,,,,,5.0,12.0,0.0,11.0,3.0,2.0,6.0,12.0,0.0,14.0,5.0,0.0,0.0,2.0
38,3,2026-04-25 14:00,Zecorner Kayserispor,Çaykur Rizespor,2,0,1,T1,/,Kayserispor,Rizespor,1.0,-0.25,0.0,2.09,1.66,2.5,1.85,1.86,2.01,1.71,2.84,1.76,1.94,3.42,2.23,3.46,2.5,2.1,1.7,2.55,1.93,1.88,2.0,1.8,2.82,1.8,2.0,3.5,2.3,3.5,2.5,2.5,,,,3.5,2.5,,,,,,,,,,,,,,,2.63,2.95,3.55,2.2,3.45,2.48,2.5,,,,3.4,2.5,2.5,2.9,3.4,2.25,3.6,2.5,2.5,,,,3.6,2.6,2.5,2.9,3.5,2.3,3.6,2.5,2.12,1.73,2.63,1.93,1.91,2.12,1.8,3.0,1.8,2.0,3.55,2.3,3.6,2.6,,,,,,,,,,,,,,,6.0,16.0,0.0,12.0,1.0,2.0,8.0,15.0,0.0,17.0,4.0,0.0,0.0,3.0
38,4,2026-04-25 17:00,Göztepe,Hesap.com Antalyaspor,2,0,1,T1,/,Goztep,Antalyaspor,0.97,-0.75,-0.75,1.77,1.95,4.74,1.86,1.83,1.84,1.86,5.43,2.01,1.71,3.77,1.56,3.6,1.66,1.85,1.95,5.0,1.9,1.9,1.88,1.93,5.75,2.05,1.75,3.7,1.57,3.6,1.66,4.6,,,,3.5,1.7,,,,,,,,,,,,,,,5.0,5.6,3.9,1.56,3.55,1.68,4.75,,,,3.6,1.65,4.75,5.25,3.8,1.62,3.7,1.7,4.8,,,,3.75,1.7,4.8,5.25,3.9,1.61,3.75,1.7,1.85,2.05,5.0,1.9,1.9,1.88,1.93,5.75,2.05,1.75,4.0,1.62,3.8,1.73,,,,,,,,,,,,,,,3.0,6.0,0.0,19.0,4.0,0.0,4.0,24.0,0.0,16.0,8.0,0.0,2.0,2.0
38,5,2026-04-26 11:30,Natura Dünyası Gençlerbirliği,Kocaelispor,1,0,1,T1,/,Genclerbirligi,Kocaelispor,1.0,0.0,0.0,1.58,2.23,2.77,1.97,1.75,1.59,2.22,2.75,1.94,1.77,3.07,2.51,3.1,2.46,1.6,2.3,2.82,2.03,1.78,1.62,2.25,2.75,2.0,1.8,3.2,2.5,3.2,2.45,2.75,2.75,3.0,2.5,3.1,2.5,,,,,,,,,,,,,,,2.85,2.88,3.1,2.45,3.1,2.5,2.75,2.8,3.1,2.55,3.0,2.5,2.75,2.7,3.1,2.6,3.2,2.5,2.8,2.75,3.2,2.62,3.25,2.5,2.75,2.75,3.1,2.62,3.25,2.5,1.62,2.3,2.85,2.03,1.78,1.62,2.25,2.88,2.0,1.8,3.2,2.62,3.25,2.5,,,,,,,,,,,,,,,2.0,12.0,0.0,7.0,0.0,1.0,1.0,14.0,0.0,8.0,2.0,0.0,1.0,1.0
38,6,2026-04-26 17:00,Galatasaray,Fenerbahçe,3,0,1,T1,/,Galatasaray,Fenerbahce,1.0,-0.5,-0.25,2.13,1.65,2.98,1.78,1.93,2.0,1.73,3.54,1.73,1.97,3.35,1.98,3.25,2.22,2.2,1.65,2.75,1.78,2.03,2.05,1.75,3.8,1.8,2.0,3.4,1.96,3.4,2.35,3.0,3.4,3.4,2.0,3.25,2.25,,,,,,,,,,,,,,,3.1,3.7,3.45,1.91,3.35,2.18,2.8,3.4,3.5,2.0,3.5,2.2,3.0,3.5,3.3,2.05,3.4,2.2,,3.6,3.4,2.05,,,,3.5,3.4,2.05,,,2.2,1.7,3.33,1.8,2.03,2.1,1.8,3.8,1.8,2.0,3.5,2.05,3.5,2.35,,,,,,,,,,,,,,,4.0,13.0,1.0,5.0,1.0,6.0,6.0,16.0,0.0,21.0,8.0,0.0,1.0,5.0
38,7,2026-04-27 14:00,Corendon Alanyaspor,Samsunspor,2,3,2,T1,/,Alanyaspor,Samsunspor,1.0,-0.25,-0.25,1.74,1.99,3.08,1.77,1.95,1.87,1.85,3.12,1.83,1.87,3.23,2.19,3.08,2.26,1.75,2.05,3.2,1.8,2.0,1.98,1.83,3.3,1.9,1.9,3.25,2.15,3.1,2.3,3.0,3.0,3.3,2.2,3.1,2.3,,,,,,,,,,,,,,,3.25,3.3,3.2,2.18,3.25,2.17,2.9,3.2,3.25,2.2,3.2,2.3,3.0,3.1,3.3,2.25,3.2,2.35,,3.1,3.3,2.3,,,3.0,3.1,3.3,2.25,3.2,2.37,1.8,2.05,3.33,1.8,2.0,2.0,1.98,3.3,1.9,1.93,3.4,2.3,3.25,2.37,,,,,,,,,,,,,,,5.0,18.0,0.0,12.0,7.0,3.0,12.0,11.0,0.0,17.0,5.0,2.0,0.0,2.0
38,8,2026-04-27 17:00,Beşiktaş,Mısırlı.com.tr Fatih Karagümrük,0,0,0,T1,/,Besiktas,Karagumruk,0.97,-1.25,-1.5,2.38,1.52,8.14,1.83,1.86,2.41,1.51,7.16,1.93,1.78,4.93,1.35,5.1,1.3,2.35,1.57,8.0,1.88,1.93,2.4,1.53,6.5,1.98,1.83,5.0,1.37,5.25,1.3,8.5,7.0,4.6,1.36,5.0,1.3,,,,,,,,,,,,,,,9.0,8.5,5.2,1.32,5.4,1.28,8.5,7.5,4.8,1.36,5.0,1.29,7.75,6.75,5.0,1.4,5.25,1.34,,7.0,5.0,1.4,,,8.0,6.5,5.0,1.4,5.25,1.35,2.5,1.57,9.0,1.9,1.93,2.5,1.53,8.5,1.98,1.83,5.33,1.4,5.4,1.35,,,,,,,,,,,,,,,2.0,15.0,0.0,12.0,3.0,3.0,5.0,12.0,0.0,20.0,7.0,0.0,0.0,2.0
38,9,2026-04-27 17:00,Tümosan Konyaspor,Trabzonspor,2,1,1,T1,/,Konyaspor,Trabzonspor,1.0,0.25,0.25,2.04,1.7,2.17,1.9,1.82,2.21,1.6,2.07,1.78,1.93,3.56,3.1,3.48,2.89,2.08,1.73,2.15,1.95,1.85,2.3,1.6,2.05,1.83,1.98,3.7,3.2,3.75,2.85,2.15,2.0,3.75,3.1,3.5,3.0,,,,,,,,,,,,,,,2.28,2.15,3.55,3.05,3.45,2.9,2.2,2.05,3.6,3.2,3.4,2.9,2.15,2.1,3.6,3.2,3.6,2.95,,2.1,3.7,3.2,,,2.2,2.1,3.6,3.2,3.6,3.0,2.1,1.73,2.28,1.95,1.85,2.38,1.66,2.15,1.83,2.0,3.75,3.25,3.75,3.0,,,,,,,,,,,,,,,5.0,4.0,0.0,23.0,3.0,0.0,7.0,12.0,0.0,12.0,6.0,0.0,2.0,4.0
38,10,2026-04-25 16:30,Arsenal,Newcastle United,1,0,1,E0,/,Arsenal,Newcastle,0.97,-1.25,-1.25,2.29,1.58,6.22,1.78,1.96,2.18,1.65,7.59,1.94,1.84,4.87,1.38,4.66,1.45,2.38,1.57,6.25,1.83,2.03,2.2,1.67,7.5,1.98,1.88,5.0,1.38,4.75,1.45,6.5,,,,4.6,1.44,,,,,,,,,,,,,,,6.75,8.0,4.9,1.36,4.75,1.42,6.5,,,,4.75,1.45,5.75,7.0,5.0,1.41,4.75,1.49,5.75,,,,4.6,1.5,5.75,7.0,5.0,1.4,4.6,1.48,2.38,1.63,6.75,1.83,2.03,2.28,1.68,8.0,1.98,1.88,5.0,1.41,4.8,1.5,,,,,,,,,,,,,,,2.0,10.0,0.0,13.0,3.0,2.0,7.0,13.0,0.0,11.0,4.0,0.0,1.0,2.0
38,11,2026-04-24 19:00,Real Betis,Real Madrid,1,1,0,SP1,/,Betis,Real Madrid,0.97,0.5,0.5,2.54,1.48,1.84,1.8,1.91,2.62,1.46,1.88,1.83,1.88,3.98,3.54,4.03,3.65,2.63,1.5,1.85,1.85,2.0,2.63,1.5,1.9,1.9,1.95,4.1,3.6,4.2,3.7,1.9,1.91,4.0,3.5,4.0,3.6,,,,,,,,,,,,,,,1.79,1.85,3.95,3.55,3.95,3.75,1.83,1.85,4.1,3.7,4.1,3.75,1.9,1.93,3.9,3.5,3.9,3.6,1.91,1.91,3.9,3.5,3.9,3.6,1.91,1.91,3.9,3.5,3.9,3.5,2.75,1.52,1.91,1.85,2.0,2.8,1.5,1.93,1.9,1.95,4.1,3.7,4.2,3.8,,,,,,,,,,,,,,,6.0,8.0,0.0,12.0,8.0,2.0,7.0,10.0,0.0,19.0,4.0,1.0,0.0,1.0
38,12,2026-04-25 19:00,Atletico Madrid,Athletic Bilbao,3,2,1,SP1,/,Ath Madrid,Ath Bilbao,1.0,-0.5,-0.25,1.9,1.83,3.15,1.91,1.82,1.99,1.77,3.44,1.8,1.93,3.53,2.03,3.48,2.16,1.98,1.88,3.1,2.0,1.85,2.1,1.73,3.5,1.93,1.93,3.7,2.0,3.6,2.2,3.1,3.3,3.6,2.1,3.4,2.25,,,,,,,,,,,,,,,3.15,3.4,3.45,2.02,3.5,2.12,3.13,3.3,3.5,2.1,3.5,2.2,3.2,3.5,3.5,2.05,3.4,2.2,3.25,3.5,3.5,2.05,3.4,2.2,3.2,3.5,3.5,2.05,3.4,2.15,1.98,1.91,3.25,2.0,1.85,2.1,1.87,3.7,1.93,2.1,3.7,2.1,3.75,2.25,,,,,,,,,,,,,,,4.0,12.0,0.0,12.0,4.0,0.0,3.0,8.0,0.0,6.0,4.0,1.0,0.0,0.0
38,13,2026-04-26 19:00,Villarreal,Celta Vigo,2,1,1,SP1,/,Villarreal,Celta,0.97,-0.5,-0.5,1.95,1.79,3.57,1.76,1.95,2.19,1.64,3.83,1.85,1.85,3.64,1.89,3.35,2.03,2.03,1.83,3.7,1.8,2.05,2.2,1.67,3.8,1.93,1.93,3.6,1.91,3.4,2.05,3.5,3.6,3.75,1.91,3.5,2.05,,,,,,,,,,,,,,,3.7,3.95,3.45,1.88,3.35,1.98,3.3,4.0,3.6,1.9,3.4,2.0,3.6,3.8,3.75,1.9,3.4,2.05,3.6,3.8,3.75,1.91,3.4,2.05,3.6,3.75,3.7,1.91,3.3,2.05,2.03,1.83,3.8,1.81,2.05,2.3,1.67,4.0,1.93,1.93,3.75,1.95,3.5,2.1,,,,,,,,,,,,,,,5.0,16.0,0.0,9.0,3.0,6.0,7.0,13.0,0.0,13.0,4.0,0.0,2.0,3.0
38,14,2026-04-25 16:00,Bologna,Roma,0,2,2,I1,/,Bologna,Roma,1.0,0.25,0.25,1.72,2.05,2.38,1.98,1.76,1.73,2.03,2.13,1.79,1.99,3.25,3.44,3.21,2.98,1.73,2.1,2.4,2.03,1.83,1.73,2.1,2.1,1.8,2.05,3.2,3.8,3.2,3.1,2.38,,,,3.3,3.0,,,,,,,,,,,,,,,2.32,2.18,3.15,3.35,3.25,2.95,2.38,,,,3.25,3.0,2.45,2.15,3.25,3.5,3.25,2.87,2.45,,,,3.25,2.87,2.45,2.15,3.25,3.4,3.25,2.87,1.8,2.1,2.45,2.03,1.83,1.8,2.1,2.2,1.84,2.05,3.4,3.8,3.3,3.1,,,,,,,,,,,,,,,7.0,16.0,0.0,7.0,2.0,3.0,7.0,10.0,0.0,10.0,2.0,2.0,0.0,0.0
38,15,2026-04-26 18:45,Milan,Juventus,0,0,0,I1,/,Milan,Juventus,1.0,0.0,0.0,1.81,1.94,2.45,1.72,2.02,1.74,2.02,2.71,1.88,1.86,3.07,2.68,3.11,2.93,1.88,1.98,2.45,1.7,2.1,1.73,2.1,2.75,1.93,1.93,3.1,2.75,3.1,3.1,2.5,2.75,3.2,2.63,3.2,2.88,,,,,,,,,,,,,,,2.4,2.75,3.0,2.65,3.05,3.0,2.4,2.7,3.13,2.7,3.2,2.9,2.5,2.75,3.1,2.7,3.2,2.9,2.5,2.75,3.1,2.7,3.2,2.9,2.5,2.7,3.1,2.7,3.2,2.9,1.88,2.0,2.6,1.8,2.1,1.8,2.1,2.75,1.93,1.93,3.2,2.75,3.2,3.1,,,,,,,,,,,,,,,3.0,8.0,0.0,10.0,5.0,3.0,1.0,12.0,0.0,8.0,1.0,0.0,0.0,2.0
39,1,2026-05-03 17:00,Hesap.com Antalyaspor,Corendon Alanyaspor,0,0,0,T1,/,Antalyaspor,Alanyaspor,1.0,0.0,0.25,1.75,1.97,2.26,1.94,1.77,1.71,2.03,2.48,1.81,1.9,3.18,2.71,3.25,2.94,1.78,2.03,2.25,2.0,1.8,1.73,2.08,2.57,1.88,1.93,3.1,2.7,3.25,3.1,2.3,2.5,3.2,2.63,3.3,2.88,,,,,,,,,,,,,,,2.25,2.35,3.35,2.88,3.35,3.0,2.25,2.6,3.25,2.63,3.25,2.9,2.35,2.5,3.2,2.75,3.3,2.9,2.37,2.6,3.25,2.8,3.4,3.0,2.37,2.5,3.2,2.75,3.3,2.9,1.8,2.03,2.37,2.0,1.8,1.77,2.1,2.6,1.88,2.0,3.35,2.88,3.4,3.1,,,,,,,,,,,,,,,8.0,15.0,0.0,8.0,2.0,5.0,3.0,10.0,0.0,7.0,1.0,0.0,0.0,4.0
39,2,2026-05-03 17:00,Mısırlı.com.tr Fatih Karagümrük,Natura Dünyası Gençlerbirliği,1,0,1,T1,/,Karagumruk,Genclerbirligi,0.97,-0.25,0.0,1.76,1.96,2.59,1.85,1.85,1.66,2.1,2.89,1.71,2.02,3.17,2.36,3.24,2.52,1.8,2.0,2.57,1.9,1.9,1.75,2.05,2.85,1.75,2.05,3.3,2.35,3.3,2.57,2.6,2.88,3.1,2.38,3.25,2.5,,,,,,,,,,,,,,,2.7,2.9,3.3,2.35,3.3,2.45,2.5,2.88,3.25,2.4,3.2,2.6,2.6,2.9,3.2,2.4,3.4,2.5,2.7,2.9,3.25,2.45,3.4,2.6,2.62,2.9,3.25,2.4,3.4,2.5,1.8,2.02,2.7,1.9,1.9,1.75,2.2,3.14,1.75,2.1,3.3,2.5,3.4,2.62,,,,,,,,,,,,,,,6.0,9.0,0.0,13.0,4.0,2.0,1.0,13.0,0.0,6.0,2.0,0.0,1.0,2.0
39,3,2026-05-02 17:00,Fenerbahçe,Rams Başakşehir,3,1,1,T1,/,Fenerbahce,Buyuksehyr,1.0,-0.75,-0.75,2.41,1.51,4.57,1.95,1.76,2.42,1.5,4.17,1.84,1.87,4.02,1.68,4.04,1.6,2.5,1.5,4.5,2.0,1.8,2.4,1.53,4.1,1.85,1.95,4.2,1.68,4.33,1.61,4.6,4.5,4.0,1.62,4.0,1.6,,,,,,,,,,,,,,,5.0,4.7,4.0,1.64,3.9,1.61,4.4,4.1,4.0,1.73,4.0,1.62,4.75,4.1,4.1,1.71,4.2,1.61,,,,,,,4.8,4.2,4.2,1.73,4.2,1.61,2.63,1.6,5.0,2.0,1.8,2.63,1.55,4.7,1.9,1.95,4.2,1.73,4.33,1.63,,,,,,,,,,,,,,,2.0,3.0,0.0,15.0,4.0,2.0,10.0,13.0,0.0,22.0,9.0,1.0,1.0,2.0
39,4,2026-05-01 17:00,Gaziantep FK,Beşiktaş,0,2,2,T1,/,Gaziantep,Besiktas,1.0,0.25,0.5,2.49,1.48,1.9,1.87,1.82,2.28,1.56,2.22,1.93,1.78,3.57,2.8,3.75,3.38,2.6,1.48,1.86,1.9,1.9,2.15,1.67,2.2,1.98,1.83,3.5,3.0,3.9,3.6,1.91,2.2,3.75,2.75,3.75,3.25,,,,,,,,,,,,,,,1.89,2.28,3.65,2.75,3.75,3.55,1.87,2.25,3.7,2.8,3.8,3.4,1.95,2.2,3.6,2.87,3.7,3.4,2.0,,,,3.8,3.5,1.95,2.25,3.6,2.87,3.75,3.4,2.63,1.53,2.0,1.93,1.9,2.38,1.67,2.28,2.0,1.83,3.75,3.0,3.9,3.6,,,,,,,,,,,,,,,2.0,15.0,0.0,12.0,5.0,0.0,8.0,5.0,0.0,17.0,4.0,2.0,0.0,1.0
39,5,2026-05-03 17:00,Kasımpaşa,Kocaelispor,1,1,0,T1,/,Kasimpasa,Kocaelispor,1.0,-0.5,-0.25,1.56,2.28,3.29,1.87,1.83,1.64,2.15,3.82,1.79,1.9,3.2,1.96,3.09,2.17,1.6,2.3,3.4,1.9,1.9,1.67,2.15,4.33,1.93,1.88,3.3,1.86,3.1,2.2,3.25,3.75,3.25,1.95,3.1,2.2,,,,,,,,,,,,,,,3.4,3.6,3.25,2.04,3.1,2.2,3.3,4.0,3.3,1.91,3.1,2.15,3.2,3.9,3.2,1.98,3.2,2.2,3.25,4.0,3.25,2.0,3.25,2.25,3.25,4.0,3.25,2.0,3.25,2.25,1.6,2.38,3.5,1.9,1.9,1.67,2.2,4.33,1.93,2.0,3.3,2.08,3.25,2.25,,,,,,,,,,,,,,,5.0,17.0,0.0,5.0,1.0,1.0,6.0,14.0,0.0,13.0,4.0,1.0,1.0,0.0
39,6,2026-05-03 17:00,Zecorner Kayserispor,ikas Eyüpspor,1,1,0,T1,/,Kayserispor,Eyupspor,1.0,-0.75,-0.75,1.84,1.88,4.2,1.79,1.91,1.92,1.8,4.83,1.92,1.78,3.64,1.66,3.57,1.76,1.88,1.93,4.5,1.83,1.98,1.98,1.83,5.0,2.0,1.8,3.9,1.61,3.75,1.71,4.2,4.6,3.6,1.67,3.6,1.73,,,,,,,,,,,,,,,3.95,4.4,3.7,1.73,3.55,1.85,4.4,5.0,3.75,1.65,3.5,1.73,4.1,4.8,3.7,1.68,3.6,1.8,4.2,5.0,3.8,1.7,3.7,1.83,4.2,4.8,3.75,1.7,3.6,1.8,1.91,1.93,4.65,1.83,1.98,2.0,1.83,5.4,2.0,1.8,3.9,1.73,3.75,1.85,,,,,,,,,,,,,,,3.0,16.0,0.0,11.0,4.0,0.0,9.0,12.0,0.0,21.0,5.0,1.0,0.0,0.0
39,7,2026-05-01 14:00,Çaykur Rizespor,Tümosan Konyaspor,3,2,1,T1,/,Rizespor,Konyaspor,1.0,-0.75,-0.5,2.08,1.68,3.73,1.88,1.81,2.32,1.54,4.34,1.89,1.81,3.93,1.66,3.61,1.85,2.1,1.7,4.0,1.95,1.85,2.35,1.57,4.5,1.98,1.83,4.0,1.62,3.6,1.81,3.75,4.0,4.0,1.7,3.6,1.83,,,,,,,,,,,,,,,3.6,4.5,4.0,1.66,3.6,1.92,3.8,4.4,4.0,1.67,3.7,1.85,3.75,4.4,4.0,1.68,3.7,1.87,3.8,,,,3.75,1.91,3.8,4.5,4.0,1.7,3.7,1.91,2.2,1.72,4.0,1.95,1.85,2.4,1.57,4.65,1.98,1.83,4.0,1.7,3.75,1.92,,,,,,,,,,,,,,,2.0,17.0,0.0,11.0,5.0,2.0,1.0,12.0,0.0,15.0,7.0,1.0,1.0,1.0
39,8,2026-05-02 17:00,Samsunspor,Galatasaray,4,1,1,T1,/,Samsunspor,Galatasaray,1.0,0.75,0.75,2.23,1.59,1.6,1.76,1.95,2.29,1.56,1.63,1.77,1.94,3.99,4.48,4.03,4.65,2.3,1.6,1.61,1.8,2.0,2.35,1.57,1.62,1.8,2.0,4.33,4.33,4.33,4.5,1.62,1.67,3.75,4.33,4.0,4.5,,,,,,,,,,,,,,,1.57,1.63,3.95,4.8,4.0,5.2,1.62,1.62,4.1,4.75,3.9,4.6,1.65,1.68,4.1,4.33,4.1,4.5,,,,,,,1.65,1.7,4.2,4.33,4.2,4.5,2.38,1.63,1.65,1.8,2.0,2.4,1.58,1.7,1.8,2.0,4.33,4.8,4.33,5.2,,,,,,,,,,,,,,,6.0,14.0,1.0,13.0,3.0,0.0,3.0,15.0,0.0,13.0,8.0,1.0,1.0,3.0
39,9,2026-05-02 17:00,Trabzonspor,Göztepe,1,1,0,T1,/,Trabzonspor,Goztep,0.97,-0.75,-0.5,1.97,1.76,4.06,1.97,1.74,2.08,1.67,4.29,1.79,1.91,3.66,1.72,3.63,1.76,2.0,1.8,4.2,2.05,1.75,2.08,1.73,4.2,1.8,2.0,3.8,1.71,3.75,1.76,4.0,4.0,3.6,1.8,3.6,1.8,,,,,,,,,,,,,,,4.25,4.75,3.9,1.65,3.6,1.77,4.1,4.2,3.75,1.75,3.6,1.75,4.1,4.2,3.7,1.78,3.7,1.8,,,,,,,4.2,4.2,3.7,1.8,3.7,1.8,2.0,1.8,4.25,2.05,1.77,2.1,1.73,4.75,1.9,2.0,3.9,1.8,3.8,1.81,,,,,,,,,,,,,,,3.0,22.0,0.0,18.0,2.0,4.0,4.0,14.0,1.0,10.0,4.0,1.0,0.0,6.0
39,10,2026-05-02 13:30,TSG Hoffenheim,Vfb Stuttgart,3,3,0,D1,/,Hoffenheim,Stuttgart,0.94,-0.25,-0.25,3.1,1.34,2.63,1.74,2.0,3.06,1.35,2.82,1.87,1.88,3.98,2.16,3.98,2.27,3.2,1.36,2.6,1.78,2.03,3.2,1.36,2.88,1.93,1.93,4.1,2.15,4.2,2.3,2.63,2.8,4.2,2.15,4.2,2.25,,,,,,,,,,,,,,,2.65,2.8,3.9,2.16,3.95,2.25,2.55,2.88,4.0,2.15,3.8,2.25,2.7,2.9,4.0,2.15,4.1,2.25,2.7,2.9,4.0,2.15,4.0,2.25,2.7,2.87,4.0,2.15,4.0,2.25,3.25,1.38,2.7,1.78,2.03,3.3,1.38,2.9,1.93,1.95,4.2,2.22,4.2,2.38,,,,,,,,,,,,,,,5.0,9.0,1.0,14.0,5.0,1.0,4.0,18.0,0.0,22.0,9.0,1.0,2.0,3.0
39,11,2026-05-02 16:30,Bayer Leverkusen,RB Leipzig,4,1,1,D1,/,Leverkusen,RB Leipzig,1.0,-0.25,-0.25,3.02,1.36,2.9,1.91,1.87,3.09,1.35,2.93,1.92,1.83,4.0,2.09,3.98,2.1,3.2,1.36,2.88,1.93,1.93,3.2,1.36,3.1,2.03,1.83,4.0,2.1,4.2,2.1,3.0,2.88,4.0,2.15,4.0,2.1,,,,,,,,,,,,,,,,2.95,3.85,2.1,,,,3.0,4.1,2.05,,,3.0,2.95,4.0,2.1,4.1,2.1,,,,,,,3.0,2.9,4.0,2.1,4.0,2.1,3.2,1.38,3.0,1.95,1.93,3.25,1.38,3.1,2.03,1.9,4.2,2.2,4.2,2.2,,,,,,,,,,,,,,,3.0,12.0,0.0,14.0,5.0,3.0,7.0,7.0,0.0,23.0,8.0,0.0,2.0,1.0
39,12,2026-05-03 18:45,Olympique Lyon,Rennes,4,2,1,F1,/,Lyon,Rennes,0.97,-0.25,-0.25,2.14,1.65,2.99,1.87,1.88,2.42,1.51,3.16,1.98,1.8,3.76,2.05,3.59,2.16,2.2,1.67,2.88,1.93,1.93,2.38,1.57,3.1,2.0,1.85,3.8,2.1,3.5,2.1,3.0,,,,3.6,2.2,,,,,,,,,,,,,,,3.1,3.15,3.75,2.04,3.55,2.14,2.9,,,,3.5,2.15,3.0,3.25,3.8,2.05,3.7,2.2,3.0,,,,3.7,2.2,3.0,3.2,3.8,2.05,3.7,2.2,2.2,1.67,3.1,1.93,1.93,2.5,1.57,3.25,2.0,1.85,3.8,2.1,3.7,2.2,,,,,,,,,,,,,,,5.0,14.0,0.0,8.0,5.0,3.0,7.0,10.0,0.0,16.0,9.0,1.0,2.0,0.0
39,13,2026-05-03 14:30,Manchester United,Liverpool,3,2,1,E0,/,Man United,Liverpool,1.0,-0.25,-0.25,2.58,1.47,2.76,1.76,1.98,2.53,1.49,2.74,1.77,2.01,3.71,2.35,3.73,2.29,2.63,1.5,2.75,1.83,2.03,2.5,1.53,2.8,1.8,2.05,3.75,2.35,3.8,2.3,2.8,,,,3.8,2.3,,,,,,,,,,,,,,,2.8,2.7,3.65,2.38,3.7,2.28,2.75,,,,3.75,2.25,2.75,2.75,3.75,2.3,3.9,2.3,2.75,,,,3.9,2.3,2.7,2.75,3.7,2.3,3.8,2.3,2.7,1.5,2.85,1.83,2.03,2.63,1.53,2.83,1.8,2.05,3.8,2.4,3.9,2.38,,,,,,,,,,,,,,,2.0,11.0,0.0,13.0,5.0,2.0,3.0,12.0,0.0,18.0,6.0,0.0,2.0,2.0
39,14,2026-05-02 13:00,Udinese,Torino,2,0,1,I1,/,Udinese,Torino,1.0,-0.5,-0.25,1.69,2.09,3.2,1.82,1.92,1.73,2.05,3.84,1.8,1.93,3.31,1.98,3.19,2.25,1.73,2.1,3.3,1.88,1.98,1.73,2.1,4.0,1.85,2.0,3.3,2.0,3.2,2.3,3.1,3.75,3.4,2.0,3.3,2.3,,,,,,,,,,,,,,,3.3,3.8,3.3,1.97,3.2,2.18,3.3,4.0,3.25,2.0,3.1,2.3,3.1,3.9,3.3,2.0,3.25,2.3,3.2,,,,3.25,2.3,3.1,3.8,3.3,2.0,3.25,2.3,1.73,2.12,3.33,1.88,1.98,1.8,2.1,4.0,1.85,2.0,3.4,2.0,3.3,2.3,,,,,,,,,,,,,,,2.0,18.0,0.0,9.0,1.0,1.0,5.0,11.0,0.0,19.0,8.0,0.0,1.0,1.0
39,15,2026-05-02 16:00,Como,Napoli,0,0,0,I1,/,Como,Napoli,1.0,-0.25,-0.25,1.68,2.12,3.18,1.86,1.92,1.7,2.09,3.34,1.9,1.85,3.17,2.21,3.26,2.24,1.67,2.2,3.3,1.9,1.95,1.73,2.1,3.5,1.98,1.88,3.2,2.2,3.3,2.25,3.1,3.25,3.3,2.2,3.3,2.3,,,,,,,,,,,,,,,,3.35,3.1,2.2,,,,3.4,3.3,2.15,,,3.2,3.3,3.2,2.25,3.3,2.25,,,,,,,3.1,3.3,3.2,2.25,3.3,2.25,1.73,2.2,3.33,1.9,1.95,1.75,2.14,3.5,1.98,1.9,3.3,2.28,3.3,2.3,,,,,,,,,,,,,,,2.0,10.0,0.0,8.0,1.0,1.0,3.0,11.0,0.0,16.0,5.0,0.0,0.0,1.0
40,1,2026-05-09 17:00,Corendon Alanyaspor,Zecorner Kayserispor,3,1,1,T1,/,Alanyaspor,Kayserispor,1.0,0.0,-0.25,1.97,1.75,2.93,1.79,1.91,1.97,1.74,2.55,1.85,1.84,3.37,2.5,3.47,2.18,2.0,1.8,3.0,1.85,1.95,2.0,1.8,2.5,1.9,1.9,3.5,2.5,3.6,2.15,2.88,2.5,3.4,2.5,3.5,2.2,2.04,1.86,3.05,1.88,2.01,2.1,1.87,2.82,2.04,1.93,3.5,2.68,3.65,2.32,3.05,2.7,3.4,2.48,3.45,2.17,2.88,2.55,3.5,2.5,3.4,2.2,3.0,2.55,3.4,2.55,3.5,2.15,3.1,2.6,3.5,2.6,3.6,2.2,3.1,2.6,3.4,2.6,3.6,2.2,2.0,1.8,3.1,1.85,1.95,2.0,1.8,2.7,1.9,1.9,3.5,2.62,3.6,2.28,,,,,,,,,,,,,,,7.0,15.0,0.0,19.0,9.0,2.0,1.0,13.0,0.0,13.0,8.0,1.0,2.0,2.0
40,2,2026-05-09 17:00,Rams Başakşehir,Samsunspor,3,0,1,T1,/,Buyuksehyr,Samsunspor,1.0,-0.75,-0.5,1.99,1.74,3.68,1.88,1.81,2.3,1.55,4.04,1.77,1.94,3.82,1.74,3.58,1.87,2.05,1.75,3.9,1.95,1.85,2.35,1.57,4.0,1.8,2.0,4.0,1.76,3.7,1.81,3.6,4.0,3.75,1.73,3.6,1.9,2.12,1.79,4.1,1.98,1.91,2.48,1.65,4.5,1.89,2.09,4.0,1.86,3.8,1.91,3.55,4.3,3.95,1.7,3.55,1.97,3.75,4.0,3.9,1.75,3.5,1.83,3.75,3.9,3.8,1.8,3.6,1.87,3.8,4.0,3.9,1.8,3.7,1.91,3.8,4.0,3.9,1.8,3.7,1.91,2.1,1.8,4.0,1.95,1.85,2.4,1.6,4.3,1.8,2.0,4.0,1.8,3.75,1.97,,,,,,,,,,,,,,,5.0,13.0,0.0,9.0,1.0,2.0,2.0,13.0,0.0,19.0,6.0,0.0,2.0,2.0
40,3,2026-05-09 17:00,Beşiktaş,Trabzonspor,1,2,2,T1,/,Besiktas,Trabzonspor,1.0,-0.75,-0.25,2.32,1.54,3.12,1.92,1.79,3.06,1.33,3.93,1.87,1.84,4.21,1.69,3.62,2.04,2.35,1.57,3.1,1.98,1.83,3.4,1.33,3.8,1.93,1.88,4.33,1.68,3.7,2.05,3.1,4.0,4.2,1.67,3.6,2.05,2.36,1.63,3.25,2.02,1.87,3.4,1.41,4.5,2.02,1.95,4.4,1.78,3.75,2.14,3.35,4.0,4.1,1.72,3.7,1.98,3.0,3.9,4.2,1.73,3.6,2.05,3.1,3.9,4.33,1.71,3.6,2.1,3.2,4.0,4.4,1.73,3.7,2.1,3.2,4.0,4.33,1.73,3.6,2.1,2.4,1.61,3.35,1.98,1.83,3.4,1.38,4.2,1.93,1.88,4.5,1.73,3.75,2.12,,,,,,,,,,,,,,,3.0,13.0,0.0,10.0,6.0,2.0,6.0,12.0,0.0,21.0,5.0,1.0,1.0,1.0
40,4,2026-05-09 17:00,ikas Eyüpspor,Çaykur Rizespor,4,0,1,T1,/,Eyupspor,Rizespor,1.0,0.25,-0.25,1.94,1.78,3.02,1.9,1.81,1.99,1.73,2.27,1.94,1.77,3.36,2.8,3.44,2.13,2.0,1.8,3.1,1.93,1.88,2.08,1.73,2.25,1.98,1.83,3.6,2.82,3.6,2.1,3.2,2.3,3.5,2.75,3.4,2.05,2.04,1.84,3.3,2.02,1.92,2.18,1.82,2.48,2.12,1.84,3.65,3.0,3.8,2.2,2.65,2.28,3.45,2.9,3.1,2.33,3.1,2.25,3.5,2.9,3.4,2.1,3.1,2.25,3.5,2.87,3.5,2.15,3.2,2.3,3.6,2.9,3.6,2.15,3.2,2.3,3.5,2.9,3.5,2.15,2.0,1.87,3.2,1.93,1.88,2.1,1.8,2.4,2.0,1.83,3.6,2.92,3.8,2.33,,,,,,,,,,,,,,,6.0,10.0,0.0,14.0,4.0,0.0,3.0,8.0,0.0,11.0,6.0,0.0,3.0,0.0
40,5,2026-05-09 17:00,Galatasaray,Hesap.com Antalyaspor,4,2,1,T1,/,Galatasaray,Antalyaspor,1.0,-2.5,-2.25,2.98,1.35,12.91,1.77,1.94,3.35,1.28,16.5,1.85,1.84,8.55,1.11,7.25,1.15,3.1,1.36,15.0,1.8,2.0,3.6,1.29,19.0,1.95,1.85,9.0,1.08,7.0,1.13,12.0,15.0,8.0,1.11,7.0,1.17,3.05,1.41,18.0,1.82,2.05,3.8,1.34,28.0,1.94,1.99,11.0,1.13,8.4,1.18,15.0,17.0,8.0,1.12,7.5,1.15,15.0,21.0,9.5,1.08,7.0,1.13,11.5,16.0,9.25,1.13,7.5,1.19,12.0,17.0,9.5,1.13,8.0,1.2,12.0,15.0,9.5,1.13,7.5,1.2,3.1,1.38,15.0,1.8,2.0,3.6,1.3,21.0,1.95,1.86,9.5,1.13,9.0,1.2,,,,,,,,,,,,,,,1.0,15.0,0.0,8.0,2.0,3.0,6.0,10.0,0.0,23.0,9.0,1.0,0.0,4.0
40,6,2026-05-09 17:00,Natura Dünyası Gençlerbirliği,Kasımpaşa,3,2,1,T1,/,Genclerbirligi,Kasimpasa,1.0,-0.25,-0.25,1.68,2.06,2.9,1.72,1.99,1.63,2.15,3.18,1.84,1.86,3.08,2.25,3.18,2.34,1.7,2.1,3.0,1.75,2.05,1.62,2.25,3.4,1.9,1.9,3.1,2.2,3.2,2.35,2.88,3.1,3.1,2.25,3.2,2.3,1.72,2.1,3.15,1.81,2.09,1.71,2.38,3.7,1.95,2.01,3.15,2.4,3.2,2.46,2.9,2.95,3.25,2.35,3.2,2.38,2.9,3.3,3.13,2.2,3.13,2.3,2.9,3.2,3.1,2.25,3.25,2.37,2.9,3.3,3.2,2.3,3.3,2.4,2.9,3.25,3.1,2.3,3.3,2.4,1.73,2.1,3.0,1.75,2.05,1.68,2.25,3.5,1.9,1.93,3.25,2.35,3.3,2.4,,,,,,,,,,,,,,,4.0,24.0,1.0,10.0,4.0,10.0,5.0,11.0,0.0,14.0,8.0,2.0,2.0,4.0
40,7,2026-05-09 17:00,Göztepe,Gaziantep FK,2,1,1,T1,/,Goztep,Gaziantep,0.97,-1.0,-1.0,1.96,1.76,5.77,1.89,1.81,2.11,1.66,5.22,1.78,1.93,4.07,1.54,4.09,1.49,2.0,1.8,5.75,1.95,1.85,2.15,1.67,5.0,1.8,2.0,4.33,1.53,4.33,1.46,6.0,5.5,4.0,1.53,4.0,1.5,2.06,1.81,6.8,1.98,1.9,2.32,1.74,6.0,1.9,2.07,4.5,1.62,4.3,1.53,5.6,5.75,4.1,1.53,4.1,1.53,6.0,5.25,4.0,1.57,4.0,1.45,5.75,5.0,4.2,1.58,4.2,1.53,5.75,5.0,4.33,1.6,4.2,1.55,5.75,5.0,4.2,1.6,4.2,1.53,2.0,1.8,6.2,1.95,1.85,2.2,1.71,5.75,1.81,2.0,4.33,1.6,4.5,1.55,,,,,,,,,,,,,,,7.0,10.0,0.0,14.0,2.0,2.0,8.0,21.0,0.0,19.0,6.0,0.0,1.0,2.0
40,8,2026-05-09 17:00,Kocaelispor,Mısırlı.com.tr Fatih Karagümrük,0,1,2,T1,/,Kocaelispor,Karagumruk,0.97,-0.5,-0.5,1.75,1.98,3.72,1.79,1.89,1.72,2.01,3.44,1.72,1.99,3.22,2.03,3.33,1.9,1.78,2.03,3.6,1.78,2.03,1.78,2.03,3.5,1.73,2.08,3.4,2.05,3.4,2.01,3.6,3.4,3.3,2.05,3.3,1.95,1.79,2.06,3.75,1.81,2.08,1.88,2.1,4.0,1.87,2.12,3.45,2.12,3.45,2.06,4.1,3.4,3.2,2.12,3.3,1.87,3.6,3.5,3.3,2.05,3.3,1.95,3.75,3.5,3.25,2.05,3.5,1.93,3.5,3.4,3.1,2.0,3.3,1.85,3.5,3.4,3.1,2.0,3.3,1.85,1.8,2.07,4.1,1.85,2.03,1.78,2.1,3.66,1.75,2.08,3.4,2.12,3.5,2.01,,,,,,,,,,,,,,,3.0,13.0,0.0,6.0,1.0,0.0,3.0,13.0,0.0,8.0,0.0,0.0,0.0,2.0
40,9,2026-05-09 17:00,Tümosan Konyaspor,Fenerbahçe,0,3,2,T1,/,Konyaspor,Fenerbahce,1.0,0.75,1.25,2.18,1.61,1.43,1.94,1.77,2.12,1.65,1.64,1.8,1.91,3.85,4.66,4.35,6.34,2.25,1.62,1.39,2.0,1.8,2.15,1.67,1.62,1.85,1.95,3.9,4.5,4.2,5.75,1.4,1.67,3.75,4.33,4.33,6.5,2.38,1.55,1.5,1.9,1.75,2.32,1.74,1.73,1.93,2.04,4.1,5.3,4.7,7.0,1.44,1.61,3.9,5.0,4.35,6.5,1.44,1.65,3.9,4.75,4.33,6.0,1.46,1.65,4.0,4.6,4.4,6.25,1.48,1.67,4.2,4.6,4.5,6.5,1.48,1.67,4.0,4.6,4.4,6.5,2.25,1.65,1.48,2.0,1.8,2.2,1.68,1.67,1.85,1.95,4.2,5.0,4.75,7.0,,,,,,,,,,,,,,,2.0,7.0,0.0,23.0,11.0,2.0,6.0,16.0,0.0,10.0,2.0,1.0,0.0,4.0
40,10,2026-05-09 13:30,Vfb Stuttgart,Bayer Leverkusen,3,1,1,D1,/,Stuttgart,Leverkusen,0.97,-0.5,-0.25,3.22,1.33,2.82,1.86,1.9,3.37,1.3,3.12,1.79,1.94,4.12,1.99,3.96,2.13,3.4,1.33,2.8,1.9,1.95,3.5,1.3,3.2,1.85,2.0,4.1,2.0,4.0,2.15,,3.0,4.2,2.05,,,3.55,1.37,3.0,1.95,1.99,3.85,1.34,3.4,1.91,2.09,4.3,2.08,4.1,2.26,,3.2,4.0,1.95,,,,3.1,4.2,2.0,,,2.9,3.2,4.1,2.0,4.1,2.1,,3.2,4.2,2.0,,,,3.2,4.0,2.0,,,3.4,1.34,2.9,1.9,1.95,3.6,1.32,3.2,1.85,2.0,4.33,2.05,4.1,2.2,,,,,,,,,,,,,,,6.0,8.0,0.0,6.0,5.0,1.0,7.0,13.0,0.0,20.0,9.0,1.0,2.0,2.0
40,11,2026-05-10 19:00,Monaco,Lille,0,1,2,F1,/,Monaco,Lille,1.0,0.0,-0.25,2.24,1.6,2.75,1.77,1.97,2.22,1.62,2.53,1.85,1.89,3.59,2.53,3.66,2.28,2.3,1.62,2.75,1.8,2.05,2.2,1.67,2.5,1.88,1.98,3.7,2.6,3.8,2.3,2.8,2.5,3.6,2.6,3.75,2.3,2.36,1.64,2.8,1.81,2.15,2.3,1.74,2.7,1.97,2.01,3.75,2.72,3.85,2.46,2.8,2.6,3.65,2.4,3.6,2.25,2.75,2.5,3.6,2.6,3.5,2.25,2.75,2.6,3.5,2.55,3.75,2.35,2.75,2.6,3.5,2.6,3.75,2.37,2.7,2.6,3.5,2.5,3.75,2.3,2.3,1.62,2.83,1.8,2.05,2.3,1.67,2.6,1.9,1.98,3.7,2.63,3.8,2.38,,,,,,,,,,,,,,,2.0,10.0,0.0,7.0,2.0,3.0,5.0,13.0,0.0,7.0,3.0,0.0,0.0,1.0
40,12,2026-05-09 11:30,Liverpool,Chelsea,1,1,0,E0,/,Liverpool,Chelsea,1.0,-0.5,-0.5,2.8,1.41,3.81,1.94,1.78,2.33,1.58,3.48,1.79,1.94,3.69,1.99,3.95,1.82,2.75,1.44,3.9,2.03,1.83,2.3,1.62,3.4,1.83,2.03,3.75,2.0,4.0,1.83,,3.3,3.8,2.05,,,3.1,1.46,4.1,2.08,1.9,,,,,,,,4.2,1.9,,3.6,3.6,1.97,,,,3.5,3.6,2.0,,,3.8,3.5,3.7,1.98,4.0,1.83,,,,,,,,3.5,3.75,1.95,,,3.0,1.44,4.0,2.03,1.83,2.5,1.62,3.65,1.84,2.03,3.8,2.05,4.0,1.84,,,,,,,,,,,,,,,2.0,17.0,0.0,6.0,3.0,4.0,5.0,17.0,0.0,8.0,3.0,1.0,1.0,2.0
40,13,2026-05-09 19:00,Real Sociedad,Real Betis,2,2,0,SP1,/,Sociedad,Betis,0.94,0.0,0.0,2.2,1.62,2.59,1.91,1.84,2.19,1.64,2.64,1.9,1.85,3.49,2.5,3.55,2.48,2.2,1.67,2.7,1.98,1.88,2.2,1.67,2.63,1.93,1.93,3.5,2.6,3.5,2.55,2.63,2.63,3.5,2.5,3.6,2.5,2.36,1.69,2.72,2.0,1.97,2.36,1.73,2.82,2.02,1.96,3.55,2.74,3.8,2.68,2.6,2.65,3.45,2.45,3.5,2.48,2.5,2.55,3.7,2.55,3.5,2.45,2.6,2.7,3.5,2.5,3.6,2.5,2.6,2.7,3.5,2.5,3.7,2.5,2.6,2.7,3.5,2.45,3.6,2.5,2.25,1.67,2.7,1.98,1.88,2.25,1.68,2.7,1.94,1.93,3.7,2.6,3.7,2.6,,,,,,,,,,,,,,,3.0,9.0,1.0,14.0,6.0,3.0,4.0,12.0,0.0,14.0,6.0,1.0,0.0,2.0
40,14,2026-05-10 19:00,Barcelona,Real Madrid,2,0,1,SP1,/,Barcelona,Real Madrid,1.0,-0.75,-1.0,3.79,1.24,4.28,1.85,1.9,3.18,1.33,4.18,2.0,1.76,4.6,1.64,4.65,1.61,4.0,1.25,4.33,1.9,1.95,3.2,1.36,4.2,2.05,1.8,4.75,1.65,5.0,1.62,4.5,4.2,4.5,1.67,4.6,1.62,4.1,1.3,4.5,1.91,2.03,3.5,1.39,4.6,2.15,1.85,5.1,1.69,5.1,1.69,4.25,4.0,4.6,1.65,4.6,1.61,4.2,4.6,4.6,1.62,4.5,1.57,4.33,4.33,4.6,1.65,4.5,1.66,4.33,4.33,4.6,1.65,4.5,1.65,4.33,4.2,4.5,1.65,4.4,1.65,4.0,1.26,4.5,1.9,1.95,3.4,1.38,4.6,2.05,1.81,4.9,1.69,5.0,1.66,,,,,,,,,,,,,,,8.0,9.0,0.0,8.0,1.0,4.0,4.0,18.0,0.0,10.0,7.0,0.0,2.0,2.0
40,15,2026-05-09 16:00,Lazio,Inter,0,3,2,I1,/,Lazio,Inter,1.0,0.5,0.75,2.01,1.75,1.75,1.95,1.79,1.95,1.8,1.84,1.81,1.92,3.58,4.1,3.72,4.37,2.0,1.8,1.8,2.03,1.83,2.0,1.85,1.83,1.83,2.03,3.75,4.2,3.7,4.5,1.8,1.83,3.6,4.0,3.75,4.33,2.14,1.84,1.87,2.11,1.87,2.08,1.9,1.86,1.86,2.14,3.95,4.7,3.8,4.8,1.71,1.84,3.5,4.0,3.75,4.5,1.75,1.8,3.7,4.33,3.8,4.33,1.77,1.88,3.5,4.0,3.75,4.4,1.75,1.91,3.6,4.0,3.8,4.4,1.75,1.91,3.5,4.0,3.75,4.33,2.05,1.8,1.8,2.03,1.83,2.0,1.88,1.92,1.9,2.03,3.75,4.33,3.8,4.6,,,,,,,,,,,,,,,1.0,8.0,0.0,14.0,5.0,1.0,5.0,10.0,1.0,9.0,5.0,2.0,0.0,2.0
41,1,2026-05-17 17:00,Hesap.com Antalyaspor,Kocaelispor,1,0,1,T1,/,Antalyaspor,Kocaelispor,1.0,-0.75,-1.0,1.83,1.88,5.88,1.87,1.84,1.82,1.89,4.76,1.84,1.88,3.55,1.7,3.97,1.5,1.85,1.95,5.75,1.9,1.9,1.88,1.93,4.2,1.78,2.03,3.8,1.71,4.2,1.49,6.0,4.5,3.6,1.7,4.0,1.5,1.93,1.89,7.4,,,1.95,2.02,5.4,1.9,2.06,3.7,1.81,4.3,1.52,5.8,5.3,3.75,1.61,4.0,1.53,6.0,5.25,3.8,1.6,3.8,1.5,5.75,4.5,3.5,1.77,4.0,1.55,6.0,4.6,3.6,1.8,4.0,1.57,5.75,4.6,3.5,1.8,4.0,1.55,1.91,1.95,6.5,1.9,1.9,1.91,1.95,5.3,1.95,2.03,3.8,1.8,4.2,1.57,,,,,,,,,,,,,,,4.0,21.0,0.0,7.0,1.0,6.0,2.0,21.0,0.0,16.0,5.0,0.0,0.0,6.0
41,2,2026-05-16 14:00,Mısırlı.com.tr Fatih Karagümrük,Corendon Alanyaspor,2,1,1,T1,/,Karagumruk,Alanyaspor,0.97,0.25,0.0,1.81,1.9,2.46,1.81,1.89,1.91,1.8,2.2,1.86,1.84,3.35,3.03,3.26,2.66,1.88,1.93,2.57,1.85,1.95,2.0,1.8,2.15,1.93,1.88,3.3,3.2,3.2,2.65,2.5,2.25,3.4,2.88,3.25,2.6,2.0,1.83,2.7,1.9,1.95,2.06,1.94,2.32,1.98,1.97,3.45,3.45,3.35,2.78,2.35,2.35,3.35,2.88,3.25,2.9,2.5,2.2,3.5,3.0,3.25,2.6,2.5,2.1,3.5,3.2,3.3,2.65,2.6,2.15,3.5,3.2,3.4,2.7,2.5,2.15,3.5,3.2,3.3,2.7,1.91,1.95,2.6,1.85,1.95,2.0,1.89,2.35,1.93,1.9,3.5,3.2,3.4,2.9,,,,,,,,,,,,,,,4.0,13.0,0.0,11.0,4.0,0.0,0.0,12.0,0.0,8.0,4.0,1.0,0.0,1.0
41,3,2026-05-17 17:00,Fenerbahçe,ikas Eyüpspor,3,3,0,T1,/,Fenerbahce,Eyupspor,1.0,-1.25,-1.75,2.77,1.39,9.53,1.85,1.85,2.65,1.42,6.34,1.86,1.85,4.76,1.4,5.9,1.23,2.88,1.4,9.0,1.9,1.9,2.7,1.44,5.75,1.88,1.93,5.0,1.42,6.25,1.22,10.0,6.5,4.6,1.4,6.0,1.22,2.86,1.5,10.5,,,2.98,1.48,7.8,1.98,1.96,5.3,1.46,6.6,1.31,11.0,7.5,4.8,1.36,6.0,1.22,9.5,6.5,4.8,1.4,5.75,1.22,8.75,5.75,4.6,1.47,6.0,1.27,9.0,6.0,4.8,1.48,6.0,1.28,9.0,5.75,4.6,1.48,6.0,1.28,2.95,1.44,11.0,1.9,1.9,2.8,1.44,7.5,1.9,1.93,5.25,1.48,6.5,1.28,,,,,,,,,,,,,,,0.0,14.0,0.0,6.0,3.0,3.0,6.0,9.0,0.0,19.0,7.0,2.0,0.0,5.0
41,4,2026-05-16 17:00,Gaziantep FK,Rams Başakşehir,1,2,2,T1,/,Gaziantep,Buyuksehyr,1.0,0.5,0.75,2.66,1.42,1.7,1.85,1.85,3.03,1.34,1.79,1.76,1.93,4.15,3.52,4.09,3.9,2.7,1.44,1.66,1.9,1.9,3.1,1.36,1.79,1.8,2.0,4.5,3.6,4.33,4.1,1.7,1.8,4.2,3.5,4.0,4.0,2.82,1.39,1.75,1.94,1.98,3.4,1.4,1.87,1.87,2.12,4.4,4.0,4.4,4.2,1.76,1.82,4.0,3.6,4.0,3.85,1.67,1.75,4.2,3.75,4.0,4.1,1.77,1.82,4.2,3.5,4.0,3.9,,1.85,4.2,3.6,,,1.8,1.83,4.2,3.5,4.0,3.9,2.8,1.44,1.8,1.9,1.9,3.3,1.37,1.85,1.8,2.0,4.5,3.75,4.5,4.1,,,,,,,,,,,,,,,3.0,19.0,0.0,9.0,4.0,2.0,6.0,12.0,0.0,11.0,5.0,2.0,0.0,3.0
41,5,2026-05-17 17:00,Kasımpaşa,Galatasaray,1,0,1,T1,/,Kasimpasa,Galatasaray,1.0,0.25,0.5,2.03,1.71,1.88,1.88,1.81,2.26,1.57,2.14,1.87,1.83,3.5,3.02,3.52,3.67,2.08,1.73,1.91,1.98,1.83,2.3,1.6,2.15,1.95,1.85,3.5,3.0,3.5,3.75,1.9,2.2,3.5,2.88,3.5,3.6,2.14,1.79,1.97,,,2.42,1.67,2.32,2.0,1.98,3.6,3.3,3.65,4.2,1.82,2.07,3.55,3.25,3.55,4.1,1.95,2.15,3.5,3.1,3.5,3.4,1.93,2.15,3.6,3.0,3.7,3.5,1.95,2.2,3.6,3.0,3.7,3.6,1.95,2.2,3.6,3.0,3.7,3.6,2.1,1.76,1.95,1.98,1.85,2.35,1.62,2.22,1.95,1.85,3.6,3.25,3.7,4.1,,,,,,,,,,,,,,,7.0,6.0,0.0,12.0,5.0,1.0,2.0,9.0,0.0,5.0,3.0,0.0,1.0,0.0
41,6,2026-05-17 14:00,Zecorner Kayserispor,Tümosan Konyaspor,2,1,1,T1,/,Kayserispor,Konyaspor,1.0,-0.5,-0.5,2.18,1.62,3.53,1.86,1.83,2.3,1.56,3.88,1.98,1.73,3.8,1.77,3.68,1.87,2.2,1.65,3.6,1.9,1.9,2.35,1.57,4.1,2.08,1.73,4.1,1.71,3.8,1.86,3.5,3.6,3.75,1.83,3.6,1.9,2.28,1.57,3.7,,,2.5,1.64,4.7,2.17,1.83,3.95,1.82,4.0,1.99,3.7,3.75,3.75,1.85,3.5,1.9,3.5,4.1,3.9,1.75,3.6,1.87,3.5,3.9,3.8,1.78,3.75,1.9,3.6,4.0,3.9,1.8,3.8,1.91,3.6,4.0,3.9,1.8,3.8,1.91,2.25,1.65,3.7,1.9,1.9,2.4,1.6,4.2,2.08,1.77,4.1,1.85,4.0,1.91,,,,,,,,,,,,,,,3.0,12.0,1.0,16.0,3.0,2.0,4.0,10.0,0.0,15.0,10.0,0.0,0.0,0.0
41,7,2026-05-15 17:00,Çaykur Rizespor,Beşiktaş,2,2,0,T1,/,Rizespor,Besiktas,1.0,0.25,0.5,2.74,1.4,1.98,1.97,1.73,2.64,1.42,2.15,1.9,1.81,3.74,2.87,3.83,3.14,2.7,1.44,1.96,2.05,1.75,2.7,1.44,2.25,2.0,1.8,3.75,2.75,3.9,3.3,2.0,2.2,3.75,2.75,4.0,3.0,3.0,1.48,2.14,2.14,1.85,2.98,1.5,2.28,1.98,1.98,4.0,3.15,4.0,3.3,1.89,2.08,3.75,3.1,3.75,3.5,2.0,2.2,3.9,2.75,3.8,3.0,2.05,2.2,3.7,2.8,3.8,3.1,2.05,2.25,3.75,2.87,3.9,3.2,2.05,2.25,3.75,2.87,3.9,3.1,3.0,1.44,2.05,2.05,1.8,2.8,1.45,2.25,2.0,1.85,4.0,3.1,4.0,3.5,,,,,,,,,,,,,,,3.0,11.0,0.0,23.0,9.0,3.0,8.0,7.0,0.0,22.0,5.0,0.0,2.0,2.0
41,8,2026-05-16 17:00,Samsunspor,Göztepe,3,0,1,T1,/,Samsunspor,Goztep,0.97,0.25,-0.25,2.0,1.72,2.72,1.73,1.99,2.1,1.66,2.14,1.87,1.83,3.49,3.04,3.45,2.32,2.08,1.73,2.7,1.73,2.08,2.15,1.67,2.15,1.9,1.9,3.6,3.1,3.5,2.4,2.75,2.15,3.5,3.0,3.4,2.3,2.26,1.7,2.94,1.82,2.07,2.24,1.79,2.34,2.01,1.95,3.65,3.25,3.6,2.42,2.8,2.06,3.55,3.25,3.35,2.38,2.75,2.2,3.5,3.0,3.4,2.3,2.7,2.15,3.5,3.0,3.5,2.4,,2.2,3.6,3.1,,,2.7,2.2,3.5,3.1,3.5,2.4,2.1,1.78,2.85,1.8,2.08,2.15,1.73,2.24,1.93,1.9,3.6,3.25,3.8,2.4,,,,,,,,,,,,,,,4.0,18.0,1.0,22.0,5.0,3.0,0.0,10.0,0.0,14.0,9.0,0.0,1.0,3.0
41,9,2026-05-17 17:00,Trabzonspor,Natura Dünyası Gençlerbirliği,0,3,2,T1,/,Trabzonspor,Genclerbirligi,1.0,0.0,0.25,2.12,1.65,2.15,1.94,1.8,2.13,1.64,2.4,1.75,1.96,3.49,2.63,3.55,2.96,2.1,1.7,2.1,1.83,1.98,2.2,1.65,2.4,1.78,2.03,3.4,2.7,3.5,3.25,2.15,2.5,3.5,2.5,3.5,3.0,2.22,1.68,2.3,,,2.32,1.72,2.54,1.85,2.16,3.6,3.0,3.65,3.15,2.16,2.43,3.5,2.65,3.55,3.0,2.45,2.38,3.5,2.7,3.5,2.5,2.1,2.4,3.5,2.7,3.6,3.1,2.15,2.45,3.6,2.7,3.7,3.1,2.15,2.45,3.5,2.7,3.6,3.1,2.2,1.7,2.45,2.13,1.98,2.2,1.67,2.5,1.8,2.03,3.75,2.75,3.75,3.25,,,,,,,,,,,,,,,3.0,14.0,0.0,13.0,6.0,1.0,5.0,13.0,0.0,11.0,4.0,1.0,0.0,1.0
41,10,2026-05-16 13:30,Eintracht Frankfurt,Vfb Stuttgart,2,2,0,D1,/,Ein Frankfurt,Stuttgart,0.97,0.5,0.5,3.4,1.29,1.86,1.84,1.88,3.58,1.27,1.82,1.79,1.93,4.24,3.48,4.22,3.35,3.5,1.3,1.85,1.88,1.98,3.75,1.29,1.8,1.8,2.0,4.33,3.7,4.33,3.4,1.9,1.83,4.33,3.5,4.2,3.4,3.85,1.33,1.97,1.97,2.01,4.0,1.32,1.9,1.9,2.09,4.5,3.9,4.5,3.55,1.83,1.82,3.95,3.3,4.2,3.45,1.83,1.8,4.33,3.6,4.1,3.25,1.9,1.87,4.33,3.5,4.33,3.3,1.91,1.85,4.33,3.5,4.33,3.3,1.91,1.85,4.2,3.4,4.2,3.3,3.5,1.31,1.91,1.9,1.98,3.9,1.29,1.87,1.86,2.0,4.4,3.7,4.33,3.5,,,,,,,,,,,,,,,6.0,12.0,0.0,13.0,7.0,3.0,6.0,14.0,0.0,16.0,7.0,2.0,0.0,2.0
41,11,2026-05-17 19:00,Olympique Lyon,Lens,0,4,2,F1,/,Lyon,Lens,0.97,-1.0,-0.75,2.35,1.54,4.04,1.86,1.89,2.58,1.47,5.16,1.91,1.85,4.52,1.52,4.03,1.73,2.38,1.57,4.1,1.88,1.98,2.63,1.5,5.0,1.93,1.93,4.33,1.57,4.0,1.73,4.2,5.5,4.5,1.53,4.0,1.73,2.52,1.59,4.3,1.91,2.05,2.88,1.51,5.5,1.97,1.99,5.1,1.6,4.3,1.84,4.0,5.1,4.3,1.48,4.0,1.73,4.1,5.5,4.5,1.53,3.9,1.7,4.0,5.0,4.75,1.55,4.1,1.78,4.0,5.0,4.8,1.55,4.0,1.8,3.9,4.8,4.8,1.55,4.0,1.8,2.4,1.57,4.45,1.91,1.98,2.8,1.5,5.5,2.0,1.93,4.8,1.57,4.25,1.8,,,,,,,,,,,,,,,8.0,11.0,0.0,14.0,4.0,4.0,20.0,10.0,0.0,16.0,4.0,3.0,0.0,1.0
41,12,2026-05-15 19:00,Aston Villa,Liverpool,4,2,1,E0,/,Aston Villa,Liverpool,1.0,0.0,0.0,2.13,1.68,2.43,1.77,1.99,1.97,1.79,2.5,1.81,1.94,3.42,2.68,3.44,2.76,2.1,1.73,2.4,1.8,2.05,2.0,1.85,2.55,1.88,1.98,3.4,2.7,3.5,2.75,2.4,2.5,3.6,2.63,3.6,2.8,2.22,1.8,2.54,1.85,2.15,2.06,1.92,2.68,1.94,2.05,3.55,2.84,3.65,2.96,2.38,2.43,3.25,2.7,3.35,2.75,2.5,2.6,3.3,2.7,3.4,2.8,2.5,2.55,3.4,2.7,3.4,2.75,2.5,2.6,3.4,2.7,3.4,2.75,2.45,2.5,3.4,2.7,3.4,2.75,2.25,1.73,2.5,1.81,2.05,2.1,1.85,2.6,1.88,2.05,3.84,2.8,3.6,2.8,,,,,,,,,,,,,,,9.0,9.0,0.0,16.0,5.0,1.0,4.0,12.0,0.0,14.0,9.0,0.0,1.0,3.0
41,13,2026-05-19 19:15,Chelsea,Tottenham Hotspur,2,1,1,E0,/,Chelsea,Tottenham,0.97,-0.25,-0.5,2.12,1.69,3.76,1.85,1.87,1.89,1.86,3.25,1.88,1.87,3.28,2.19,3.64,1.9,2.1,1.73,3.9,1.93,1.93,1.91,1.91,3.3,1.93,1.93,3.25,2.25,3.7,1.91,3.75,3.25,3.3,2.2,3.75,1.91,2.24,1.79,4.1,2.0,1.99,1.98,2.0,3.55,1.98,2.0,3.35,2.36,3.85,1.99,3.6,3.2,3.15,2.16,3.55,1.89,4.0,3.3,3.3,2.2,3.6,1.91,3.8,3.25,3.4,2.2,3.6,1.9,3.8,,,,3.7,1.91,3.8,3.25,3.4,2.15,3.6,1.91,2.25,1.73,4.0,1.93,1.93,1.96,1.91,3.33,1.93,1.93,3.4,2.25,3.75,1.95,,,,,,,,,,,,,,,4.0,18.0,0.0,9.0,3.0,3.0,3.0,11.0,0.0,9.0,4.0,0.0,1.0,4.0
41,14,2026-05-17 19:15,Barcelona,Real Betis,3,1,1,SP1,/,Barcelona,Betis,0.97,-1.5,-1.5,3.28,1.31,7.08,1.89,1.83,3.33,1.31,7.3,1.9,1.82,5.67,1.32,5.5,1.33,3.4,1.33,7.5,1.93,1.93,3.4,1.33,7.0,1.98,1.88,6.0,1.33,6.0,1.33,7.5,8.0,5.5,1.33,5.5,1.33,3.6,1.35,8.2,1.98,1.94,3.7,1.35,8.6,2.02,1.95,6.4,1.37,6.4,1.37,7.0,6.75,5.4,1.3,5.3,1.3,7.0,8.0,5.75,1.33,5.25,1.3,6.75,7.25,5.75,1.32,5.5,1.38,6.5,7.0,5.75,1.35,5.5,1.4,6.5,7.0,5.75,1.35,5.5,1.36,3.4,1.33,8.0,2.0,1.93,3.6,1.33,8.0,1.98,1.88,6.0,1.35,6.0,1.4,,,,,,,,,,,,,,,4.0,8.0,0.0,7.0,2.0,0.0,6.0,7.0,0.0,15.0,9.0,0.0,1.0,1.0
41,15,2026-05-17 17:00,Sevilla,Real Madrid,0,1,2,SP1,/,Sevilla,Real Madrid,1.0,0.5,0.25,2.05,1.71,2.16,1.88,1.87,2.2,1.63,1.96,1.91,1.81,3.68,3.45,3.5,3.03,2.1,1.73,2.15,1.93,1.93,2.3,1.62,1.95,1.98,1.88,3.6,3.5,3.5,3.0,2.2,2.0,3.75,3.4,3.6,3.0,2.24,1.77,2.28,1.98,1.98,2.34,1.72,2.08,2.08,1.91,3.85,3.8,3.7,3.3,2.16,1.95,3.6,3.15,3.2,3.05,2.1,1.95,3.8,3.6,3.5,3.0,2.2,1.98,3.7,3.6,3.5,3.1,2.2,2.0,3.7,3.6,3.5,3.1,2.2,2.0,3.6,3.5,3.5,3.1,2.1,1.75,2.25,1.93,1.93,2.3,1.67,2.0,1.98,1.88,3.8,3.66,4.0,3.1,,,,,,,,,,,,,,,4.0,12.0,0.0,12.0,1.0,0.0,4.0,18.0,0.0,14.0,6.0,1.0,0.0,4.0
42,1,2026-05-24 16:30,Club Brugge,KAA Gent,5,0,1,B1,/,Club Brugge,Gent,0.97,-1.25,-0.5,2.86,1.37,3.67,2.0,1.72,3.1,1.33,5.51,1.9,1.82,4.93,1.43,4.15,1.72,,,,,,3.4,1.33,5.25,1.95,1.85,5.0,1.42,,,3.75,5.5,4.6,1.44,4.0,1.73,2.84,1.45,3.55,,,3.3,1.4,6.8,1.99,1.89,5.5,1.47,4.6,1.82,3.7,4.8,4.6,1.45,4.0,1.67,,,,,,,3.8,5.5,5.0,1.47,4.33,1.78,,,,,,,3.75,5.5,5.0,1.48,4.33,1.75,3.05,1.42,3.8,2.0,1.75,3.4,1.38,6.5,1.95,1.85,5.33,1.48,4.33,1.78,,,,,,,,,,,,,,,8.0,11.0,0.0,14.0,2.0,1.0,5.0,4.0,0.0,26.0,11.0,0.0,3.0,0.0
42,2,2026-05-24 16:30,Union St.Gilloise,Anderlecht,5,1,1,B1,/,St. Gilloise,Anderlecht,0.97,-1.0,-1.5,2.01,1.7,6.26,1.6,2.22,2.2,1.61,6.1,2.03,1.72,4.33,1.45,4.2,1.44,,,,,,2.3,1.6,6.0,2.05,1.75,4.33,1.45,,,6.5,6.0,4.2,1.44,4.2,1.44,1.24,1.01,1.09,,,2.46,1.67,7.6,2.16,1.81,4.7,1.5,4.3,1.47,6.1,5.75,4.0,1.45,4.1,1.42,,,,,,,6.25,6.0,4.6,1.5,4.33,1.5,,,,,,,6.0,5.75,4.5,1.5,4.33,1.5,2.1,1.73,6.66,1.62,2.25,2.38,1.65,6.5,2.05,1.8,4.75,1.5,4.33,1.5,,,,,,,,,,,,,,,1.0,14.0,1.0,9.0,3.0,2.0,4.0,10.0,0.0,22.0,9.0,0.0,4.0,2.0
42,3,2026-05-24 15:00,Crystal Palace,Arsenal,1,2,2,E0,/,Crystal Palace,Arsenal,1.0,0.5,0.75,2.21,1.63,1.76,1.94,1.81,2.07,1.72,1.86,1.82,1.91,3.66,3.97,3.86,4.13,2.2,1.67,1.75,2.0,1.85,2.0,1.8,1.85,1.85,2.0,3.6,4.1,4.0,4.2,1.8,1.83,3.75,4.0,3.75,4.2,2.34,1.72,1.83,2.04,1.93,2.18,1.84,1.94,1.92,2.07,3.9,4.3,4.1,4.6,1.72,1.82,3.5,3.95,3.8,4.1,1.75,1.85,3.8,4.0,3.8,4.2,1.82,1.88,3.6,3.9,3.8,4.1,1.8,1.91,3.6,3.9,3.8,4.0,1.8,1.91,3.6,3.9,3.8,4.0,2.35,1.67,1.82,2.0,1.86,2.2,1.8,1.91,1.85,2.0,3.9,4.1,4.2,4.33,,,,,,,,,,,,,,,4.0,12.0,0.0,17.0,7.0,1.0,3.0,9.0,0.0,8.0,3.0,1.0,0.0,0.0
42,4,2026-05-24 15:00,Liverpool,Brentford,1,1,0,E0,/,Liverpool,Brentford,1.0,-0.75,-0.75,2.56,1.48,3.73,1.77,1.97,2.87,1.4,3.96,1.81,1.93,4.06,1.77,4.09,1.8,2.63,1.5,3.8,1.83,2.03,3.0,1.4,4.0,1.85,2.0,4.0,1.8,4.2,1.8,4.0,4.0,4.0,1.8,4.0,1.8,2.8,1.53,4.0,1.88,2.11,3.1,1.46,4.3,1.91,2.08,4.2,1.86,4.4,1.88,3.75,4.0,3.8,1.74,3.95,1.76,3.8,4.0,4.33,1.75,3.9,1.8,3.7,3.9,4.2,1.77,4.2,1.82,3.75,4.0,4.2,1.75,4.2,1.83,3.7,3.9,4.2,1.75,4.2,1.8,2.63,1.5,4.0,1.83,2.03,3.6,1.48,4.2,1.85,2.0,4.33,1.81,4.35,1.84,,,,,,,,,,,,,,,2.0,9.0,0.0,11.0,2.0,3.0,14.0,9.0,0.0,24.0,8.0,0.0,0.0,2.0
42,5,2026-05-24 15:00,Manchester City,Aston Villa,1,2,2,E0,/,Man City,Aston Villa,1.0,-1.25,-1.75,3.38,1.29,8.39,1.85,1.9,2.97,1.38,6.71,1.98,1.78,5.15,1.39,5.93,1.28,3.5,1.3,9.0,1.9,1.95,3.2,1.36,6.5,2.03,1.83,5.0,1.42,6.0,1.29,9.0,7.0,5.5,1.36,6.0,1.29,3.7,1.35,9.6,1.94,1.97,3.35,1.42,7.6,2.09,1.9,5.4,1.45,6.6,1.34,8.0,6.75,5.1,1.35,5.8,1.27,9.5,7.0,5.25,1.4,6.0,1.25,7.75,6.25,5.25,1.42,6.25,1.31,7.5,6.0,5.25,1.4,6.0,1.3,7.5,6.0,5.25,1.4,6.0,1.3,3.55,1.31,9.5,1.9,1.95,3.2,1.4,7.3,2.05,1.83,5.5,1.44,6.25,1.31,,,,,,,,,,,,,,,4.0,4.0,0.0,12.0,5.0,0.0,9.0,8.0,0.0,16.0,3.0,0.0,1.0,1.0
42,6,2026-05-24 15:00,Tottenham Hotspur,Everton,1,0,1,E0,/,Tottenham,Everton,0.97,-0.5,-0.5,2.03,1.73,3.78,1.87,1.85,1.82,1.95,4.1,1.87,1.85,3.48,1.87,3.63,1.89,2.1,1.73,3.8,1.98,1.88,1.8,2.0,4.1,1.93,1.93,3.5,1.91,3.75,1.91,3.75,4.0,3.5,1.9,3.75,1.91,2.14,1.83,4.2,2.04,1.94,1.92,2.06,4.5,2.03,1.96,3.65,1.97,3.85,1.97,3.8,4.1,3.35,1.81,3.45,1.87,3.8,4.33,3.4,1.9,3.6,1.87,3.7,4.1,3.5,1.88,3.7,1.93,3.7,4.2,3.5,1.85,3.7,1.95,3.7,4.0,3.5,1.85,3.7,1.91,2.12,1.76,4.3,1.98,1.9,1.91,2.05,4.4,1.93,1.93,3.7,1.92,3.75,1.95,,,,,,,,,,,,,,,2.0,12.0,1.0,8.0,3.0,3.0,6.0,15.0,0.0,21.0,6.0,0.0,1.0,5.0
42,7,2026-05-23 19:00,Celta Vigo,Sevilla,1,0,1,SP1,/,Celta,Sevilla,0.97,-0.5,-0.75,1.87,1.86,4.52,1.83,1.93,1.66,2.15,4.34,1.92,1.8,3.37,1.85,3.68,1.74,1.91,1.91,4.75,1.88,1.98,1.67,2.2,4.5,2.0,1.85,3.5,1.85,3.8,1.73,4.5,4.33,3.4,1.83,3.75,1.73,1.98,1.97,5.1,1.92,2.05,1.75,2.32,4.9,2.05,1.93,3.5,1.94,3.85,1.81,4.2,4.0,3.25,1.82,3.55,1.71,4.6,4.5,3.4,1.85,3.75,1.75,4.6,4.33,3.4,1.88,3.6,1.78,4.6,4.33,3.4,1.91,3.6,1.8,4.6,4.33,3.4,1.85,3.6,1.75,1.91,1.91,4.85,1.9,1.98,1.68,2.25,4.55,2.0,1.85,3.5,1.91,3.8,1.8,,,,,,,,,,,,,,,3.0,20.0,0.0,9.0,2.0,1.0,4.0,11.0,0.0,12.0,3.0,0.0,0.0,1.0
42,8,2026-05-23 19:00,Espanyol,Real Sociedad,1,1,0,SP1,/,Espanol,Sociedad,0.937,0.0,0.0,1.93,1.8,2.76,2.01,1.74,2.13,1.68,2.77,1.99,1.74,3.49,2.38,3.41,2.4,2.0,1.85,2.75,2.05,1.8,2.2,1.67,2.8,2.05,1.75,3.6,2.38,3.5,2.45,2.75,2.75,3.6,2.4,3.5,2.4,2.06,1.89,3.0,2.17,1.83,2.24,1.78,3.0,2.19,1.83,3.65,2.5,3.6,2.54,2.8,2.75,3.2,2.35,3.25,2.28,2.8,2.8,3.6,2.38,3.5,2.4,2.75,2.85,3.5,2.4,3.4,2.5,2.75,2.87,3.5,2.4,3.4,2.5,2.75,2.8,3.4,2.37,3.4,2.45,2.0,1.85,2.85,2.05,1.8,2.25,1.73,2.87,2.05,1.8,3.7,2.45,3.55,2.5,,,,,,,,,,,,,,,5.0,17.0,0.0,9.0,4.0,3.0,3.0,11.0,0.0,17.0,8.0,1.0,0.0,1.0
42,9,2026-05-23 19:00,Girona,Elche,1,1,0,SP1,/,Girona,Elche,1.0,-0.5,-0.75,2.14,1.65,4.16,1.8,1.95,2.02,1.74,4.21,2.0,1.73,3.73,1.77,3.86,1.76,2.1,1.73,4.2,1.83,2.03,2.0,1.8,4.33,2.05,1.75,3.8,1.8,3.9,1.8,4.2,4.2,3.75,1.8,3.75,1.8,2.26,1.75,4.5,1.9,2.07,2.16,1.85,4.8,2.2,1.83,4.0,1.83,4.1,1.84,4.2,3.95,3.6,1.74,3.65,1.7,4.33,4.4,3.8,1.75,3.9,1.75,4.0,4.2,3.7,1.78,4.0,1.78,4.0,4.2,3.8,1.8,4.0,1.8,4.0,4.2,3.75,1.8,4.0,1.8,2.2,1.73,4.45,1.86,2.03,2.1,1.8,4.5,2.05,1.77,3.8,1.84,4.0,1.8,,,,,,,,,,,,,,,1.0,20.0,0.0,3.0,1.0,4.0,2.0,20.0,0.0,10.0,7.0,1.0,0.0,4.0
42,10,2026-05-23 19:00,Real Betis,Levante,2,1,1,SP1,/,Betis,Levante,0.97,-0.25,-0.25,2.15,1.65,3.26,1.91,1.84,2.28,1.58,2.91,1.78,1.97,3.43,2.29,3.26,2.19,2.1,1.73,3.4,1.95,1.9,2.3,1.62,3.0,1.83,2.03,3.5,2.3,3.2,2.25,3.1,2.88,3.5,2.38,3.4,2.25,2.28,1.75,3.65,2.05,1.93,2.48,1.66,3.2,1.88,2.1,3.5,2.48,3.45,2.26,3.1,2.88,3.25,2.23,3.1,2.17,3.25,2.9,3.6,2.3,3.5,2.15,3.4,3.0,3.4,2.35,3.25,2.2,3.4,3.0,3.4,2.3,3.25,2.2,3.4,3.0,3.3,2.3,3.25,2.2,2.2,1.73,3.5,1.95,1.9,2.4,1.62,3.0,1.83,2.03,3.65,2.38,3.5,2.25,,,,,,,,,,,,,,,8.0,7.0,0.0,15.0,7.0,2.0,4.0,11.0,0.0,18.0,8.0,1.0,1.0,1.0
42,11,2026-05-23 19:00,Real Madrid,Athletic Bilbao,4,2,1,SP1,/,Real Madrid,Ath Bilbao,1.0,-1.0,-1.25,2.57,1.47,5.84,1.79,1.95,2.78,1.41,5.18,1.93,1.8,4.6,1.52,4.63,1.46,2.63,1.5,5.75,1.83,2.03,2.75,1.44,5.0,2.0,1.85,4.5,1.55,4.75,1.5,6.5,5.5,4.6,1.5,4.6,1.44,2.78,1.53,6.8,1.9,2.04,3.1,1.46,5.9,2.04,1.92,4.8,1.59,5.1,1.52,5.8,5.2,4.35,1.47,4.4,1.43,5.75,5.5,4.6,1.53,4.4,1.44,5.75,5.0,4.75,1.55,4.75,1.5,5.75,5.0,4.8,1.55,4.8,1.5,5.5,5.0,4.6,1.55,4.6,1.5,2.63,1.5,6.5,1.83,2.03,3.0,1.45,5.5,2.0,1.85,4.8,1.55,5.0,1.5,,,,,,,,,,,,,,,1.0,20.0,0.0,8.0,2.0,0.0,2.0,6.0,0.0,13.0,8.0,1.0,2.0,2.0
42,12,2026-05-24 18:45,Milan,Cagliari,1,2,2,I1,/,Milan,Cagliari,1.0,-1.25,-1.5,2.14,1.66,10.35,1.91,1.8,1.87,1.87,8.62,1.91,1.86,4.66,1.35,5.3,1.26,2.2,1.67,11.0,2.0,1.85,1.91,1.91,7.5,1.95,1.9,4.75,1.38,5.5,1.29,11.0,8.5,4.5,1.4,5.0,1.29,2.26,1.76,12.0,2.06,1.91,1.97,2.0,10.5,2.03,1.93,5.2,1.39,5.9,1.32,9.5,8.5,4.6,1.32,5.1,1.25,11.0,,,,5.5,1.25,10.0,8.25,4.75,1.39,5.75,1.29,,,,,,,10.0,8.0,4.6,1.4,5.75,1.28,2.2,1.73,11.0,2.0,1.85,1.92,1.96,9.5,2.0,1.9,5.0,1.4,5.75,1.29,,,,,,,,,,,,,,,5.0,9.0,0.0,25.0,10.0,2.0,5.0,8.0,0.0,16.0,3.0,1.0,1.0,2.0
42,13,2026-05-24 18:45,Cremonese,Como,1,4,2,I1,/,Cremonese,Como,1.0,1.0,1.0,2.13,1.67,1.55,1.92,1.84,2.07,1.71,1.53,1.91,1.86,4.17,5.55,4.05,5.33,2.2,1.67,1.57,1.98,1.88,2.0,1.8,1.55,1.98,1.88,4.33,5.5,4.33,5.25,1.57,1.57,4.2,5.5,4.2,5.5,2.34,1.72,1.63,2.02,1.9,2.16,1.84,1.58,2.0,1.96,4.6,6.4,4.4,5.9,1.53,1.5,3.95,5.5,3.8,5.3,1.55,,,,4.1,5.5,1.6,1.57,4.2,5.5,4.1,5.25,,,,,,,1.6,1.55,4.2,5.5,4.0,5.25,2.2,1.73,1.6,1.98,1.9,2.12,1.8,1.57,1.98,1.9,4.5,6.0,4.33,5.66,,,,,,,,,,,,,,,4.0,12.0,0.0,15.0,6.0,2.0,2.0,14.0,3.0,6.0,1.0,1.0,0.0,4.0
42,14,2026-05-22 18:45,Fiorentina,Atalanta,1,1,0,I1,/,Fiorentina,Atalanta,1.0,0.25,0.0,2.19,1.65,2.49,1.81,1.94,2.28,1.59,2.21,1.87,1.87,3.51,3.01,3.43,2.65,2.2,1.67,2.55,1.85,2.0,2.38,1.57,2.2,1.93,1.93,3.6,3.1,3.5,2.7,2.5,2.2,3.6,3.0,3.5,2.63,2.36,1.72,2.62,1.91,2.07,2.48,1.66,2.3,2.0,1.98,3.75,3.3,3.65,2.82,2.4,2.23,3.3,2.85,3.25,2.63,2.5,2.15,3.6,3.13,3.5,2.7,2.55,2.3,3.5,3.0,3.4,2.65,2.6,2.3,3.5,3.0,3.4,2.7,2.5,2.25,3.4,3.0,3.4,2.62,2.3,1.68,2.6,1.85,2.0,2.4,1.62,2.3,1.93,1.93,3.65,3.15,3.6,2.72,,,,,,,,,,,,,,,3.0,14.0,0.0,21.0,6.0,2.0,3.0,11.0,0.0,11.0,4.0,0.0,1.0,0.0
42,15,2026-05-24 19:50,Torino,Juventus,2,2,0,I1,/,Torino,Juventus,1.0,1.25,1.25,2.03,1.72,1.4,1.93,1.83,2.26,1.6,1.46,2.01,1.76,4.39,6.31,4.45,7.23,2.1,1.73,1.42,1.98,1.88,2.3,1.62,1.48,2.1,1.7,4.33,6.5,4.5,7.5,1.4,1.44,4.5,6.5,4.5,7.5,2.18,1.81,1.47,2.04,1.93,2.44,1.68,1.5,2.17,1.83,5.1,7.2,4.9,8.6,1.36,1.42,4.1,6.4,4.35,7.0,1.4,,,,4.4,7.5,1.43,1.52,4.5,5.75,4.75,7.0,,,,,,,1.44,1.53,4.4,5.75,4.6,7.0,2.1,1.75,1.44,1.98,1.88,2.4,1.62,1.53,2.1,1.9,4.8,7.5,4.75,7.5,,,,,,,,,,,,,,,6.0,10.0,0.0,17.0,4.0,2.0,6.0,10.0,0.0,12.0,5.0,1.0,0.0,1.0
50,1,2026-07-18 16:00,AIK Stockholm,Gais,2,0,1,new_SWE,/Allsvenskan,AIK,GAIS,0.97,,,,,,,,,,2.25,,,3.35,2.82,,,,,,,,,,2.25,,,3.25,3.2,,,,,,,,,,,,,,,,2.36,,,3.75,3.15,,,,,,,,,,,,,,,,,,,,,,,,,,,,,,,,,,,,,,,,2.38,,,3.5,3.2,,,,,,,,,,,,,,,,,,,,,,,,,,,,,,
50,2,2026-07-17 20:00,Göteborg,Brommapojkarna,2,1,1,new_SWE,/Allsvenskan,Goteborg,Brommapojkarna,1.0,,,,,,,,,,3.62,,,3.65,1.82,,,,,,,,,,4.0,,,3.9,1.79,,,,,,,,,,,,,,,,4.0,,,3.95,1.97,,,,,,,,,,,,,,,,,,,,,,,,,,,,,,,,,,,,,,,,4.0,,,3.9,1.9,,,,,,,,,,,,,,,,,,,,,,,,,,,,,,
50,3,2026-07-19 17:30,Halmstads BK,Hacken,0,2,2,new_SWE,/Allsvenskan,Halmstad,Hacken,0.97,,,,,,,,,,1.52,,,4.25,4.82,,,,,,,,,,1.51,,,4.33,5.5,,,,,,,,,,,,,,,,1.64,,,4.8,5.3,,,,,,,,,,,,,,,,,,,,,,,,,,,,,,,,,,,,,,,,1.6,,,4.5,5.5,,,,,,,,,,,,,,,,,,,,,,,,,,,,,,
50,4,2026-07-19 17:30,Hammarby,Degerfors,4,0,1,new_SWE,/Allsvenskan,Hammarby,Degerfors,1.0,,,,,,,,,,11.38,,,6.21,1.19,,,,,,,,,,15.0,,,6.5,1.17,,,,,,,,,,,,,,,,15.5,,,7.6,1.23,,,,,,,,,,,,,,,,,,,,,,,,,,,,,,,,,,,,,,,,15.0,,,7.0,1.23,,,,,,,,,,,,,,,,,,,,,,,,,,,,,,
50,5,2026-07-19 17:30,Elfsborg,Sirius,1,3,2,new_SWE,/Allsvenskan,Elfsborg,Sirius,1.0,,,,,,,,,,1.95,,,3.5,3.34,,,,,,,,,,1.96,,,3.6,3.6,,,,,,,,,,,,,,,,2.12,,,3.75,3.75,,,,,,,,,,,,,,,,,,,,,,,,,,,,,,,,,,,,,,,,2.0,,,3.6,3.6,,,,,,,,,,,,,,,,,,,,,,,,,,,,,,
50,6,2026-07-20 20:00,Kalmar,Malmö,2,2,0,new_SWE,/Allsvenskan,Kalmar,Malmo FF,0.97,,,,,,,,,,2.64,,,3.4,2.36,,,,,,,,,,3.0,,,3.5,2.25,,,,,,,,,,,,,,,,2.88,,,3.8,2.52,,,,,,,,,,,,,,,,,,,,,,,,,,,,,,,,,,,,,,,,3.0,,,3.6,2.55,,,,,,,,,,,,,,,,,,,,,,,,,,,,,,
50,7,2026-07-18 15:00,Helsinki,VPS Vaasa,2,1,1,new_FIN,/Veikkausliiga,HJK,VPS,0.652,,,,,,,,,,3.19,,,3.5,1.98,,,,,,,,,,3.4,,,3.5,1.95,,,,,,,,,,,,,,,,3.6,,,3.9,2.12,,,,,,,,,,,,,,,,,,,,,,,,,,,,,,,,,,,,,,,,3.5,,,3.65,2.05,,,,,,,,,,,,,,,,,,,,,,,,,,,,,,
50,8,2026-07-18 17:00,Oulu,Gnistan,0,2,2,new_FIN,/Veikkausliiga,AC Oulu,Gnistan,1.0,,,,,,,,,,2.66,,,3.37,2.31,,,,,,,,,,2.63,,,3.3,2.38,,,,,,,,,,,,,,,,2.94,,,3.65,2.52,,,,,,,,,,,,,,,,,,,,,,,,,,,,,,,,,,,,,,,,2.85,,,3.5,2.45,,,,,,,,,,,,,,,,,,,,,,,,,,,,,,
50,9,2026-07-18 13:30,Incheon United,Jeonbuk FC,1,0,1,,,,,0.279,,,,,,,,,,,,,,,,,,,,,,,,,,,,,,,,,,,,,,,,,,,,,,,,,,,,,,,,,,,,,,,,,,,,,,,,,,,,,,,,,,,,,,,,,,,,,,,,,,,,,,,,,,,,,,,,,,,,,,,,,,
50,10,2026-07-18 13:30,Jeju United,Pohang Steelers,2,1,1,,,,,0.254,,,,,,,,,,,,,,,,,,,,,,,,,,,,,,,,,,,,,,,,,,,,,,,,,,,,,,,,,,,,,,,,,,,,,,,,,,,,,,,,,,,,,,,,,,,,,,,,,,,,,,,,,,,,,,,,,,,,,,,,,,
50,11,2026-07-18 14:00,Chongqing Tongliang Long,Zhejiang Professional,1,1,0,new_CHN,/Super League,Chongqing Tonglianglong,Zhejiang Professional,1.0,,,,,,,,,,2.51,,,3.38,2.5,,,,,,,,,,2.65,,,3.6,2.45,,,,,,,,,,,,,,,,2.8,,,3.5,2.7,,,,,,,,,,,,,,,,,,,,,,,,,,,,,,,,,,,,,,,,2.7,,,3.6,2.63,,,,,,,,,,,,,,,,,,,,,,,,,,,,,,
50,12,2026-07-17 14:00,Qingdao West Coast,Chengdu Rongcheng FC,1,1,0,new_CHN,/Super League,Qingdao West Coast,Chengdu Rongcheng,1.0,,,,,,,,,,1.79,,,3.73,3.74,,,,,,,,,,1.81,,,3.9,3.5,,,,,,,,,,,,,,,,1.95,,,4.0,4.1,,,,,,,,,,,,,,,,,,,,,,,,,,,,,,,,,,,,,,,,1.88,,,3.9,4.25,,,,,,,,,,,,,,,,,,,,,,,,,,,,,,
50,13,2026-07-18 14:35,Dalian Yingbo,Shandong Taishan,3,1,1,new_CHN,/Super League,Dalian Yingbo,Shandong Taishan,1.0,,,,,,,,,,2.94,,,3.93,2.0,,,,,,,,,,3.1,,,4.0,2.01,,,,,,,,,,,,,,,,3.4,,,4.3,2.06,,,,,,,,,,,,,,,,,,,,,,,,,,,,,,,,,,,,,,,,3.1,,,4.2,2.14,,,,,,,,,,,,,,,,,,,,,,,,,,,,,,
50,14,2026-07-18 14:35,Shanghai Shenhua,Tianjin Jinmen Tiger,0,2,2,new_CHN,/Super League,Shanghai Shenhua,Tianjin Jinmen Tiger,1.0,,,,,,,,,,5.5,,,4.52,1.44,,,,,,,,,,5.5,,,4.75,1.42,,,,,,,,,,,,,,,,6.2,,,5.2,1.52,,,,,,,,,,,,,,,,,,,,,,,,,,,,,,,,,,,,,,,,6.4,,,4.75,1.49,,,,,,,,,,,,,,,,,,,,,,,,,,,,,,
50,15,2026-07-18 15:00,Wuhan Three Towns FC,Shenzhen Peng City,2,0,1,new_CHN,/Super League,Wuhan Three Towns,Shenzhen Xinpengcheng,0.861,,,,,,,,,,2.61,,,3.36,2.41,,,,,,,,,,2.65,,,3.4,2.45,,,,,,,,,,,,,,,,2.82,,,3.7,2.6,,,,,,,,,,,,,,,,,,,,,,,,,,,,,,,,,,,,,,,,2.7,,,3.5,2.5,,,,,,,,,,,,,,,,,,,,,,,,,,,,,,
51,1,2026-07-25 19:00,AGF Aarhus,Brondby,1,1,0,new_DNK,/Superliga,Aarhus,Brondby,0.97,,,,,,,,,,3.27,,,3.58,1.97,,,,,,,,,,3.5,,,3.9,1.86,,,,,,,,,,,,,,,,3.75,,,3.9,2.06,,,,,,,,,,,,,,,,,,,,,,,,,,,,,,,,,,,,,,,,3.5,,,3.9,2.04,,,,,,,,,,,,,,,,,,,,,,,,,,,,,,
51,2,2026-07-26 19:00,Horsens,FC Nordsjaelland,1,1,0,new_DNK,/Superliga,Horsens,Nordsjaelland,1.0,,,,,,,,,,1.79,,,3.58,3.84,,,,,,,,,,1.76,,,3.75,4.1,,,,,,,,,,,,,,,,1.89,,,3.9,4.5,,,,,,,,,,,,,,,,,,,,,,,,,,,,,,,,,,,,,,,,1.85,,,3.75,4.1,,,,,,,,,,,,,,,,,,,,,,,,,,,,,,
51,3,2026-07-27 20:00,Randers,Silkeborg,1,1,0,new_DNK,/Superliga,Randers FC,Silkeborg,1.0,,,,,,,,,,4.35,,,3.87,1.65,,,,,,,,,,4.5,,,3.9,1.62,,,,,,,,,,,,,,,,4.9,,,4.3,1.74,,,,,,,,,,,,,,,,,,,,,,,,,,,,,,,,,,,,,,,,4.7,,,4.0,1.7,,,,,,,,,,,,,,,,,,,,,,,,,,,,,,
51,4,2026-07-26 15:00,Ilves,Lahti,1,0,1,new_FIN,/Veikkausliiga,Ilves,Lahti,1.0,,,,,,,,,,2.52,,,3.42,2.43,,,,,,,,,,2.5,,,3.5,2.5,,,,,,,,,,,,,,,,2.72,,,3.65,2.68,,,,,,,,,,,,,,,,,,,,,,,,,,,,,,,,,,,,,,,,2.75,,,3.5,2.55,,,,,,,,,,,,,,,,,,,,,,,,,,,,,,
51,5,2026-07-26 17:00,Helsinki,TPS Turku,1,0,1,new_FIN,/Veikkausliiga,HJK,TPS,0.652,,,,,,,,,,7.07,,,5.13,1.31,,,,,,,,,,7.0,,,5.0,1.33,,,,,,,,,,,,,,,,9.2,,,6.4,1.35,,,,,,,,,,,,,,,,,,,,,,,,,,,,,,,,,,,,,,,,7.5,,,5.5,1.36,,,,,,,,,,,,,,,,,,,,,,,,,,,,,,
51,6,2026-07-24 20:00,Vasteras SK,Örgryte IS,2,0,1,new_SWE,/Allsvenskan,Vasteras SK,Orgryte,0.97,,,,,,,,,,4.91,,,4.1,1.53,,,,,,,,,,5.25,,,4.2,1.53,,,,,,,,,,,,,,,,5.5,,,4.6,1.65,,,,,,,,,,,,,,,,,,,,,,,,,,,,,,,,,,,,,,,,5.33,,,4.33,1.6,,,,,,,,,,,,,,,,,,,,,,,,,,,,,,
51,7,2026-07-26 15:00,Sirius,Göteborg,4,1,1,new_SWE,/Allsvenskan,Sirius,Goteborg,1.0,,,,,,,,,,5.44,,,4.5,1.45,,,,,,,,,,5.75,,,4.75,1.45,,,,,,,,,,,,,,,,6.0,,,5.1,1.54,,,,,,,,,,,,,,,,,,,,,,,,,,,,,,,,,,,,,,,,6.0,,,4.8,1.5,,,,,,,,,,,,,,,,,,,,,,,,,,,,,,
51,8,2026-07-26 17:30,Malmö,Elfsborg,1,2,2,new_SWE,/Allsvenskan,Malmo FF,Elfsborg,0.97,,,,,,,,,,3.32,,,3.49,1.96,,,,,,,,,,3.1,,,3.6,2.1,,,,,,,,,,,,,,,,3.65,,,3.7,2.14,,,,,,,,,,,,,,,,,,,,,,,,,,,,,,,,,,,,,,,,3.65,,,3.7,2.1,,,,,,,,,,,,,,,,,,,,,,,,,,,,,,
51,9,2026-07-26 18:00,KFUM,Molde,2,4,2,new_NOR,/Eliteserien,KFUM Oslo,Molde,0.97,,,,,,,,,,2.09,,,3.53,2.99,,,,,,,,,,2.1,,,3.6,3.2,,,,,,,,,,,,,,,,2.18,,,4.0,3.35,,,,,,,,,,,,,,,,,,,,,,,,,,,,,,,,,,,,,,,,2.2,,,3.75,3.2,,,,,,,,,,,,,,,,,,,,,,,,,,,,,,
51,10,2026-07-26 18:00,Sandefjord,Bodo Glimt,0,3,2,new_NOR,/Eliteserien,Sandefjord,Bodo/Glimt,1.0,,,,,,,,,,1.31,,,5.23,7.17,,,,,,,,,,1.36,,,5.0,7.5,,,,,,,,,,,,,,,,1.35,,,6.2,9.2,,,,,,,,,,,,,,,,,,,,,,,,,,,,,,,,,,,,,,,,1.36,,,5.75,8.0,,,,,,,,,,,,,,,,,,,,,,,,,,,,,,
51,11,2026-07-27 20:00,Rosenborg,Fredrikstad,4,0,1,new_NOR,/Eliteserien,Rosenborg,Fredrikstad,1.0,,,,,,,,,,5.5,,,4.17,1.49,,,,,,,,,,5.75,,,4.2,1.5,,,,,,,,,,,,,,,,6.4,,,4.8,1.55,,,,,,,,,,,,,,,,,,,,,,,,,,,,,,,,,,,,,,,,5.75,,,4.33,1.52,,,,,,,,,,,,,,,,,,,,,,,,,,,,,,
51,12,2026-07-24 21:30,Pogon Szczecin,Legia Varşova,0,1,2,new_POL,/Ekstraklasa,Pogon Szczecin,Legia,0.97,,,,,,,,,,2.47,,,3.24,2.59,,,,,,,,,,2.5,,,3.25,2.55,,,,,,,,,,,,,,,,2.76,,,3.5,2.76,,,,,,,,,,,,,,,,,,,,,,,,,,,,,,,,,,,,,,,,2.55,,,3.4,2.8,,,,,,,,,,,,,,,,,,,,,,,,,,,,,,
51,13,2026-07-25 21:15,Lech Poznan,Cracovia,0,0,0,new_POL,/Ekstraklasa,Lech Poznan,Cracovia,1.0,,,,,,,,,,5.21,,,4.05,1.52,,,,,,,,,,5.0,,,3.9,1.57,,,,,,,,,,,,,,,,6.0,,,4.4,1.63,,,,,,,,,,,,,,,,,,,,,,,,,,,,,,,,,,,,,,,,6.1,,,4.3,1.58,,,,,,,,,,,,,,,,,,,,,,,,,,,,,,
51,14,2026-07-26 21:15,Wisla Krakow,GKS Katowice,2,1,1,new_POL,/Ekstraklasa,Wisla,GKS Katowice,0.97,,,,,,,,,,3.36,,,3.44,1.96,,,,,,,,,,3.2,,,3.4,2.05,,,,,,,,,,,,,,,,3.9,,,3.8,2.06,,,,,,,,,,,,,,,,,,,,,,,,,,,,,,,,,,,,,,,,3.5,,,3.65,2.05,,,,,,,,,,,,,,,,,,,,,,,,,,,,,,
51,15,2026-07-27 20:00,KGHM Zaglebie Lubin,Piast Gliwice,2,0,1,new_POL,/Ekstraklasa,Zaglebie,Piast Gliwice,0.97,,,,,,,,,,2.66,,,3.07,2.52,,,,,,,,,,2.6,,,3.25,2.5,,,,,,,,,,,,,,,,2.92,,,3.3,2.78,,,,,,,,,,,,,,,,,,,,,,,,,,,,,,,,,,,,,,,,2.8,,,3.25,2.63,,,,,,,,,,,,,,,,,,,,,,,,,,,,,,
