sezon,lig,tarih,ev,dep,hakem
2122,E0,2021-08-13,Brentford,Arsenal,M Oliver
2122,E0,2021-08-14,Burnley,Brighton,D Coote
2122,E0,2021-08-14,Chelsea,Crystal Palace,J Moss
2122,E0,2021-08-14,Everton,Southampton,A Madley
2122,E0,2021-08-14,Leicester,Wolves,C Pawson
2122,E0,2021-08-14,Man United,Leeds,P Tierney
2122,E0,2021-08-14,Norwich,Liverpool,A Marriner
2122,E0,2021-08-14,Watford,Aston Villa,M Dean
2122,E0,2021-08-15,Newcastle,West Ham,M Atkinson
2122,E0,2021-08-15,Tottenham,Man City,A Taylor
2122,E0,2021-08-21,Aston Villa,Newcastle,D Coote
2122,E0,2021-08-21,Brighton,Watford,A Taylor
2122,E0,2021-08-21,Crystal Palace,Brentford,M Atkinson
2122,E0,2021-08-21,Leeds,Everton,D England
2122,E0,2021-08-21,Liverpool,Burnley,M Dean
2122,E0,2021-08-21,Man City,Norwich,G Scott
2122,E0,2021-08-22,Arsenal,Chelsea,P Tierney
2122,E0,2021-08-22,Southampton,Man United,C Pawson
2122,E0,2021-08-22,Wolves,Tottenham,S Attwell
2122,E0,2021-08-23,West Ham,Leicester,M Oliver
2122,E0,2021-08-28,Aston Villa,Brentford,P Bankes
2122,E0,2021-08-28,Brighton,Everton,J Moss
2122,E0,2021-08-28,Liverpool,Chelsea,A Taylor
2122,E0,2021-08-28,Man City,Arsenal,M Atkinson
2122,E0,2021-08-28,Newcastle,Southampton,P Tierney
2122,E0,2021-08-28,Norwich,Leicester,R Jones
2122,E0,2021-08-28,West Ham,Crystal Palace,S Attwell
2122,E0,2021-08-29,Burnley,Leeds,M Oliver
2122,E0,2021-08-29,Tottenham,Watford,A Marriner
2122,E0,2021-08-29,Wolves,Man United,M Dean
2122,E0,2021-09-11,Arsenal,Norwich,M Oliver
2122,E0,2021-09-11,Brentford,Brighton,G Scott
2122,E0,2021-09-11,Chelsea,Aston Villa,S Attwell
2122,E0,2021-09-11,Crystal Palace,Tottenham,J Moss
2122,E0,2021-09-11,Leicester,Man City,P Tierney
2122,E0,2021-09-11,Man United,Newcastle,A Taylor
2122,E0,2021-09-11,Southampton,West Ham,D Coote
2122,E0,2021-09-11,Watford,Wolves,P Bankes
2122,E0,2021-09-12,Leeds,Liverpool,C Pawson
2122,E0,2021-09-13,Everton,Burnley,M Atkinson
2122,E0,2021-09-17,Newcastle,Leeds,M Dean
2122,E0,2021-09-18,Aston Villa,Everton,C Pawson
2122,E0,2021-09-18,Burnley,Arsenal,A Taylor
2122,E0,2021-09-18,Liverpool,Crystal Palace,A Madley
2122,E0,2021-09-18,Man City,Southampton,J Moss
2122,E0,2021-09-18,Norwich,Watford,R Jones
2122,E0,2021-09-18,Wolves,Brentford,D England
2122,E0,2021-09-19,Brighton,Leicester,S Attwell
2122,E0,2021-09-19,Tottenham,Chelsea,P Tierney
2122,E0,2021-09-19,West Ham,Man United,M Atkinson
2122,E0,2021-09-25,Brentford,Liverpool,S Attwell
2122,E0,2021-09-25,Chelsea,Man City,M Oliver
2122,E0,2021-09-25,Everton,Norwich,D Coote
2122,E0,2021-09-25,Leeds,West Ham,K Friend
2122,E0,2021-09-25,Leicester,Burnley,C Kavanagh
2122,E0,2021-09-25,Man United,Aston Villa,M Dean
2122,E0,2021-09-25,Watford,Newcastle,J Gillett
2122,E0,2021-09-26,Arsenal,Tottenham,C Pawson
2122,E0,2021-09-26,Southampton,Wolves,A Madley
2122,E0,2021-09-27,Crystal Palace,Brighton,A Marriner
2122,E0,2021-10-02,Brighton,Arsenal,J Moss
2122,E0,2021-10-02,Burnley,Norwich,K Friend
2122,E0,2021-10-02,Chelsea,Southampton,M Atkinson
2122,E0,2021-10-02,Leeds,Watford,S Hooper
2122,E0,2021-10-02,Man United,Everton,M Oliver
2122,E0,2021-10-02,Wolves,Newcastle,G Scott
2122,E0,2021-10-03,Crystal Palace,Leicester,A Taylor
2122,E0,2021-10-03,Liverpool,Man City,P Tierney
2122,E0,2021-10-03,Tottenham,Aston Villa,C Kavanagh
2122,E0,2021-10-03,West Ham,Brentford,P Bankes
2122,E0,2021-10-16,Aston Villa,Wolves,M Oliver
2122,E0,2021-10-16,Brentford,Chelsea,A Taylor
2122,E0,2021-10-16,Leicester,Man United,C Pawson
2122,E0,2021-10-16,Man City,Burnley,M Atkinson
2122,E0,2021-10-16,Norwich,Brighton,P Bankes
2122,E0,2021-10-16,Southampton,Leeds,D Coote
2122,E0,2021-10-16,Watford,Liverpool,J Moss
2122,E0,2021-10-17,Everton,West Ham,S Attwell
2122,E0,2021-10-17,Newcastle,Tottenham,A Marriner
2122,E0,2021-10-18,Arsenal,Crystal Palace,M Dean
2122,E0,2021-10-22,Arsenal,Aston Villa,C Pawson
2122,E0,2021-10-23,Brighton,Man City,K Friend
2122,E0,2021-10-23,Chelsea,Norwich,A Madley
2122,E0,2021-10-23,Crystal Palace,Newcastle,D England
2122,E0,2021-10-23,Everton,Watford,G Scott
2122,E0,2021-10-23,Leeds,Wolves,R Jones
2122,E0,2021-10-23,Southampton,Burnley,C Kavanagh
2122,E0,2021-10-24,Brentford,Leicester,S Hooper
2122,E0,2021-10-24,Man United,Liverpool,A Taylor
2122,E0,2021-10-24,West Ham,Tottenham,P Tierney
2122,E0,2021-10-30,Burnley,Brentford,J Moss
2122,E0,2021-10-30,Leicester,Arsenal,M Oliver
2122,E0,2021-10-30,Liverpool,Brighton,M Dean
2122,E0,2021-10-30,Man City,Crystal Palace,A Marriner
2122,E0,2021-10-30,Newcastle,Chelsea,P Tierney
2122,E0,2021-10-30,Tottenham,Man United,S Attwell
2122,E0,2021-10-30,Watford,Southampton,P Bankes
2122,E0,2021-10-31,Aston Villa,West Ham,C Kavanagh
2122,E0,2021-10-31,Norwich,Leeds,A Taylor
2122,E0,2021-11-01,Wolves,Everton,M Atkinson
2122,E0,2021-11-05,Southampton,Aston Villa,A Madley
2122,E0,2021-11-06,Brentford,Norwich,J Gillett
2122,E0,2021-11-06,Brighton,Newcastle,D Coote
2122,E0,2021-11-06,Chelsea,Burnley,A Marriner
2122,E0,2021-11-06,Crystal Palace,Wolves,G Scott
2122,E0,2021-11-06,Man United,Man City,M Oliver
2122,E0,2021-11-07,Arsenal,Watford,K Friend
2122,E0,2021-11-07,Everton,Tottenham,C Kavanagh
2122,E0,2021-11-07,Leeds,Leicester,D England
2122,E0,2021-11-07,West Ham,Liverpool,C Pawson
2122,E0,2021-11-20,Aston Villa,Brighton,A Taylor
2122,E0,2021-11-20,Burnley,Crystal Palace,S Hooper
2122,E0,2021-11-20,Leicester,Chelsea,P Tierney
2122,E0,2021-11-20,Liverpool,Arsenal,M Oliver
2122,E0,2021-11-20,Newcastle,Brentford,R Jones
2122,E0,2021-11-20,Norwich,Southampton,M Atkinson
2122,E0,2021-11-20,Watford,Man United,J Moss
2122,E0,2021-11-20,Wolves,West Ham,M Dean
2122,E0,2021-11-21,Man City,Everton,S Attwell
2122,E0,2021-11-21,Tottenham,Leeds,A Marriner
2122,E0,2021-11-27,Arsenal,Newcastle,S Attwell
2122,E0,2021-11-27,Brighton,Leeds,C Pawson
2122,E0,2021-11-27,Crystal Palace,Aston Villa,M Salisbury
2122,E0,2021-11-27,Liverpool,Southampton,A Marriner
2122,E0,2021-11-27,Norwich,Wolves,S Hooper
2122,E0,2021-11-28,Brentford,Everton,D England
2122,E0,2021-11-28,Chelsea,Man United,A Taylor
2122,E0,2021-11-28,Leicester,Watford,A Madley
2122,E0,2021-11-28,Man City,West Ham,M Oliver
2122,E0,2021-11-30,Leeds,Crystal Palace,K Friend
2122,E0,2021-11-30,Newcastle,Norwich,A Madley
2122,E0,2021-12-01,Aston Villa,Man City,M Dean
2122,E0,2021-12-01,Everton,Liverpool,P Tierney
2122,E0,2021-12-01,Southampton,Leicester,R Jones
2122,E0,2021-12-01,Watford,Chelsea,D Coote
2122,E0,2021-12-01,West Ham,Brighton,C Kavanagh
2122,E0,2021-12-01,Wolves,Burnley,J Brooks
2122,E0,2021-12-02,Man United,Arsenal,M Atkinson
2122,E0,2021-12-02,Tottenham,Brentford,J Moss
2122,E0,2021-12-04,Newcastle,Burnley,P Tierney
2122,E0,2021-12-04,Southampton,Brighton,A Taylor
2122,E0,2021-12-04,Watford,Man City,S Hooper
2122,E0,2021-12-04,West Ham,Chelsea,A Marriner
2122,E0,2021-12-04,Wolves,Liverpool,C Kavanagh
2122,E0,2021-12-05,Aston Villa,Leicester,M Oliver
2122,E0,2021-12-05,Leeds,Brentford,D Coote
2122,E0,2021-12-05,Man United,Crystal Palace,C Pawson
2122,E0,2021-12-05,Tottenham,Norwich,J Gillett
2122,E0,2021-12-06,Everton,Arsenal,M Dean
2122,E0,2021-12-10,Brentford,Watford,M Oliver
2122,E0,2021-12-11,Arsenal,Southampton,J Gillett
2122,E0,2021-12-11,Chelsea,Leeds,C Kavanagh
2122,E0,2021-12-11,Liverpool,Aston Villa,S Attwell
2122,E0,2021-12-11,Man City,Wolves,J Moss
2122,E0,2021-12-11,Norwich,Man United,D England
2122,E0,2021-12-12,Burnley,West Ham,G Scott
2122,E0,2021-12-12,Crystal Palace,Everton,A Madley
2122,E0,2021-12-12,Leicester,Newcastle,P Bankes
2122,E0,2021-12-14,Man City,Leeds,P Tierney
2122,E0,2021-12-14,Norwich,Aston Villa,D Coote
2122,E0,2021-12-15,Arsenal,West Ham,A Taylor
2122,E0,2021-12-15,Brighton,Wolves,T Harrington
2122,E0,2021-12-15,Crystal Palace,Southampton,S Hooper
2122,E0,2021-12-16,Chelsea,Everton,M Oliver
2122,E0,2021-12-16,Liverpool,Newcastle,M Dean
2122,E0,2021-12-18,Leeds,Arsenal,A Marriner
2122,E0,2021-12-19,Newcastle,Man City,M Atkinson
2122,E0,2021-12-19,Tottenham,Liverpool,P Tierney
2122,E0,2021-12-19,Wolves,Chelsea,D Coote
2122,E0,2021-12-26,Aston Villa,Chelsea,M Atkinson
2122,E0,2021-12-26,Brighton,Brentford,D England
2122,E0,2021-12-26,Man City,Leicester,C Kavanagh
2122,E0,2021-12-26,Norwich,Arsenal,G Scott
2122,E0,2021-12-26,Tottenham,Crystal Palace,J Moss
2122,E0,2021-12-26,West Ham,Southampton,K Friend
2122,E0,2021-12-27,Newcastle,Man United,C Pawson
2122,E0,2021-12-28,Crystal Palace,Norwich,P Tierney
2122,E0,2021-12-28,Leicester,Liverpool,M Oliver
2122,E0,2021-12-28,Southampton,Tottenham,A Taylor
2122,E0,2021-12-28,Watford,West Ham,D England
2122,E0,2021-12-29,Brentford,Man City,D Coote
2122,E0,2021-12-29,Chelsea,Brighton,M Dean
2122,E0,2021-12-30,Man United,Burnley,J Moss
2122,E0,2022-01-01,Arsenal,Man City,S Attwell
2122,E0,2022-01-01,Crystal Palace,West Ham,D England
2122,E0,2022-01-01,Watford,Tottenham,R Jones
2122,E0,2022-01-02,Brentford,Aston Villa,C Pawson
2122,E0,2022-01-02,Chelsea,Liverpool,A Taylor
2122,E0,2022-01-02,Everton,Brighton,J Brooks
2122,E0,2022-01-02,Leeds,Burnley,P Tierney
2122,E0,2022-01-03,Man United,Wolves,M Dean
2122,E0,2022-01-11,Southampton,Brentford,S Attwell
2122,E0,2022-01-12,West Ham,Norwich,S Hooper
2122,E0,2022-01-14,Brighton,Crystal Palace,R Jones
2122,E0,2022-01-15,Aston Villa,Man United,D Coote
2122,E0,2022-01-15,Man City,Chelsea,C Pawson
2122,E0,2022-01-15,Newcastle,Watford,P Tierney
2122,E0,2022-01-15,Norwich,Everton,A Madley
2122,E0,2022-01-15,Wolves,Southampton,M Salisbury
2122,E0,2022-01-16,Liverpool,Brentford,J Moss
2122,E0,2022-01-16,West Ham,Leeds,M Dean
2122,E0,2022-01-18,Brighton,Chelsea,K Friend
2122,E0,2022-01-19,Brentford,Man United,A Marriner
2122,E0,2022-01-19,Leicester,Tottenham,J Moss
2122,E0,2022-01-21,Watford,Norwich,M Dean
2122,E0,2022-01-22,Brentford,Wolves,P Bankes
2122,E0,2022-01-22,Everton,Aston Villa,C Pawson
2122,E0,2022-01-22,Leeds,Newcastle,C Kavanagh
2122,E0,2022-01-22,Man United,West Ham,J Moss
2122,E0,2022-01-22,Southampton,Man City,S Hooper
2122,E0,2022-01-23,Arsenal,Burnley,D Coote
2122,E0,2022-01-23,Chelsea,Tottenham,P Tierney
2122,E0,2022-01-23,Crystal Palace,Liverpool,K Friend
2122,E0,2022-01-23,Leicester,Brighton,M Atkinson
2122,E0,2022-02-05,Burnley,Watford,C Pawson
2122,E0,2022-02-08,Burnley,Man United,M Dean
2122,E0,2022-02-08,Newcastle,Everton,A Taylor
2122,E0,2022-02-08,West Ham,Watford,M Atkinson
2122,E0,2022-02-09,Aston Villa,Leeds,J Gillett
2122,E0,2022-02-09,Man City,Brentford,D England
2122,E0,2022-02-09,Norwich,Crystal Palace,P Tierney
2122,E0,2022-02-09,Tottenham,Southampton,D Coote
2122,E0,2022-02-10,Liverpool,Leicester,C Kavanagh
2122,E0,2022-02-10,Wolves,Arsenal,M Oliver
2122,E0,2022-02-12,Brentford,Crystal Palace,S Hooper
2122,E0,2022-02-12,Everton,Leeds,G Scott
2122,E0,2022-02-12,Man United,Southampton,S Attwell
2122,E0,2022-02-12,Norwich,Man City,A Marriner
2122,E0,2022-02-12,Watford,Brighton,J Moss
2122,E0,2022-02-13,Burnley,Liverpool,M Atkinson
2122,E0,2022-02-13,Leicester,West Ham,M Oliver
2122,E0,2022-02-13,Newcastle,Aston Villa,C Pawson
2122,E0,2022-02-13,Tottenham,Wolves,K Friend
2122,E0,2022-02-15,Man United,Brighton,P Bankes
2122,E0,2022-02-19,Arsenal,Brentford,J Moss
2122,E0,2022-02-19,Aston Villa,Watford,R Jones
2122,E0,2022-02-19,Brighton,Burnley,K Friend
2122,E0,2022-02-19,Crystal Palace,Chelsea,D Coote
2122,E0,2022-02-19,Liverpool,Norwich,M Dean
2122,E0,2022-02-19,Man City,Tottenham,A Taylor
2122,E0,2022-02-19,Southampton,Everton,A Madley
2122,E0,2022-02-19,West Ham,Newcastle,C Kavanagh
2122,E0,2022-02-20,Leeds,Man United,P Tierney
2122,E0,2022-02-20,Wolves,Leicester,C Pawson
2122,E0,2022-02-23,Burnley,Tottenham,G Scott
2122,E0,2022-02-23,Liverpool,Leeds,M Oliver
2122,E0,2022-02-23,Watford,Crystal Palace,A Marriner
2122,E0,2022-02-24,Arsenal,Wolves,M Atkinson
2122,E0,2022-02-25,Southampton,Norwich,S Hooper
2122,E0,2022-02-26,Brentford,Newcastle,M Dean
2122,E0,2022-02-26,Brighton,Aston Villa,J Brooks
2122,E0,2022-02-26,Crystal Palace,Burnley,J Moss
2122,E0,2022-02-26,Everton,Man City,P Tierney
2122,E0,2022-02-26,Leeds,Tottenham,C Pawson
2122,E0,2022-02-26,Man United,Watford,K Friend
2122,E0,2022-02-27,West Ham,Wolves,A Taylor
2122,E0,2022-03-01,Burnley,Leicester,C Kavanagh
2122,E0,2022-03-05,Aston Villa,Southampton,P Bankes
2122,E0,2022-03-05,Burnley,Chelsea,A Marriner
2122,E0,2022-03-05,Leicester,Leeds,D Coote
2122,E0,2022-03-05,Liverpool,West Ham,J Moss
2122,E0,2022-03-05,Newcastle,Brighton,M Atkinson
2122,E0,2022-03-05,Norwich,Brentford,A Taylor
2122,E0,2022-03-05,Wolves,Crystal Palace,A Madley
2122,E0,2022-03-06,Man City,Man United,M Oliver
2122,E0,2022-03-06,Watford,Arsenal,C Pawson
2122,E0,2022-03-07,Tottenham,Everton,S Attwell
2122,E0,2022-03-10,Leeds,Aston Villa,S Hooper
2122,E0,2022-03-10,Norwich,Chelsea,M Atkinson
2122,E0,2022-03-10,Southampton,Newcastle,K Friend
2122,E0,2022-03-10,Wolves,Watford,D England
2122,E0,2022-03-12,Brentford,Burnley,P Tierney
2122,E0,2022-03-12,Brighton,Liverpool,M Dean
2122,E0,2022-03-12,Man United,Tottenham,J Moss
2122,E0,2022-03-13,Arsenal,Leicester,A Taylor
2122,E0,2022-03-13,Chelsea,Newcastle,D Coote
2122,E0,2022-03-13,Everton,Wolves,M Oliver
2122,E0,2022-03-13,Leeds,Norwich,S Attwell
2122,E0,2022-03-13,Southampton,Watford,G Scott
2122,E0,2022-03-13,West Ham,Aston Villa,J Gillett
2122,E0,2022-03-14,Crystal Palace,Man City,M Atkinson
2122,E0,2022-03-16,Arsenal,Liverpool,A Marriner
2122,E0,2022-03-16,Brighton,Tottenham,R Jones
2122,E0,2022-03-17,Everton,Newcastle,C Pawson
2122,E0,2022-03-18,Wolves,Leeds,K Friend
2122,E0,2022-03-19,Aston Villa,Arsenal,A Madley
2122,E0,2022-03-20,Leicester,Brentford,D England
2122,E0,2022-03-20,Tottenham,West Ham,A Taylor
2122,E0,2022-04-02,Brighton,Norwich,S Hooper
2122,E0,2022-04-02,Burnley,Man City,C Pawson
2122,E0,2022-04-02,Chelsea,Brentford,A Madley
2122,E0,2022-04-02,Leeds,Southampton,A Taylor
2122,E0,2022-04-02,Liverpool,Watford,S Attwell
2122,E0,2022-04-02,Man United,Leicester,A Marriner
2122,E0,2022-04-02,Wolves,Aston Villa,D England
2122,E0,2022-04-03,Tottenham,Newcastle,M Atkinson
2122,E0,2022-04-03,West Ham,Everton,M Oliver
2122,E0,2022-04-04,Crystal Palace,Arsenal,P Tierney
2122,E0,2022-04-06,Burnley,Everton,M Dean
2122,E0,2022-04-08,Newcastle,Wolves,P Bankes
2122,E0,2022-04-09,Arsenal,Brighton,D Coote
2122,E0,2022-04-09,Aston Villa,Tottenham,G Scott
2122,E0,2022-04-09,Everton,Man United,J Moss
2122,E0,2022-04-09,Southampton,Chelsea,K Friend
2122,E0,2022-04-09,Watford,Leeds,A Marriner
2122,E0,2022-04-10,Brentford,West Ham,M Atkinson
2122,E0,2022-04-10,Leicester,Crystal Palace,R Jones
2122,E0,2022-04-10,Man City,Liverpool,A Taylor
2122,E0,2022-04-10,Norwich,Burnley,M Oliver
2122,E0,2022-04-16,Man United,Norwich,A Madley
2122,E0,2022-04-16,Southampton,Arsenal,P Bankes
2122,E0,2022-04-16,Tottenham,Brighton,C Pawson
2122,E0,2022-04-16,Watford,Brentford,S Hooper
2122,E0,2022-04-17,Newcastle,Leicester,J Gillett
2122,E0,2022-04-17,West Ham,Burnley,P Tierney
2122,E0,2022-04-19,Liverpool,Man United,M Atkinson
2122,E0,2022-04-20,Chelsea,Arsenal,J Moss
2122,E0,2022-04-20,Everton,Leicester,D Coote
2122,E0,2022-04-20,Man City,Brighton,M Dean
2122,E0,2022-04-20,Newcastle,Crystal Palace,T Harrington
2122,E0,2022-04-21,Burnley,Southampton,S Attwell
2122,E0,2022-04-23,Arsenal,Man United,C Pawson
2122,E0,2022-04-23,Brentford,Tottenham,M Atkinson
2122,E0,2022-04-23,Leicester,Aston Villa,A Madley
2122,E0,2022-04-23,Man City,Watford,K Friend
2122,E0,2022-04-23,Norwich,Newcastle,C Kavanagh
2122,E0,2022-04-24,Brighton,Southampton,R Jones
2122,E0,2022-04-24,Burnley,Wolves,A Taylor
2122,E0,2022-04-24,Chelsea,West Ham,M Oliver
2122,E0,2022-04-24,Liverpool,Everton,S Attwell
2122,E0,2022-04-25,Crystal Palace,Leeds,D England
2122,E0,2022-04-28,Man United,Chelsea,M Dean
2122,E0,2022-04-30,Aston Villa,Norwich,J Brooks
2122,E0,2022-04-30,Leeds,Man City,P Tierney
2122,E0,2022-04-30,Newcastle,Liverpool,A Marriner
2122,E0,2022-04-30,Southampton,Crystal Palace,J Gillett
2122,E0,2022-04-30,Watford,Burnley,C Pawson
2122,E0,2022-04-30,Wolves,Brighton,S Hooper
2122,E0,2022-05-01,Everton,Chelsea,K Friend
2122,E0,2022-05-01,Tottenham,Leicester,J Moss
2122,E0,2022-05-01,West Ham,Arsenal,M Dean
2122,E0,2022-05-02,Man United,Brentford,C Kavanagh
2122,E0,2022-05-07,Brentford,Southampton,M Salisbury
2122,E0,2022-05-07,Brighton,Man United,A Madley
2122,E0,2022-05-07,Burnley,Aston Villa,D Coote
2122,E0,2022-05-07,Chelsea,Wolves,P Bankes
2122,E0,2022-05-07,Crystal Palace,Watford,G Scott
2122,E0,2022-05-07,Liverpool,Tottenham,M Oliver
2122,E0,2022-05-08,Arsenal,Leeds,C Kavanagh
2122,E0,2022-05-08,Leicester,Everton,C Pawson
2122,E0,2022-05-08,Man City,Newcastle,S Attwell
2122,E0,2022-05-08,Norwich,West Ham,R Jones
2122,E0,2022-05-10,Aston Villa,Liverpool,J Moss
2122,E0,2022-05-11,Leeds,Chelsea,A Taylor
2122,E0,2022-05-11,Leicester,Norwich,S Hooper
2122,E0,2022-05-11,Watford,Everton,M Dean
2122,E0,2022-05-11,Wolves,Man City,M Atkinson
2122,E0,2022-05-12,Tottenham,Arsenal,P Tierney
2122,E0,2022-05-15,Aston Villa,Crystal Palace,C Kavanagh
2122,E0,2022-05-15,Everton,Brentford,M Oliver
2122,E0,2022-05-15,Leeds,Brighton,M Dean
2122,E0,2022-05-15,Tottenham,Burnley,K Friend
2122,E0,2022-05-15,Watford,Leicester,J Gillett
2122,E0,2022-05-15,West Ham,Man City,A Taylor
2122,E0,2022-05-15,Wolves,Norwich,T Harrington
2122,E0,2022-05-16,Newcastle,Arsenal,D England
2122,E0,2022-05-17,Southampton,Liverpool,M Atkinson
2122,E0,2022-05-19,Aston Villa,Burnley,P Tierney
2122,E0,2022-05-19,Chelsea,Leicester,S Attwell
2122,E0,2022-05-19,Everton,Crystal Palace,A Taylor
2122,E0,2022-05-22,Arsenal,Everton,A Marriner
2122,E0,2022-05-22,Brentford,Leeds,P Tierney
2122,E0,2022-05-22,Brighton,West Ham,K Friend
2122,E0,2022-05-22,Burnley,Newcastle,C Pawson
2122,E0,2022-05-22,Chelsea,Watford,M Dean
2122,E0,2022-05-22,Crystal Palace,Man United,M Atkinson
2122,E0,2022-05-22,Leicester,Southampton,J Moss
2122,E0,2022-05-22,Liverpool,Wolves,A Taylor
2122,E0,2022-05-22,Man City,Aston Villa,M Oliver
2122,E0,2022-05-22,Norwich,Tottenham,C Kavanagh
2122,E1,2021-08-06,Bournemouth,West Brom,D Whitestone
2122,E1,2021-08-07,Blackburn,Swansea,D Webb
2122,E1,2021-08-07,Bristol City,Blackpool,A Davies
2122,E1,2021-08-07,Cardiff,Barnsley,S Martin
2122,E1,2021-08-07,Derby,Huddersfield,G Eltringham
2122,E1,2021-08-07,Luton,Peterboro,A Woolmer
2122,E1,2021-08-07,Preston,Hull,G Ward
2122,E1,2021-08-07,QPR,Millwall,O Langford
2122,E1,2021-08-07,Sheffield United,Birmingham,T Robinson
2122,E1,2021-08-07,Stoke,Reading,M Donohue
2122,E1,2021-08-08,Coventry,Nott'm Forest,J Linington
2122,E1,2021-08-08,Fulham,Middlesbrough,K Stroud
2122,E1,2021-08-14,Barnsley,Coventry,J Busby
2122,E1,2021-08-14,Birmingham,Stoke,G Ward
2122,E1,2021-08-14,Blackpool,Cardiff,A Woolmer
2122,E1,2021-08-14,Huddersfield,Fulham,D Whitestone
2122,E1,2021-08-14,Hull,QPR,M Donohue
2122,E1,2021-08-14,Middlesbrough,Bristol City,O Langford
2122,E1,2021-08-14,Millwall,Blackburn,A Davies
2122,E1,2021-08-14,Nott'm Forest,Bournemouth,G Eltringham
2122,E1,2021-08-14,Peterboro,Derby,D Webb
2122,E1,2021-08-14,Reading,Preston,J Smith
2122,E1,2021-08-14,Swansea,Sheffield United,K Stroud
2122,E1,2021-08-14,West Brom,Luton,T Robinson
2122,E1,2021-08-17,Barnsley,Luton,O Langford
2122,E1,2021-08-17,Blackpool,Coventry,K Stroud
2122,E1,2021-08-17,Huddersfield,Preston,J Linington
2122,E1,2021-08-17,Millwall,Fulham,G Eltringham
2122,E1,2021-08-17,Peterboro,Cardiff,T Bramall
2122,E1,2021-08-17,Reading,Bristol City,A Woolmer
2122,E1,2021-08-17,Swansea,Stoke,J Smith
2122,E1,2021-08-18,Birmingham,Bournemouth,A Davies
2122,E1,2021-08-18,Hull,Derby,D Whitestone
2122,E1,2021-08-18,Middlesbrough,QPR,S Martin
2122,E1,2021-08-18,Nott'm Forest,Blackburn,G Ward
2122,E1,2021-08-18,West Brom,Sheffield United,M Donohue
2122,E1,2021-08-20,Bristol City,Swansea,G Eltringham
2122,E1,2021-08-21,Blackburn,West Brom,T Harrington
2122,E1,2021-08-21,Bournemouth,Blackpool,S Martin
2122,E1,2021-08-21,Cardiff,Millwall,J Linington
2122,E1,2021-08-21,Coventry,Reading,D Webb
2122,E1,2021-08-21,Derby,Middlesbrough,A Davies
2122,E1,2021-08-21,Fulham,Hull,T Robinson
2122,E1,2021-08-21,Luton,Birmingham,J Busby
2122,E1,2021-08-21,Preston,Peterboro,D Whitestone
2122,E1,2021-08-21,QPR,Barnsley,G Ward
2122,E1,2021-08-21,Sheffield United,Huddersfield,M Salisbury
2122,E1,2021-08-21,Stoke,Nott'm Forest,O Langford
2122,E1,2021-08-28,Barnsley,Birmingham,M Donohue
2122,E1,2021-08-28,Cardiff,Bristol City,D Webb
2122,E1,2021-08-28,Derby,Nott'm Forest,T Robinson
2122,E1,2021-08-28,Fulham,Stoke,J Gillett
2122,E1,2021-08-28,Huddersfield,Reading,L Doughty
2122,E1,2021-08-28,Hull,Bournemouth,G Eltringham
2122,E1,2021-08-28,Luton,Sheffield United,A Davies
2122,E1,2021-08-28,Middlesbrough,Blackburn,M Salisbury
2122,E1,2021-08-28,Millwall,Blackpool,G Ward
2122,E1,2021-08-28,Peterboro,West Brom,J Linington
2122,E1,2021-08-28,Preston,Swansea,T Bramall
2122,E1,2021-08-28,QPR,Coventry,D Whitestone
2122,E1,2021-09-10,Birmingham,Derby,G Ward
2122,E1,2021-09-11,Blackburn,Luton,O Langford
2122,E1,2021-09-11,Blackpool,Fulham,J Busby
2122,E1,2021-09-11,Bournemouth,Barnsley,J Linington
2122,E1,2021-09-11,Bristol City,Preston,T Robinson
2122,E1,2021-09-11,Coventry,Middlesbrough,L Doughty
2122,E1,2021-09-11,Reading,QPR,G Eltringham
2122,E1,2021-09-11,Sheffield United,Peterboro,S Martin
2122,E1,2021-09-11,Stoke,Huddersfield,J Smith
2122,E1,2021-09-11,Swansea,Hull,K Stroud
2122,E1,2021-09-11,West Brom,Millwall,A Woolmer
2122,E1,2021-09-12,Nott'm Forest,Cardiff,D Whitestone
2122,E1,2021-09-14,Blackburn,Hull,J Brooks
2122,E1,2021-09-14,Blackpool,Huddersfield,T Bramall
2122,E1,2021-09-14,Bournemouth,QPR,K Stroud
2122,E1,2021-09-14,Reading,Peterboro,T Robinson
2122,E1,2021-09-14,Sheffield United,Preston,G Eltringham
2122,E1,2021-09-14,West Brom,Derby,K Friend
2122,E1,2021-09-15,Birmingham,Fulham,D Webb
2122,E1,2021-09-15,Bristol City,Luton,J Simpson
2122,E1,2021-09-15,Coventry,Cardiff,M Salisbury
2122,E1,2021-09-15,Nott'm Forest,Middlesbrough,A Woolmer
2122,E1,2021-09-15,Stoke,Barnsley,L Doughty
2122,E1,2021-09-15,Swansea,Millwall,J Busby
2122,E1,2021-09-18,Barnsley,Blackburn,A Woolmer
2122,E1,2021-09-18,Cardiff,Bournemouth,J Smith
2122,E1,2021-09-18,Derby,Stoke,J Simpson
2122,E1,2021-09-18,Fulham,Reading,S Martin
2122,E1,2021-09-18,Huddersfield,Nott'm Forest,C Kavanagh
2122,E1,2021-09-18,Hull,Sheffield United,D Whitestone
2122,E1,2021-09-18,Luton,Swansea,T Harrington
2122,E1,2021-09-18,Middlesbrough,Blackpool,D Webb
2122,E1,2021-09-18,Millwall,Coventry,K Stroud
2122,E1,2021-09-18,Peterboro,Birmingham,J Gillett
2122,E1,2021-09-18,Preston,West Brom,A Davies
2122,E1,2021-09-18,QPR,Bristol City,L Doughty
2122,E1,2021-09-24,Coventry,Peterboro,G Eltringham
2122,E1,2021-09-24,West Brom,QPR,J Linington
2122,E1,2021-09-25,Birmingham,Preston,M Donohue
2122,E1,2021-09-25,Blackburn,Cardiff,K Stroud
2122,E1,2021-09-25,Blackpool,Barnsley,S Martin
2122,E1,2021-09-25,Bournemouth,Luton,T Robinson
2122,E1,2021-09-25,Bristol City,Fulham,S Hooper
2122,E1,2021-09-25,Nott'm Forest,Millwall,J Simpson
2122,E1,2021-09-25,Reading,Middlesbrough,P Bankes
2122,E1,2021-09-25,Sheffield United,Derby,D Webb
2122,E1,2021-09-25,Stoke,Hull,T Bramall
2122,E1,2021-09-25,Swansea,Huddersfield,G Ward
2122,E1,2021-09-28,Cardiff,West Brom,G Scott
2122,E1,2021-09-28,Huddersfield,Blackburn,J Simpson
2122,E1,2021-09-28,Hull,Blackpool,M Donohue
2122,E1,2021-09-28,Middlesbrough,Sheffield United,J Linington
2122,E1,2021-09-28,Preston,Stoke,J Brooks
2122,E1,2021-09-28,QPR,Birmingham,M Salisbury
2122,E1,2021-09-29,Barnsley,Nott'm Forest,G Eltringham
2122,E1,2021-09-29,Derby,Reading,J Busby
2122,E1,2021-09-29,Fulham,Swansea,J Smith
2122,E1,2021-09-29,Luton,Coventry,S Martin
2122,E1,2021-09-29,Millwall,Bristol City,D Whitestone
2122,E1,2021-09-29,Peterboro,Bournemouth,A Woolmer
2122,E1,2021-10-01,Stoke,West Brom,T Robinson
2122,E1,2021-10-02,Barnsley,Millwall,D Webb
2122,E1,2021-10-02,Birmingham,Nott'm Forest,K Stroud
2122,E1,2021-10-02,Blackpool,Blackburn,J Smith
2122,E1,2021-10-02,Bournemouth,Sheffield United,R Jones
2122,E1,2021-10-02,Cardiff,Reading,T Bramall
2122,E1,2021-10-02,Coventry,Fulham,G Ward
2122,E1,2021-10-02,Derby,Swansea,A Madley
2122,E1,2021-10-02,Hull,Middlesbrough,A Davies
2122,E1,2021-10-02,Luton,Huddersfield,L Doughty
2122,E1,2021-10-02,Peterboro,Bristol City,D Coote
2122,E1,2021-10-02,QPR,Preston,J Simpson
2122,E1,2021-10-15,West Brom,Birmingham,J Simpson
2122,E1,2021-10-16,Blackburn,Coventry,M Donohue
2122,E1,2021-10-16,Bristol City,Bournemouth,G Ward
2122,E1,2021-10-16,Fulham,QPR,O Langford
2122,E1,2021-10-16,Huddersfield,Hull,R Jones
2122,E1,2021-10-16,Middlesbrough,Peterboro,J Busby
2122,E1,2021-10-16,Millwall,Luton,C Kavanagh
2122,E1,2021-10-16,Nott'm Forest,Blackpool,K Friend
2122,E1,2021-10-16,Preston,Derby,J Smith
2122,E1,2021-10-16,Reading,Barnsley,A Davies
2122,E1,2021-10-16,Sheffield United,Stoke,K Stroud
2122,E1,2021-10-17,Swansea,Cardiff,J Linington
2122,E1,2021-10-19,Bristol City,Nott'm Forest,S Martin
2122,E1,2021-10-19,Derby,Luton,G Eltringham
2122,E1,2021-10-19,QPR,Blackburn,D Webb
2122,E1,2021-10-19,Sheffield United,Millwall,M Donohue
2122,E1,2021-10-19,Stoke,Bournemouth,D Whitestone
2122,E1,2021-10-20,Fulham,Cardiff,T Robinson
2122,E1,2021-10-20,Huddersfield,Birmingham,A Woolmer
2122,E1,2021-10-20,Hull,Peterboro,L Doughty
2122,E1,2021-10-20,Middlesbrough,Barnsley,A Madley
2122,E1,2021-10-20,Preston,Coventry,D England
2122,E1,2021-10-20,Reading,Blackpool,J Simpson
2122,E1,2021-10-20,Swansea,West Brom,S Hooper
2122,E1,2021-10-23,Birmingham,Swansea,O Langford
2122,E1,2021-10-23,Blackburn,Reading,T Harrington
2122,E1,2021-10-23,Blackpool,Preston,T Robinson
2122,E1,2021-10-23,Bournemouth,Huddersfield,J Brooks
2122,E1,2021-10-23,Cardiff,Middlesbrough,J Simpson
2122,E1,2021-10-23,Coventry,Derby,D Whitestone
2122,E1,2021-10-23,Luton,Hull,J Busby
2122,E1,2021-10-23,Millwall,Stoke,A Davies
2122,E1,2021-10-23,Peterboro,QPR,J Gillett
2122,E1,2021-10-23,West Brom,Bristol City,J Smith
2122,E1,2021-10-24,Barnsley,Sheffield United,G Ward
2122,E1,2021-10-24,Nott'm Forest,Fulham,J Linington
2122,E1,2021-10-29,QPR,Nott'm Forest,A Davies
2122,E1,2021-10-30,Bristol City,Barnsley,T Bramall
2122,E1,2021-10-30,Derby,Blackburn,S Martin
2122,E1,2021-10-30,Fulham,West Brom,M Salisbury
2122,E1,2021-10-30,Huddersfield,Millwall,G Eltringham
2122,E1,2021-10-30,Hull,Coventry,D Webb
2122,E1,2021-10-30,Middlesbrough,Birmingham,J Smith
2122,E1,2021-10-30,Preston,Luton,D Whitestone
2122,E1,2021-10-30,Reading,Bournemouth,O Langford
2122,E1,2021-10-30,Sheffield United,Blackpool,T Harrington
2122,E1,2021-10-30,Stoke,Cardiff,J Brooks
2122,E1,2021-10-30,Swansea,Peterboro,M Donohue
2122,E1,2021-11-02,Birmingham,Bristol City,S Hooper
2122,E1,2021-11-02,Coventry,Swansea,A Davies
2122,E1,2021-11-02,Luton,Middlesbrough,T Robinson
2122,E1,2021-11-02,Millwall,Reading,G Ward
2122,E1,2021-11-02,Nott'm Forest,Sheffield United,L Doughty
2122,E1,2021-11-02,Peterboro,Huddersfield,K Stroud
2122,E1,2021-11-03,Barnsley,Derby,R Jones
2122,E1,2021-11-03,Blackburn,Fulham,J Gillett
2122,E1,2021-11-03,Blackpool,Stoke,J Busby
2122,E1,2021-11-03,Bournemouth,Preston,D Webb
2122,E1,2021-11-03,Cardiff,QPR,A Woolmer
2122,E1,2021-11-03,West Brom,Hull,D Whitestone
2122,E1,2021-11-06,Barnsley,Hull,S Martin
2122,E1,2021-11-06,Birmingham,Reading,T Bramall
2122,E1,2021-11-06,Blackburn,Sheffield United,O Langford
2122,E1,2021-11-06,Blackpool,QPR,J Smith
2122,E1,2021-11-06,Bournemouth,Swansea,T Harrington
2122,E1,2021-11-06,Cardiff,Huddersfield,D Webb
2122,E1,2021-11-06,Coventry,Bristol City,J Simpson
2122,E1,2021-11-06,Luton,Stoke,J Moss
2122,E1,2021-11-06,Millwall,Derby,T Robinson
2122,E1,2021-11-06,Nott'm Forest,Preston,S Hooper
2122,E1,2021-11-06,Peterboro,Fulham,D Whitestone
2122,E1,2021-11-06,West Brom,Middlesbrough,M Donohue
2122,E1,2021-11-19,QPR,Luton,M Donohue
2122,E1,2021-11-20,Bristol City,Blackburn,J Busby
2122,E1,2021-11-20,Fulham,Barnsley,J Smith
2122,E1,2021-11-20,Huddersfield,West Brom,T Robinson
2122,E1,2021-11-20,Hull,Birmingham,T Harrington
2122,E1,2021-11-20,Middlesbrough,Millwall,O Langford
2122,E1,2021-11-20,Preston,Cardiff,L Doughty
2122,E1,2021-11-20,Reading,Nott'm Forest,A Woolmer
2122,E1,2021-11-20,Sheffield United,Coventry,M Salisbury
2122,E1,2021-11-20,Stoke,Peterboro,G Eltringham
2122,E1,2021-11-20,Swansea,Blackpool,K Stroud
2122,E1,2021-11-21,Derby,Bournemouth,G Ward
2122,E1,2021-11-23,Blackpool,West Brom,J Gillett
2122,E1,2021-11-23,Coventry,Birmingham,L Doughty
2122,E1,2021-11-23,Middlesbrough,Preston,A Woolmer
2122,E1,2021-11-23,Nott'm Forest,Luton,J Simpson
2122,E1,2021-11-23,Reading,Sheffield United,A Davies
2122,E1,2021-11-24,Barnsley,Swansea,D Webb
2122,E1,2021-11-24,Blackburn,Peterboro,J Brooks
2122,E1,2021-11-24,Bristol City,Stoke,O Langford
2122,E1,2021-11-24,Cardiff,Hull,T Bramall
2122,E1,2021-11-24,Fulham,Derby,G Eltringham
2122,E1,2021-11-24,Millwall,Bournemouth,D Whitestone
2122,E1,2021-11-24,QPR,Huddersfield,G Scott
2122,E1,2021-11-26,West Brom,Nott'm Forest,G Ward
2122,E1,2021-11-27,Birmingham,Blackpool,M Donohue
2122,E1,2021-11-27,Bournemouth,Coventry,D Coote
2122,E1,2021-11-27,Huddersfield,Middlesbrough,T Bramall
2122,E1,2021-11-27,Hull,Millwall,J Smith
2122,E1,2021-11-27,Luton,Cardiff,O Langford
2122,E1,2021-11-27,Peterboro,Barnsley,J Busby
2122,E1,2021-11-27,Preston,Fulham,C Kavanagh
2122,E1,2021-11-27,Stoke,Blackburn,T Robinson
2122,E1,2021-11-27,Swansea,Reading,T Harrington
2122,E1,2021-11-28,Sheffield United,Bristol City,G Eltringham
2122,E1,2021-11-29,Derby,QPR,J Simpson
2122,E1,2021-12-03,Fulham,Bournemouth,T Robinson
2122,E1,2021-12-04,Barnsley,Huddersfield,M Donohue
2122,E1,2021-12-04,Blackburn,Preston,G Ward
2122,E1,2021-12-04,Blackpool,Luton,P Bankes
2122,E1,2021-12-04,Bristol City,Derby,G Scott
2122,E1,2021-12-04,Cardiff,Sheffield United,J Busby
2122,E1,2021-12-04,Coventry,West Brom,K Stroud
2122,E1,2021-12-04,Middlesbrough,Swansea,A Davies
2122,E1,2021-12-04,Millwall,Birmingham,A Woolmer
2122,E1,2021-12-04,Nott'm Forest,Peterboro,T Bramall
2122,E1,2021-12-04,Reading,Hull,S Martin
2122,E1,2021-12-05,QPR,Stoke,T Harrington
2122,E1,2021-12-11,Birmingham,Cardiff,J Simpson
2122,E1,2021-12-11,Bournemouth,Blackburn,S Hooper
2122,E1,2021-12-11,Derby,Blackpool,A Woolmer
2122,E1,2021-12-11,Huddersfield,Coventry,J Smith
2122,E1,2021-12-11,Hull,Bristol City,G Ward
2122,E1,2021-12-11,Luton,Fulham,T Bramall
2122,E1,2021-12-11,Peterboro,Millwall,L Doughty
2122,E1,2021-12-11,Preston,Barnsley,K Stroud
2122,E1,2021-12-11,Stoke,Middlesbrough,M Salisbury
2122,E1,2021-12-11,Swansea,Nott'm Forest,M Donohue
2122,E1,2021-12-11,West Brom,Reading,G Webb
2122,E1,2021-12-17,Barnsley,West Brom,T Robinson
2122,E1,2021-12-18,Blackburn,Birmingham,G Eltringham
2122,E1,2021-12-18,Blackpool,Peterboro,D Webb
2122,E1,2021-12-18,Bristol City,Huddersfield,D Whitestone
2122,E1,2021-12-18,Middlesbrough,Bournemouth,C Kavanagh
2122,E1,2021-12-18,Nott'm Forest,Hull,J Busby
2122,E1,2021-12-20,Fulham,Sheffield United,J Linington
2122,E1,2021-12-26,Huddersfield,Blackpool,J Simpson
2122,E1,2021-12-26,Middlesbrough,Nott'm Forest,J Smith
2122,E1,2021-12-27,Derby,West Brom,J Linington
2122,E1,2021-12-27,QPR,Bournemouth,K Stroud
2122,E1,2021-12-29,Blackburn,Barnsley,D Whitestone
2122,E1,2021-12-29,Blackpool,Middlesbrough,S Martin
2122,E1,2021-12-29,Coventry,Millwall,G Eltringham
2122,E1,2021-12-30,Bournemouth,Cardiff,J Linington
2122,E1,2021-12-30,Bristol City,QPR,A Davies
2122,E1,2021-12-30,Nott'm Forest,Huddersfield,G Ward
2122,E1,2021-12-30,Stoke,Derby,M Donohue
2122,E1,2022-01-01,Blackpool,Hull,D Whitestone
2122,E1,2022-01-02,Birmingham,QPR,M Donohue
2122,E1,2022-01-02,Blackburn,Huddersfield,K Stroud
2122,E1,2022-01-02,Bristol City,Millwall,S Hooper
2122,E1,2022-01-02,West Brom,Cardiff,T Bramall
2122,E1,2022-01-03,Reading,Derby,J Busby
2122,E1,2022-01-03,Stoke,Preston,J Simpson
2122,E1,2022-01-11,Reading,Fulham,T Harrington
2122,E1,2022-01-15,Cardiff,Blackburn,M Donohue
2122,E1,2022-01-15,Derby,Sheffield United,G Scott
2122,E1,2022-01-15,Fulham,Bristol City,T Robinson
2122,E1,2022-01-15,Huddersfield,Swansea,D Webb
2122,E1,2022-01-15,Luton,Bournemouth,L Doughty
2122,E1,2022-01-15,Middlesbrough,Reading,J Linington
2122,E1,2022-01-15,Millwall,Nott'm Forest,P Bankes
2122,E1,2022-01-15,Peterboro,Coventry,K Stroud
2122,E1,2022-01-15,Preston,Birmingham,A Davies
2122,E1,2022-01-15,QPR,West Brom,S Hooper
2122,E1,2022-01-16,Hull,Stoke,J Smith
2122,E1,2022-01-18,Fulham,Birmingham,G Ward
2122,E1,2022-01-18,Preston,Sheffield United,D Webb
2122,E1,2022-01-19,Hull,Blackburn,T Bramall
2122,E1,2022-01-19,Reading,Luton,T Robinson
2122,E1,2022-01-22,Birmingham,Barnsley,T Harrington
2122,E1,2022-01-22,Blackpool,Millwall,D Webb
2122,E1,2022-01-22,Bournemouth,Hull,M Donohue
2122,E1,2022-01-22,Bristol City,Cardiff,G Ward
2122,E1,2022-01-22,Coventry,QPR,A Woolmer
2122,E1,2022-01-22,Nott'm Forest,Derby,T Robinson
2122,E1,2022-01-22,Reading,Huddersfield,R Jones
2122,E1,2022-01-22,Sheffield United,Luton,S Martin
2122,E1,2022-01-22,Stoke,Fulham,D Whitestone
2122,E1,2022-01-22,Swansea,Preston,J Smith
2122,E1,2022-01-22,West Brom,Peterboro,J Simpson
2122,E1,2022-01-24,Blackburn,Middlesbrough,D England
2122,E1,2022-01-25,Birmingham,Peterboro,O Langford
2122,E1,2022-01-25,Coventry,Stoke,J Brooks
2122,E1,2022-01-25,Luton,Bristol City,A Davies
2122,E1,2022-01-25,Nott'm Forest,Barnsley,M Salisbury
2122,E1,2022-01-25,QPR,Swansea,A Davies
2122,E1,2022-01-26,West Brom,Preston,K Stroud
2122,E1,2022-01-28,Huddersfield,Stoke,G Ward
2122,E1,2022-01-29,Barnsley,Bournemouth,A Marriner
2122,E1,2022-01-29,Fulham,Blackpool,P Bankes
2122,E1,2022-01-29,Hull,Swansea,L Doughty
2122,E1,2022-01-29,Luton,Blackburn,J Linington
2122,E1,2022-01-29,Middlesbrough,Coventry,M Donohue
2122,E1,2022-01-29,Millwall,West Brom,J Smith
2122,E1,2022-01-29,Peterboro,Sheffield United,D Whitestone
2122,E1,2022-01-29,Preston,Bristol City,J Busby
2122,E1,2022-01-29,QPR,Reading,J Simpson
2122,E1,2022-01-30,Cardiff,Nott'm Forest,D Webb
2122,E1,2022-01-30,Derby,Birmingham,J Brooks
2122,E1,2022-02-01,Millwall,Preston,K Friend
2122,E1,2022-02-01,Swansea,Luton,O Langford
2122,E1,2022-02-02,Barnsley,Cardiff,G Eltringham
2122,E1,2022-02-02,Huddersfield,Derby,M Donohue
2122,E1,2022-02-04,Birmingham,Sheffield United,K Stroud
2122,E1,2022-02-05,Blackpool,Bristol City,J Linington
2122,E1,2022-02-05,Hull,Preston,D Bond
2122,E1,2022-02-05,Swansea,Blackburn,T Robinson
2122,E1,2022-02-08,Coventry,Blackpool,A Marriner
2122,E1,2022-02-08,Derby,Hull,G Eltringham
2122,E1,2022-02-08,Fulham,Millwall,M Donohue
2122,E1,2022-02-08,Luton,Barnsley,A Davies
2122,E1,2022-02-08,Stoke,Swansea,J Simpson
2122,E1,2022-02-09,Blackburn,Nott'm Forest,J Smith
2122,E1,2022-02-09,Bournemouth,Birmingham,J Linington
2122,E1,2022-02-09,Bristol City,Reading,O Langford
2122,E1,2022-02-09,Cardiff,Peterboro,K Friend
2122,E1,2022-02-09,Preston,Huddersfield,R Jones
2122,E1,2022-02-09,QPR,Middlesbrough,D Whitestone
2122,E1,2022-02-09,Sheffield United,West Brom,L Doughty
2122,E1,2022-02-12,Barnsley,QPR,M Salisbury
2122,E1,2022-02-12,Birmingham,Luton,D Bond
2122,E1,2022-02-12,Blackpool,Bournemouth,D Whitestone
2122,E1,2022-02-12,Huddersfield,Sheffield United,J Linington
2122,E1,2022-02-12,Hull,Fulham,A Woolmer
2122,E1,2022-02-12,Middlesbrough,Derby,M Dean
2122,E1,2022-02-12,Millwall,Cardiff,S Martin
2122,E1,2022-02-12,Nott'm Forest,Stoke,L Doughty
2122,E1,2022-02-12,Peterboro,Preston,T Robinson
2122,E1,2022-02-12,Reading,Coventry,D Webb
2122,E1,2022-02-13,Swansea,Bristol City,K Stroud
2122,E1,2022-02-14,West Brom,Blackburn,J Brooks
2122,E1,2022-02-15,Cardiff,Coventry,J Busby
2122,E1,2022-02-15,Millwall,QPR,J Linington
2122,E1,2022-02-15,Sheffield United,Hull,O Langford
2122,E1,2022-02-16,Peterboro,Reading,M Donohue
2122,E1,2022-02-19,Bristol City,Middlesbrough,L Doughty
2122,E1,2022-02-19,Cardiff,Blackpool,D Bond
2122,E1,2022-02-19,Coventry,Barnsley,J Smith
2122,E1,2022-02-19,Derby,Peterboro,J Linington
2122,E1,2022-02-19,Fulham,Huddersfield,T Harrington
2122,E1,2022-02-19,Luton,West Brom,G Ward
2122,E1,2022-02-19,Preston,Reading,J Busby
2122,E1,2022-02-19,QPR,Hull,T Robinson
2122,E1,2022-02-19,Sheffield United,Swansea,D Webb
2122,E1,2022-02-19,Stoke,Birmingham,A Davies
2122,E1,2022-02-22,Bristol City,Coventry,D Whitestone
2122,E1,2022-02-22,Hull,Barnsley,S Martin
2122,E1,2022-02-22,Middlesbrough,West Brom,M Salisbury
2122,E1,2022-02-22,Preston,Nott'm Forest,G Eltringham
2122,E1,2022-02-22,Reading,Birmingham,S Hooper
2122,E1,2022-02-23,Derby,Millwall,J Simpson
2122,E1,2022-02-23,Fulham,Peterboro,J Gillett
2122,E1,2022-02-23,Huddersfield,Cardiff,O Langford
2122,E1,2022-02-23,QPR,Blackpool,G Ward
2122,E1,2022-02-23,Sheffield United,Blackburn,M Donohue
2122,E1,2022-02-23,Stoke,Luton,J Busby
2122,E1,2022-02-26,Barnsley,Middlesbrough,J Linington
2122,E1,2022-02-26,Birmingham,Huddersfield,D Webb
2122,E1,2022-02-26,Blackburn,QPR,J Simpson
2122,E1,2022-02-26,Blackpool,Reading,P Bankes
2122,E1,2022-02-26,Bournemouth,Stoke,T Robinson
2122,E1,2022-02-26,Cardiff,Fulham,L Doughty
2122,E1,2022-02-26,Coventry,Preston,K Stroud
2122,E1,2022-02-26,Luton,Derby,A Woolmer
2122,E1,2022-02-26,Millwall,Sheffield United,M Salisbury
2122,E1,2022-02-26,Nott'm Forest,Bristol City,D Bond
2122,E1,2022-02-26,Peterboro,Hull,T Harrington
2122,E1,2022-02-28,West Brom,Swansea,D Whitestone
2122,E1,2022-03-01,Cardiff,Derby,A Davies
2122,E1,2022-03-04,Huddersfield,Peterboro,D Bond
2122,E1,2022-03-04,Sheffield United,Nott'm Forest,J Smith
2122,E1,2022-03-05,Bristol City,Birmingham,T Bramall
2122,E1,2022-03-05,Derby,Barnsley,R Jones
2122,E1,2022-03-05,Fulham,Blackburn,D Webb
2122,E1,2022-03-05,Hull,West Brom,J Linington
2122,E1,2022-03-05,Middlesbrough,Luton,J Simpson
2122,E1,2022-03-05,Preston,Bournemouth,M Donohue
2122,E1,2022-03-05,QPR,Cardiff,M Salisbury
2122,E1,2022-03-05,Reading,Millwall,A Woolmer
2122,E1,2022-03-05,Stoke,Blackpool,T Harrington
2122,E1,2022-03-05,Swansea,Coventry,G Eltringham
2122,E1,2022-03-08,Barnsley,Stoke,L Doughty
2122,E1,2022-03-08,Blackburn,Millwall,D Whitestone
2122,E1,2022-03-08,Bournemouth,Peterboro,G Ward
2122,E1,2022-03-08,Coventry,Luton,O Langford
2122,E1,2022-03-08,Sheffield United,Middlesbrough,T Robinson
2122,E1,2022-03-08,Swansea,Fulham,J Gillett
2122,E1,2022-03-11,West Brom,Huddersfield,M Donohue
2122,E1,2022-03-12,Barnsley,Fulham,T Robinson
2122,E1,2022-03-12,Birmingham,Hull,M Salisbury
2122,E1,2022-03-12,Blackburn,Bristol City,G Ward
2122,E1,2022-03-12,Blackpool,Swansea,S Martin
2122,E1,2022-03-12,Bournemouth,Derby,A Madley
2122,E1,2022-03-12,Cardiff,Preston,J Linington
2122,E1,2022-03-12,Coventry,Sheffield United,J Simpson
2122,E1,2022-03-12,Millwall,Middlesbrough,R Jones
2122,E1,2022-03-12,Nott'm Forest,Reading,T Bramall
2122,E1,2022-03-12,Peterboro,Stoke,D Whitestone
2122,E1,2022-03-13,Luton,QPR,J Smith
2122,E1,2022-03-15,Barnsley,Bristol City,D Webb
2122,E1,2022-03-15,Birmingham,Middlesbrough,D Bond
2122,E1,2022-03-15,Blackburn,Derby,T Harrington
2122,E1,2022-03-15,Bournemouth,Reading,L Doughty
2122,E1,2022-03-15,West Brom,Fulham,K Friend
2122,E1,2022-03-16,Blackpool,Sheffield United,G Eltringham
2122,E1,2022-03-16,Cardiff,Stoke,A Woolmer
2122,E1,2022-03-16,Coventry,Hull,J Busby
2122,E1,2022-03-16,Luton,Preston,S Martin
2122,E1,2022-03-16,Millwall,Huddersfield,J Linington
2122,E1,2022-03-16,Nott'm Forest,QPR,P Bankes
2122,E1,2022-03-16,Peterboro,Swansea,O Langford
2122,E1,2022-03-19,Bristol City,West Brom,L Doughty
2122,E1,2022-03-19,Derby,Coventry,D Bond
2122,E1,2022-03-19,Huddersfield,Bournemouth,S Hooper
2122,E1,2022-03-19,Hull,Luton,T Harrington
2122,E1,2022-03-19,Reading,Blackburn,J Linington
2122,E1,2022-03-19,Sheffield United,Barnsley,S Martin
2122,E1,2022-03-19,Stoke,Millwall,J Brooks
2122,E1,2022-03-19,Swansea,Birmingham,J Simpson
2122,E1,2022-03-20,QPR,Peterboro,D Webb
2122,E1,2022-04-01,Hull,Huddersfield,J Simpson
2122,E1,2022-04-02,Barnsley,Reading,K Stroud
2122,E1,2022-04-02,Blackpool,Nott'm Forest,J Gillett
2122,E1,2022-04-02,Bournemouth,Bristol City,S Martin
2122,E1,2022-04-02,Cardiff,Swansea,J Smith
2122,E1,2022-04-02,Coventry,Blackburn,P Bankes
2122,E1,2022-04-02,Derby,Preston,G Eltringham
2122,E1,2022-04-02,Luton,Millwall,G Scott
2122,E1,2022-04-02,Peterboro,Middlesbrough,L Doughty
2122,E1,2022-04-02,QPR,Fulham,G Ward
2122,E1,2022-04-02,Stoke,Sheffield United,D Webb
2122,E1,2022-04-03,Birmingham,West Brom,D Whitestone
2122,E1,2022-04-05,Millwall,Swansea,A Davies
2122,E1,2022-04-05,Peterboro,Luton,T Bramall
2122,E1,2022-04-05,Preston,Blackpool,D Webb
2122,E1,2022-04-05,Reading,Stoke,D Whitestone
2122,E1,2022-04-05,Sheffield United,QPR,D Bond
2122,E1,2022-04-06,Middlesbrough,Fulham,J Linington
2122,E1,2022-04-06,Nott'm Forest,Coventry,T Robinson
2122,E1,2022-04-06,West Brom,Bournemouth,K Stroud
2122,E1,2022-04-09,Blackburn,Blackpool,M Donohue
2122,E1,2022-04-09,Bristol City,Peterboro,J Brooks
2122,E1,2022-04-09,Middlesbrough,Hull,A Woolmer
2122,E1,2022-04-09,Millwall,Barnsley,O Langford
2122,E1,2022-04-09,Nott'm Forest,Birmingham,G Ward
2122,E1,2022-04-09,Preston,QPR,T Harrington
2122,E1,2022-04-09,Reading,Cardiff,M Salisbury
2122,E1,2022-04-09,Sheffield United,Bournemouth,D Whitestone
2122,E1,2022-04-09,Swansea,Derby,T Robinson
2122,E1,2022-04-09,West Brom,Stoke,A Davies
2122,E1,2022-04-10,Fulham,Coventry,K Stroud
2122,E1,2022-04-11,Huddersfield,Luton,G Eltringham
2122,E1,2022-04-15,Birmingham,Coventry,O Langford
2122,E1,2022-04-15,Bournemouth,Middlesbrough,T Robinson
2122,E1,2022-04-15,Derby,Fulham,R Jones
2122,E1,2022-04-15,Huddersfield,QPR,L Doughty
2122,E1,2022-04-15,Hull,Cardiff,S Martin
2122,E1,2022-04-15,Luton,Nott'm Forest,J Linington
2122,E1,2022-04-15,Peterboro,Blackburn,C Kavanagh
2122,E1,2022-04-15,Preston,Millwall,T Bramall
2122,E1,2022-04-15,Sheffield United,Reading,G Ward
2122,E1,2022-04-15,Stoke,Bristol City,M Donohue
2122,E1,2022-04-15,Swansea,Barnsley,A Woolmer
2122,E1,2022-04-15,West Brom,Blackpool,J Simpson
2122,E1,2022-04-18,Barnsley,Peterboro,D Bond
2122,E1,2022-04-18,Blackburn,Stoke,G Eltringham
2122,E1,2022-04-18,Blackpool,Birmingham,T Robinson
2122,E1,2022-04-18,Bristol City,Sheffield United,K Stroud
2122,E1,2022-04-18,Cardiff,Luton,A Davies
2122,E1,2022-04-18,Coventry,Bournemouth,M Donohue
2122,E1,2022-04-18,Middlesbrough,Huddersfield,D England
2122,E1,2022-04-18,Millwall,Hull,D Whitestone
2122,E1,2022-04-18,Nott'm Forest,West Brom,D Webb
2122,E1,2022-04-18,QPR,Derby,J Smith
2122,E1,2022-04-18,Reading,Swansea,K Friend
2122,E1,2022-04-19,Fulham,Preston,D Doughty
2122,E1,2022-04-22,Huddersfield,Barnsley,J Linington
2122,E1,2022-04-23,Birmingham,Millwall,L Doughty
2122,E1,2022-04-23,Bournemouth,Fulham,G Scott
2122,E1,2022-04-23,Derby,Bristol City,T Bramall
2122,E1,2022-04-23,Hull,Reading,T Robinson
2122,E1,2022-04-23,Luton,Blackpool,J Brooks
2122,E1,2022-04-23,Peterboro,Nott'm Forest,M Salisbury
2122,E1,2022-04-23,Sheffield United,Cardiff,O Langford
2122,E1,2022-04-23,Stoke,QPR,A Woolmer
2122,E1,2022-04-23,Swansea,Middlesbrough,D Webb
2122,E1,2022-04-23,West Brom,Coventry,S Martin
2122,E1,2022-04-25,Preston,Blackburn,J Simpson
2122,E1,2022-04-26,Barnsley,Blackpool,J Busby
2122,E1,2022-04-26,Fulham,Nott'm Forest,J Smith
2122,E1,2022-04-26,Swansea,Bournemouth,D Bond
2122,E1,2022-04-27,Middlesbrough,Cardiff,M Donohue
2122,E1,2022-04-29,QPR,Sheffield United,P Bankes
2122,E1,2022-04-30,Barnsley,Preston,D Webb
2122,E1,2022-04-30,Blackburn,Bournemouth,R Jones
2122,E1,2022-04-30,Blackpool,Derby,A Davies
2122,E1,2022-04-30,Bristol City,Hull,B Toner
2122,E1,2022-04-30,Cardiff,Birmingham,J Busby
2122,E1,2022-04-30,Coventry,Huddersfield,T Harrington
2122,E1,2022-04-30,Middlesbrough,Stoke,J Simpson
2122,E1,2022-04-30,Millwall,Peterboro,G Eltringham
2122,E1,2022-04-30,Nott'm Forest,Swansea,G Scott
2122,E1,2022-04-30,Reading,West Brom,M Donohue
2122,E1,2022-05-02,Fulham,Luton,T Robinson
2122,E1,2022-05-03,Bournemouth,Nott'm Forest,S Attwell
2122,E1,2022-05-07,Birmingham,Blackburn,A Davies
2122,E1,2022-05-07,Bournemouth,Millwall,A Marriner
2122,E1,2022-05-07,Derby,Cardiff,K Stroud
2122,E1,2022-05-07,Huddersfield,Bristol City,D Webb
2122,E1,2022-05-07,Hull,Nott'm Forest,S Hooper
2122,E1,2022-05-07,Luton,Reading,J Simpson
2122,E1,2022-05-07,Peterboro,Blackpool,A Woolmer
2122,E1,2022-05-07,Preston,Middlesbrough,T Robinson
2122,E1,2022-05-07,Sheffield United,Fulham,J Smith
2122,E1,2022-05-07,Stoke,Coventry,G Ward
2122,E1,2022-05-07,Swansea,QPR,S Martin
2122,E1,2022-05-07,West Brom,Barnsley,L Doughty
2122,E2,2021-08-07,Bolton,Milton Keynes Dons,M Coy
2122,E2,2021-08-07,Cambridge,Oxford,D Rock
2122,E2,2021-08-07,Charlton,Sheffield Weds,W Finnie
2122,E2,2021-08-07,Crewe,Cheltenham,B Toner
2122,E2,2021-08-07,Doncaster,AFC Wimbledon,S Barrott
2122,E2,2021-08-07,Fleetwood Town,Portsmouth,B Speedie
2122,E2,2021-08-07,Gillingham,Lincoln,T Bramall
2122,E2,2021-08-07,Ipswich,Morecambe,C Hicks
2122,E2,2021-08-07,Rotherham,Plymouth,S Stockbridge
2122,E2,2021-08-07,Shrewsbury,Burton,A Backhouse
2122,E2,2021-08-07,Sunderland,Wigan,R Madley
2122,E2,2021-08-07,Wycombe,Accrington,C Breakspear
2122,E2,2021-08-14,AFC Wimbledon,Bolton,P Wright
2122,E2,2021-08-14,Accrington,Cambridge,B Speedie
2122,E2,2021-08-14,Burton,Ipswich,S Purkiss
2122,E2,2021-08-14,Cheltenham,Wycombe,C Boyeson
2122,E2,2021-08-14,Lincoln,Fleetwood Town,J Oldham
2122,E2,2021-08-14,Milton Keynes Dons,Sunderland,J Bell
2122,E2,2021-08-14,Morecambe,Shrewsbury,D Bourne
2122,E2,2021-08-14,Oxford,Charlton,T Bramall
2122,E2,2021-08-14,Plymouth,Gillingham,C Breakspear
2122,E2,2021-08-14,Portsmouth,Crewe,W Finnie
2122,E2,2021-08-14,Sheffield Weds,Doncaster,R Joyce
2122,E2,2021-08-14,Wigan,Rotherham,R Lewis
2122,E2,2021-08-17,AFC Wimbledon,Gillingham,C Brook
2122,E2,2021-08-17,Accrington,Doncaster,S Oldham
2122,E2,2021-08-17,Burton,Sunderland,D Bourne
2122,E2,2021-08-17,Cheltenham,Ipswich,P Wright
2122,E2,2021-08-17,Lincoln,Bolton,S Barrott
2122,E2,2021-08-17,Milton Keynes Dons,Charlton,C Breakspear
2122,E2,2021-08-17,Morecambe,Rotherham,D Webb
2122,E2,2021-08-17,Oxford,Crewe,R Madley
2122,E2,2021-08-17,Plymouth,Cambridge,C Sarginson
2122,E2,2021-08-17,Portsmouth,Shrewsbury,T Kettle
2122,E2,2021-08-17,Sheffield Weds,Fleetwood Town,S Stockbridge
2122,E2,2021-08-17,Wigan,Wycombe,A Backhouse
2122,E2,2021-08-21,Bolton,Oxford,N Hair
2122,E2,2021-08-21,Cambridge,Burton,B Toner
2122,E2,2021-08-21,Charlton,Wigan,C Hicks
2122,E2,2021-08-21,Crewe,Accrington,D Drysdale
2122,E2,2021-08-21,Doncaster,Portsmouth,C Boyeson
2122,E2,2021-08-21,Fleetwood Town,Cheltenham,A Haines
2122,E2,2021-08-21,Gillingham,Morecambe,T Nield
2122,E2,2021-08-21,Ipswich,Milton Keynes Dons,J Smith
2122,E2,2021-08-21,Rotherham,Sheffield Weds,M Edwards
2122,E2,2021-08-21,Shrewsbury,Plymouth,P Howard
2122,E2,2021-08-21,Sunderland,AFC Wimbledon,J Oldham
2122,E2,2021-08-21,Wycombe,Lincoln,J Bell
2122,E2,2021-08-27,Burton,Cheltenham,S Oldham
2122,E2,2021-08-28,Cambridge,Bolton,T Nield
2122,E2,2021-08-28,Charlton,Crewe,J Bell
2122,E2,2021-08-28,Ipswich,AFC Wimbledon,D Rock
2122,E2,2021-08-28,Milton Keynes Dons,Accrington,D Bourne
2122,E2,2021-08-28,Morecambe,Sheffield Weds,A Backhouse
2122,E2,2021-08-28,Oxford,Lincoln,W Finnie
2122,E2,2021-08-28,Plymouth,Fleetwood Town,S Purkiss
2122,E2,2021-08-28,Rotherham,Doncaster,M Coy
2122,E2,2021-08-28,Shrewsbury,Gillingham,S Allison
2122,E2,2021-08-28,Sunderland,Wycombe,J Busby
2122,E2,2021-08-28,Wigan,Portsmouth,C Sarginson
2122,E2,2021-09-04,AFC Wimbledon,Oxford,B Huxtable
2122,E2,2021-09-04,Accrington,Shrewsbury,A Coggins
2122,E2,2021-09-04,Cheltenham,Milton Keynes Dons,S Allison
2122,E2,2021-09-06,Bolton,Burton,J Smith
2122,E2,2021-09-11,Burton,Gillingham,C Boyeson
2122,E2,2021-09-11,Cambridge,Lincoln,S Purkiss
2122,E2,2021-09-11,Charlton,Cheltenham,A Davies
2122,E2,2021-09-11,Ipswich,Bolton,R Madley
2122,E2,2021-09-11,Milton Keynes Dons,Portsmouth,M Edwards
2122,E2,2021-09-11,Morecambe,AFC Wimbledon,S Stockbridge
2122,E2,2021-09-11,Oxford,Wycombe,C Sarginson
2122,E2,2021-09-11,Plymouth,Sheffield Weds,B Speedie
2122,E2,2021-09-11,Rotherham,Fleetwood Town,C Hicks
2122,E2,2021-09-11,Shrewsbury,Crewe,S Barrott
2122,E2,2021-09-11,Sunderland,Accrington,A Backhouse
2122,E2,2021-09-11,Wigan,Doncaster,T Nield
2122,E2,2021-09-14,Lincoln,Rotherham,S Barrott
2122,E2,2021-09-18,AFC Wimbledon,Plymouth,T Nield
2122,E2,2021-09-18,Accrington,Wigan,A Haines
2122,E2,2021-09-18,Bolton,Rotherham,J Bell
2122,E2,2021-09-18,Cheltenham,Oxford,P Howard
2122,E2,2021-09-18,Crewe,Burton,R Joyce
2122,E2,2021-09-18,Doncaster,Morecambe,W Finnie
2122,E2,2021-09-18,Fleetwood Town,Sunderland,N Hair
2122,E2,2021-09-18,Gillingham,Milton Keynes Dons,J Busby
2122,E2,2021-09-18,Lincoln,Ipswich,B Speedie
2122,E2,2021-09-18,Portsmouth,Cambridge,G Ward
2122,E2,2021-09-18,Sheffield Weds,Shrewsbury,B Toner
2122,E2,2021-09-18,Wycombe,Charlton,P Wright
2122,E2,2021-09-21,Crewe,Morecambe,P Howard
2122,E2,2021-09-21,Gillingham,Charlton,K Stroud
2122,E2,2021-09-21,Portsmouth,Plymouth,C Brook
2122,E2,2021-09-25,Burton,Lincoln,C Hicks
2122,E2,2021-09-25,Cambridge,Fleetwood Town,P Howard
2122,E2,2021-09-25,Charlton,Portsmouth,A Coggins
2122,E2,2021-09-25,Ipswich,Sheffield Weds,A Davies
2122,E2,2021-09-25,Milton Keynes Dons,Wycombe,S Oldham
2122,E2,2021-09-25,Morecambe,Accrington,M Edwards
2122,E2,2021-09-25,Oxford,Gillingham,D Drysdale
2122,E2,2021-09-25,Plymouth,Doncaster,T Kettle
2122,E2,2021-09-25,Rotherham,Crewe,S Allison
2122,E2,2021-09-25,Shrewsbury,AFC Wimbledon,J Bell
2122,E2,2021-09-25,Sunderland,Bolton,S Purkiss
2122,E2,2021-09-25,Wigan,Cheltenham,J Smith
2122,E2,2021-09-28,Burton,Portsmouth,T Nield
2122,E2,2021-09-28,Cambridge,Gillingham,J Bell
2122,E2,2021-09-28,Charlton,Bolton,L Swabey
2122,E2,2021-09-28,Ipswich,Doncaster,C Brook
2122,E2,2021-09-28,Milton Keynes Dons,Fleetwood Town,P Wright
2122,E2,2021-09-28,Morecambe,Lincoln,B Toner
2122,E2,2021-09-28,Oxford,Accrington,R Lewis
2122,E2,2021-09-28,Plymouth,Crewe,N Hair
2122,E2,2021-09-28,Rotherham,AFC Wimbledon,A Haines
2122,E2,2021-09-28,Shrewsbury,Wycombe,R Joyce
2122,E2,2021-09-28,Sunderland,Cheltenham,C Sarginson
2122,E2,2021-09-28,Wigan,Sheffield Weds,S Barrott
2122,E2,2021-10-02,AFC Wimbledon,Burton,L Swabey
2122,E2,2021-10-02,Accrington,Ipswich,M Coy
2122,E2,2021-10-02,Bolton,Shrewsbury,M Edwards
2122,E2,2021-10-02,Cheltenham,Rotherham,D Drysdale
2122,E2,2021-10-02,Crewe,Cambridge,T Reeves
2122,E2,2021-10-02,Doncaster,Milton Keynes Dons,A Kitchen
2122,E2,2021-10-02,Fleetwood Town,Charlton,O Langford
2122,E2,2021-10-02,Gillingham,Wigan,N Hair
2122,E2,2021-10-02,Lincoln,Plymouth,A Woolmer
2122,E2,2021-10-02,Portsmouth,Sunderland,B Toner
2122,E2,2021-10-02,Sheffield Weds,Oxford,A Haines
2122,E2,2021-10-02,Wycombe,Morecambe,T Reeves
2122,E2,2021-10-09,Ipswich,Shrewsbury,W Finnie
2122,E2,2021-10-09,Plymouth,Burton,A Coggins
2122,E2,2021-10-09,Sheffield Weds,Bolton,D Rock
2122,E2,2021-10-09,Wycombe,Gillingham,K Friend
2122,E2,2021-10-15,Burton,Morecambe,M Coy
2122,E2,2021-10-16,AFC Wimbledon,Sheffield Weds,C Sarginson
2122,E2,2021-10-16,Bolton,Wigan,C Breakspear
2122,E2,2021-10-16,Cambridge,Ipswich,L Doughty
2122,E2,2021-10-16,Cheltenham,Accrington,J Oldham
2122,E2,2021-10-16,Doncaster,Wycombe,S Stockbridge
2122,E2,2021-10-16,Fleetwood Town,Crewe,M Edwards
2122,E2,2021-10-16,Gillingham,Sunderland,L Swabey
2122,E2,2021-10-16,Lincoln,Charlton,D Webb
2122,E2,2021-10-16,Oxford,Plymouth,J Bell
2122,E2,2021-10-16,Rotherham,Portsmouth,A Backhouse
2122,E2,2021-10-16,Shrewsbury,Milton Keynes Dons,C Brook
2122,E2,2021-10-19,Cambridge,Sheffield Weds,S Oldham
2122,E2,2021-10-19,Charlton,Accrington,S Allison
2122,E2,2021-10-19,Cheltenham,Morecambe,B Speedie
2122,E2,2021-10-19,Crewe,Sunderland,C Boyeson
2122,E2,2021-10-19,Fleetwood Town,Burton,S Mather
2122,E2,2021-10-19,Gillingham,Doncaster,S Purkiss
2122,E2,2021-10-19,Lincoln,AFC Wimbledon,P Howard
2122,E2,2021-10-19,Oxford,Shrewsbury,C Hicks
2122,E2,2021-10-19,Plymouth,Bolton,K Stroud
2122,E2,2021-10-19,Portsmouth,Ipswich,J Smith
2122,E2,2021-10-19,Rotherham,Wycombe,R Madley
2122,E2,2021-10-19,Wigan,Milton Keynes Dons,D Drysdale
2122,E2,2021-10-23,AFC Wimbledon,Wigan,O Yates
2122,E2,2021-10-23,Accrington,Portsmouth,G Eltringham
2122,E2,2021-10-23,Bolton,Gillingham,B Toner
2122,E2,2021-10-23,Burton,Oxford,S Barrott
2122,E2,2021-10-23,Doncaster,Cheltenham,N Hair
2122,E2,2021-10-23,Ipswich,Fleetwood Town,S Allison
2122,E2,2021-10-23,Milton Keynes Dons,Rotherham,C Sarginson
2122,E2,2021-10-23,Morecambe,Plymouth,M Edwards
2122,E2,2021-10-23,Sheffield Weds,Lincoln,M Coy
2122,E2,2021-10-23,Shrewsbury,Cambridge,S Mather
2122,E2,2021-10-23,Sunderland,Charlton,D Drysdale
2122,E2,2021-10-23,Wycombe,Crewe,S Martin
2122,E2,2021-10-26,Doncaster,Cambridge,A Haines
2122,E2,2021-10-26,Wigan,Lincoln,S Stockbridge
2122,E2,2021-10-30,Cambridge,AFC Wimbledon,T Reeves
2122,E2,2021-10-30,Charlton,Doncaster,T Robinson
2122,E2,2021-10-30,Cheltenham,Sheffield Weds,C Breakspear
2122,E2,2021-10-30,Crewe,Milton Keynes Dons,A Haines
2122,E2,2021-10-30,Fleetwood Town,Wycombe,A Kitchen
2122,E2,2021-10-30,Gillingham,Accrington,C Pollard
2122,E2,2021-10-30,Lincoln,Shrewsbury,R Madley
2122,E2,2021-10-30,Oxford,Morecambe,L Swabey
2122,E2,2021-10-30,Plymouth,Ipswich,R Lewis
2122,E2,2021-10-30,Portsmouth,Bolton,C Hicks
2122,E2,2021-10-30,Rotherham,Sunderland,D Rock
2122,E2,2021-10-30,Wigan,Burton,C Brook
2122,E2,2021-11-02,Charlton,Rotherham,S Oldham
2122,E2,2021-11-02,Crewe,Doncaster,S Mather
2122,E2,2021-11-02,Fleetwood Town,Wigan,R Joyce
2122,E2,2021-11-02,Morecambe,Cambridge,R Madley
2122,E2,2021-11-02,Portsmouth,Cheltenham,R Lewis
2122,E2,2021-11-02,Sheffield Weds,Sunderland,C Hicks
2122,E2,2021-11-02,Wycombe,Ipswich,L Swabey
2122,E2,2021-11-12,Bolton,Crewe,J Bell
2122,E2,2021-11-13,Accrington,Plymouth,D Rock
2122,E2,2021-11-13,Burton,Charlton,T Kettle
2122,E2,2021-11-13,Ipswich,Oxford,S Oldham
2122,E2,2021-11-13,Milton Keynes Dons,Cambridge,S Stockbridge
2122,E2,2021-11-13,Sheffield Weds,Gillingham,J Busby
2122,E2,2021-11-13,Wycombe,Portsmouth,N Hair
2122,E2,2021-11-20,Accrington,Sheffield Weds,P Howard
2122,E2,2021-11-20,Charlton,Plymouth,P Wright
2122,E2,2021-11-20,Cheltenham,Shrewsbury,O Yates
2122,E2,2021-11-20,Crewe,Gillingham,A Backhouse
2122,E2,2021-11-20,Doncaster,Lincoln,R Lewis
2122,E2,2021-11-20,Fleetwood Town,Morecambe,D Drysdale
2122,E2,2021-11-20,Milton Keynes Dons,Burton,N Hair
2122,E2,2021-11-20,Portsmouth,AFC Wimbledon,T Bramall
2122,E2,2021-11-20,Rotherham,Cambridge,A Davies
2122,E2,2021-11-20,Sunderland,Ipswich,T Nield
2122,E2,2021-11-20,Wycombe,Bolton,J Oldham
2122,E2,2021-11-23,AFC Wimbledon,Crewe,C Hicks
2122,E2,2021-11-23,Bolton,Doncaster,S Martin
2122,E2,2021-11-23,Burton,Accrington,D Drysdale
2122,E2,2021-11-23,Cambridge,Wigan,D Bourne
2122,E2,2021-11-23,Gillingham,Cheltenham,J Linington
2122,E2,2021-11-23,Ipswich,Rotherham,G Ward
2122,E2,2021-11-23,Lincoln,Portsmouth,R Joyce
2122,E2,2021-11-23,Morecambe,Charlton,A Haines
2122,E2,2021-11-23,Oxford,Fleetwood Town,O Yates
2122,E2,2021-11-23,Plymouth,Wycombe,A Young
2122,E2,2021-11-23,Sheffield Weds,Milton Keynes Dons,R Madley
2122,E2,2021-11-23,Shrewsbury,Sunderland,P Wright
2122,E2,2021-11-27,AFC Wimbledon,Fleetwood Town,R Madley
2122,E2,2021-11-27,Bolton,Cheltenham,R Joyce
2122,E2,2021-11-27,Burton,Doncaster,P Wright
2122,E2,2021-11-27,Cambridge,Sunderland,R Lewis
2122,E2,2021-11-27,Gillingham,Portsmouth,D Whitestone
2122,E2,2021-11-27,Lincoln,Accrington,C Hicks
2122,E2,2021-11-27,Morecambe,Milton Keynes Dons,R Welch
2122,E2,2021-11-27,Oxford,Rotherham,S Purkiss
2122,E2,2021-11-27,Plymouth,Wigan,A Woolmer
2122,E2,2021-11-27,Sheffield Weds,Wycombe,D Drysdale
2122,E2,2021-11-27,Shrewsbury,Charlton,T Nield
2122,E2,2021-11-28,Ipswich,Crewe,J Oldham
2122,E2,2021-12-04,Accrington,Fleetwood Town,T Nield
2122,E2,2021-12-04,Sunderland,Oxford,J Simpson
2122,E2,2021-12-07,Accrington,AFC Wimbledon,S Mather
2122,E2,2021-12-07,Charlton,Ipswich,C Sarginson
2122,E2,2021-12-07,Cheltenham,Cambridge,C Pollard
2122,E2,2021-12-07,Crewe,Lincoln,D Bourne
2122,E2,2021-12-07,Doncaster,Oxford,J Oldham
2122,E2,2021-12-07,Fleetwood Town,Bolton,S Stockbridge
2122,E2,2021-12-07,Portsmouth,Sheffield Weds,S Purkiss
2122,E2,2021-12-07,Rotherham,Gillingham,R Joyce
2122,E2,2021-12-07,Sunderland,Morecambe,O Yates
2122,E2,2021-12-07,Wycombe,Burton,J Smith
2122,E2,2021-12-08,Milton Keynes Dons,Plymouth,S Barrott
2122,E2,2021-12-08,Wigan,Shrewsbury,D Rock
2122,E2,2021-12-11,Accrington,Bolton,A Young
2122,E2,2021-12-11,Charlton,Cambridge,B Speedie
2122,E2,2021-12-11,Cheltenham,Lincoln,T Nield
2122,E2,2021-12-11,Crewe,Sheffield Weds,L Swabey
2122,E2,2021-12-11,Doncaster,Shrewsbury,C Pollard
2122,E2,2021-12-11,Fleetwood Town,Gillingham,S Martin
2122,E2,2021-12-11,Milton Keynes Dons,Oxford,T Reeves
2122,E2,2021-12-11,Portsmouth,Morecambe,C Breakspear
2122,E2,2021-12-11,Rotherham,Burton,S Allison
2122,E2,2021-12-11,Sunderland,Plymouth,S Oldham
2122,E2,2021-12-11,Wigan,Ipswich,T Kettle
2122,E2,2021-12-11,Wycombe,AFC Wimbledon,W Finnie
2122,E2,2021-12-18,Cambridge,Rotherham,T Kettle
2122,E2,2021-12-18,Ipswich,Sunderland,T Bramall
2122,E2,2021-12-18,Morecambe,Fleetwood Town,C Pollard
2122,E2,2021-12-18,Oxford,Wigan,J Bell
2122,E2,2021-12-18,Plymouth,Charlton,C Hicks
2122,E2,2021-12-18,Shrewsbury,Cheltenham,A Kitchen
2122,E2,2021-12-26,Accrington,Rotherham,A Kitchen
2122,E2,2021-12-26,Cheltenham,Plymouth,T Reeves
2122,E2,2021-12-26,Fleetwood Town,Shrewsbury,A Backhouse
2122,E2,2021-12-26,Lincoln,Milton Keynes Dons,C Boyeson
2122,E2,2021-12-27,Doncaster,Sunderland,R Madley
2122,E2,2021-12-29,Ipswich,Wycombe,S Barrott
2122,E2,2021-12-29,Morecambe,Crewe,S Stockbridge
2122,E2,2021-12-29,Oxford,AFC Wimbledon,T Kettle
2122,E2,2021-12-29,Shrewsbury,Accrington,N Hair
2122,E2,2021-12-30,Sunderland,Sheffield Weds,B Toner
2122,E2,2022-01-01,Burton,Crewe,P Wright
2122,E2,2022-01-01,Charlton,Wycombe,P Howard
2122,E2,2022-01-01,Milton Keynes Dons,Gillingham,C Breakspear
2122,E2,2022-01-01,Oxford,Cheltenham,C Brook
2122,E2,2022-01-01,Rotherham,Bolton,G Eltringham
2122,E2,2022-01-02,Morecambe,Doncaster,J Bell
2122,E2,2022-01-02,Shrewsbury,Sheffield Weds,M Edwards
2122,E2,2022-01-03,Cambridge,Portsmouth,J Smith
2122,E2,2022-01-08,Accrington,Milton Keynes Dons,W Finnie
2122,E2,2022-01-08,Cheltenham,Burton,D Rock
2122,E2,2022-01-08,Doncaster,Fleetwood Town,D Bond
2122,E2,2022-01-08,Gillingham,Ipswich,A Young
2122,E2,2022-01-08,Lincoln,Oxford,S Stockbridge
2122,E2,2022-01-08,Wycombe,Sunderland,C Breakspear
2122,E2,2022-01-11,Bolton,Wycombe,P Wright
2122,E2,2022-01-11,Milton Keynes Dons,AFC Wimbledon,A Backhouse
2122,E2,2022-01-11,Sunderland,Lincoln,J Simpson
2122,E2,2022-01-12,Crewe,Charlton,R Lewis
2122,E2,2022-01-15,AFC Wimbledon,Morecambe,B Speedie
2122,E2,2022-01-15,Accrington,Sunderland,J Bell
2122,E2,2022-01-15,Bolton,Ipswich,R Madley
2122,E2,2022-01-15,Cheltenham,Charlton,S Stockbridge
2122,E2,2022-01-15,Crewe,Shrewsbury,G Ward
2122,E2,2022-01-15,Doncaster,Wigan,A Young
2122,E2,2022-01-15,Fleetwood Town,Rotherham,R Lewis
2122,E2,2022-01-15,Gillingham,Burton,T Bramall
2122,E2,2022-01-15,Lincoln,Cambridge,A Kitchen
2122,E2,2022-01-15,Portsmouth,Milton Keynes Dons,S Oldham
2122,E2,2022-01-15,Sheffield Weds,Plymouth,C Pollard
2122,E2,2022-01-15,Wycombe,Oxford,A Backhouse
2122,E2,2022-01-18,AFC Wimbledon,Portsmouth,J Oldham
2122,E2,2022-01-18,Cambridge,Doncaster,C Sarginson
2122,E2,2022-01-18,Morecambe,Wigan,S Barrott
2122,E2,2022-01-22,Burton,AFC Wimbledon,A Kitchen
2122,E2,2022-01-22,Cambridge,Crewe,S Allison
2122,E2,2022-01-22,Charlton,Fleetwood Town,B Huxtable
2122,E2,2022-01-22,Ipswich,Accrington,G Eltringham
2122,E2,2022-01-22,Milton Keynes Dons,Doncaster,D Drysdale
2122,E2,2022-01-22,Morecambe,Wycombe,B Toner
2122,E2,2022-01-22,Oxford,Sheffield Weds,W Finnie
2122,E2,2022-01-22,Plymouth,Lincoln,N Hair
2122,E2,2022-01-22,Rotherham,Cheltenham,O Langford
2122,E2,2022-01-22,Shrewsbury,Bolton,C Breakspear
2122,E2,2022-01-22,Sunderland,Portsmouth,D Rock
2122,E2,2022-01-22,Wigan,Gillingham,C Boyeson
2122,E2,2022-01-25,AFC Wimbledon,Ipswich,L Swabey
2122,E2,2022-01-25,Burton,Milton Keynes Dons,D Handley
2122,E2,2022-01-25,Fleetwood Town,Plymouth,M Edwards
2122,E2,2022-01-25,Gillingham,Shrewsbury,B Huxtable
2122,E2,2022-01-29,AFC Wimbledon,Shrewsbury,C Boyeson
2122,E2,2022-01-29,Accrington,Morecambe,S Purkiss
2122,E2,2022-01-29,Bolton,Sunderland,S Martin
2122,E2,2022-01-29,Cheltenham,Wigan,P Howard
2122,E2,2022-01-29,Crewe,Rotherham,B Speedie
2122,E2,2022-01-29,Doncaster,Plymouth,M Coy
2122,E2,2022-01-29,Fleetwood Town,Cambridge,R Welch
2122,E2,2022-01-29,Gillingham,Oxford,R Madley
2122,E2,2022-01-29,Lincoln,Burton,C Breakspear
2122,E2,2022-01-29,Sheffield Weds,Ipswich,D Bond
2122,E2,2022-01-29,Wycombe,Milton Keynes Dons,R Lewis
2122,E2,2022-01-31,Portsmouth,Charlton,N Hair
2122,E2,2022-02-01,AFC Wimbledon,Cheltenham,S Purkiss
2122,E2,2022-02-01,Bolton,Cambridge,A Haines
2122,E2,2022-02-01,Doncaster,Rotherham,S Oldham
2122,E2,2022-02-01,Gillingham,Crewe,D Drysdale
2122,E2,2022-02-01,Sheffield Weds,Morecambe,O Yates
2122,E2,2022-02-01,Wigan,Oxford,A Kitchen
2122,E2,2022-02-05,Burton,Sheffield Weds,A Young
2122,E2,2022-02-05,Charlton,AFC Wimbledon,C Pollard
2122,E2,2022-02-05,Ipswich,Gillingham,S Martin
2122,E2,2022-02-05,Milton Keynes Dons,Lincoln,B Huxtable
2122,E2,2022-02-05,Morecambe,Bolton,R Joyce
2122,E2,2022-02-05,Oxford,Portsmouth,S Barrott
2122,E2,2022-02-05,Rotherham,Accrington,A Woolmer
2122,E2,2022-02-05,Shrewsbury,Fleetwood Town,J Bell
2122,E2,2022-02-05,Sunderland,Doncaster,W Finnie
2122,E2,2022-02-08,AFC Wimbledon,Rotherham,C Breakspear
2122,E2,2022-02-08,Accrington,Oxford,M Coy
2122,E2,2022-02-08,Bolton,Charlton,B Toner
2122,E2,2022-02-08,Cheltenham,Sunderland,D Drysdale
2122,E2,2022-02-08,Crewe,Plymouth,J Busby
2122,E2,2022-02-08,Doncaster,Ipswich,O Yates
2122,E2,2022-02-08,Fleetwood Town,Milton Keynes Dons,C Sarginson
2122,E2,2022-02-08,Gillingham,Cambridge,J Bell
2122,E2,2022-02-08,Lincoln,Morecambe,A Backhouse
2122,E2,2022-02-08,Portsmouth,Burton,C Hicks
2122,E2,2022-02-08,Sheffield Weds,Wigan,T Robinson
2122,E2,2022-02-08,Wycombe,Shrewsbury,S Purkiss
2122,E2,2022-02-12,AFC Wimbledon,Sunderland,S Mather
2122,E2,2022-02-12,Accrington,Crewe,S Barrott
2122,E2,2022-02-12,Burton,Cambridge,M Edwards
2122,E2,2022-02-12,Cheltenham,Fleetwood Town,R Madley
2122,E2,2022-02-12,Lincoln,Wycombe,O Yates
2122,E2,2022-02-12,Milton Keynes Dons,Ipswich,O Langford
2122,E2,2022-02-12,Morecambe,Gillingham,P Wright
2122,E2,2022-02-12,Oxford,Bolton,G Ward
2122,E2,2022-02-12,Plymouth,Shrewsbury,J Oldham
2122,E2,2022-02-12,Portsmouth,Doncaster,T Reeves
2122,E2,2022-02-12,Wigan,Charlton,T Nield
2122,E2,2022-02-13,Sheffield Weds,Rotherham,D Drysdale
2122,E2,2022-02-15,Burton,Bolton,S Oldham
2122,E2,2022-02-15,Lincoln,Doncaster,B Speedie
2122,E2,2022-02-15,Wigan,Crewe,T Reeves
2122,E2,2022-02-18,Rotherham,Wigan,J Simpson
2122,E2,2022-02-19,Bolton,AFC Wimbledon,R Welch
2122,E2,2022-02-19,Cambridge,Accrington,L Swabey
2122,E2,2022-02-19,Charlton,Oxford,C Boyeson
2122,E2,2022-02-19,Doncaster,Sheffield Weds,C Hicks
2122,E2,2022-02-19,Gillingham,Plymouth,P Howard
2122,E2,2022-02-19,Ipswich,Burton,C Brook
2122,E2,2022-02-19,Sunderland,Milton Keynes Dons,O Yates
2122,E2,2022-02-19,Wycombe,Cheltenham,N Hair
2122,E2,2022-02-22,Bolton,Lincoln,S Allison
2122,E2,2022-02-22,Cambridge,Plymouth,R Madley
2122,E2,2022-02-22,Charlton,Milton Keynes Dons,S Purkiss
2122,E2,2022-02-22,Crewe,Oxford,S Oldham
2122,E2,2022-02-22,Doncaster,Accrington,A Haines
2122,E2,2022-02-22,Gillingham,AFC Wimbledon,C Sarginson
2122,E2,2022-02-22,Ipswich,Cheltenham,A Davies
2122,E2,2022-02-22,Rotherham,Morecambe,S Mather
2122,E2,2022-02-22,Shrewsbury,Portsmouth,S Stockbridge
2122,E2,2022-02-22,Sunderland,Burton,O Yates
2122,E2,2022-02-22,Wycombe,Wigan,T Bramall
2122,E2,2022-02-26,AFC Wimbledon,Doncaster,R Lewis
2122,E2,2022-02-26,Accrington,Wycombe,R Madley
2122,E2,2022-02-26,Burton,Shrewsbury,B Speedie
2122,E2,2022-02-26,Cheltenham,Crewe,A Backhouse
2122,E2,2022-02-26,Lincoln,Gillingham,R Joyce
2122,E2,2022-02-26,Milton Keynes Dons,Bolton,S Stockbridge
2122,E2,2022-02-26,Morecambe,Ipswich,M Donohue
2122,E2,2022-02-26,Oxford,Cambridge,C Breakspear
2122,E2,2022-02-26,Plymouth,Rotherham,W Finnie
2122,E2,2022-02-26,Portsmouth,Fleetwood Town,A Young
2122,E2,2022-02-26,Sheffield Weds,Charlton,O Langford
2122,E2,2022-02-26,Wigan,Sunderland,S Purkiss
2122,E2,2022-03-01,Portsmouth,Oxford,S Allison
2122,E2,2022-03-01,Sheffield Weds,Burton,S Barrott
2122,E2,2022-03-01,Shrewsbury,Rotherham,C Brook
2122,E2,2022-03-01,Wigan,Fleetwood Town,M Coy
2122,E2,2022-03-01,Wycombe,Cambridge,J Oldham
2122,E2,2022-03-05,Cambridge,Shrewsbury,N Hair
2122,E2,2022-03-05,Charlton,Sunderland,A Backhouse
2122,E2,2022-03-05,Cheltenham,Doncaster,P Wright
2122,E2,2022-03-05,Crewe,Wycombe,A Haines
2122,E2,2022-03-05,Fleetwood Town,Ipswich,A Kitchen
2122,E2,2022-03-05,Gillingham,Bolton,C Hicks
2122,E2,2022-03-05,Lincoln,Sheffield Weds,M Coy
2122,E2,2022-03-05,Oxford,Burton,S Purkiss
2122,E2,2022-03-05,Plymouth,Morecambe,A Young
2122,E2,2022-03-05,Portsmouth,Accrington,C Brook
2122,E2,2022-03-05,Rotherham,Milton Keynes Dons,M Edwards
2122,E2,2022-03-05,Wigan,AFC Wimbledon,O Langford
2122,E2,2022-03-08,Bolton,Morecambe,C Sarginson
2122,E2,2022-03-08,Crewe,Portsmouth,A Kitchen
2122,E2,2022-03-08,Ipswich,Lincoln,T Reeves
2122,E2,2022-03-08,Milton Keynes Dons,Cheltenham,C Hicks
2122,E2,2022-03-08,Plymouth,AFC Wimbledon,S Allison
2122,E2,2022-03-08,Sunderland,Fleetwood Town,S Barrott
2122,E2,2022-03-12,AFC Wimbledon,Lincoln,C Brook
2122,E2,2022-03-12,Accrington,Charlton,S Mather
2122,E2,2022-03-12,Bolton,Plymouth,R Lewis
2122,E2,2022-03-12,Burton,Fleetwood Town,O Langford
2122,E2,2022-03-12,Doncaster,Gillingham,A Backhouse
2122,E2,2022-03-12,Ipswich,Portsmouth,C Sarginson
2122,E2,2022-03-12,Milton Keynes Dons,Wigan,R Madley
2122,E2,2022-03-12,Morecambe,Cheltenham,A Kitchen
2122,E2,2022-03-12,Sheffield Weds,Cambridge,S Stockbridge
2122,E2,2022-03-12,Shrewsbury,Oxford,A Davies
2122,E2,2022-03-12,Sunderland,Crewe,N Hair
2122,E2,2022-03-12,Wycombe,Rotherham,C Hicks
2122,E2,2022-03-15,Charlton,Gillingham,W Finnie
2122,E2,2022-03-15,Crewe,Wigan,B Toner
2122,E2,2022-03-15,Plymouth,Portsmouth,S Purkiss
2122,E2,2022-03-15,Rotherham,Lincoln,A Haines
2122,E2,2022-03-15,Sheffield Weds,Accrington,R Joyce
2122,E2,2022-03-15,Shrewsbury,Morecambe,D Drysdale
2122,E2,2022-03-15,Wycombe,Fleetwood Town,J Smith
2122,E2,2022-03-19,Cambridge,Milton Keynes Dons,S Barrott
2122,E2,2022-03-19,Charlton,Burton,R Welch
2122,E2,2022-03-19,Cheltenham,AFC Wimbledon,S Oldham
2122,E2,2022-03-19,Crewe,Bolton,S Purkiss
2122,E2,2022-03-19,Fleetwood Town,Doncaster,P Howard
2122,E2,2022-03-19,Gillingham,Sheffield Weds,G Ward
2122,E2,2022-03-19,Lincoln,Sunderland,C Hicks
2122,E2,2022-03-19,Oxford,Ipswich,M Edwards
2122,E2,2022-03-19,Plymouth,Accrington,C Breakspear
2122,E2,2022-03-19,Portsmouth,Wycombe,B Speedie
2122,E2,2022-03-19,Rotherham,Shrewsbury,A Backhouse
2122,E2,2022-03-19,Wigan,Morecambe,J Oldham
2122,E2,2022-03-22,Plymouth,Cheltenham,C Pollard
2122,E2,2022-03-26,AFC Wimbledon,Cambridge,D Handley
2122,E2,2022-03-26,Accrington,Gillingham,S Oldham
2122,E2,2022-03-26,Doncaster,Charlton,S Allison
2122,E2,2022-03-26,Ipswich,Plymouth,D Rock
2122,E2,2022-03-26,Sheffield Weds,Cheltenham,L Doughty
2122,E2,2022-03-26,Shrewsbury,Lincoln,C Pollard
2122,E2,2022-04-02,Accrington,Cheltenham,R Lewis
2122,E2,2022-04-02,Charlton,Lincoln,R Madley
2122,E2,2022-04-02,Crewe,Fleetwood Town,W Finnie
2122,E2,2022-04-02,Ipswich,Cambridge,C Hicks
2122,E2,2022-04-02,Milton Keynes Dons,Shrewsbury,M Coy
2122,E2,2022-04-02,Morecambe,Burton,R Joyce
2122,E2,2022-04-02,Plymouth,Oxford,O Yates
2122,E2,2022-04-02,Sheffield Weds,AFC Wimbledon,P Wright
2122,E2,2022-04-02,Sunderland,Gillingham,O Langford
2122,E2,2022-04-02,Wigan,Bolton,S Barrott
2122,E2,2022-04-02,Wycombe,Doncaster,J Busby
2122,E2,2022-04-05,AFC Wimbledon,Charlton,N Hair
2122,E2,2022-04-05,Bolton,Portsmouth,M Edwards
2122,E2,2022-04-05,Cambridge,Wycombe,W Finnie
2122,E2,2022-04-05,Fleetwood Town,Lincoln,P Wright
2122,E2,2022-04-05,Milton Keynes Dons,Crewe,R Joyce
2122,E2,2022-04-05,Morecambe,Oxford,R Lewis
2122,E2,2022-04-05,Wigan,Accrington,A Backhouse
2122,E2,2022-04-09,AFC Wimbledon,Milton Keynes Dons,J Oldham
2122,E2,2022-04-09,Bolton,Sheffield Weds,C Brook
2122,E2,2022-04-09,Burton,Plymouth,L Doughty
2122,E2,2022-04-09,Cambridge,Morecambe,C Boyeson
2122,E2,2022-04-09,Cheltenham,Portsmouth,O Yates
2122,E2,2022-04-09,Doncaster,Crewe,D Bourne
2122,E2,2022-04-09,Fleetwood Town,Accrington,J Simpson
2122,E2,2022-04-09,Gillingham,Wycombe,S Mather
2122,E2,2022-04-09,Lincoln,Wigan,S Oldham
2122,E2,2022-04-09,Oxford,Sunderland,B Toner
2122,E2,2022-04-09,Rotherham,Charlton,R Joyce
2122,E2,2022-04-09,Shrewsbury,Ipswich,D Handley
2122,E2,2022-04-12,Burton,Wigan,A Haines
2122,E2,2022-04-12,Portsmouth,Rotherham,D Rock
2122,E2,2022-04-15,Accrington,Burton,O Yates
2122,E2,2022-04-15,Charlton,Morecambe,M Edwards
2122,E2,2022-04-15,Cheltenham,Gillingham,D Rock
2122,E2,2022-04-15,Crewe,AFC Wimbledon,D Webb
2122,E2,2022-04-15,Doncaster,Bolton,J Oldham
2122,E2,2022-04-15,Fleetwood Town,Oxford,R Madley
2122,E2,2022-04-15,Portsmouth,Lincoln,T Kettle
2122,E2,2022-04-15,Sunderland,Shrewsbury,D Bond
2122,E2,2022-04-15,Wycombe,Plymouth,D Drysdale
2122,E2,2022-04-16,Milton Keynes Dons,Sheffield Weds,B Toner
2122,E2,2022-04-16,Rotherham,Ipswich,P Wright
2122,E2,2022-04-16,Wigan,Cambridge,R Joyce
2122,E2,2022-04-18,AFC Wimbledon,Wycombe,S Barrott
2122,E2,2022-04-18,Bolton,Accrington,T Bramall
2122,E2,2022-04-18,Gillingham,Fleetwood Town,J Linington
2122,E2,2022-04-18,Lincoln,Cheltenham,S Mather
2122,E2,2022-04-18,Morecambe,Portsmouth,R Madley
2122,E2,2022-04-18,Plymouth,Sunderland,C Brook
2122,E2,2022-04-18,Shrewsbury,Doncaster,A Kitchen
2122,E2,2022-04-19,Burton,Rotherham,T Reeves
2122,E2,2022-04-19,Cambridge,Charlton,P Howard
2122,E2,2022-04-19,Ipswich,Wigan,W Finnie
2122,E2,2022-04-19,Oxford,Milton Keynes Dons,A Backhouse
2122,E2,2022-04-19,Sheffield Weds,Crewe,C Breakspear
2122,E2,2022-04-23,Accrington,Lincoln,M Edwards
2122,E2,2022-04-23,Charlton,Shrewsbury,S Purkiss
2122,E2,2022-04-23,Cheltenham,Bolton,N Hair
2122,E2,2022-04-23,Crewe,Ipswich,S Mather
2122,E2,2022-04-23,Doncaster,Burton,W Finnie
2122,E2,2022-04-23,Fleetwood Town,AFC Wimbledon,A Backhouse
2122,E2,2022-04-23,Milton Keynes Dons,Morecambe,L Swabey
2122,E2,2022-04-23,Portsmouth,Gillingham,D Drysdale
2122,E2,2022-04-23,Rotherham,Oxford,C Breakspear
2122,E2,2022-04-23,Sunderland,Cambridge,P Wright
2122,E2,2022-04-23,Wigan,Plymouth,S Stockbridge
2122,E2,2022-04-23,Wycombe,Sheffield Weds,A Davies
2122,E2,2022-04-26,Fleetwood Town,Sheffield Weds,C Boyeson
2122,E2,2022-04-26,Portsmouth,Wigan,C Hicks
2122,E2,2022-04-26,Sunderland,Rotherham,R Madley
2122,E2,2022-04-30,AFC Wimbledon,Accrington,D Rock
2122,E2,2022-04-30,Bolton,Fleetwood Town,M Coy
2122,E2,2022-04-30,Burton,Wycombe,R Madley
2122,E2,2022-04-30,Cambridge,Cheltenham,T Reeves
2122,E2,2022-04-30,Gillingham,Rotherham,S Barrott
2122,E2,2022-04-30,Ipswich,Charlton,C Breakspear
2122,E2,2022-04-30,Lincoln,Crewe,A Kitchen
2122,E2,2022-04-30,Morecambe,Sunderland,G Ward
2122,E2,2022-04-30,Oxford,Doncaster,T Kettle
2122,E2,2022-04-30,Plymouth,Milton Keynes Dons,C Hicks
2122,E2,2022-04-30,Sheffield Weds,Portsmouth,A Backhouse
2122,E2,2022-04-30,Shrewsbury,Wigan,S Martin
2122,E3,2021-08-07,Carlisle,Colchester,P Wright
2122,E3,2021-08-07,Exeter,Bradford,S Allison
2122,E3,2021-08-07,Forest Green,Sutton,J Bell
2122,E3,2021-08-07,Harrogate,Rochdale,A Coggins
2122,E3,2021-08-07,Hartlepool,Crawley Town,S Oldham
2122,E3,2021-08-07,Mansfield,Bristol Rvs,J Smith
2122,E3,2021-08-07,Northampton,Port Vale,S Mather
2122,E3,2021-08-07,Oldham,Newport County,T Nield
2122,E3,2021-08-07,Salford,Leyton Orient,A Kitchen
2122,E3,2021-08-07,Scunthorpe,Swindon,S Purkiss
2122,E3,2021-08-07,Stevenage,Barrow,J Oldham
2122,E3,2021-08-07,Tranmere,Walsall,C Brook
2122,E3,2021-08-14,Barrow,Hartlepool,D Drysdale
2122,E3,2021-08-14,Bradford,Oldham,S Martin
2122,E3,2021-08-14,Bristol Rvs,Stevenage,P Howard
2122,E3,2021-08-14,Colchester,Northampton,T Kettle
2122,E3,2021-08-14,Leyton Orient,Exeter,T Reeves
2122,E3,2021-08-14,Mansfield,Newport County,A Backhouse
2122,E3,2021-08-14,Port Vale,Tranmere,A Haines
2122,E3,2021-08-14,Rochdale,Scunthorpe,M Coy
2122,E3,2021-08-14,Salford,Sutton,S Barrott
2122,E3,2021-08-14,Swindon,Carlisle,C Brook
2122,E3,2021-08-14,Walsall,Forest Green,S Mather
2122,E3,2021-08-17,Barrow,Exeter,A Kitchen
2122,E3,2021-08-17,Bradford,Stevenage,M Coy
2122,E3,2021-08-17,Bristol Rvs,Oldham,S Purkiss
2122,E3,2021-08-17,Colchester,Mansfield,S Allison
2122,E3,2021-08-17,Crawley Town,Salford,D Rock
2122,E3,2021-08-17,Port Vale,Carlisle,P Howard
2122,E3,2021-08-17,Rochdale,Forest Green,A Haines
2122,E3,2021-08-17,Swindon,Tranmere,J Busby
2122,E3,2021-08-17,Walsall,Scunthorpe,C Hicks
2122,E3,2021-08-21,Carlisle,Leyton Orient,R Madley
2122,E3,2021-08-21,Exeter,Bristol Rvs,C Sarginson
2122,E3,2021-08-21,Forest Green,Crawley Town,L Doughty
2122,E3,2021-08-21,Harrogate,Barrow,T Kettle
2122,E3,2021-08-21,Hartlepool,Walsall,D Bourne
2122,E3,2021-08-21,Mansfield,Bradford,S Oldham
2122,E3,2021-08-21,Northampton,Rochdale,C Brook
2122,E3,2021-08-21,Oldham,Colchester,S Barrott
2122,E3,2021-08-21,Salford,Swindon,T Reeves
2122,E3,2021-08-21,Scunthorpe,Sutton,R Joyce
2122,E3,2021-08-21,Stevenage,Port Vale,S Purkiss
2122,E3,2021-08-21,Tranmere,Newport County,R Lewis
2122,E3,2021-08-24,Leyton Orient,Harrogate,C Brook
2122,E3,2021-08-27,Rochdale,Colchester,R Welch
2122,E3,2021-08-28,Barrow,Bristol Rvs,R Joyce
2122,E3,2021-08-28,Crawley Town,Northampton,L Swabey
2122,E3,2021-08-28,Forest Green,Port Vale,C Breakspear
2122,E3,2021-08-28,Harrogate,Exeter,S Stockbridge
2122,E3,2021-08-28,Hartlepool,Carlisle,A Woolmer
2122,E3,2021-08-28,Leyton Orient,Bradford,S Mather
2122,E3,2021-08-28,Salford,Newport County,B Speedie
2122,E3,2021-08-28,Scunthorpe,Tranmere,T Kettle
2122,E3,2021-08-28,Sutton,Oldham,D Drysdale
2122,E3,2021-08-28,Swindon,Mansfield,R Madley
2122,E3,2021-08-28,Walsall,Stevenage,A Kitchen
2122,E3,2021-09-04,Bradford,Walsall,B Toner
2122,E3,2021-09-04,Bristol Rvs,Crawley Town,B Speedie
2122,E3,2021-09-04,Carlisle,Salford,M Coy
2122,E3,2021-09-04,Exeter,Forest Green,N Hair
2122,E3,2021-09-04,Mansfield,Harrogate,P Howard
2122,E3,2021-09-04,Newport County,Leyton Orient,L Doughty
2122,E3,2021-09-04,Northampton,Scunthorpe,T Reeves
2122,E3,2021-09-04,Oldham,Barrow,C Boyeson
2122,E3,2021-09-04,Port Vale,Rochdale,M Edwards
2122,E3,2021-09-04,Stevenage,Swindon,J Brooks
2122,E3,2021-09-04,Tranmere,Hartlepool,C Sarginson
2122,E3,2021-09-10,Barrow,Colchester,S Mather
2122,E3,2021-09-10,Harrogate,Newport County,S Allison
2122,E3,2021-09-11,Crawley Town,Carlisle,T Reeves
2122,E3,2021-09-11,Forest Green,Northampton,S Oldham
2122,E3,2021-09-11,Hartlepool,Bristol Rvs,R Welch
2122,E3,2021-09-11,Leyton Orient,Oldham,B Toner
2122,E3,2021-09-11,Rochdale,Tranmere,C Breakspear
2122,E3,2021-09-11,Salford,Bradford,J Simpson
2122,E3,2021-09-11,Scunthorpe,Exeter,C Brook
2122,E3,2021-09-11,Sutton,Stevenage,T Brook
2122,E3,2021-09-11,Swindon,Port Vale,N Hair
2122,E3,2021-09-11,Walsall,Mansfield,D Rock
2122,E3,2021-09-14,Newport County,Northampton,C Hicks
2122,E3,2021-09-14,Sutton,Hartlepool,S Hooper
2122,E3,2021-09-18,Bradford,Barrow,T Reeves
2122,E3,2021-09-18,Bristol Rvs,Leyton Orient,D Rock
2122,E3,2021-09-18,Carlisle,Scunthorpe,R Welch
2122,E3,2021-09-18,Colchester,Crawley Town,C Sarginson
2122,E3,2021-09-18,Exeter,Sutton,S Oldham
2122,E3,2021-09-18,Mansfield,Rochdale,C Boyeson
2122,E3,2021-09-18,Newport County,Walsall,L Swabey
2122,E3,2021-09-18,Northampton,Swindon,B Huxtable
2122,E3,2021-09-18,Oldham,Hartlepool,C Breakspear
2122,E3,2021-09-18,Port Vale,Harrogate,A Kitchen
2122,E3,2021-09-18,Stevenage,Forest Green,S Allison
2122,E3,2021-09-18,Tranmere,Salford,S Purkiss
2122,E3,2021-09-21,Crawley Town,Harrogate,D Drysdale
2122,E3,2021-09-24,Barrow,Newport County,R Linington
2122,E3,2021-09-25,Crawley Town,Bradford,C Breakspear
2122,E3,2021-09-25,Forest Green,Tranmere,D Rock
2122,E3,2021-09-25,Harrogate,Stevenage,C Boyeson
2122,E3,2021-09-25,Hartlepool,Exeter,L Doughty
2122,E3,2021-09-25,Leyton Orient,Mansfield,B Speedie
2122,E3,2021-09-25,Rochdale,Oldham,W Finnie
2122,E3,2021-09-25,Salford,Northampton,A Backhouse
2122,E3,2021-09-25,Scunthorpe,Port Vale,R Lewis
2122,E3,2021-09-25,Sutton,Carlisle,S Mather
2122,E3,2021-09-25,Swindon,Colchester,A Kitchen
2122,E3,2021-09-25,Walsall,Bristol Rvs,S Stockbridge
2122,E3,2021-10-02,Bradford,Rochdale,J Bell
2122,E3,2021-10-02,Bristol Rvs,Swindon,R Lewis
2122,E3,2021-10-02,Carlisle,Forest Green,S Barrott
2122,E3,2021-10-02,Colchester,Salford,C Hicks
2122,E3,2021-10-02,Exeter,Walsall,P Wright
2122,E3,2021-10-02,Mansfield,Barrow,T Nield
2122,E3,2021-10-02,Newport County,Scunthorpe,S Martin
2122,E3,2021-10-02,Northampton,Sutton,R Welch
2122,E3,2021-10-02,Oldham,Harrogate,D Rock
2122,E3,2021-10-02,Port Vale,Leyton Orient,C Sarginson
2122,E3,2021-10-02,Stevenage,Hartlepool,B Speedie
2122,E3,2021-10-02,Tranmere,Crawley Town,S Stockbridge
2122,E3,2021-10-08,Tranmere,Colchester,J Oldham
2122,E3,2021-10-09,Barrow,Leyton Orient,P Wright
2122,E3,2021-10-09,Bristol Rvs,Carlisle,C Breakspear
2122,E3,2021-10-09,Forest Green,Swindon,P Howard
2122,E3,2021-10-09,Harrogate,Scunthorpe,T Bramall
2122,E3,2021-10-09,Hartlepool,Northampton,B Toner
2122,E3,2021-10-09,Mansfield,Oldham,C Hicks
2122,E3,2021-10-09,Newport County,Bradford,S Purkiss
2122,E3,2021-10-09,Rochdale,Crawley Town,O Yates
2122,E3,2021-10-09,Stevenage,Exeter,C Pollard
2122,E3,2021-10-09,Sutton,Port Vale,D Bourne
2122,E3,2021-10-09,Walsall,Salford,T Kettle
2122,E3,2021-10-16,Bradford,Bristol Rvs,A Haines
2122,E3,2021-10-16,Carlisle,Tranmere,A Kitchen
2122,E3,2021-10-16,Colchester,Harrogate,T Reeves
2122,E3,2021-10-16,Crawley Town,Sutton,T Nield
2122,E3,2021-10-16,Exeter,Newport County,T Kettle
2122,E3,2021-10-16,Leyton Orient,Walsall,O Yates
2122,E3,2021-10-16,Northampton,Mansfield,R Lewis
2122,E3,2021-10-16,Oldham,Stevenage,R Madley
2122,E3,2021-10-16,Port Vale,Barrow,A Woolmer
2122,E3,2021-10-16,Salford,Hartlepool,P Wright
2122,E3,2021-10-16,Scunthorpe,Forest Green,D Bourne
2122,E3,2021-10-16,Swindon,Rochdale,S Mather
2122,E3,2021-10-19,Barrow,Scunthorpe,B Toner
2122,E3,2021-10-19,Bradford,Hartlepool,T Nield
2122,E3,2021-10-19,Colchester,Bristol Rvs,G Scott
2122,E3,2021-10-19,Crawley Town,Exeter,J Oldham
2122,E3,2021-10-19,Harrogate,Tranmere,D Bourne
2122,E3,2021-10-19,Leyton Orient,Forest Green,C Pollard
2122,E3,2021-10-19,Mansfield,Port Vale,W Finnie
2122,E3,2021-10-19,Newport County,Carlisle,D Rock
2122,E3,2021-10-19,Northampton,Stevenage,S Barrott
2122,E3,2021-10-19,Oldham,Walsall,R Joyce
2122,E3,2021-10-19,Salford,Rochdale,S Stockbridge
2122,E3,2021-10-19,Sutton,Swindon,C Sarginson
2122,E3,2021-10-23,Bristol Rvs,Newport County,S Oldham
2122,E3,2021-10-23,Carlisle,Oldham,B Speedie
2122,E3,2021-10-23,Exeter,Mansfield,S Purkiss
2122,E3,2021-10-23,Forest Green,Salford,A Woolmer
2122,E3,2021-10-23,Hartlepool,Harrogate,J Oldham
2122,E3,2021-10-23,Port Vale,Colchester,S Stockbridge
2122,E3,2021-10-23,Rochdale,Sutton,P Howard
2122,E3,2021-10-23,Scunthorpe,Crawley Town,P Wright
2122,E3,2021-10-23,Stevenage,Leyton Orient,J Bell
2122,E3,2021-10-23,Swindon,Bradford,R Joyce
2122,E3,2021-10-23,Tranmere,Northampton,T Nield
2122,E3,2021-10-23,Walsall,Barrow,A Haines
2122,E3,2021-10-26,Colchester,Sutton,A Madley
2122,E3,2021-10-30,Barrow,Rochdale,D Bourne
2122,E3,2021-10-30,Bradford,Forest Green,M Edwards
2122,E3,2021-10-30,Colchester,Scunthorpe,G Ward
2122,E3,2021-10-30,Crawley Town,Port Vale,T Kettle
2122,E3,2021-10-30,Harrogate,Bristol Rvs,P Wright
2122,E3,2021-10-30,Leyton Orient,Hartlepool,A Young
2122,E3,2021-10-30,Mansfield,Tranmere,J Bell
2122,E3,2021-10-30,Newport County,Stevenage,W Finnie
2122,E3,2021-10-30,Northampton,Carlisle,O Yates
2122,E3,2021-10-30,Oldham,Swindon,A Backhouse
2122,E3,2021-10-30,Salford,Exeter,J Busby
2122,E3,2021-10-30,Sutton,Walsall,C Boyeson
2122,E3,2021-11-12,Hartlepool,Newport County,S Barrott
2122,E3,2021-11-13,Bristol Rvs,Northampton,S Allison
2122,E3,2021-11-13,Carlisle,Barrow,M Coy
2122,E3,2021-11-13,Exeter,Oldham,D Bourne
2122,E3,2021-11-13,Port Vale,Bradford,L Swabey
2122,E3,2021-11-13,Rochdale,Leyton Orient,A Backhouse
2122,E3,2021-11-13,Scunthorpe,Salford,J Smith
2122,E3,2021-11-13,Stevenage,Mansfield,C Sarginson
2122,E3,2021-11-13,Tranmere,Sutton,W Finnie
2122,E3,2021-11-13,Walsall,Harrogate,M Edwards
2122,E3,2021-11-20,Barrow,Crawley Town,S Barrott
2122,E3,2021-11-20,Bradford,Northampton,C Boyeson
2122,E3,2021-11-20,Bristol Rvs,Tranmere,T Reeves
2122,E3,2021-11-20,Exeter,Carlisle,W Finnie
2122,E3,2021-11-20,Harrogate,Salford,C Breakspear
2122,E3,2021-11-20,Hartlepool,Forest Green,S Martin
2122,E3,2021-11-20,Leyton Orient,Sutton,S Oldham
2122,E3,2021-11-20,Mansfield,Scunthorpe,B Speedie
2122,E3,2021-11-20,Newport County,Swindon,J Bell
2122,E3,2021-11-20,Oldham,Port Vale,C Brook
2122,E3,2021-11-20,Stevenage,Colchester,T Kettle
2122,E3,2021-11-20,Walsall,Rochdale,S Purkiss
2122,E3,2021-11-23,Carlisle,Harrogate,S Stockbridge
2122,E3,2021-11-23,Colchester,Exeter,T Nield
2122,E3,2021-11-23,Crawley Town,Newport County,S Allison
2122,E3,2021-11-23,Forest Green,Barrow,C Sarginson
2122,E3,2021-11-23,Northampton,Oldham,B Huxtable
2122,E3,2021-11-23,Port Vale,Walsall,S Mather
2122,E3,2021-11-23,Rochdale,Stevenage,S Oldham
2122,E3,2021-11-23,Salford,Bristol Rvs,B Toner
2122,E3,2021-11-23,Scunthorpe,Leyton Orient,S Barrott
2122,E3,2021-11-23,Sutton,Mansfield,D Rock
2122,E3,2021-11-23,Swindon,Hartlepool,L Swabey
2122,E3,2021-11-23,Tranmere,Bradford,M Coy
2122,E3,2021-11-26,Colchester,Newport County,C Pollard
2122,E3,2021-11-27,Carlisle,Walsall,S Oldham
2122,E3,2021-11-27,Crawley Town,Mansfield,A Davies
2122,E3,2021-11-27,Forest Green,Bristol Rvs,S Mather
2122,E3,2021-11-27,Northampton,Leyton Orient,A Kitchen
2122,E3,2021-11-27,Port Vale,Hartlepool,T Reeves
2122,E3,2021-11-27,Rochdale,Exeter,A Haines
2122,E3,2021-11-27,Salford,Oldham,P Howard
2122,E3,2021-11-27,Scunthorpe,Bradford,C Sarginson
2122,E3,2021-11-27,Sutton,Barrow,B Huxtable
2122,E3,2021-11-27,Swindon,Harrogate,A Young
2122,E3,2021-12-07,Bristol Rvs,Port Vale,C Hicks
2122,E3,2021-12-07,Exeter,Northampton,J Busby
2122,E3,2021-12-07,Harrogate,Forest Green,M Coy
2122,E3,2021-12-07,Leyton Orient,Swindon,D Drysdale
2122,E3,2021-12-07,Mansfield,Carlisle,N Hair
2122,E3,2021-12-07,Newport County,Sutton,O Langford
2122,E3,2021-12-07,Oldham,Tranmere,A Haines
2122,E3,2021-12-07,Stevenage,Scunthorpe,B Huxtable
2122,E3,2021-12-07,Walsall,Crawley Town,J Bell
2122,E3,2021-12-08,Bradford,Colchester,M Edwards
2122,E3,2021-12-08,Hartlepool,Rochdale,T Nield
2122,E3,2021-12-11,Barrow,Swindon,O Yates
2122,E3,2021-12-11,Bradford,Sutton,P Wright
2122,E3,2021-12-11,Bristol Rvs,Rochdale,J Linington
2122,E3,2021-12-11,Exeter,Tranmere,R Madley
2122,E3,2021-12-11,Harrogate,Northampton,C Brook
2122,E3,2021-12-11,Hartlepool,Scunthorpe,R Lewis
2122,E3,2021-12-11,Leyton Orient,Crawley Town,C Boyeson
2122,E3,2021-12-11,Mansfield,Salford,A Backhouse
2122,E3,2021-12-11,Newport County,Port Vale,P Howard
2122,E3,2021-12-11,Oldham,Forest Green,A Kitchen
2122,E3,2021-12-11,Stevenage,Carlisle,D Bourne
2122,E3,2021-12-11,Walsall,Colchester,M Coy
2122,E3,2021-12-18,Rochdale,Newport County,C Boyeson
2122,E3,2021-12-18,Salford,Stevenage,T Reeves
2122,E3,2021-12-18,Sutton,Harrogate,J Smith
2122,E3,2021-12-18,Tranmere,Leyton Orient,P Howard
2122,E3,2021-12-26,Mansfield,Hartlepool,S Mather
2122,E3,2021-12-26,Oldham,Scunthorpe,S Stockbridge
2122,E3,2021-12-26,Tranmere,Barrow,S Oldham
2122,E3,2021-12-29,Barrow,Oldham,B Speedie
2122,E3,2021-12-29,Swindon,Stevenage,J Busby
2122,E3,2022-01-01,Barrow,Bradford,S Stockbridge
2122,E3,2022-01-01,Crawley Town,Colchester,S Purkiss
2122,E3,2022-01-01,Forest Green,Stevenage,N Hair
2122,E3,2022-01-01,Hartlepool,Oldham,D Handley
2122,E3,2022-01-01,Scunthorpe,Carlisle,B Toner
2122,E3,2022-01-01,Sutton,Exeter,A Young
2122,E3,2022-01-01,Swindon,Northampton,S Allison
2122,E3,2022-01-01,Walsall,Newport County,R Welch
2122,E3,2022-01-04,Forest Green,Exeter,A Davies
2122,E3,2022-01-08,Carlisle,Bradford,A Haines
2122,E3,2022-01-08,Newport County,Salford,B Huxtable
2122,E3,2022-01-08,Northampton,Crawley Town,D Bourne
2122,E3,2022-01-08,Stevenage,Walsall,J Oldham
2122,E3,2022-01-08,Tranmere,Scunthorpe,C Pollard
2122,E3,2022-01-11,Forest Green,Colchester,B Speedie
2122,E3,2022-01-11,Mansfield,Swindon,T Reeves
2122,E3,2022-01-11,Salford,Tranmere,R Joyce
2122,E3,2022-01-15,Bradford,Salford,J Oldham
2122,E3,2022-01-15,Bristol Rvs,Hartlepool,C Brook
2122,E3,2022-01-15,Carlisle,Crawley Town,D Bond
2122,E3,2022-01-15,Colchester,Barrow,W Finnie
2122,E3,2022-01-15,Exeter,Scunthorpe,C Hicks
2122,E3,2022-01-15,Mansfield,Walsall,R Joyce
2122,E3,2022-01-15,Newport County,Harrogate,O Yates
2122,E3,2022-01-15,Northampton,Forest Green,M Edwards
2122,E3,2022-01-15,Port Vale,Swindon,A Haines
2122,E3,2022-01-15,Stevenage,Sutton,P Howard
2122,E3,2022-01-15,Tranmere,Rochdale,B Toner
2122,E3,2022-01-18,Carlisle,Hartlepool,O Yates
2122,E3,2022-01-18,Port Vale,Salford,J Bell
2122,E3,2022-01-18,Stevenage,Crawley Town,W Finnie
2122,E3,2022-01-18,Sutton,Colchester,R Lewis
2122,E3,2022-01-22,Barrow,Mansfield,S Barrott
2122,E3,2022-01-22,Crawley Town,Tranmere,S Mather
2122,E3,2022-01-22,Forest Green,Carlisle,C Hicks
2122,E3,2022-01-22,Harrogate,Oldham,T Reeves
2122,E3,2022-01-22,Hartlepool,Stevenage,M Coy
2122,E3,2022-01-22,Leyton Orient,Port Vale,D Bourne
2122,E3,2022-01-22,Rochdale,Bradford,C Brook
2122,E3,2022-01-22,Salford,Colchester,O Yates
2122,E3,2022-01-22,Scunthorpe,Newport County,S Purkiss
2122,E3,2022-01-22,Sutton,Northampton,J Busby
2122,E3,2022-01-22,Swindon,Bristol Rvs,T Nield
2122,E3,2022-01-22,Walsall,Exeter,D Handley
2122,E3,2022-01-25,Barrow,Salford,A Haines
2122,E3,2022-01-25,Leyton Orient,Newport County,J Bell
2122,E3,2022-01-25,Scunthorpe,Bristol Rvs,A Backhouse
2122,E3,2022-01-25,Walsall,Bradford,B Speedie
2122,E3,2022-01-29,Bradford,Crawley Town,B Toner
2122,E3,2022-01-29,Bristol Rvs,Walsall,K Stroud
2122,E3,2022-01-29,Carlisle,Sutton,D Handley
2122,E3,2022-01-29,Colchester,Swindon,C Sarginson
2122,E3,2022-01-29,Exeter,Hartlepool,T Reeves
2122,E3,2022-01-29,Mansfield,Leyton Orient,S Allison
2122,E3,2022-01-29,Newport County,Barrow,C Hicks
2122,E3,2022-01-29,Northampton,Salford,T Nield
2122,E3,2022-01-29,Oldham,Rochdale,D Drysdale
2122,E3,2022-01-29,Port Vale,Scunthorpe,M Edwards
2122,E3,2022-01-29,Stevenage,Harrogate,P Wright
2122,E3,2022-01-29,Tranmere,Forest Green,L Swabey
2122,E3,2022-02-01,Bradford,Leyton Orient,D Handley
2122,E3,2022-02-01,Colchester,Rochdale,C Hicks
2122,E3,2022-02-01,Harrogate,Mansfield,C Pollard
2122,E3,2022-02-01,Northampton,Barrow,L Swabey
2122,E3,2022-02-01,Port Vale,Forest Green,T Reeves
2122,E3,2022-02-01,Salford,Carlisle,S Mather
2122,E3,2022-02-01,Swindon,Crawley Town,C Brook
2122,E3,2022-02-01,Tranmere,Stevenage,A Backhouse
2122,E3,2022-02-05,Barrow,Tranmere,O Langford
2122,E3,2022-02-05,Crawley Town,Stevenage,R Lewis
2122,E3,2022-02-05,Forest Green,Newport County,D Rock
2122,E3,2022-02-05,Harrogate,Bradford,R Welch
2122,E3,2022-02-05,Leyton Orient,Colchester,T Reeves
2122,E3,2022-02-05,Scunthorpe,Oldham,N Hair
2122,E3,2022-02-05,Sutton,Bristol Rvs,R Madley
2122,E3,2022-02-05,Swindon,Exeter,D Drysdale
2122,E3,2022-02-05,Walsall,Northampton,S Stockbridge
2122,E3,2022-02-08,Carlisle,Port Vale,A Kitchen
2122,E3,2022-02-08,Exeter,Leyton Orient,C Brook
2122,E3,2022-02-08,Forest Green,Rochdale,P Howard
2122,E3,2022-02-08,Harrogate,Crawley Town,A Haines
2122,E3,2022-02-08,Hartlepool,Barrow,P Wright
2122,E3,2022-02-08,Mansfield,Colchester,D Handley
2122,E3,2022-02-08,Northampton,Newport County,B Speedie
2122,E3,2022-02-08,Oldham,Bristol Rvs,S Oldham
2122,E3,2022-02-08,Scunthorpe,Walsall,T Nield
2122,E3,2022-02-08,Stevenage,Bradford,G Ward
2122,E3,2022-02-08,Sutton,Salford,L Swabey
2122,E3,2022-02-08,Tranmere,Swindon,S Mather
2122,E3,2022-02-12,Barrow,Stevenage,D Handley
2122,E3,2022-02-12,Bradford,Exeter,R Joyce
2122,E3,2022-02-12,Bristol Rvs,Mansfield,J Busby
2122,E3,2022-02-12,Colchester,Carlisle,L Swabey
2122,E3,2022-02-12,Crawley Town,Hartlepool,B Huxtable
2122,E3,2022-02-12,Leyton Orient,Salford,B Speedie
2122,E3,2022-02-12,Newport County,Oldham,R Lewis
2122,E3,2022-02-12,Port Vale,Northampton,A Young
2122,E3,2022-02-12,Rochdale,Harrogate,N Hair
2122,E3,2022-02-12,Sutton,Forest Green,J Bell
2122,E3,2022-02-12,Swindon,Scunthorpe,W Finnie
2122,E3,2022-02-12,Walsall,Tranmere,S Allison
2122,E3,2022-02-15,Bristol Rvs,Sutton,C Pollard
2122,E3,2022-02-15,Exeter,Harrogate,B Huxtable
2122,E3,2022-02-15,Hartlepool,Tranmere,R Welch
2122,E3,2022-02-19,Carlisle,Swindon,O Langford
2122,E3,2022-02-19,Forest Green,Walsall,A Young
2122,E3,2022-02-19,Hartlepool,Sutton,A Kitchen
2122,E3,2022-02-19,Newport County,Mansfield,W Finnie
2122,E3,2022-02-19,Northampton,Colchester,S Oldham
2122,E3,2022-02-19,Oldham,Bradford,A Backhouse
2122,E3,2022-02-19,Scunthorpe,Rochdale,R Madley
2122,E3,2022-02-19,Stevenage,Bristol Rvs,A Woolmer
2122,E3,2022-02-19,Tranmere,Port Vale,D Rock
2122,E3,2022-02-22,Bradford,Harrogate,J Bell
2122,E3,2022-02-22,Colchester,Hartlepool,D Bourne
2122,E3,2022-02-22,Leyton Orient,Bristol Rvs,C Breakspear
2122,E3,2022-02-22,Rochdale,Port Vale,S Barrott
2122,E3,2022-02-22,Scunthorpe,Northampton,D Handley
2122,E3,2022-02-22,Swindon,Walsall,C Pollard
2122,E3,2022-02-26,Barrow,Harrogate,T Nield
2122,E3,2022-02-26,Bradford,Mansfield,A Kitchen
2122,E3,2022-02-26,Bristol Rvs,Exeter,P Wright
2122,E3,2022-02-26,Colchester,Oldham,A Haines
2122,E3,2022-02-26,Crawley Town,Forest Green,C Pollard
2122,E3,2022-02-26,Leyton Orient,Carlisle,C Boyeson
2122,E3,2022-02-26,Newport County,Tranmere,D Drysdale
2122,E3,2022-02-26,Port Vale,Stevenage,S Oldham
2122,E3,2022-02-26,Rochdale,Northampton,O Yates
2122,E3,2022-02-26,Sutton,Scunthorpe,S Mather
2122,E3,2022-02-26,Swindon,Salford,J Busby
2122,E3,2022-02-26,Walsall,Hartlepool,L Swabey
2122,E3,2022-03-01,Bristol Rvs,Barrow,D Rock
2122,E3,2022-03-01,Carlisle,Rochdale,M Edwards
2122,E3,2022-03-01,Colchester,Leyton Orient,N Hair
2122,E3,2022-03-01,Crawley Town,Oldham,A Young
2122,E3,2022-03-01,Harrogate,Port Vale,D Bond
2122,E3,2022-03-01,Newport County,Forest Green,C Breakspear
2122,E3,2022-03-01,Northampton,Walsall,P Howard
2122,E3,2022-03-04,Mansfield,Exeter,O Yates
2122,E3,2022-03-05,Barrow,Walsall,L Doughty
2122,E3,2022-03-05,Bradford,Swindon,P Howard
2122,E3,2022-03-05,Colchester,Port Vale,B Huxtable
2122,E3,2022-03-05,Crawley Town,Scunthorpe,J Bell
2122,E3,2022-03-05,Harrogate,Hartlepool,C Boyeson
2122,E3,2022-03-05,Leyton Orient,Stevenage,D Drysdale
2122,E3,2022-03-05,Newport County,Bristol Rvs,D Handley
2122,E3,2022-03-05,Northampton,Tranmere,S Martin
2122,E3,2022-03-05,Oldham,Carlisle,S Allison
2122,E3,2022-03-05,Salford,Forest Green,D Bourne
2122,E3,2022-03-05,Sutton,Rochdale,B Speedie
2122,E3,2022-03-08,Crawley Town,Bristol Rvs,L Swabey
2122,E3,2022-03-08,Exeter,Swindon,R Lewis
2122,E3,2022-03-11,Tranmere,Mansfield,A Haines
2122,E3,2022-03-12,Bristol Rvs,Harrogate,D Drysdale
2122,E3,2022-03-12,Carlisle,Northampton,J Bell
2122,E3,2022-03-12,Exeter,Salford,A Woolmer
2122,E3,2022-03-12,Forest Green,Bradford,O Yates
2122,E3,2022-03-12,Hartlepool,Leyton Orient,J Oldham
2122,E3,2022-03-12,Port Vale,Crawley Town,R Joyce
2122,E3,2022-03-12,Rochdale,Barrow,C Breakspear
2122,E3,2022-03-12,Scunthorpe,Colchester,A Young
2122,E3,2022-03-12,Stevenage,Newport County,B Toner
2122,E3,2022-03-12,Swindon,Oldham,D Rock
2122,E3,2022-03-12,Walsall,Sutton,S Oldham
2122,E3,2022-03-15,Bristol Rvs,Colchester,S Allison
2122,E3,2022-03-15,Carlisle,Newport County,M Coy
2122,E3,2022-03-15,Exeter,Crawley Town,B Speedie
2122,E3,2022-03-15,Forest Green,Leyton Orient,T Kettle
2122,E3,2022-03-15,Hartlepool,Bradford,J Simpson
2122,E3,2022-03-15,Port Vale,Mansfield,P Wright
2122,E3,2022-03-15,Rochdale,Salford,C Sarginson
2122,E3,2022-03-15,Scunthorpe,Barrow,T Reeves
2122,E3,2022-03-15,Stevenage,Northampton,C Hicks
2122,E3,2022-03-15,Swindon,Sutton,C Boyeson
2122,E3,2022-03-15,Tranmere,Harrogate,D Handley
2122,E3,2022-03-15,Walsall,Oldham,O Yates
2122,E3,2022-03-18,Newport County,Hartlepool,A Young
2122,E3,2022-03-19,Barrow,Carlisle,R Madley
2122,E3,2022-03-19,Bradford,Port Vale,D Drysdale
2122,E3,2022-03-19,Crawley Town,Swindon,D Handley
2122,E3,2022-03-19,Harrogate,Walsall,D Bourne
2122,E3,2022-03-19,Leyton Orient,Rochdale,D Rock
2122,E3,2022-03-19,Northampton,Bristol Rvs,O Langford
2122,E3,2022-03-19,Oldham,Exeter,S Stockbridge
2122,E3,2022-03-19,Salford,Scunthorpe,P Wright
2122,E3,2022-03-19,Sutton,Tranmere,W Finnie
2122,E3,2022-03-21,Colchester,Forest Green,A Woolmer
2122,E3,2022-03-22,Harrogate,Leyton Orient,R Joyce
2122,E3,2022-03-22,Oldham,Sutton,M Edwards
2122,E3,2022-03-22,Port Vale,Exeter,R Madley
2122,E3,2022-03-22,Rochdale,Mansfield,S Stockbridge
2122,E3,2022-03-26,Bradford,Newport County,M Edwards
2122,E3,2022-03-26,Carlisle,Bristol Rvs,A Haines
2122,E3,2022-03-26,Colchester,Tranmere,C Brook
2122,E3,2022-03-26,Crawley Town,Rochdale,T Kettle
2122,E3,2022-03-26,Exeter,Stevenage,C Boyeson
2122,E3,2022-03-26,Leyton Orient,Barrow,S Mather
2122,E3,2022-03-26,Northampton,Hartlepool,K Stroud
2122,E3,2022-03-26,Oldham,Mansfield,B Toner
2122,E3,2022-03-26,Port Vale,Sutton,M Coy
2122,E3,2022-03-26,Salford,Walsall,A Backhouse
2122,E3,2022-03-26,Scunthorpe,Harrogate,T Harrington
2122,E3,2022-03-29,Hartlepool,Mansfield,T Kettle
2122,E3,2022-03-29,Oldham,Leyton Orient,C Sarginson
2122,E3,2022-03-29,Rochdale,Carlisle,J Oldham
2122,E3,2022-03-29,Salford,Crawley Town,M Edwards
2122,E3,2022-04-02,Barrow,Port Vale,J Oldham
2122,E3,2022-04-02,Bristol Rvs,Bradford,N Hair
2122,E3,2022-04-02,Forest Green,Scunthorpe,S Allison
2122,E3,2022-04-02,Harrogate,Colchester,S Mather
2122,E3,2022-04-02,Hartlepool,Salford,D Drysdale
2122,E3,2022-04-02,Mansfield,Northampton,A Backhouse
2122,E3,2022-04-02,Newport County,Exeter,C Sarginson
2122,E3,2022-04-02,Rochdale,Swindon,D Bourne
2122,E3,2022-04-02,Stevenage,Oldham,A Davies
2122,E3,2022-04-02,Tranmere,Carlisle,C Breakspear
2122,E3,2022-04-02,Walsall,Leyton Orient,A Haines
2122,E3,2022-04-05,Forest Green,Mansfield,C Brook
2122,E3,2022-04-05,Salford,Port Vale,D Handley
2122,E3,2022-04-09,Carlisle,Exeter,T Nield
2122,E3,2022-04-09,Colchester,Stevenage,C Breakspear
2122,E3,2022-04-09,Crawley Town,Barrow,C Hicks
2122,E3,2022-04-09,Forest Green,Hartlepool,S Purkiss
2122,E3,2022-04-09,Northampton,Bradford,D Rock
2122,E3,2022-04-09,Port Vale,Oldham,W Finnie
2122,E3,2022-04-09,Rochdale,Walsall,A Herczeg
2122,E3,2022-04-09,Salford,Harrogate,A Kitchen
2122,E3,2022-04-09,Scunthorpe,Mansfield,J Busby
2122,E3,2022-04-09,Sutton,Leyton Orient,R Lewis
2122,E3,2022-04-09,Swindon,Newport County,N Hair
2122,E3,2022-04-09,Tranmere,Bristol Rvs,M Edwards
2122,E3,2022-04-15,Barrow,Forest Green,S Stockbridge
2122,E3,2022-04-15,Bradford,Tranmere,C Boyeson
2122,E3,2022-04-15,Bristol Rvs,Salford,D Whitestone
2122,E3,2022-04-15,Exeter,Colchester,W Finnie
2122,E3,2022-04-15,Harrogate,Swindon,S Oldham
2122,E3,2022-04-15,Hartlepool,Port Vale,C Sarginson
2122,E3,2022-04-15,Leyton Orient,Scunthorpe,D Bourne
2122,E3,2022-04-15,Mansfield,Sutton,N Hair
2122,E3,2022-04-15,Newport County,Crawley Town,S Mather
2122,E3,2022-04-15,Oldham,Northampton,S Purkiss
2122,E3,2022-04-15,Stevenage,Rochdale,R Lewis
2122,E3,2022-04-15,Walsall,Carlisle,M Woods
2122,E3,2022-04-18,Carlisle,Mansfield,R Joyce
2122,E3,2022-04-18,Colchester,Bradford,D Handley
2122,E3,2022-04-18,Crawley Town,Walsall,P Wright
2122,E3,2022-04-18,Forest Green,Oldham,S Martin
2122,E3,2022-04-18,Northampton,Harrogate,R Lewis
2122,E3,2022-04-18,Port Vale,Bristol Rvs,C Hicks
2122,E3,2022-04-18,Rochdale,Hartlepool,T Nield
2122,E3,2022-04-18,Salford,Barrow,A Haines
2122,E3,2022-04-18,Scunthorpe,Stevenage,S Stockbridge
2122,E3,2022-04-18,Sutton,Newport County,O Yates
2122,E3,2022-04-18,Swindon,Leyton Orient,S Allison
2122,E3,2022-04-18,Tranmere,Exeter,D Drysdale
2122,E3,2022-04-22,Newport County,Colchester,T Reeves
2122,E3,2022-04-23,Barrow,Sutton,B Toner
2122,E3,2022-04-23,Bradford,Scunthorpe,R Joyce
2122,E3,2022-04-23,Bristol Rvs,Forest Green,G Ward
2122,E3,2022-04-23,Exeter,Rochdale,C Brook
2122,E3,2022-04-23,Harrogate,Carlisle,R Welch
2122,E3,2022-04-23,Hartlepool,Swindon,A Haines
2122,E3,2022-04-23,Leyton Orient,Northampton,D Handley
2122,E3,2022-04-23,Mansfield,Crawley Town,D Rock
2122,E3,2022-04-23,Oldham,Salford,R Madley
2122,E3,2022-04-23,Stevenage,Tranmere,K Stroud
2122,E3,2022-04-23,Walsall,Port Vale,T Nield
2122,E3,2022-04-26,Exeter,Barrow,L Swabey
2122,E3,2022-04-26,Mansfield,Stevenage,C Sarginson
2122,E3,2022-04-26,Sutton,Crawley Town,S Allison
2122,E3,2022-04-26,Swindon,Forest Green,J Oldham
2122,E3,2022-04-30,Carlisle,Stevenage,D Drysdale
2122,E3,2022-04-30,Colchester,Walsall,D Whitestone
2122,E3,2022-04-30,Crawley Town,Leyton Orient,P Howard
2122,E3,2022-04-30,Forest Green,Harrogate,C Pollard
2122,E3,2022-04-30,Northampton,Exeter,S Mather
2122,E3,2022-04-30,Rochdale,Bristol Rvs,R Joyce
2122,E3,2022-04-30,Scunthorpe,Hartlepool,W Finnie
2122,E3,2022-04-30,Sutton,Bradford,D Bourne
2122,E3,2022-04-30,Swindon,Barrow,R Lewis
2122,E3,2022-04-30,Tranmere,Oldham,N Hair
2122,E3,2022-05-02,Port Vale,Newport County,C Brook
2122,E3,2022-05-02,Salford,Mansfield,S Stockbridge
2122,E3,2022-05-07,Barrow,Northampton,R Joyce
2122,E3,2022-05-07,Bradford,Carlisle,J Bell
2122,E3,2022-05-07,Bristol Rvs,Scunthorpe,C Breakspear
2122,E3,2022-05-07,Exeter,Port Vale,T Reeves
2122,E3,2022-05-07,Harrogate,Sutton,O Langford
2122,E3,2022-05-07,Hartlepool,Colchester,B Toner
2122,E3,2022-05-07,Leyton Orient,Tranmere,S Stockbridge
2122,E3,2022-05-07,Mansfield,Forest Green,R Madley
2122,E3,2022-05-07,Newport County,Rochdale,L Swabey
2122,E3,2022-05-07,Oldham,Crawley Town,A Backhouse
2122,E3,2022-05-07,Stevenage,Salford,M Coy
2122,E3,2022-05-07,Walsall,Swindon,S Barrott
2122,EC,2021-08-21,Aldershot,Chesterfield,T Bishop
2122,EC,2021-08-21,Barnet,Notts County,G Rhodes
2122,EC,2021-08-21,Halifax,Maidenhead,P Marsden
2122,EC,2021-08-21,Solihull,Wrexham,S Copeland
2122,EC,2021-08-21,Stockport,Dag and Red,A Miller
2122,EC,2021-08-21,Torquay,Altrincham,R Massey-Ellis
2122,EC,2021-08-21,Wealdstone,Woking,L Smith
2122,EC,2021-08-21,Weymouth,Boreham Wood,D Lamport
2122,EC,2021-08-28,Boreham Wood,Aldershot,T Parsons
2122,EC,2021-08-28,Chesterfield,Wealdstone,S Simpson
2122,EC,2021-08-28,Dag and Red,Bromley,A Dale
2122,EC,2021-08-28,Eastleigh,Wrexham,R Whitton
2122,EC,2021-08-28,Grimsby,Weymouth,M Diccio
2122,EC,2021-08-28,Maidenhead,Dover Athletic,A Quelch
2122,EC,2021-08-28,Notts County,Torquay,M Woods
2122,EC,2021-08-28,Solihull,Barnet,T Bishop
2122,EC,2021-08-28,Southend,Stockport,L Smith
2122,EC,2021-08-28,Woking,Halifax,E Swallow
2122,EC,2021-08-30,Aldershot,Yeovil,S Tallis
2122,EC,2021-08-30,Barnet,Dag and Red,A Jackson
2122,EC,2021-08-30,Bromley,Eastleigh,L Wood
2122,EC,2021-08-30,Dover Athletic,Boreham Wood,A Dale
2122,EC,2021-08-30,Halifax,Altrincham,A Herczeg
2122,EC,2021-08-30,Torquay,Woking,A Quelch
2122,EC,2021-08-30,Wealdstone,Southend,A Russell
2122,EC,2021-08-30,Weymouth,Maidenhead,S Jackson
2122,EC,2021-08-30,Wrexham,Notts County,T Parsons
2122,EC,2021-08-31,Stockport,Grimsby,S Copeland
2122,EC,2021-09-04,Altrincham,Dover Athletic,S Simpson
2122,EC,2021-09-04,Boreham Wood,Stockport,R Whitton
2122,EC,2021-09-04,Chesterfield,Bromley,M Woods
2122,EC,2021-09-04,Dag and Red,Wealdstone,S Jackson
2122,EC,2021-09-04,Grimsby,Barnet,D Middleton
2122,EC,2021-09-04,Maidenhead,Torquay,T Bishop
2122,EC,2021-09-04,Notts County,Aldershot,R Massey-Ellis
2122,EC,2021-09-04,Solihull,Weymouth,A Jackson
2122,EC,2021-09-04,Southend,Wrexham,A Dale
2122,EC,2021-09-04,Yeovil,Halifax,T Parsons
2122,EC,2021-09-11,Aldershot,Solihull,L Wood
2122,EC,2021-09-11,Barnet,Eastleigh,L Smith
2122,EC,2021-09-11,Bromley,Boreham Wood,E Swallow
2122,EC,2021-09-11,Dover Athletic,Chesterfield,R Whitton
2122,EC,2021-09-11,Halifax,Southend,A Miller
2122,EC,2021-09-11,Stockport,Yeovil,S Jackson
2122,EC,2021-09-11,Torquay,Grimsby,G Parsons
2122,EC,2021-09-11,Wealdstone,Altrincham,T Bishop
2122,EC,2021-09-11,Weymouth,Notts County,S Simpson
2122,EC,2021-09-11,Wrexham,Woking,P Marsden
2122,EC,2021-09-14,Boreham Wood,Halifax,S Tallis
2122,EC,2021-09-14,Chesterfield,Barnet,A Miller
2122,EC,2021-09-14,Dag and Red,Weymouth,S Gill
2122,EC,2021-09-14,Eastleigh,Dover Athletic,M Russell
2122,EC,2021-09-14,Grimsby,Wrexham,A Herczeg
2122,EC,2021-09-14,Maidenhead,Stockport,R Atkin
2122,EC,2021-09-14,Notts County,Wealdstone,D Middleton
2122,EC,2021-09-14,Solihull,Torquay,A Dale
2122,EC,2021-09-14,Southend,Aldershot,A Quelch
2122,EC,2021-09-18,Bromley,Barnet,R Whitton
2122,EC,2021-09-18,Grimsby,Eastleigh,G Rhodes
2122,EC,2021-09-18,Halifax,Stockport,S Simpson
2122,EC,2021-09-18,Notts County,Maidenhead,A Herczeg
2122,EC,2021-09-18,Solihull,Boreham Wood,A Quelch
2122,EC,2021-09-18,Torquay,Southend,S Jackson
2122,EC,2021-09-18,Wealdstone,Aldershot,G Parsons
2122,EC,2021-09-18,Weymouth,Dover Athletic,S Tallis
2122,EC,2021-09-18,Wrexham,Dag and Red,L Smith
2122,EC,2021-09-18,Yeovil,Chesterfield,D Lamport
2122,EC,2021-09-21,Dover Athletic,Solihull,J Miles
2122,EC,2021-09-25,Aldershot,Halifax,D Lamport
2122,EC,2021-09-25,Altrincham,Notts County,M Dicicco
2122,EC,2021-09-25,Barnet,Weymouth,R Massey-Ellis
2122,EC,2021-09-25,Boreham Wood,Yeovil,S Simpson
2122,EC,2021-09-25,Chesterfield,Torquay,S Copeland
2122,EC,2021-09-25,Dag and Red,Solihull,P Marsden
2122,EC,2021-09-25,Dover Athletic,Bromley,S Gill
2122,EC,2021-09-25,Eastleigh,Woking,G Parsons
2122,EC,2021-09-25,Maidenhead,Grimsby,J Miles
2122,EC,2021-09-25,Stockport,Wrexham,A Jackson
2122,EC,2021-09-28,Bromley,Grimsby,M Russell
2122,EC,2021-09-28,Woking,Chesterfield,R Atkin
2122,EC,2021-10-02,Barnet,Halifax,A Jackson
2122,EC,2021-10-02,Dag and Red,Altrincham,S Tallis
2122,EC,2021-10-02,Eastleigh,Boreham Wood,S Copeland
2122,EC,2021-10-02,Grimsby,Dover Athletic,P Marsden
2122,EC,2021-10-02,Notts County,Woking,M Woods
2122,EC,2021-10-02,Solihull,Southend,T Bishop
2122,EC,2021-10-02,Torquay,Wealdstone,L Wood
2122,EC,2021-10-02,Weymouth,Stockport,G Parsons
2122,EC,2021-10-05,Altrincham,Grimsby,S Copeland
2122,EC,2021-10-05,Boreham Wood,Torquay,D Middleton
2122,EC,2021-10-05,Bromley,Weymouth,D Lamport
2122,EC,2021-10-05,Dover Athletic,Aldershot,R Massey-Ellis
2122,EC,2021-10-05,Halifax,Notts County,G Rhodes
2122,EC,2021-10-05,Southend,Eastleigh,R Whitton
2122,EC,2021-10-05,Wealdstone,Solihull,M Russell
2122,EC,2021-10-05,Woking,Dag and Red,J Miles
2122,EC,2021-10-05,Wrexham,Chesterfield,M Woods
2122,EC,2021-10-05,Yeovil,Maidenhead,A Quelch
2122,EC,2021-10-09,Altrincham,Maidenhead,E Swallow
2122,EC,2021-10-09,Boreham Wood,Dag and Red,M Russell
2122,EC,2021-10-09,Bromley,Torquay,G Rhodes
2122,EC,2021-10-09,Dover Athletic,Barnet,T Bishop
2122,EC,2021-10-09,Halifax,Weymouth,L Smith
2122,EC,2021-10-09,Southend,Chesterfield,S Tallis
2122,EC,2021-10-09,Stockport,Aldershot,P Marsden
2122,EC,2021-10-09,Wealdstone,Eastleigh,D Lamport
2122,EC,2021-10-09,Woking,Grimsby,S Jackson
2122,EC,2021-10-09,Yeovil,Notts County,G Parsons
2122,EC,2021-10-12,Yeovil,Altrincham,M Russell
2122,EC,2021-10-23,Aldershot,Bromley,A Quelch
2122,EC,2021-10-23,Barnet,Wrexham,T Reeves
2122,EC,2021-10-23,Chesterfield,Boreham Wood,L Smith
2122,EC,2021-10-23,Dag and Red,Southend,G Parsons
2122,EC,2021-10-23,Eastleigh,Altrincham,A Jackson
2122,EC,2021-10-23,Grimsby,Yeovil,A Miller
2122,EC,2021-10-23,Maidenhead,Woking,D Middleton
2122,EC,2021-10-23,Notts County,Stockport,R Massey-Ellis
2122,EC,2021-10-23,Solihull,Halifax,A Herczeg
2122,EC,2021-10-23,Weymouth,Wealdstone,S Jackson
2122,EC,2021-10-26,Aldershot,Weymouth,D Middleton
2122,EC,2021-10-26,Altrincham,Solihull,M Woods
2122,EC,2021-10-26,Chesterfield,Eastleigh,A Herczeg
2122,EC,2021-10-26,Halifax,Dag and Red,S Copeland
2122,EC,2021-10-26,Maidenhead,Wrexham,M Russell
2122,EC,2021-10-26,Notts County,Bromley,D Richardson
2122,EC,2021-10-26,Stockport,Barnet,T Parsons
2122,EC,2021-10-26,Wealdstone,Grimsby,R Massey-Ellis
2122,EC,2021-10-26,Yeovil,Woking,E Swallow
2122,EC,2021-10-30,Barnet,Aldershot,S Tallis
2122,EC,2021-10-30,Boreham Wood,Southend,A Jackson
2122,EC,2021-10-30,Bromley,Halifax,M Russell
2122,EC,2021-10-30,Dag and Red,Chesterfield,D Middleton
2122,EC,2021-10-30,Dover Athletic,Stockport,D Lamport
2122,EC,2021-10-30,Eastleigh,Maidenhead,T Bishop
2122,EC,2021-10-30,Grimsby,Notts County,A Herczeg
2122,EC,2021-10-30,Solihull,Yeovil,T Parsons
2122,EC,2021-10-30,Woking,Altrincham,S Gill
2122,EC,2021-10-30,Wrexham,Torquay,B Speedie
2122,EC,2021-11-02,Southend,Dover Athletic,D Middleton
2122,EC,2021-11-02,Woking,Bromley,S Tallis
2122,EC,2021-11-09,Aldershot,Wrexham,S Gill
2122,EC,2021-11-13,Aldershot,Grimsby,G Parsons
2122,EC,2021-11-13,Altrincham,Boreham Wood,G Rhodes
2122,EC,2021-11-13,Chesterfield,Weymouth,P Marsden
2122,EC,2021-11-13,Maidenhead,Dag and Red,D Lamport
2122,EC,2021-11-13,Notts County,Solihull,M Dicicco
2122,EC,2021-11-13,Southend,Woking,R Atkin
2122,EC,2021-11-13,Stockport,Bromley,L Smith
2122,EC,2021-11-13,Torquay,Dover Athletic,M Russell
2122,EC,2021-11-13,Wealdstone,Barnet,S Simpson
2122,EC,2021-11-13,Yeovil,Eastleigh,S Gill
2122,EC,2021-11-19,Grimsby,Southend,J Miles
2122,EC,2021-11-20,Barnet,Torquay,S Gill
2122,EC,2021-11-20,Boreham Wood,Maidenhead,M Dicicco
2122,EC,2021-11-20,Dag and Red,Yeovil,A Quelch
2122,EC,2021-11-20,Dover Athletic,Halifax,L Wood
2122,EC,2021-11-20,Eastleigh,Notts County,S Jackson
2122,EC,2021-11-20,Solihull,Chesterfield,G Rhodes
2122,EC,2021-11-20,Weymouth,Altrincham,D Lamport
2122,EC,2021-11-20,Woking,Stockport,B Huxtable
2122,EC,2021-11-20,Wrexham,Wealdstone,A Miller
2122,EC,2021-11-23,Aldershot,Torquay,J Miles
2122,EC,2021-11-23,Boreham Wood,Notts County,L Smith
2122,EC,2021-11-23,Bromley,Yeovil,T Bishop
2122,EC,2021-11-23,Chesterfield,Altrincham,A Jackson
2122,EC,2021-11-23,Dag and Red,Eastleigh,G Parsons
2122,EC,2021-11-23,Dover Athletic,Wealdstone,J Miles
2122,EC,2021-11-23,Halifax,Wrexham,M Woods
2122,EC,2021-11-23,Solihull,Grimsby,S Simpson
2122,EC,2021-11-23,Weymouth,Woking,A Quelch
2122,EC,2021-11-27,Altrincham,Southend,A Herczeg
2122,EC,2021-11-27,Notts County,Dag and Red,S Tallis
2122,EC,2021-11-27,Torquay,Halifax,R Atkin
2122,EC,2021-11-27,Wealdstone,Stockport,S Jackson
2122,EC,2021-11-27,Woking,Barnet,E Swallow
2122,EC,2021-11-27,Wrexham,Bromley,J Miles
2122,EC,2021-11-27,Yeovil,Dover Athletic,R Massey-Ellis
2122,EC,2021-11-30,Wrexham,Yeovil,D Richardson
2122,EC,2021-12-04,Aldershot,Altrincham,R Atkin
2122,EC,2021-12-04,Barnet,Maidenhead,L Collins
2122,EC,2021-12-04,Bromley,Wealdstone,G Parsons
2122,EC,2021-12-04,Dag and Red,Grimsby,M Russell
2122,EC,2021-12-04,Dover Athletic,Wrexham,D Middleton
2122,EC,2021-12-04,Solihull,Woking,S Copeland
2122,EC,2021-12-04,Weymouth,Torquay,M Woods
2122,EC,2021-12-07,Southend,Maidenhead,S Tallis
2122,EC,2021-12-11,Altrincham,Bromley,M Dicicco
2122,EC,2021-12-11,Eastleigh,Aldershot,M Russell
2122,EC,2021-12-11,Grimsby,Chesterfield,S Tallis
2122,EC,2021-12-11,Maidenhead,Solihull,G Parsons
2122,EC,2021-12-11,Notts County,Southend,G Rhodes
2122,EC,2021-12-11,Torquay,Stockport,L Collins
2122,EC,2021-12-11,Wealdstone,Halifax,E Swallow
2122,EC,2021-12-11,Woking,Boreham Wood,J Miles
2122,EC,2021-12-11,Wrexham,Weymouth,T Parsons
2122,EC,2021-12-11,Yeovil,Barnet,R Atkin
2122,EC,2021-12-14,Eastleigh,Solihull,S Gill
2122,EC,2021-12-26,Aldershot,Woking,D Middleton
2122,EC,2021-12-26,Bromley,Southend,L Smith
2122,EC,2021-12-26,Dover Athletic,Dag and Red,S Gill
2122,EC,2021-12-26,Stockport,Altrincham,S Simpson
2122,EC,2021-12-26,Torquay,Yeovil,S Jackson
2122,EC,2021-12-28,Altrincham,Wrexham,T Bishop
2122,EC,2021-12-28,Chesterfield,Halifax,G Rhodes
2122,EC,2021-12-28,Dag and Red,Aldershot,L Wood
2122,EC,2021-12-28,Eastleigh,Torquay,R Massey-Ellis
2122,EC,2021-12-28,Maidenhead,Bromley,A Jackson
2122,EC,2021-12-28,Solihull,Stockport,A Herczeg
2122,EC,2021-12-28,Woking,Dover Athletic,G Parsons
2122,EC,2022-01-02,Boreham Wood,Barnet,R Massey-Ellis
2122,EC,2022-01-02,Dag and Red,Dover Athletic,M Dicicco
2122,EC,2022-01-02,Eastleigh,Weymouth,T Bishop
2122,EC,2022-01-02,Notts County,Wrexham,P Marsden
2122,EC,2022-01-02,Woking,Aldershot,S Gill
2122,EC,2022-01-02,Yeovil,Torquay,J Miles
2122,EC,2022-01-03,Grimsby,Halifax,M Woods
2122,EC,2022-01-08,Aldershot,Maidenhead,R Massey-Ellis
2122,EC,2022-01-08,Barnet,Altrincham,G Rollason
2122,EC,2022-01-08,Bromley,Solihull,T Parsons
2122,EC,2022-01-08,Halifax,Eastleigh,A Jackson
2122,EC,2022-01-08,Torquay,Dag and Red,D Lamport
2122,EC,2022-01-08,Weymouth,Southend,L Collins
2122,EC,2022-01-11,Altrincham,Stockport,M Dicicco
2122,EC,2022-01-11,Boreham Wood,Wealdstone,L Collins
2122,EC,2022-01-11,Halifax,Grimsby,S Tallis
2122,EC,2022-01-11,Southend,Yeovil,A Quelch
2122,EC,2022-01-15,Barnet,Chesterfield,A Quelch
2122,EC,2022-01-15,Grimsby,Altrincham,R Whitton
2122,EC,2022-01-15,Wealdstone,Dover Athletic,S Yianni
2122,EC,2022-01-18,Maidenhead,Chesterfield,J Durkin
2122,EC,2022-01-18,Stockport,Eastleigh,M Woods
2122,EC,2022-01-22,Altrincham,Torquay,D Richardson
2122,EC,2022-01-22,Boreham Wood,Weymouth,L Smith
2122,EC,2022-01-22,Chesterfield,Aldershot,A Miller
2122,EC,2022-01-22,Dag and Red,Stockport,D Middleton
2122,EC,2022-01-22,Grimsby,Bromley,A Herczeg
2122,EC,2022-01-22,Maidenhead,Halifax,P Johnson
2122,EC,2022-01-22,Solihull,Dover Athletic,M Barlow
2122,EC,2022-01-22,Woking,Wealdstone,M Russell
2122,EC,2022-01-22,Yeovil,Wrexham,S Gill
2122,EC,2022-01-25,Aldershot,Southend,A Ajibola
2122,EC,2022-01-25,Bromley,Woking,R Massey-Ellis
2122,EC,2022-01-25,Dover Athletic,Eastleigh,D Lamport
2122,EC,2022-01-25,Halifax,Boreham Wood,T Parsons
2122,EC,2022-01-25,Stockport,Maidenhead,G Rhodes
2122,EC,2022-01-25,Torquay,Solihull,L Collins
2122,EC,2022-01-25,Wealdstone,Notts County,A Quelch
2122,EC,2022-01-25,Weymouth,Dag and Red,E Swallow
2122,EC,2022-01-25,Wrexham,Grimsby,S Simpson
2122,EC,2022-01-29,Barnet,Stockport,J Miles
2122,EC,2022-01-29,Bromley,Notts County,S Tallis
2122,EC,2022-01-29,Dag and Red,Halifax,S Jackson
2122,EC,2022-01-29,Dover Athletic,Southend,R Atkin
2122,EC,2022-01-29,Eastleigh,Chesterfield,M Russell
2122,EC,2022-01-29,Grimsby,Wealdstone,T Kirk
2122,EC,2022-01-29,Solihull,Altrincham,P Marsden
2122,EC,2022-01-29,Weymouth,Aldershot,G Parsons
2122,EC,2022-01-29,Woking,Yeovil,T Bishop
2122,EC,2022-01-29,Wrexham,Maidenhead,D Richardson
2122,EC,2022-02-01,Southend,Barnet,S Gill
2122,EC,2022-02-01,Yeovil,Weymouth,S Jackson
2122,EC,2022-02-05,Aldershot,Barnet,L Collins
2122,EC,2022-02-05,Altrincham,Woking,A Miller
2122,EC,2022-02-05,Chesterfield,Dag and Red,R Massey-Ellis
2122,EC,2022-02-05,Maidenhead,Eastleigh,L Wood
2122,EC,2022-02-05,Notts County,Grimsby,A Jackson
2122,EC,2022-02-05,Stockport,Dover Athletic,P Marsden
2122,EC,2022-02-05,Torquay,Wrexham,A Ajibola
2122,EC,2022-02-05,Yeovil,Solihull,G Rollason
2122,EC,2022-02-08,Notts County,Barnet,M Dicicco
2122,EC,2022-02-08,Southend,Bromley,P Johnson
2122,EC,2022-02-08,Stockport,Chesterfield,S Tallis
2122,EC,2022-02-08,Wealdstone,Yeovil,A Ajibola
2122,EC,2022-02-12,Barnet,Wealdstone,D Lamport
2122,EC,2022-02-12,Dover Athletic,Torquay,R Whitton
2122,EC,2022-02-12,Eastleigh,Yeovil,L Collins
2122,EC,2022-02-12,Grimsby,Aldershot,M Dicicco
2122,EC,2022-02-12,Weymouth,Chesterfield,G Rollason
2122,EC,2022-02-12,Woking,Southend,E Swallow
2122,EC,2022-02-15,Boreham Wood,Altrincham,J Miles
2122,EC,2022-02-15,Bromley,Stockport,A Quelch
2122,EC,2022-02-15,Weymouth,Eastleigh,R Massey-Ellis
2122,EC,2022-02-19,Chesterfield,Solihull,L Smith
2122,EC,2022-02-19,Maidenhead,Boreham Wood,A Quelch
2122,EC,2022-02-19,Notts County,Eastleigh,D Richardson
2122,EC,2022-02-19,Stockport,Woking,M Dicicco
2122,EC,2022-02-19,Torquay,Barnet,J Durkin
2122,EC,2022-02-19,Wealdstone,Wrexham,T Bishop
2122,EC,2022-02-22,Aldershot,Dover Athletic,P Johnson
2122,EC,2022-02-22,Chesterfield,Wrexham,G Rhodes
2122,EC,2022-02-22,Dag and Red,Woking,L Collins
2122,EC,2022-02-22,Eastleigh,Southend,J Durkin
2122,EC,2022-02-22,Maidenhead,Yeovil,G Parsons
2122,EC,2022-02-22,Notts County,Halifax,M Barlow
2122,EC,2022-02-22,Solihull,Wealdstone,S Simpson
2122,EC,2022-02-22,Torquay,Boreham Wood,D Lamport
2122,EC,2022-02-22,Weymouth,Bromley,S Yianni
2122,EC,2022-02-26,Altrincham,Dag and Red,M Barlow
2122,EC,2022-02-26,Boreham Wood,Eastleigh,A Jackson
2122,EC,2022-02-26,Chesterfield,Yeovil,T Parsons
2122,EC,2022-02-26,Dover Athletic,Grimsby,L Wood
2122,EC,2022-02-26,Halifax,Barnet,G Rhodes
2122,EC,2022-02-26,Southend,Solihull,J Miles
2122,EC,2022-02-26,Stockport,Weymouth,A Miller
2122,EC,2022-02-26,Wealdstone,Torquay,D Richardson
2122,EC,2022-02-26,Woking,Notts County,R Whitton
2122,EC,2022-02-26,Wrexham,Aldershot,T Kirk
2122,EC,2022-03-01,Chesterfield,Notts County,S Simpson
2122,EC,2022-03-01,Dag and Red,Maidenhead,D Lamport
2122,EC,2022-03-05,Aldershot,Stockport,T Parsons
2122,EC,2022-03-05,Barnet,Dover Athletic,A Ajibola
2122,EC,2022-03-05,Chesterfield,Southend,A Jackson
2122,EC,2022-03-05,Eastleigh,Wealdstone,A Quelch
2122,EC,2022-03-05,Grimsby,Woking,G Rhodes
2122,EC,2022-03-05,Maidenhead,Altrincham,S Jackson
2122,EC,2022-03-05,Notts County,Yeovil,M Dicicco
2122,EC,2022-03-05,Torquay,Bromley,P Marsden
2122,EC,2022-03-05,Weymouth,Halifax,E Swallow
2122,EC,2022-03-08,Altrincham,Weymouth,G Rhodes
2122,EC,2022-03-08,Maidenhead,Wealdstone,E Swallow
2122,EC,2022-03-08,Solihull,Notts County,D Middleton
2122,EC,2022-03-08,Southend,Grimsby,D Lamport
2122,EC,2022-03-08,Wrexham,Boreham Wood,L Smith
2122,EC,2022-03-08,Yeovil,Dag and Red,A Quelch
2122,EC,2022-03-12,Altrincham,Eastleigh,M Woods
2122,EC,2022-03-12,Boreham Wood,Chesterfield,M Russell
2122,EC,2022-03-12,Halifax,Dover Athletic,A Herczeg
2122,EC,2022-03-12,Wealdstone,Weymouth,S Gill
2122,EC,2022-03-12,Woking,Maidenhead,S Simpson
2122,EC,2022-03-12,Yeovil,Grimsby,A Jackson
2122,EC,2022-03-15,Barnet,Boreham Wood,A Ajibola
2122,EC,2022-03-15,Halifax,Bromley,J Miles
2122,EC,2022-03-15,Southend,Dag and Red,R Atkin
2122,EC,2022-03-15,Stockport,Notts County,P Marsden
2122,EC,2022-03-19,Barnet,Woking,T Kirk
2122,EC,2022-03-19,Boreham Wood,Grimsby,G Parsons
2122,EC,2022-03-19,Bromley,Wrexham,A Quelch
2122,EC,2022-03-19,Chesterfield,Maidenhead,D Richardson
2122,EC,2022-03-19,Dag and Red,Notts County,G Rollason
2122,EC,2022-03-19,Dover Athletic,Yeovil,M Russell
2122,EC,2022-03-19,Halifax,Torquay,A Miller
2122,EC,2022-03-19,Solihull,Eastleigh,R Atkin
2122,EC,2022-03-19,Southend,Altrincham,A Ajibola
2122,EC,2022-03-19,Stockport,Wealdstone,S Jackson
2122,EC,2022-03-22,Altrincham,Chesterfield,G Rollason
2122,EC,2022-03-22,Eastleigh,Dag and Red,M Russell
2122,EC,2022-03-22,Grimsby,Solihull,A Herczeg
2122,EC,2022-03-22,Maidenhead,Southend,L Wood
2122,EC,2022-03-22,Notts County,Boreham Wood,T Parsons
2122,EC,2022-03-22,Torquay,Aldershot,S Yianni
2122,EC,2022-03-22,Woking,Weymouth,R Atkin
2122,EC,2022-03-22,Wrexham,Halifax,M Woods
2122,EC,2022-03-22,Yeovil,Bromley,J Durkin
2122,EC,2022-03-26,Altrincham,Aldershot,A Miller
2122,EC,2022-03-26,Eastleigh,Stockport,E Swallow
2122,EC,2022-03-26,Grimsby,Dag and Red,P Marsden
2122,EC,2022-03-26,Maidenhead,Barnet,R Whitton
2122,EC,2022-03-26,Notts County,Chesterfield,L Smith
2122,EC,2022-03-26,Torquay,Weymouth,A Ajibola
2122,EC,2022-03-26,Wealdstone,Bromley,D Lamport
2122,EC,2022-03-26,Woking,Solihull,S Gill
2122,EC,2022-03-26,Wrexham,Dover Athletic,D Richardson
2122,EC,2022-03-26,Yeovil,Southend,R Massey-Ellis
2122,EC,2022-04-02,Aldershot,Eastleigh,A Ajibola
2122,EC,2022-04-02,Barnet,Yeovil,T Bishop
2122,EC,2022-04-02,Boreham Wood,Woking,J Durkin
2122,EC,2022-04-02,Chesterfield,Grimsby,A Quelch
2122,EC,2022-04-02,Halifax,Wealdstone,P Marsden
2122,EC,2022-04-02,Solihull,Maidenhead,A Miller
2122,EC,2022-04-02,Southend,Notts County,S Copeland
2122,EC,2022-04-05,Dag and Red,Boreham Wood,S Yianni
2122,EC,2022-04-05,Halifax,Solihull,L Smith
2122,EC,2022-04-05,Wealdstone,Maidenhead,G Parsons
2122,EC,2022-04-05,Wrexham,Barnet,M Barlow
2122,EC,2022-04-09,Aldershot,Boreham Wood,A Quelch
2122,EC,2022-04-09,Barnet,Solihull,D Lamport
2122,EC,2022-04-09,Bromley,Dag and Red,D Richardson
2122,EC,2022-04-09,Dover Athletic,Maidenhead,A Ajibola
2122,EC,2022-04-09,Halifax,Woking,A Jackson
2122,EC,2022-04-09,Stockport,Southend,S Simpson
2122,EC,2022-04-09,Torquay,Notts County,J Durkin
2122,EC,2022-04-09,Wealdstone,Chesterfield,R Whitton
2122,EC,2022-04-09,Weymouth,Grimsby,D Middleton
2122,EC,2022-04-09,Wrexham,Eastleigh,A Miller
2122,EC,2022-04-15,Altrincham,Halifax,E Swallow
2122,EC,2022-04-15,Boreham Wood,Dover Athletic,R Whitton
2122,EC,2022-04-15,Dag and Red,Barnet,P Johnson
2122,EC,2022-04-15,Eastleigh,Bromley,S Gill
2122,EC,2022-04-15,Grimsby,Stockport,L Smith
2122,EC,2022-04-15,Maidenhead,Weymouth,R Massey-Ellis
2122,EC,2022-04-15,Southend,Wealdstone,J Miles
2122,EC,2022-04-15,Woking,Torquay,G Rollason
2122,EC,2022-04-15,Wrexham,Solihull,G Rhodes
2122,EC,2022-04-15,Yeovil,Aldershot,S Copeland
2122,EC,2022-04-18,Aldershot,Dag and Red,R Whitton
2122,EC,2022-04-18,Barnet,Southend,S Yianni
2122,EC,2022-04-18,Bromley,Maidenhead,G Rollason
2122,EC,2022-04-18,Dover Athletic,Woking,L Wood
2122,EC,2022-04-18,Halifax,Chesterfield,T Kirk
2122,EC,2022-04-18,Stockport,Solihull,M Woods
2122,EC,2022-04-18,Torquay,Eastleigh,T Bishop
2122,EC,2022-04-18,Wealdstone,Boreham Wood,A Jackson
2122,EC,2022-04-18,Weymouth,Yeovil,D Lamport
2122,EC,2022-04-18,Wrexham,Altrincham,T Parsons
2122,EC,2022-04-23,Altrincham,Wealdstone,S Simpson
2122,EC,2022-04-23,Boreham Wood,Bromley,T Bishop
2122,EC,2022-04-23,Chesterfield,Dover Athletic,S Jackson
2122,EC,2022-04-23,Eastleigh,Barnet,L Wood
2122,EC,2022-04-23,Grimsby,Torquay,J Miles
2122,EC,2022-04-23,Notts County,Weymouth,P Marsden
2122,EC,2022-04-23,Solihull,Aldershot,M Russell
2122,EC,2022-04-23,Southend,Halifax,R Massey-Ellis
2122,EC,2022-04-23,Woking,Wrexham,R Whitton
2122,EC,2022-04-23,Yeovil,Stockport,G Rollason
2122,EC,2022-04-26,Bromley,Aldershot,L Wood
2122,EC,2022-04-26,Dover Athletic,Notts County,M Russell
2122,EC,2022-04-26,Southend,Boreham Wood,S Tallis
2122,EC,2022-04-26,Weymouth,Wrexham,A Quelch
2122,EC,2022-04-30,Aldershot,Notts County,G Parsons
2122,EC,2022-04-30,Barnet,Grimsby,R Whitton
2122,EC,2022-04-30,Bromley,Chesterfield,S Tallis
2122,EC,2022-04-30,Dover Athletic,Altrincham,A Quelch
2122,EC,2022-04-30,Halifax,Yeovil,M Barlow
2122,EC,2022-04-30,Stockport,Boreham Wood,T Parsons
2122,EC,2022-04-30,Torquay,Maidenhead,R Atkin
2122,EC,2022-04-30,Wealdstone,Dag and Red,T Kirk
2122,EC,2022-04-30,Weymouth,Solihull,P Johnson
2122,EC,2022-04-30,Wrexham,Southend,M Dicicco
2122,EC,2022-05-02,Altrincham,Barnet,D Richardson
2122,EC,2022-05-02,Boreham Wood,Wrexham,S Copeland
2122,EC,2022-05-02,Chesterfield,Stockport,E Swallow
2122,EC,2022-05-02,Dag and Red,Torquay,G Parsons
2122,EC,2022-05-02,Eastleigh,Halifax,D Lamport
2122,EC,2022-05-02,Maidenhead,Aldershot,L Smith
2122,EC,2022-05-02,Notts County,Dover Athletic,A Miller
2122,EC,2022-05-02,Solihull,Bromley,S Jackson
2122,EC,2022-05-02,Southend,Weymouth,R Whitton
2122,EC,2022-05-02,Yeovil,Wealdstone,S Yianni
2122,EC,2022-05-07,Bromley,Dover Athletic,D Lamport
2122,EC,2022-05-07,Grimsby,Maidenhead,P Gibbons
2122,EC,2022-05-07,Halifax,Aldershot,P Marsden
2122,EC,2022-05-07,Notts County,Altrincham,G Rollason
2122,EC,2022-05-07,Solihull,Dag and Red,L Wood
2122,EC,2022-05-07,Torquay,Chesterfield,T Kirk
2122,EC,2022-05-07,Weymouth,Barnet,L Collins
2122,EC,2022-05-07,Woking,Eastleigh,P Johnson
2122,EC,2022-05-07,Yeovil,Boreham Wood,R Atkin
2122,EC,2022-05-08,Wrexham,Stockport,M Woods
2122,EC,2022-05-10,Bromley,Altrincham,A Ajibola
2122,EC,2022-05-10,Grimsby,Boreham Wood,S Tallis
2122,EC,2022-05-11,Stockport,Torquay,D Middleton
2122,EC,2022-05-15,Aldershot,Wealdstone,J Miles
2122,EC,2022-05-15,Altrincham,Yeovil,P Gibbons
2122,EC,2022-05-15,Barnet,Bromley,S Simpson
2122,EC,2022-05-15,Boreham Wood,Solihull,J Durkin
2122,EC,2022-05-15,Chesterfield,Woking,T Parsons
2122,EC,2022-05-15,Dag and Red,Wrexham,A Herczeg
2122,EC,2022-05-15,Dover Athletic,Weymouth,T Bishop
2122,EC,2022-05-15,Eastleigh,Grimsby,G Rhodes
2122,EC,2022-05-15,Maidenhead,Notts County,R Massey-Ellis
2122,EC,2022-05-15,Southend,Torquay,A Jackson
2122,EC,2022-05-15,Stockport,Halifax,M Dicicco
2122,SC0,2021-07-31,Dundee,St Mirren,C Napier
2122,SC0,2021-07-31,Hearts,Celtic,B Madden
2122,SC0,2021-07-31,Rangers,Livingston,J Beaton
2122,SC0,2021-07-31,Ross County,St Johnstone,C Steven
2122,SC0,2021-08-01,Aberdeen,Dundee United,A Muir
2122,SC0,2021-08-01,Motherwell,Hibernian,D Munro
2122,SC0,2021-08-07,Dundee United,Rangers,D Robertson
2122,SC0,2021-08-07,St Mirren,Hearts,G Duncan
2122,SC0,2021-08-08,Celtic,Dundee,E Anderson
2122,SC0,2021-08-08,Hibernian,Ross County,G Irvine
2122,SC0,2021-08-08,Livingston,Aberdeen,K Clancy
2122,SC0,2021-08-08,St Johnstone,Motherwell,N Walsh
2122,SC0,2021-08-21,Celtic,St Mirren,W Collum
2122,SC0,2021-08-21,Livingston,Motherwell,C Napier
2122,SC0,2021-08-22,Dundee,Hibernian,A Muir
2122,SC0,2021-08-22,Hearts,Aberdeen,B Madden
2122,SC0,2021-08-22,Ross County,Rangers,D Munro
2122,SC0,2021-08-22,St Johnstone,Dundee United,D Robertson
2122,SC0,2021-08-28,Dundee United,Hearts,G Aitken
2122,SC0,2021-08-28,Hibernian,Livingston,S McLean
2122,SC0,2021-08-28,Motherwell,Dundee,W Collum
2122,SC0,2021-08-29,Aberdeen,Ross County,N Walsh
2122,SC0,2021-08-29,Rangers,Celtic,K Clancy
2122,SC0,2021-08-29,St Mirren,St Johnstone,D Dickinson
2122,SC0,2021-09-11,Celtic,Ross County,D Robertson
2122,SC0,2021-09-11,Dundee,Livingston,A Muir
2122,SC0,2021-09-11,Motherwell,Aberdeen,J Beaton
2122,SC0,2021-09-11,St Johnstone,Rangers,W Collum
2122,SC0,2021-09-11,St Mirren,Dundee United,C Steven
2122,SC0,2021-09-12,Hearts,Hibernian,N Walsh
2122,SC0,2021-09-18,Aberdeen,St Johnstone,B Madden
2122,SC0,2021-09-18,Hibernian,St Mirren,K Clancy
2122,SC0,2021-09-18,Ross County,Hearts,D Dickinson
2122,SC0,2021-09-19,Dundee United,Dundee,J Beaton
2122,SC0,2021-09-19,Livingston,Celtic,E Anderson
2122,SC0,2021-09-19,Rangers,Motherwell,S McLean
2122,SC0,2021-09-25,Dundee,Rangers,B Madden
2122,SC0,2021-09-25,Hearts,Livingston,G Duncan
2122,SC0,2021-09-25,Motherwell,Ross County,C Napier
2122,SC0,2021-09-26,Celtic,Dundee United,K Clancy
2122,SC0,2021-09-26,Hibernian,St Johnstone,J Beaton
2122,SC0,2021-09-26,St Mirren,Aberdeen,W Collum
2122,SC0,2021-10-02,Dundee United,Ross County,D Robertson
2122,SC0,2021-10-02,Hearts,Motherwell,D Munro
2122,SC0,2021-10-02,Livingston,St Mirren,G Irvine
2122,SC0,2021-10-02,St Johnstone,Dundee,G Aitken
2122,SC0,2021-10-03,Aberdeen,Celtic,B Madden
2122,SC0,2021-10-03,Rangers,Hibernian,N Walsh
2122,SC0,2021-10-16,Dundee,Aberdeen,C Steven
2122,SC0,2021-10-16,Hibernian,Dundee United,A Muir
2122,SC0,2021-10-16,Motherwell,Celtic,W Collum
2122,SC0,2021-10-16,Rangers,Hearts,D Robertson
2122,SC0,2021-10-16,Ross County,St Mirren,D Munro
2122,SC0,2021-10-16,St Johnstone,Livingston,G Irvine
2122,SC0,2021-10-23,Aberdeen,Hibernian,G Aitken
2122,SC0,2021-10-23,Celtic,St Johnstone,N Walsh
2122,SC0,2021-10-23,Dundee United,Motherwell,K Clancy
2122,SC0,2021-10-23,Hearts,Dundee,G Duncan
2122,SC0,2021-10-23,Ross County,Livingston,E Anderson
2122,SC0,2021-10-24,St Mirren,Rangers,S McLean
2122,SC0,2021-10-27,Dundee,Ross County,D Dickinson
2122,SC0,2021-10-27,Hibernian,Celtic,D Robertson
2122,SC0,2021-10-27,Livingston,Dundee United,C Steven
2122,SC0,2021-10-27,Motherwell,St Mirren,B Madden
2122,SC0,2021-10-27,Rangers,Aberdeen,J Beaton
2122,SC0,2021-10-27,St Johnstone,Hearts,S McLean
2122,SC0,2021-10-30,Aberdeen,Hearts,K Clancy
2122,SC0,2021-10-30,Celtic,Livingston,B Madden
2122,SC0,2021-10-30,Dundee United,St Johnstone,G Irvine
2122,SC0,2021-10-30,St Mirren,Dundee,J Beaton
2122,SC0,2021-10-31,Motherwell,Rangers,N Walsh
2122,SC0,2021-11-06,Aberdeen,Motherwell,D Robertson
2122,SC0,2021-11-06,Hearts,Dundee United,J Beaton
2122,SC0,2021-11-06,St Johnstone,St Mirren,G Aitken
2122,SC0,2021-11-07,Dundee,Celtic,A Muir
2122,SC0,2021-11-07,Rangers,Ross County,D Munro
2122,SC0,2021-11-20,Dundee United,Aberdeen,B Madden
2122,SC0,2021-11-20,Motherwell,Hearts,W Collum
2122,SC0,2021-11-20,St Mirren,Livingston,S McLean
2122,SC0,2021-11-24,Ross County,Hibernian,G Duncan
2122,SC0,2021-11-27,Dundee,Motherwell,C Napier
2122,SC0,2021-11-27,Hearts,St Mirren,A Muir
2122,SC0,2021-11-27,Ross County,Dundee United,G Aitken
2122,SC0,2021-11-27,St Johnstone,Hibernian,E Anderson
2122,SC0,2021-11-28,Celtic,Aberdeen,K Clancy
2122,SC0,2021-11-28,Livingston,Rangers,D Munro
2122,SC0,2021-11-30,Motherwell,Dundee United,S McLean
2122,SC0,2021-12-01,Aberdeen,Livingston,C Napier
2122,SC0,2021-12-01,Dundee,St Johnstone,A Dallas
2122,SC0,2021-12-01,Hibernian,Rangers,J Beaton
2122,SC0,2021-12-01,St Mirren,Ross County,D Dickinson
2122,SC0,2021-12-02,Celtic,Hearts,B Madden
2122,SC0,2021-12-04,Aberdeen,St Mirren,W Collum
2122,SC0,2021-12-04,Hibernian,Motherwell,C Steven
2122,SC0,2021-12-04,Rangers,Dundee,A Muir
2122,SC0,2021-12-05,Dundee United,Celtic,D Robertson
2122,SC0,2021-12-05,Livingston,Hearts,K Clancy
2122,SC0,2021-12-08,Livingston,Hibernian,D Robertson
2122,SC0,2021-12-11,Dundee United,Livingston,G Duncan
2122,SC0,2021-12-11,Ross County,Dundee,B Madden
2122,SC0,2021-12-11,St Johnstone,Aberdeen,G Aitken
2122,SC0,2021-12-11,St Mirren,Hibernian,K Clancy
2122,SC0,2021-12-12,Celtic,Motherwell,E Anderson
2122,SC0,2021-12-12,Hearts,Rangers,N Walsh
2122,SC0,2021-12-14,Hibernian,Dundee,G Duncan
2122,SC0,2021-12-15,Rangers,St Johnstone,E Anderson
2122,SC0,2021-12-15,Ross County,Celtic,A Muir
2122,SC0,2021-12-18,Dundee,Hearts,W Collum
2122,SC0,2021-12-18,Livingston,Ross County,G Irvine
2122,SC0,2021-12-18,Motherwell,St Johnstone,N Walsh
2122,SC0,2021-12-18,Rangers,Dundee United,A Muir
2122,SC0,2021-12-22,Hibernian,Aberdeen,A Muir
2122,SC0,2021-12-22,St Johnstone,Ross County,W Collum
2122,SC0,2021-12-22,St Mirren,Celtic,D Munro
2122,SC0,2021-12-26,Aberdeen,Dundee,N Walsh
2122,SC0,2021-12-26,Dundee United,Hibernian,W Collum
2122,SC0,2021-12-26,Hearts,Ross County,D Munro
2122,SC0,2021-12-26,Motherwell,Livingston,D Robertson
2122,SC0,2021-12-26,Rangers,St Mirren,S McLean
2122,SC0,2021-12-26,St Johnstone,Celtic,B Madden
2122,SC0,2022-01-17,Celtic,Hibernian,W Collum
2122,SC0,2022-01-18,Aberdeen,Rangers,K Clancy
2122,SC0,2022-01-18,Dundee United,St Mirren,A Muir
2122,SC0,2022-01-18,Hearts,St Johnstone,N Walsh
2122,SC0,2022-01-18,Livingston,Dundee,D Dickinson
2122,SC0,2022-01-18,Ross County,Motherwell,J Beaton
2122,SC0,2022-01-25,St Mirren,Aberdeen,G Irvine
2122,SC0,2022-01-26,Dundee United,Ross County,D Munro
2122,SC0,2022-01-26,Hearts,Celtic,J Beaton
2122,SC0,2022-01-26,Motherwell,Hibernian,A Dallas
2122,SC0,2022-01-26,Rangers,Livingston,D Robertson
2122,SC0,2022-01-26,St Johnstone,Dundee,B Madden
2122,SC0,2022-01-29,Celtic,Dundee United,E Anderson
2122,SC0,2022-01-29,Hearts,Motherwell,C Napier
2122,SC0,2022-01-29,Hibernian,Livingston,G Irvine
2122,SC0,2022-01-29,Ross County,Rangers,N Walsh
2122,SC0,2022-02-01,Dundee,Dundee United,J Beaton
2122,SC0,2022-02-01,Hibernian,Hearts,D Robertson
2122,SC0,2022-02-01,Livingston,St Johnstone,C Napier
2122,SC0,2022-02-01,Ross County,Aberdeen,A Muir
2122,SC0,2022-02-01,St Mirren,Motherwell,E Anderson
2122,SC0,2022-02-02,Celtic,Rangers,B Madden
2122,SC0,2022-02-05,Dundee,Ross County,D Robertson
2122,SC0,2022-02-05,Hibernian,St Mirren,G Aitken
2122,SC0,2022-02-05,Livingston,Aberdeen,K Clancy
2122,SC0,2022-02-05,St Johnstone,Dundee United,C Steven
2122,SC0,2022-02-06,Motherwell,Celtic,J Beaton
2122,SC0,2022-02-06,Rangers,Hearts,W Collum
2122,SC0,2022-02-09,Aberdeen,Celtic,W Collum
2122,SC0,2022-02-09,Dundee United,Motherwell,A Muir
2122,SC0,2022-02-09,Hearts,Dundee,C Steven
2122,SC0,2022-02-09,Rangers,Hibernian,N Walsh
2122,SC0,2022-02-09,Ross County,Livingston,D Munro
2122,SC0,2022-02-09,St Mirren,St Johnstone,D Dickinson
2122,SC0,2022-02-15,Aberdeen,St Johnstone,G Duncan
2122,SC0,2022-02-19,Hibernian,Ross County,S McLean
2122,SC0,2022-02-19,Livingston,St Mirren,W Collum
2122,SC0,2022-02-19,Motherwell,Aberdeen,N Walsh
2122,SC0,2022-02-19,St Johnstone,Hearts,G Irvine
2122,SC0,2022-02-20,Celtic,Dundee,G Duncan
2122,SC0,2022-02-20,Dundee United,Rangers,B Madden
2122,SC0,2022-02-26,Aberdeen,Dundee United,D Munro
2122,SC0,2022-02-26,Dundee,Livingston,B Madden
2122,SC0,2022-02-26,Ross County,St Johnstone,N Walsh
2122,SC0,2022-02-26,St Mirren,Hearts,G Aitken
2122,SC0,2022-02-27,Hibernian,Celtic,K Clancy
2122,SC0,2022-02-27,Rangers,Motherwell,D Robertson
2122,SC0,2022-03-02,Celtic,St Mirren,E Anderson
2122,SC0,2022-03-02,Dundee,Hibernian,D Munro
2122,SC0,2022-03-02,Hearts,Aberdeen,S McLean
2122,SC0,2022-03-02,Livingston,Dundee United,C Steven
2122,SC0,2022-03-02,Motherwell,Ross County,J Beaton
2122,SC0,2022-03-02,St Johnstone,Rangers,W Collum
2122,SC0,2022-03-05,Dundee United,Hearts,W Collum
2122,SC0,2022-03-05,Hibernian,St Johnstone,C Napier
2122,SC0,2022-03-05,Motherwell,Dundee,A Dallas
2122,SC0,2022-03-05,Rangers,Aberdeen,J Beaton
2122,SC0,2022-03-05,Ross County,St Mirren,D Dickinson
2122,SC0,2022-03-06,Livingston,Celtic,N Walsh
2122,SC0,2022-03-09,Dundee,St Mirren,J Beaton
2122,SC0,2022-03-19,Aberdeen,Hibernian,A Muir
2122,SC0,2022-03-19,Celtic,Ross County,D Robertson
2122,SC0,2022-03-19,Hearts,Livingston,E Anderson
2122,SC0,2022-03-19,St Johnstone,Motherwell,D Munro
2122,SC0,2022-03-19,St Mirren,Dundee United,N Walsh
2122,SC0,2022-03-20,Dundee,Rangers,B Madden
2122,SC0,2022-04-02,Dundee,Aberdeen,J Beaton
2122,SC0,2022-04-02,Hibernian,Dundee United,D Robertson
2122,SC0,2022-04-02,Motherwell,St Mirren,C Napier
2122,SC0,2022-04-02,Ross County,Hearts,G Duncan
2122,SC0,2022-04-02,St Johnstone,Livingston,K Clancy
2122,SC0,2022-04-03,Rangers,Celtic,W Collum
2122,SC0,2022-04-09,Aberdeen,Ross County,G Aitken
2122,SC0,2022-04-09,Celtic,St Johnstone,A Dallas
2122,SC0,2022-04-09,Dundee United,Dundee,S McLean
2122,SC0,2022-04-09,Hearts,Hibernian,N Walsh
2122,SC0,2022-04-09,Livingston,Motherwell,D Robertson
2122,SC0,2022-04-10,St Mirren,Rangers,J Beaton
2122,SC0,2022-04-23,Aberdeen,Livingston,G Irvine
2122,SC0,2022-04-23,Dundee,St Johnstone,B Madden
2122,SC0,2022-04-23,Motherwell,Rangers,N Walsh
2122,SC0,2022-04-23,St Mirren,Hibernian,E Anderson
2122,SC0,2022-04-24,Dundee United,Hearts,C Steven
2122,SC0,2022-04-24,Ross County,Celtic,K Clancy
2122,SC0,2022-04-30,Aberdeen,Dundee,W Collum
2122,SC0,2022-04-30,Dundee United,Motherwell,K Clancy
2122,SC0,2022-04-30,Hearts,Ross County,S McLean
2122,SC0,2022-04-30,Livingston,Hibernian,C Graham
2122,SC0,2022-04-30,St Johnstone,St Mirren,A Dallas
2122,SC0,2022-05-01,Celtic,Rangers,J Beaton
2122,SC0,2022-05-07,Celtic,Hearts,D Robertson
2122,SC0,2022-05-07,Hibernian,Aberdeen,B Madden
2122,SC0,2022-05-07,Livingston,St Johnstone,W Collum
2122,SC0,2022-05-07,Ross County,Motherwell,D Munro
2122,SC0,2022-05-07,St Mirren,Dundee,D Dickinson
2122,SC0,2022-05-08,Rangers,Dundee United,S McLean
2122,SC0,2022-05-10,Dundee,Hibernian,C Napier
2122,SC0,2022-05-11,Dundee United,Celtic,N Walsh
2122,SC0,2022-05-11,Motherwell,Hearts,M MacDermid
2122,SC0,2022-05-11,Rangers,Ross County,A Dallas
2122,SC0,2022-05-11,St Johnstone,Aberdeen,D Munro
2122,SC0,2022-05-11,St Mirren,Livingston,K Clancy
2122,SC0,2022-05-14,Celtic,Motherwell,A Muir
2122,SC0,2022-05-14,Hearts,Rangers,K Clancy
2122,SC0,2022-05-14,Ross County,Dundee United,N Walsh
2122,SC0,2022-05-15,Aberdeen,St Mirren,D Robertson
2122,SC0,2022-05-15,Hibernian,St Johnstone,D Dickinson
2122,SC0,2022-05-15,Livingston,Dundee,J Beaton
2122,SC1,2021-07-31,Arbroath,Inverness C,D Dickinson
2122,SC1,2021-07-31,Morton,Dunfermline,W Collum
2122,SC1,2021-07-31,Partick,Queen of Sth,G Aitken
2122,SC1,2021-07-31,Raith Rvs,Hamilton,N Walsh
2122,SC1,2021-08-02,Kilmarnock,Ayr,D Robertson
2122,SC1,2021-08-07,Ayr,Arbroath,C Steven
2122,SC1,2021-08-07,Dunfermline,Partick,C Napier
2122,SC1,2021-08-07,Hamilton,Morton,G Aitken
2122,SC1,2021-08-07,Inverness C,Raith Rvs,A Muir
2122,SC1,2021-08-07,Queen of Sth,Kilmarnock,A Newlands
2122,SC1,2021-08-21,Arbroath,Partick,G Irvine
2122,SC1,2021-08-21,Hamilton,Kilmarnock,J Beaton
2122,SC1,2021-08-21,Inverness C,Ayr,K Clancy
2122,SC1,2021-08-21,Morton,Queen of Sth,S Lambie
2122,SC1,2021-08-28,Dunfermline,Arbroath,M Roncone
2122,SC1,2021-08-28,Kilmarnock,Inverness C,E Anderson
2122,SC1,2021-08-28,Partick,Morton,P Stuart
2122,SC1,2021-08-28,Queen of Sth,Hamilton,G Duncan
2122,SC1,2021-09-07,Ayr,Raith Rvs,C Graham
2122,SC1,2021-09-11,Arbroath,Hamilton,G Aitken
2122,SC1,2021-09-11,Ayr,Dunfermline,B Cook
2122,SC1,2021-09-11,Inverness C,Partick,E Anderson
2122,SC1,2021-09-11,Kilmarnock,Morton,G Duncan
2122,SC1,2021-09-11,Raith Rvs,Queen of Sth,C Napier
2122,SC1,2021-09-18,Dunfermline,Inverness C,D Munro
2122,SC1,2021-09-18,Hamilton,Ayr,A Dallas
2122,SC1,2021-09-18,Morton,Raith Rvs,C Steven
2122,SC1,2021-09-18,Partick,Kilmarnock,W Collum
2122,SC1,2021-09-18,Queen of Sth,Arbroath,N Walsh
2122,SC1,2021-09-24,Arbroath,Kilmarnock,C Steven
2122,SC1,2021-09-25,Ayr,Morton,M Roncone
2122,SC1,2021-09-25,Dunfermline,Hamilton,S Lambie
2122,SC1,2021-09-25,Inverness C,Queen of Sth,A Newlands
2122,SC1,2021-09-26,Raith Rvs,Partick,A Dallas
2122,SC1,2021-09-29,Raith Rvs,Dunfermline,E Anderson
2122,SC1,2021-10-02,Hamilton,Inverness C,E Anderson
2122,SC1,2021-10-02,Kilmarnock,Raith Rvs,W Collum
2122,SC1,2021-10-02,Morton,Arbroath,C Napier
2122,SC1,2021-10-02,Partick,Ayr,D Williams
2122,SC1,2021-10-02,Queen of Sth,Dunfermline,S McLean
2122,SC1,2021-10-15,Hamilton,Partick,E Anderson
2122,SC1,2021-10-16,Ayr,Queen of Sth,D Dickinson
2122,SC1,2021-10-16,Dunfermline,Kilmarnock,G Aitken
2122,SC1,2021-10-16,Inverness C,Morton,M Roncone
2122,SC1,2021-10-16,Raith Rvs,Arbroath,S McLean
2122,SC1,2021-10-23,Arbroath,Ayr,J Beaton
2122,SC1,2021-10-23,Kilmarnock,Hamilton,A Newlands
2122,SC1,2021-10-23,Partick,Dunfermline,G Irvine
2122,SC1,2021-10-23,Queen of Sth,Morton,A Dallas
2122,SC1,2021-10-23,Raith Rvs,Inverness C,C Steven
2122,SC1,2021-10-26,Ayr,Kilmarnock,N Walsh
2122,SC1,2021-10-26,Dunfermline,Raith Rvs,A Muir
2122,SC1,2021-10-26,Hamilton,Queen of Sth,G Duncan
2122,SC1,2021-10-26,Inverness C,Arbroath,C Napier
2122,SC1,2021-10-26,Morton,Partick,G Aitken
2122,SC1,2021-10-30,Arbroath,Dunfermline,D Dickinson
2122,SC1,2021-10-30,Kilmarnock,Queen of Sth,D Robertson
2122,SC1,2021-10-30,Morton,Hamilton,S Reid
2122,SC1,2021-10-30,Partick,Inverness C,G Duncan
2122,SC1,2021-10-30,Raith Rvs,Ayr,G Aitken
2122,SC1,2021-11-06,Ayr,Inverness C,S McLean
2122,SC1,2021-11-06,Dunfermline,Morton,B Madden
2122,SC1,2021-11-06,Hamilton,Arbroath,S Lambie
2122,SC1,2021-11-06,Kilmarnock,Partick,C Steven
2122,SC1,2021-11-06,Queen of Sth,Raith Rvs,K Clancy
2122,SC1,2021-11-13,Arbroath,Queen of Sth,C Steven
2122,SC1,2021-11-13,Ayr,Partick,G Duncan
2122,SC1,2021-11-13,Hamilton,Raith Rvs,P Stuart
2122,SC1,2021-11-13,Inverness C,Dunfermline,G Irvine
2122,SC1,2021-11-13,Morton,Kilmarnock,W Collum
2122,SC1,2021-11-19,Queen of Sth,Inverness C,D Robertson
2122,SC1,2021-11-20,Dunfermline,Ayr,A Newlands
2122,SC1,2021-11-20,Kilmarnock,Arbroath,J Beaton
2122,SC1,2021-11-20,Partick,Hamilton,E Anderson
2122,SC1,2021-11-20,Raith Rvs,Morton,S Kirkland
2122,SC1,2021-12-03,Inverness C,Kilmarnock,N Walsh
2122,SC1,2021-12-04,Arbroath,Raith Rvs,C Napier
2122,SC1,2021-12-04,Hamilton,Dunfermline,D Munro
2122,SC1,2021-12-04,Morton,Ayr,M MacDermid
2122,SC1,2021-12-04,Queen of Sth,Partick,G Duncan
2122,SC1,2021-12-10,Ayr,Hamilton,C Napier
2122,SC1,2021-12-11,Dunfermline,Queen of Sth,D Robertson
2122,SC1,2021-12-11,Morton,Inverness C,J Beaton
2122,SC1,2021-12-11,Partick,Arbroath,A Newlands
2122,SC1,2021-12-11,Raith Rvs,Kilmarnock,W Collum
2122,SC1,2021-12-18,Arbroath,Morton,M Roncone
2122,SC1,2021-12-18,Inverness C,Hamilton,C Graham
2122,SC1,2021-12-18,Partick,Raith Rvs,S Kirkland
2122,SC1,2021-12-18,Queen of Sth,Ayr,D Munro
2122,SC1,2021-12-26,Ayr,Raith Rvs,D Dickinson
2122,SC1,2021-12-26,Dunfermline,Arbroath,A Muir
2122,SC1,2021-12-26,Hamilton,Kilmarnock,J Beaton
2122,SC1,2021-12-29,Kilmarnock,Morton,C Graham
2122,SC1,2022-01-02,Arbroath,Inverness C,C Steven
2122,SC1,2022-01-02,Queen of Sth,Hamilton,B Cook
2122,SC1,2022-01-02,Raith Rvs,Dunfermline,D Munro
2122,SC1,2022-01-08,Ayr,Arbroath,D Munro
2122,SC1,2022-01-08,Hamilton,Partick,W Collum
2122,SC1,2022-01-08,Inverness C,Raith Rvs,D Robertson
2122,SC1,2022-01-08,Morton,Dunfermline,K Clancy
2122,SC1,2022-01-08,Queen of Sth,Kilmarnock,C Steven
2122,SC1,2022-01-14,Partick,Kilmarnock,N Walsh
2122,SC1,2022-01-15,Ayr,Morton,J Beaton
2122,SC1,2022-01-15,Dunfermline,Hamilton,B Madden
2122,SC1,2022-01-15,Inverness C,Queen of Sth,W Collum
2122,SC1,2022-01-15,Raith Rvs,Arbroath,S McLean
2122,SC1,2022-01-22,Dunfermline,Inverness C,S Reid
2122,SC1,2022-01-28,Morton,Raith Rvs,D Dickinson
2122,SC1,2022-01-29,Hamilton,Ayr,J Beaton
2122,SC1,2022-01-29,Kilmarnock,Inverness C,D Robertson
2122,SC1,2022-01-29,Queen of Sth,Dunfermline,G Aitken
2122,SC1,2022-02-01,Partick,Ayr,G Aitken
2122,SC1,2022-02-01,Raith Rvs,Queen of Sth,G Irvine
2122,SC1,2022-02-04,Arbroath,Kilmarnock,D Munro
2122,SC1,2022-02-05,Ayr,Dunfermline,A Muir
2122,SC1,2022-02-05,Inverness C,Morton,E Anderson
2122,SC1,2022-02-05,Raith Rvs,Hamilton,B Madden
2122,SC1,2022-02-09,Arbroath,Hamilton,G Duncan
2122,SC1,2022-02-09,Inverness C,Partick,P Stuart
2122,SC1,2022-02-09,Kilmarnock,Ayr,B Madden
2122,SC1,2022-02-12,Kilmarnock,Dunfermline,C Napier
2122,SC1,2022-02-12,Morton,Queen of Sth,M Roncone
2122,SC1,2022-02-19,Hamilton,Morton,A Dallas
2122,SC1,2022-02-19,Inverness C,Ayr,K Clancy
2122,SC1,2022-02-19,Kilmarnock,Raith Rvs,J Beaton
2122,SC1,2022-02-19,Queen of Sth,Arbroath,D Robertson
2122,SC1,2022-02-22,Partick,Morton,E Anderson
2122,SC1,2022-02-25,Hamilton,Inverness C,A Muir
2122,SC1,2022-02-26,Ayr,Queen of Sth,S McLean
2122,SC1,2022-02-26,Dunfermline,Kilmarnock,G Duncan
2122,SC1,2022-02-26,Morton,Arbroath,D Dickinson
2122,SC1,2022-02-26,Raith Rvs,Partick,W Collum
2122,SC1,2022-03-01,Arbroath,Partick,P Stuart
2122,SC1,2022-03-04,Partick,Inverness C,C Steven
2122,SC1,2022-03-05,Arbroath,Dunfermline,C Graham
2122,SC1,2022-03-05,Kilmarnock,Hamilton,D Munro
2122,SC1,2022-03-05,Queen of Sth,Morton,G Irvine
2122,SC1,2022-03-05,Raith Rvs,Ayr,D Robertson
2122,SC1,2022-03-08,Partick,Queen of Sth,N Walsh
2122,SC1,2022-03-11,Ayr,Kilmarnock,A Muir
2122,SC1,2022-03-12,Hamilton,Dunfermline,G Aitken
2122,SC1,2022-03-12,Inverness C,Arbroath,E Anderson
2122,SC1,2022-03-12,Morton,Partick,D Munro
2122,SC1,2022-03-12,Queen of Sth,Raith Rvs,D Dickinson
2122,SC1,2022-03-18,Dunfermline,Morton,K Clancy
2122,SC1,2022-03-19,Arbroath,Ayr,S McLean
2122,SC1,2022-03-19,Kilmarnock,Queen of Sth,G Duncan
2122,SC1,2022-03-19,Partick,Hamilton,A Dallas
2122,SC1,2022-03-19,Raith Rvs,Inverness C,C Steven
2122,SC1,2022-03-22,Dunfermline,Partick,S McLean
2122,SC1,2022-03-26,Arbroath,Raith Rvs,A Muir
2122,SC1,2022-03-26,Hamilton,Queen of Sth,G Grainger
2122,SC1,2022-03-26,Inverness C,Dunfermline,G Beaton
2122,SC1,2022-03-26,Kilmarnock,Partick,W Collum
2122,SC1,2022-03-26,Morton,Ayr,M Roncone
2122,SC1,2022-04-01,Ayr,Hamilton,C Graham
2122,SC1,2022-04-01,Morton,Kilmarnock,D Munro
2122,SC1,2022-04-02,Partick,Arbroath,A Newlands
2122,SC1,2022-04-06,Dunfermline,Raith Rvs,N Walsh
2122,SC1,2022-04-08,Queen of Sth,Partick,K Clancy
2122,SC1,2022-04-09,Ayr,Inverness C,W Collum
2122,SC1,2022-04-09,Hamilton,Arbroath,S Lambie
2122,SC1,2022-04-09,Kilmarnock,Dunfermline,S Kirkland
2122,SC1,2022-04-09,Raith Rvs,Morton,M MacDermid
2122,SC1,2022-04-15,Inverness C,Kilmarnock,D Robertson
2122,SC1,2022-04-16,Arbroath,Queen of Sth,E Anderson
2122,SC1,2022-04-16,Dunfermline,Ayr,C Steven
2122,SC1,2022-04-16,Morton,Hamilton,W Collum
2122,SC1,2022-04-16,Partick,Raith Rvs,D Munro
2122,SC1,2022-04-19,Queen of Sth,Inverness C,M MacDermid
2122,SC1,2022-04-22,Kilmarnock,Arbroath,J Beaton
2122,SC1,2022-04-23,Hamilton,Raith Rvs,S McLean
2122,SC1,2022-04-23,Morton,Inverness C,A Muir
2122,SC1,2022-04-23,Partick,Dunfermline,D Robertson
2122,SC1,2022-04-23,Queen of Sth,Ayr,W Collum
2122,SC1,2022-04-29,Arbroath,Morton,M MacDermid
2122,SC1,2022-04-29,Ayr,Partick,B Madden
2122,SC1,2022-04-29,Dunfermline,Queen of Sth,D Munro
2122,SC1,2022-04-29,Inverness C,Hamilton,G Grainger
2122,SC1,2022-04-29,Raith Rvs,Kilmarnock,G Aitken
2122,SC2,2021-07-31,Airdrie Utd,Montrose,L Wilson
2122,SC2,2021-07-31,Clyde,Dumbarton,C Graham
2122,SC2,2021-07-31,Cove Rangers,Falkirk,A Newlands
2122,SC2,2021-07-31,East Fife,Queens Park,C Fordyce
2122,SC2,2021-07-31,Peterhead,Alloa,S Reid
2122,SC2,2021-08-07,Alloa,East Fife,P Stuart
2122,SC2,2021-08-07,Dumbarton,Airdrie Utd,B Cook
2122,SC2,2021-08-07,Falkirk,Peterhead,M MacDermid
2122,SC2,2021-08-07,Montrose,Clyde,S Reid
2122,SC2,2021-08-07,Queens Park,Cove Rangers,C Scott
2122,SC2,2021-08-14,Airdrie Utd,Falkirk,G Aitken
2122,SC2,2021-08-14,Clyde,Alloa,M Roncone
2122,SC2,2021-08-14,Cove Rangers,East Fife,E Anderson
2122,SC2,2021-08-14,Montrose,Peterhead,S Lambie
2122,SC2,2021-08-14,Queens Park,Dumbarton,C Napier
2122,SC2,2021-08-21,Alloa,Queens Park,C Fordyce
2122,SC2,2021-08-21,Dumbarton,Cove Rangers,D Williams
2122,SC2,2021-08-21,East Fife,Montrose,C Graham
2122,SC2,2021-08-21,Falkirk,Clyde,C Steven
2122,SC2,2021-08-21,Peterhead,Airdrie Utd,C Scott
2122,SC2,2021-08-28,Clyde,Cove Rangers,G Irvine
2122,SC2,2021-08-28,East Fife,Peterhead,G Grainger
2122,SC2,2021-08-28,Falkirk,Queens Park,C Steven
2122,SC2,2021-08-28,Montrose,Dumbarton,L Wilson
2122,SC2,2021-09-11,Alloa,Falkirk,D Dickinson
2122,SC2,2021-09-11,Cove Rangers,Montrose,M MMacDermid
2122,SC2,2021-09-11,Dumbarton,East Fife,S Reid
2122,SC2,2021-09-11,Peterhead,Clyde,S Lambie
2122,SC2,2021-09-11,Queens Park,Airdrie Utd,C Scott
2122,SC2,2021-09-14,Airdrie Utd,Alloa,C Fordyce
2122,SC2,2021-09-18,Airdrie Utd,East Fife,G Grainger
2122,SC2,2021-09-18,Clyde,Queens Park,D Williams
2122,SC2,2021-09-18,Falkirk,Dumbarton,D McFarlane
2122,SC2,2021-09-18,Montrose,Alloa,A Newlands
2122,SC2,2021-09-18,Peterhead,Cove Rangers,G Duncan
2122,SC2,2021-09-25,Cove Rangers,Airdrie Utd,P Stuart
2122,SC2,2021-09-25,Dumbarton,Alloa,M MacDermid
2122,SC2,2021-09-25,East Fife,Clyde,B Cook
2122,SC2,2021-09-25,Montrose,Falkirk,D McFarlane
2122,SC2,2021-09-25,Queens Park,Peterhead,C Fordyce
2122,SC2,2021-10-02,Airdrie Utd,Clyde,C Graham
2122,SC2,2021-10-02,Alloa,Cove Rangers,A Muir
2122,SC2,2021-10-02,Falkirk,East Fife,A Newlands
2122,SC2,2021-10-02,Peterhead,Dumbarton,S Kirkland
2122,SC2,2021-10-03,Queens Park,Montrose,S Lambie
2122,SC2,2021-10-16,Alloa,Peterhead,S Kirkland
2122,SC2,2021-10-16,Clyde,Montrose,G Calder
2122,SC2,2021-10-16,Dumbarton,Queens Park,B Cook
2122,SC2,2021-10-16,East Fife,Cove Rangers,S Lambie
2122,SC2,2021-10-16,Falkirk,Airdrie Utd,S Reid
2122,SC2,2021-10-23,Airdrie Utd,Dumbarton,S Lambie
2122,SC2,2021-10-23,Cove Rangers,Clyde,B Cook
2122,SC2,2021-10-23,Montrose,East Fife,G Grainger
2122,SC2,2021-10-23,Peterhead,Falkirk,P Stuart
2122,SC2,2021-10-24,Queens Park,Alloa,C Fordyce
2122,SC2,2021-10-30,Alloa,Airdrie Utd,B Cook
2122,SC2,2021-10-30,Clyde,Falkirk,E Anderson
2122,SC2,2021-10-30,Cove Rangers,Queens Park,G Grainger
2122,SC2,2021-10-30,East Fife,Dumbarton,L Wilson
2122,SC2,2021-10-30,Peterhead,Montrose,A Muir
2122,SC2,2021-11-06,Airdrie Utd,Peterhead,S Reid
2122,SC2,2021-11-06,Dumbarton,Clyde,S Kirkland
2122,SC2,2021-11-06,Falkirk,Alloa,M MacDermid
2122,SC2,2021-11-06,Montrose,Cove Rangers,G Irvine
2122,SC2,2021-11-06,Queens Park,East Fife,S Luke
2122,SC2,2021-11-13,Alloa,Montrose,L Wilson
2122,SC2,2021-11-13,Cove Rangers,Peterhead,C Scott
2122,SC2,2021-11-13,Dumbarton,Falkirk,C Graham
2122,SC2,2021-11-13,East Fife,Airdrie Utd,A Newlands
2122,SC2,2021-11-13,Queens Park,Clyde,E Anderson
2122,SC2,2021-11-20,Airdrie Utd,Cove Rangers,C Napier
2122,SC2,2021-11-20,Alloa,Dumbarton,D Dickinson
2122,SC2,2021-11-20,Clyde,East Fife,B Cook
2122,SC2,2021-11-20,Falkirk,Montrose,G Aitken
2122,SC2,2021-11-20,Peterhead,Queens Park,S Lambie
2122,SC2,2021-12-04,Clyde,Peterhead,P  Stuart
2122,SC2,2021-12-04,Cove Rangers,Dumbarton,C Fordyce
2122,SC2,2021-12-04,East Fife,Alloa,M Roncone
2122,SC2,2021-12-04,Queens Park,Falkirk,E Anderson
2122,SC2,2021-12-07,Montrose,Airdrie Utd,D Williams
2122,SC2,2021-12-11,Alloa,Clyde,C Graham
2122,SC2,2021-12-11,Dumbarton,Montrose,G Irvine
2122,SC2,2021-12-11,Falkirk,Cove Rangers,C Scott
2122,SC2,2021-12-11,Peterhead,East Fife,B Cook
2122,SC2,2021-12-18,Cove Rangers,Alloa,S Reid
2122,SC2,2021-12-18,Dumbarton,Peterhead,G Calder
2122,SC2,2021-12-18,Montrose,Queens Park,D McFarlane
2122,SC2,2021-12-22,Montrose,Peterhead,G Grainger
2122,SC2,2021-12-26,Airdrie Utd,Alloa,E Anderson
2122,SC2,2021-12-26,Cove Rangers,East Fife,D Williams
2122,SC2,2021-12-26,Falkirk,Clyde,A Newlands
2122,SC2,2021-12-29,Airdrie Utd,Queens Park,C Fordyce
2122,SC2,2022-01-02,Dumbarton,Airdrie Utd,S Kirkland
2122,SC2,2022-01-02,East Fife,Montrose,C Kirkland
2122,SC2,2022-01-02,Peterhead,Cove Rangers,M Roncone
2122,SC2,2022-01-08,Airdrie Utd,East Fife,G Grainger
2122,SC2,2022-01-08,Clyde,Cove Rangers,S Reid
2122,SC2,2022-01-08,Falkirk,Dumbarton,C Scott
2122,SC2,2022-01-08,Montrose,Alloa,G Duncan
2122,SC2,2022-01-15,Airdrie Utd,Falkirk,D Williams
2122,SC2,2022-01-15,Alloa,Queens Park,A Muir
2122,SC2,2022-01-15,Cove Rangers,Montrose,M MacDermid
2122,SC2,2022-01-15,Dumbarton,East Fife,A Newlands
2122,SC2,2022-01-15,Peterhead,Clyde,G Irvine
2122,SC2,2022-01-22,Clyde,Queens Park,G Grainger
2122,SC2,2022-01-22,East Fife,Falkirk,B Cook
2122,SC2,2022-01-25,Clyde,Airdrie Utd,M MacDermid
2122,SC2,2022-01-29,Clyde,Alloa,A Newlands
2122,SC2,2022-01-29,Dumbarton,Cove Rangers,A Muir
2122,SC2,2022-01-29,East Fife,Peterhead,S Kirkland
2122,SC2,2022-01-29,Montrose,Falkirk,M Roncone
2122,SC2,2022-01-29,Queens Park,Airdrie Utd,D McFarlane
2122,SC2,2022-02-05,Cove Rangers,Airdrie Utd,B Cook
2122,SC2,2022-02-05,East Fife,Clyde,P Stuart
2122,SC2,2022-02-05,Falkirk,Queens Park,S Luke
2122,SC2,2022-02-05,Montrose,Dumbarton,S Kirkland
2122,SC2,2022-02-05,Peterhead,Alloa,C Fordyce
2122,SC2,2022-02-08,Alloa,Falkirk,D Williams
2122,SC2,2022-02-08,Queens Park,Dumbarton,G Aitken
2122,SC2,2022-02-12,Airdrie Utd,Montrose,L Watson
2122,SC2,2022-02-12,Alloa,East Fife,S Kirkland
2122,SC2,2022-02-12,Clyde,Dumbarton,S Reid
2122,SC2,2022-02-12,Cove Rangers,Queens Park,A Newlands
2122,SC2,2022-02-19,Cove Rangers,Falkirk,C Steven
2122,SC2,2022-02-19,Dumbarton,Alloa,L Wilson
2122,SC2,2022-02-19,East Fife,Queens Park,M MacDermid
2122,SC2,2022-02-19,Montrose,Clyde,G Beaton
2122,SC2,2022-02-19,Peterhead,Airdrie Utd,S Luke
2122,SC2,2022-02-22,Falkirk,Peterhead,P Stuart
2122,SC2,2022-02-26,Airdrie Utd,Clyde,C Scott
2122,SC2,2022-02-26,Alloa,Cove Rangers,P Stuart
2122,SC2,2022-02-26,Falkirk,East Fife,D Williams
2122,SC2,2022-02-26,Peterhead,Dumbarton,S Lambie
2122,SC2,2022-02-26,Queens Park,Montrose,E Anderson
2122,SC2,2022-03-01,Queens Park,Peterhead,D Williams
2122,SC2,2022-03-05,Alloa,Airdrie Utd,S Lambie
2122,SC2,2022-03-05,Clyde,Falkirk,A Muir
2122,SC2,2022-03-05,Cove Rangers,Peterhead,G Duncan
2122,SC2,2022-03-05,Dumbarton,Queens Park,S Reid
2122,SC2,2022-03-05,Montrose,East Fife,B Cook
2122,SC2,2022-03-12,Cove Rangers,Clyde,C Napier
2122,SC2,2022-03-12,East Fife,Dumbarton,C Scott
2122,SC2,2022-03-12,Falkirk,Airdrie Utd,L Wilson
2122,SC2,2022-03-12,Peterhead,Montrose,P Stuart
2122,SC2,2022-03-12,Queens Park,Alloa,G Irvine
2122,SC2,2022-03-19,Airdrie Utd,Queens Park,S Lambie
2122,SC2,2022-03-19,Alloa,Peterhead,S Reid
2122,SC2,2022-03-19,Clyde,East Fife,M MacDermid
2122,SC2,2022-03-19,Dumbarton,Falkirk,S Kirkland
2122,SC2,2022-03-19,Montrose,Cove Rangers,D Dickinson
2122,SC2,2022-03-26,Airdrie Utd,Cove Rangers,G Duncan
2122,SC2,2022-03-26,Dumbarton,Montrose,C Steven
2122,SC2,2022-03-26,East Fife,Alloa,C Fordyce
2122,SC2,2022-03-26,Peterhead,Falkirk,A Newlands
2122,SC2,2022-03-26,Queens Park,Clyde,B Cook
2122,SC2,2022-04-02,Alloa,Dumbarton,L Watson
2122,SC2,2022-04-02,Clyde,Peterhead,M Roncone
2122,SC2,2022-04-02,East Fife,Airdrie Utd,C Steven
2122,SC2,2022-04-02,Falkirk,Montrose,S Luke
2122,SC2,2022-04-03,Queens Park,Cove Rangers,G Grainger
2122,SC2,2022-04-09,Alloa,Clyde,C Fordyce
2122,SC2,2022-04-09,Dumbarton,Peterhead,C Scott
2122,SC2,2022-04-09,Falkirk,Cove Rangers,C Graham
2122,SC2,2022-04-09,Montrose,Airdrie Utd,G Grainger
2122,SC2,2022-04-09,Queens Park,East Fife,L Wilson
2122,SC2,2022-04-16,Airdrie Utd,Dumbarton,G Aitken
2122,SC2,2022-04-16,Clyde,Montrose,D Dickinson
2122,SC2,2022-04-16,Cove Rangers,Alloa,C Napier
2122,SC2,2022-04-16,East Fife,Falkirk,S Reid
2122,SC2,2022-04-16,Peterhead,Queens Park,D McFarlane
2122,SC2,2022-04-23,Clyde,Airdrie Utd,B Cook
2122,SC2,2022-04-23,Cove Rangers,Dumbarton,L Watson
2122,SC2,2022-04-23,Falkirk,Alloa,D Dickinson
2122,SC2,2022-04-23,Montrose,Queens Park,C Graham
2122,SC2,2022-04-23,Peterhead,East Fife,G Grainger
2122,SC2,2022-04-30,Airdrie Utd,Peterhead,G Duncan
2122,SC2,2022-04-30,Alloa,Montrose,C Napier
2122,SC2,2022-04-30,Dumbarton,Clyde,G Irvine
2122,SC2,2022-04-30,East Fife,Cove Rangers,D Williams
2122,SC2,2022-04-30,Queens Park,Falkirk,C Fordyce
2122,SC3,2021-07-31,Albion Rvs,Edinburgh City,S Luke
2122,SC3,2021-07-31,Annan Athletic,Forfar,G Grainger
2122,SC3,2021-07-31,Elgin,Stranraer,L lWatson
2122,SC3,2021-07-31,Kelty Hearts,Cowdenbeath,C Scott
2122,SC3,2021-07-31,Stenhousemuir,Stirling,D McFarlane
2122,SC3,2021-08-07,Albion Rvs,Stenhousemuir,R Hardie
2122,SC3,2021-08-07,Cowdenbeath,Elgin,D McFarlane
2122,SC3,2021-08-07,Forfar,Edinburgh City,D Williams
2122,SC3,2021-08-07,Stirling,Kelty Hearts,G Grainger
2122,SC3,2021-08-07,Stranraer,Annan Athletic,L Wilson
2122,SC3,2021-08-13,Edinburgh City,Stenhousemuir,D Williams
2122,SC3,2021-08-14,Annan Athletic,Stirling,C Scott
2122,SC3,2021-08-14,Elgin,Albion Rvs,S Reid
2122,SC3,2021-08-14,Forfar,Kelty Hearts,C Graham
2122,SC3,2021-08-21,Albion Rvs,Annan Athletic,G Calder
2122,SC3,2021-08-21,Elgin,Forfar,P Stuart
2122,SC3,2021-08-21,Kelty Hearts,Edinburgh City,S Reid
2122,SC3,2021-08-21,Stenhousemuir,Cowdenbeath,M Roncone
2122,SC3,2021-08-21,Stranraer,Stirling,B Cook
2122,SC3,2021-08-27,Edinburgh City,Elgin,M MacDermid
2122,SC3,2021-08-28,Cowdenbeath,Annan Athletic,B Cook
2122,SC3,2021-08-28,Forfar,Stranraer,S Lambie
2122,SC3,2021-08-28,Stenhousemuir,Kelty Hearts,A Newlands
2122,SC3,2021-08-28,Stirling,Albion Rvs,I Snedden
2122,SC3,2021-08-31,Cowdenbeath,Stranraer,D Dickinson
2122,SC3,2021-09-11,Albion Rvs,Cowdenbeath,M Roncone
2122,SC3,2021-09-11,Annan Athletic,Stenhousemuir,G Grainger
2122,SC3,2021-09-11,Kelty Hearts,Elgin,L Wilson
2122,SC3,2021-09-11,Stirling,Forfar,D McFarlane
2122,SC3,2021-09-11,Stranraer,Edinburgh City,P Stuart
2122,SC3,2021-09-17,Edinburgh City,Stirling,R Hardie
2122,SC3,2021-09-18,Albion Rvs,Kelty Hearts,G Irvine
2122,SC3,2021-09-18,Cowdenbeath,Forfar,I Snedden
2122,SC3,2021-09-18,Elgin,Annan Athletic,M Roncone
2122,SC3,2021-09-18,Stranraer,Stenhousemuir,S Lambie
2122,SC3,2021-09-25,Annan Athletic,Edinburgh City,L Wilson
2122,SC3,2021-09-25,Forfar,Albion Rvs,G Grainger
2122,SC3,2021-09-25,Kelty Hearts,Stranraer,S Luke
2122,SC3,2021-09-25,Stenhousemuir,Elgin,S Kirkland
2122,SC3,2021-09-25,Stirling,Cowdenbeath,G Calder
2122,SC3,2021-10-01,Edinburgh City,Cowdenbeath,D Dickinson
2122,SC3,2021-10-02,Elgin,Stirling,C Scott
2122,SC3,2021-10-02,Kelty Hearts,Annan Athletic,M MacDermid
2122,SC3,2021-10-02,Stenhousemuir,Forfar,P Stuart
2122,SC3,2021-10-02,Stranraer,Albion Rvs,S Reid
2122,SC3,2021-10-15,Edinburgh City,Kelty Hearts,P Stuart
2122,SC3,2021-10-16,Albion Rvs,Elgin,G Soutar
2122,SC3,2021-10-16,Cowdenbeath,Stenhousemuir,A Grieve
2122,SC3,2021-10-16,Forfar,Annan Athletic,I Snedden
2122,SC3,2021-10-16,Stirling,Stranraer,D Graves
2122,SC3,2021-10-30,Annan Athletic,Cowdenbeath,G Calder
2122,SC3,2021-10-30,Kelty Hearts,Stirling,R Hardie
2122,SC3,2021-10-30,Stranraer,Forfar,S Lambie
2122,SC3,2021-11-05,Edinburgh City,Albion Rvs,C Napier
2122,SC3,2021-11-06,Annan Athletic,Stranraer,M Roncone
2122,SC3,2021-11-06,Cowdenbeath,Kelty Hearts,I Snedden
2122,SC3,2021-11-06,Forfar,Elgin,P Stuart
2122,SC3,2021-11-06,Stirling,Stenhousemuir,C Scott
2122,SC3,2021-11-09,Stenhousemuir,Albion Rvs,L Wilson
2122,SC3,2021-11-12,Edinburgh City,Stranraer,D Dickinson
2122,SC3,2021-11-13,Albion Rvs,Stirling,M MacDermid
2122,SC3,2021-11-13,Elgin,Cowdenbeath,S Lambie
2122,SC3,2021-11-13,Kelty Hearts,Forfar,C Fordyce
2122,SC3,2021-11-13,Stenhousemuir,Annan Athletic,S Luke
2122,SC3,2021-11-20,Annan Athletic,Albion Rvs,L Wilson
2122,SC3,2021-11-20,Forfar,Cowdenbeath,S Reid
2122,SC3,2021-11-20,Kelty Hearts,Stenhousemuir,M Roncone
2122,SC3,2021-11-20,Stirling,Edinburgh City,R Hardie
2122,SC3,2021-11-20,Stranraer,Elgin,C Graham
2122,SC3,2021-11-23,Elgin,Edinburgh City,P Stuart
2122,SC3,2021-12-03,Edinburgh City,Annan Athletic,S Luke
2122,SC3,2021-12-04,Albion Rvs,Forfar,G Irvine
2122,SC3,2021-12-04,Cowdenbeath,Stirling,C Graham
2122,SC3,2021-12-04,Stenhousemuir,Stranraer,D Dickinson
2122,SC3,2021-12-11,Annan Athletic,Elgin,M MacDermid
2122,SC3,2021-12-11,Forfar,Stirling,D Williams
2122,SC3,2021-12-11,Kelty Hearts,Albion Rvs,G Grainger
2122,SC3,2021-12-11,Stenhousemuir,Edinburgh City,G Calder
2122,SC3,2021-12-11,Stranraer,Cowdenbeath,S Kirkland
2122,SC3,2021-12-17,Edinburgh City,Forfar,A Newlands
2122,SC3,2021-12-18,Cowdenbeath,Albion Rvs,R Hardie
2122,SC3,2021-12-18,Elgin,Stenhousemuir,S Luke
2122,SC3,2021-12-18,Stirling,Annan Athletic,S Lambie
2122,SC3,2021-12-18,Stranraer,Kelty Hearts,L Wilson
2122,SC3,2021-12-21,Stirling,Elgin,I Snedden
2122,SC3,2021-12-22,Cowdenbeath,Edinburgh City,B Cook
2122,SC3,2021-12-26,Albion Rvs,Stranraer,C Graham
2122,SC3,2021-12-26,Annan Athletic,Kelty Hearts,C Napier
2122,SC3,2021-12-26,Forfar,Stenhousemuir,S Lambie
2122,SC3,2022-01-02,Elgin,Forfar,D McFarlane
2122,SC3,2022-01-02,Stenhousemuir,Stirling,C Scott
2122,SC3,2022-01-02,Stranraer,Annan Athletic,S Luke
2122,SC3,2022-01-07,Edinburgh City,Elgin,D Williams
2122,SC3,2022-01-08,Albion Rvs,Stenhousemuir,E Anderson
2122,SC3,2022-01-08,Cowdenbeath,Annan Athletic,L Wilson
2122,SC3,2022-01-08,Forfar,Stranraer,L Watson
2122,SC3,2022-01-08,Stirling,Kelty Hearts,C Graham
2122,SC3,2022-01-15,Annan Athletic,Forfar,S Kirkland
2122,SC3,2022-01-15,Elgin,Albion Rvs,G Calder
2122,SC3,2022-01-15,Kelty Hearts,Edinburgh City,S Luke
2122,SC3,2022-01-15,Stenhousemuir,Cowdenbeath,M Roncone
2122,SC3,2022-01-15,Stranraer,Stirling,C Fordyce
2122,SC3,2022-01-22,Cowdenbeath,Stranraer,D McFarlane
2122,SC3,2022-01-25,Elgin,Kelty Hearts,D McFarlane
2122,SC3,2022-01-29,Albion Rvs,Cowdenbeath,C Scott
2122,SC3,2022-01-29,Annan Athletic,Stirling,S Reid
2122,SC3,2022-01-29,Kelty Hearts,Stranraer,B Cook
2122,SC3,2022-01-29,Stenhousemuir,Elgin,I Snedden
2122,SC3,2022-01-31,Forfar,Edinburgh City,G Beaton
2122,SC3,2022-02-05,Annan Athletic,Stenhousemuir,R Hardie
2122,SC3,2022-02-05,Forfar,Albion Rvs,S Reid
2122,SC3,2022-02-05,Kelty Hearts,Elgin,G Irvine
2122,SC3,2022-02-05,Stranraer,Edinburgh City,G Grainger
2122,SC3,2022-02-11,Edinburgh City,Stirling,S Luke
2122,SC3,2022-02-12,Elgin,Stranraer,D Williams
2122,SC3,2022-02-15,Edinburgh City,Albion Rvs,M MacDermid
2122,SC3,2022-02-15,Elgin,Annan Athletic,G Beaton
2122,SC3,2022-02-15,Stirling,Forfar,S Lambie
2122,SC3,2022-02-19,Annan Athletic,Edinburgh City,B Cook
2122,SC3,2022-02-19,Cowdenbeath,Elgin,I Snedden
2122,SC3,2022-02-19,Forfar,Kelty Hearts,A Newlands
2122,SC3,2022-02-19,Stranraer,Stenhousemuir,S Reid
2122,SC3,2022-02-22,Kelty Hearts,Cowdenbeath,S Kirkland
2122,SC3,2022-02-25,Edinburgh City,Cowdenbeath,C Graham
2122,SC3,2022-02-26,Elgin,Stirling,S Luke
2122,SC3,2022-02-26,Kelty Hearts,Annan Athletic,R Hardie
2122,SC3,2022-02-26,Stenhousemuir,Forfar,M Roncone
2122,SC3,2022-02-26,Stranraer,Albion Rvs,L Wilson
2122,SC3,2022-03-02,Albion Rvs,Annan Athletic,C Graham
2122,SC3,2022-03-02,Edinburgh City,Stenhousemuir,G Calder
2122,SC3,2022-03-05,Albion Rvs,Edinburgh City,A Newlands
2122,SC3,2022-03-05,Annan Athletic,Stranraer,C Fordyce
2122,SC3,2022-03-05,Cowdenbeath,Kelty Hearts,P Stuart
2122,SC3,2022-03-05,Forfar,Elgin,D Graves
2122,SC3,2022-03-05,Stirling,Stenhousemuir,C Scott
2122,SC3,2022-03-08,Stenhousemuir,Kelty Hearts,G Grainger
2122,SC3,2022-03-08,Stirling,Cowdenbeath,D Williams
2122,SC3,2022-03-12,Annan Athletic,Elgin,A Newlands
2122,SC3,2022-03-12,Forfar,Stirling,C Fordyce
2122,SC3,2022-03-12,Kelty Hearts,Albion Rvs,D Williams
2122,SC3,2022-03-12,Stenhousemuir,Edinburgh City,S Luke
2122,SC3,2022-03-12,Stranraer,Cowdenbeath,L Watson
2122,SC3,2022-03-15,Cowdenbeath,Forfar,G Beaton
2122,SC3,2022-03-16,Albion Rvs,Kelty Hearts,L Wilson
2122,SC3,2022-03-18,Edinburgh City,Stranraer,D Williams
2122,SC3,2022-03-19,Albion Rvs,Forfar,M Roncone
2122,SC3,2022-03-19,Cowdenbeath,Stenhousemuir,B Cook
2122,SC3,2022-03-19,Elgin,Kelty Hearts,C Scott
2122,SC3,2022-03-19,Stirling,Annan Athletic,C Graham
2122,SC3,2022-03-22,Stirling,Albion Rvs,G Soutar
2122,SC3,2022-03-26,Annan Athletic,Albion Rvs,S Kirkland
2122,SC3,2022-03-26,Elgin,Edinburgh City,R Hardie
2122,SC3,2022-03-26,Forfar,Cowdenbeath,P Stuart
2122,SC3,2022-03-26,Kelty Hearts,Stenhousemuir,C Graham
2122,SC3,2022-03-26,Stirling,Stranraer,L Wilson
2122,SC3,2022-04-01,Edinburgh City,Kelty Hearts,M MacDermid
2122,SC3,2022-04-02,Albion Rvs,Elgin,G Beaton
2122,SC3,2022-04-02,Cowdenbeath,Stirling,G Calder
2122,SC3,2022-04-02,Stenhousemuir,Annan Athletic,D McFarlane
2122,SC3,2022-04-02,Stranraer,Forfar,I Snedden
2122,SC3,2022-04-09,Albion Rvs,Stranraer,D Graves
2122,SC3,2022-04-09,Annan Athletic,Cowdenbeath,A Newlands
2122,SC3,2022-04-09,Edinburgh City,Forfar,G Soutar
2122,SC3,2022-04-09,Elgin,Stenhousemuir,S Reid
2122,SC3,2022-04-09,Kelty Hearts,Stirling,B Cook
2122,SC3,2022-04-16,Cowdenbeath,Edinburgh City,P Stuart
2122,SC3,2022-04-16,Forfar,Annan Athletic,C Fordyce
2122,SC3,2022-04-16,Stenhousemuir,Albion Rvs,B Cook
2122,SC3,2022-04-16,Stirling,Elgin,M MacDermid
2122,SC3,2022-04-16,Stranraer,Kelty Hearts,D Williams
2122,SC3,2022-04-22,Edinburgh City,Annan Athletic,L Wilson
2122,SC3,2022-04-23,Albion Rvs,Stirling,S Kirkland
2122,SC3,2022-04-23,Elgin,Cowdenbeath,C Fordyce
2122,SC3,2022-04-23,Kelty Hearts,Forfar,C Scott
2122,SC3,2022-04-23,Stenhousemuir,Stranraer,D McFarlane
2122,SC3,2022-04-30,Annan Athletic,Kelty Hearts,B Cook
2122,SC3,2022-04-30,Cowdenbeath,Albion Rvs,A Newlands
2122,SC3,2022-04-30,Forfar,Stenhousemuir,S Reid
2122,SC3,2022-04-30,Stirling,Edinburgh City,G Beaton
2122,SC3,2022-04-30,Stranraer,Elgin,C Scott
2223,E0,2022-08-05,Crystal Palace,Arsenal,A Taylor
2223,E0,2022-08-06,Bournemouth,Aston Villa,P Bankes
2223,E0,2022-08-06,Everton,Chelsea,C Pawson
2223,E0,2022-08-06,Fulham,Liverpool,A Madley
2223,E0,2022-08-06,Leeds,Wolves,R Jones
2223,E0,2022-08-06,Newcastle,Nott'm Forest,S Hooper
2223,E0,2022-08-06,Tottenham,Southampton,A Marriner
2223,E0,2022-08-07,Leicester,Brentford,J Gillett
2223,E0,2022-08-07,Man United,Brighton,P Tierney
2223,E0,2022-08-07,West Ham,Man City,M Oliver
2223,E0,2022-08-13,Arsenal,Leicester,D England
2223,E0,2022-08-13,Aston Villa,Everton,M Oliver
2223,E0,2022-08-13,Brentford,Man United,S Attwell
2223,E0,2022-08-13,Brighton,Newcastle,G Scott
2223,E0,2022-08-13,Man City,Bournemouth,D Coote
2223,E0,2022-08-13,Southampton,Leeds,T Harrington
2223,E0,2022-08-13,Wolves,Fulham,J Brooks
2223,E0,2022-08-14,Chelsea,Tottenham,A Taylor
2223,E0,2022-08-14,Nott'm Forest,West Ham,R Jones
2223,E0,2022-08-15,Liverpool,Crystal Palace,P Tierney
2223,E0,2022-08-20,Bournemouth,Arsenal,C Pawson
2223,E0,2022-08-20,Crystal Palace,Aston Villa,A Madley
2223,E0,2022-08-20,Everton,Nott'm Forest,A Marriner
2223,E0,2022-08-20,Fulham,Brentford,P Bankes
2223,E0,2022-08-20,Leicester,Southampton,M Salisbury
2223,E0,2022-08-20,Tottenham,Wolves,S Hooper
2223,E0,2022-08-21,Leeds,Chelsea,S Attwell
2223,E0,2022-08-21,Newcastle,Man City,J Gillett
2223,E0,2022-08-21,West Ham,Brighton,A Taylor
2223,E0,2022-08-22,Man United,Liverpool,M Oliver
2223,E0,2022-08-27,Arsenal,Fulham,J Gillett
2223,E0,2022-08-27,Brentford,Everton,J Brooks
2223,E0,2022-08-27,Brighton,Leeds,M Salisbury
2223,E0,2022-08-27,Chelsea,Leicester,P Tierney
2223,E0,2022-08-27,Liverpool,Bournemouth,S Attwell
2223,E0,2022-08-27,Man City,Crystal Palace,D England
2223,E0,2022-08-27,Southampton,Man United,A Madley
2223,E0,2022-08-28,Aston Villa,West Ham,D Coote
2223,E0,2022-08-28,Nott'm Forest,Tottenham,C Pawson
2223,E0,2022-08-28,Wolves,Newcastle,P Bankes
2223,E0,2022-08-30,Crystal Palace,Brentford,S Hooper
2223,E0,2022-08-30,Fulham,Brighton,T Bramall
2223,E0,2022-08-30,Leeds,Everton,D England
2223,E0,2022-08-30,Southampton,Chelsea,M Oliver
2223,E0,2022-08-31,Arsenal,Aston Villa,R Jones
2223,E0,2022-08-31,Bournemouth,Wolves,A Taylor
2223,E0,2022-08-31,Liverpool,Newcastle,A Marriner
2223,E0,2022-08-31,Man City,Nott'm Forest,P Tierney
2223,E0,2022-08-31,West Ham,Tottenham,P Bankes
2223,E0,2022-09-01,Leicester,Man United,C Pawson
2223,E0,2022-09-03,Aston Villa,Man City,S Hooper
2223,E0,2022-09-03,Brentford,Leeds,R Jones
2223,E0,2022-09-03,Chelsea,West Ham,A Madley
2223,E0,2022-09-03,Everton,Liverpool,A Taylor
2223,E0,2022-09-03,Newcastle,Crystal Palace,M Salisbury
2223,E0,2022-09-03,Nott'm Forest,Bournemouth,M Oliver
2223,E0,2022-09-03,Tottenham,Fulham,S Attwell
2223,E0,2022-09-03,Wolves,Southampton,J Brooks
2223,E0,2022-09-04,Brighton,Leicester,T Harrington
2223,E0,2022-09-04,Man United,Arsenal,P Tierney
2223,E0,2022-09-16,Aston Villa,Southampton,T Harrington
2223,E0,2022-09-16,Nott'm Forest,Fulham,J Gillett
2223,E0,2022-09-17,Newcastle,Bournemouth,C Pawson
2223,E0,2022-09-17,Tottenham,Leicester,S Hooper
2223,E0,2022-09-17,Wolves,Man City,A Taylor
2223,E0,2022-09-18,Brentford,Arsenal,D Coote
2223,E0,2022-09-18,Everton,West Ham,M Oliver
2223,E0,2022-10-01,Arsenal,Tottenham,A Taylor
2223,E0,2022-10-01,Bournemouth,Brentford,T Bramall
2223,E0,2022-10-01,Crystal Palace,Chelsea,C Kavanagh
2223,E0,2022-10-01,Fulham,Newcastle,D England
2223,E0,2022-10-01,Liverpool,Brighton,A Madley
2223,E0,2022-10-01,Southampton,Everton,A Marriner
2223,E0,2022-10-01,West Ham,Wolves,P Tierney
2223,E0,2022-10-02,Leeds,Aston Villa,S Attwell
2223,E0,2022-10-02,Man City,Man United,M Oliver
2223,E0,2022-10-03,Leicester,Nott'm Forest,R Jones
2223,E0,2022-10-08,Bournemouth,Leicester,M Salisbury
2223,E0,2022-10-08,Brighton,Tottenham,T Harrington
2223,E0,2022-10-08,Chelsea,Wolves,S Hooper
2223,E0,2022-10-08,Man City,Southampton,A Madley
2223,E0,2022-10-08,Newcastle,Brentford,J Brooks
2223,E0,2022-10-09,Arsenal,Liverpool,M Oliver
2223,E0,2022-10-09,Crystal Palace,Leeds,P Tierney
2223,E0,2022-10-09,Everton,Man United,D Coote
2223,E0,2022-10-09,West Ham,Fulham,C Kavanagh
2223,E0,2022-10-10,Nott'm Forest,Aston Villa,A Taylor
2223,E0,2022-10-14,Brentford,Brighton,M Salisbury
2223,E0,2022-10-15,Fulham,Bournemouth,G Scott
2223,E0,2022-10-15,Leicester,Crystal Palace,A Madley
2223,E0,2022-10-15,Tottenham,Everton,P Tierney
2223,E0,2022-10-15,Wolves,Nott'm Forest,T Bramall
2223,E0,2022-10-16,Aston Villa,Chelsea,R Jones
2223,E0,2022-10-16,Leeds,Arsenal,C Kavanagh
2223,E0,2022-10-16,Liverpool,Man City,A Taylor
2223,E0,2022-10-16,Man United,Newcastle,C Pawson
2223,E0,2022-10-16,Southampton,West Ham,P Bankes
2223,E0,2022-10-18,Brighton,Nott'm Forest,D England
2223,E0,2022-10-18,Crystal Palace,Wolves,D Coote
2223,E0,2022-10-19,Bournemouth,Southampton,J Brooks
2223,E0,2022-10-19,Brentford,Chelsea,J Gillett
2223,E0,2022-10-19,Liverpool,West Ham,S Attwell
2223,E0,2022-10-19,Man United,Tottenham,S Hooper
2223,E0,2022-10-19,Newcastle,Everton,T Harrington
2223,E0,2022-10-20,Fulham,Aston Villa,M Oliver
2223,E0,2022-10-20,Leicester,Leeds,P Bankes
2223,E0,2022-10-22,Chelsea,Man United,S Attwell
2223,E0,2022-10-22,Everton,Crystal Palace,S Hooper
2223,E0,2022-10-22,Man City,Brighton,C Pawson
2223,E0,2022-10-22,Nott'm Forest,Liverpool,P Tierney
2223,E0,2022-10-23,Aston Villa,Brentford,D England
2223,E0,2022-10-23,Leeds,Fulham,A Taylor
2223,E0,2022-10-23,Southampton,Arsenal,R Jones
2223,E0,2022-10-23,Tottenham,Newcastle,J Gillett
2223,E0,2022-10-23,Wolves,Leicester,M Oliver
2223,E0,2022-10-24,West Ham,Bournemouth,D Coote
2223,E0,2022-10-29,Bournemouth,Tottenham,A Taylor
2223,E0,2022-10-29,Brentford,Wolves,R Madley
2223,E0,2022-10-29,Brighton,Chelsea,A Madley
2223,E0,2022-10-29,Crystal Palace,Southampton,M Salisbury
2223,E0,2022-10-29,Fulham,Everton,J Brooks
2223,E0,2022-10-29,Leicester,Man City,R Jones
2223,E0,2022-10-29,Liverpool,Leeds,M Oliver
2223,E0,2022-10-29,Newcastle,Aston Villa,P Tierney
2223,E0,2022-10-30,Arsenal,Nott'm Forest,S Hooper
2223,E0,2022-10-30,Man United,West Ham,C Kavanagh
2223,E0,2022-11-05,Everton,Leicester,D Coote
2223,E0,2022-11-05,Leeds,Bournemouth,T Harrington
2223,E0,2022-11-05,Man City,Fulham,D England
2223,E0,2022-11-05,Nott'm Forest,Brentford,A Marriner
2223,E0,2022-11-05,Wolves,Brighton,G Scott
2223,E0,2022-11-06,Aston Villa,Man United,A Taylor
2223,E0,2022-11-06,Chelsea,Arsenal,M Oliver
2223,E0,2022-11-06,Southampton,Newcastle,S Attwell
2223,E0,2022-11-06,Tottenham,Liverpool,A Madley
2223,E0,2022-11-06,West Ham,Crystal Palace,P Tierney
2223,E0,2022-11-12,Bournemouth,Everton,C Pawson
2223,E0,2022-11-12,Liverpool,Southampton,S Hooper
2223,E0,2022-11-12,Man City,Brentford,P Bankes
2223,E0,2022-11-12,Newcastle,Chelsea,R Jones
2223,E0,2022-11-12,Nott'm Forest,Crystal Palace,J Brooks
2223,E0,2022-11-12,Tottenham,Leeds,M Salisbury
2223,E0,2022-11-12,West Ham,Leicester,J Gillett
2223,E0,2022-11-12,Wolves,Arsenal,S Attwell
2223,E0,2022-11-13,Brighton,Aston Villa,C Kavanagh
2223,E0,2022-11-13,Fulham,Man United,P Tierney
2223,E0,2022-12-26,Arsenal,West Ham,M Oliver
2223,E0,2022-12-26,Aston Villa,Liverpool,P Tierney
2223,E0,2022-12-26,Brentford,Tottenham,D Coote
2223,E0,2022-12-26,Crystal Palace,Fulham,A Madley
2223,E0,2022-12-26,Everton,Wolves,C Pawson
2223,E0,2022-12-26,Leicester,Newcastle,J Gillett
2223,E0,2022-12-26,Southampton,Brighton,R Jones
2223,E0,2022-12-27,Chelsea,Bournemouth,S Hooper
2223,E0,2022-12-27,Man United,Nott'm Forest,A Taylor
2223,E0,2022-12-28,Leeds,Man City,S Attwell
2223,E0,2022-12-30,Liverpool,Leicester,C Pawson
2223,E0,2022-12-30,West Ham,Brentford,D England
2223,E0,2022-12-31,Bournemouth,Crystal Palace,A Marriner
2223,E0,2022-12-31,Brighton,Arsenal,A Taylor
2223,E0,2022-12-31,Fulham,Southampton,G Scott
2223,E0,2022-12-31,Man City,Everton,A Madley
2223,E0,2022-12-31,Newcastle,Leeds,S Hooper
2223,E0,2022-12-31,Wolves,Man United,R Jones
2223,E0,2023-01-01,Nott'm Forest,Chelsea,P Bankes
2223,E0,2023-01-01,Tottenham,Aston Villa,J Brooks
2223,E0,2023-01-02,Brentford,Liverpool,S Attwell
2223,E0,2023-01-03,Arsenal,Newcastle,A Madley
2223,E0,2023-01-03,Everton,Brighton,A Marriner
2223,E0,2023-01-03,Leicester,Fulham,D Bond
2223,E0,2023-01-03,Man United,Bournemouth,M Salisbury
2223,E0,2023-01-04,Aston Villa,Wolves,J Gillett
2223,E0,2023-01-04,Crystal Palace,Tottenham,M Oliver
2223,E0,2023-01-04,Leeds,West Ham,D Coote
2223,E0,2023-01-04,Southampton,Nott'm Forest,T Bramall
2223,E0,2023-01-05,Chelsea,Man City,P Tierney
2223,E0,2023-01-12,Fulham,Chelsea,D Coote
2223,E0,2023-01-13,Aston Villa,Leeds,M Oliver
2223,E0,2023-01-14,Brentford,Bournemouth,J Gillett
2223,E0,2023-01-14,Brighton,Liverpool,D England
2223,E0,2023-01-14,Everton,Southampton,J Brooks
2223,E0,2023-01-14,Man United,Man City,S Attwell
2223,E0,2023-01-14,Nott'm Forest,Leicester,P Tierney
2223,E0,2023-01-14,Wolves,West Ham,S Hooper
2223,E0,2023-01-15,Chelsea,Crystal Palace,P Bankes
2223,E0,2023-01-15,Newcastle,Fulham,R Jones
2223,E0,2023-01-15,Tottenham,Arsenal,C Pawson
2223,E0,2023-01-18,Crystal Palace,Man United,R Jones
2223,E0,2023-01-19,Man City,Tottenham,S Hooper
2223,E0,2023-01-21,Bournemouth,Nott'm Forest,A Madley
2223,E0,2023-01-21,Crystal Palace,Newcastle,C Pawson
2223,E0,2023-01-21,Leicester,Brighton,T Bramall
2223,E0,2023-01-21,Liverpool,Chelsea,M Oliver
2223,E0,2023-01-21,Southampton,Aston Villa,M Salisbury
2223,E0,2023-01-21,West Ham,Everton,S Attwell
2223,E0,2023-01-22,Arsenal,Man United,A Taylor
2223,E0,2023-01-22,Leeds,Brentford,P Bankes
2223,E0,2023-01-22,Man City,Wolves,D Coote
2223,E0,2023-01-23,Fulham,Tottenham,P Tierney
2223,E0,2023-02-03,Chelsea,Fulham,S Attwell
2223,E0,2023-02-04,Aston Villa,Leicester,D England
2223,E0,2023-02-04,Brentford,Southampton,D Bond
2223,E0,2023-02-04,Brighton,Bournemouth,C Pawson
2223,E0,2023-02-04,Everton,Arsenal,D Coote
2223,E0,2023-02-04,Man United,Crystal Palace,A Marriner
2223,E0,2023-02-04,Newcastle,West Ham,P Bankes
2223,E0,2023-02-04,Wolves,Liverpool,P Tierney
2223,E0,2023-02-05,Nott'm Forest,Leeds,R Jones
2223,E0,2023-02-05,Tottenham,Man City,A Madley
2223,E0,2023-02-08,Man United,Leeds,S Hooper
2223,E0,2023-02-11,Arsenal,Brentford,P Bankes
2223,E0,2023-02-11,Bournemouth,Newcastle,S Attwell
2223,E0,2023-02-11,Crystal Palace,Brighton,M Oliver
2223,E0,2023-02-11,Fulham,Nott'm Forest,A Madley
2223,E0,2023-02-11,Leicester,Tottenham,M Salisbury
2223,E0,2023-02-11,Southampton,Wolves,J Gillett
2223,E0,2023-02-11,West Ham,Chelsea,C Pawson
2223,E0,2023-02-12,Leeds,Man United,P Tierney
2223,E0,2023-02-12,Man City,Aston Villa,R Jones
2223,E0,2023-02-13,Liverpool,Everton,S Hooper
2223,E0,2023-02-15,Arsenal,Man City,A Taylor
2223,E0,2023-02-18,Aston Villa,Arsenal,S Hooper
2223,E0,2023-02-18,Brentford,Crystal Palace,P Tierney
2223,E0,2023-02-18,Brighton,Fulham,D England
2223,E0,2023-02-18,Chelsea,Southampton,D Coote
2223,E0,2023-02-18,Everton,Leeds,A Madley
2223,E0,2023-02-18,Newcastle,Liverpool,A Taylor
2223,E0,2023-02-18,Nott'm Forest,Man City,G Scott
2223,E0,2023-02-18,Wolves,Bournemouth,M Salisbury
2223,E0,2023-02-19,Man United,Leicester,S Attwell
2223,E0,2023-02-19,Tottenham,West Ham,M Oliver
2223,E0,2023-02-24,Fulham,Wolves,M Oliver
2223,E0,2023-02-25,Bournemouth,Man City,P Tierney
2223,E0,2023-02-25,Crystal Palace,Liverpool,D England
2223,E0,2023-02-25,Everton,Aston Villa,A Taylor
2223,E0,2023-02-25,Leeds,Southampton,P Bankes
2223,E0,2023-02-25,Leicester,Arsenal,C Pawson
2223,E0,2023-02-25,West Ham,Nott'm Forest,J Gillett
2223,E0,2023-02-26,Tottenham,Chelsea,S Attwell
2223,E0,2023-03-01,Arsenal,Everton,M Oliver
2223,E0,2023-03-01,Liverpool,Wolves,P Tierney
2223,E0,2023-03-04,Arsenal,Bournemouth,C Kavanagh
2223,E0,2023-03-04,Aston Villa,Crystal Palace,C Pawson
2223,E0,2023-03-04,Brighton,West Ham,S Attwell
2223,E0,2023-03-04,Chelsea,Leeds,M Oliver
2223,E0,2023-03-04,Man City,Newcastle,S Hooper
2223,E0,2023-03-04,Southampton,Leicester,R Jones
2223,E0,2023-03-04,Wolves,Tottenham,T Robinson
2223,E0,2023-03-05,Liverpool,Man United,A Madley
2223,E0,2023-03-05,Nott'm Forest,Everton,J Brooks
2223,E0,2023-03-06,Brentford,Fulham,A Taylor
2223,E0,2023-03-11,Bournemouth,Liverpool,J Brooks
2223,E0,2023-03-11,Crystal Palace,Man City,R Jones
2223,E0,2023-03-11,Everton,Brentford,S Hooper
2223,E0,2023-03-11,Leeds,Brighton,P Tierney
2223,E0,2023-03-11,Leicester,Chelsea,A Marriner
2223,E0,2023-03-11,Tottenham,Nott'm Forest,C Pawson
2223,E0,2023-03-12,Fulham,Arsenal,D Coote
2223,E0,2023-03-12,Man United,Southampton,A Taylor
2223,E0,2023-03-12,Newcastle,Wolves,A Madley
2223,E0,2023-03-12,West Ham,Aston Villa,C Kavanagh
2223,E0,2023-03-15,Brighton,Crystal Palace,P Bankes
2223,E0,2023-03-15,Southampton,Brentford,M Salisbury
2223,E0,2023-03-17,Nott'm Forest,Newcastle,P Tierney
2223,E0,2023-03-18,Aston Villa,Bournemouth,R Jones
2223,E0,2023-03-18,Brentford,Leicester,D Bond
2223,E0,2023-03-18,Chelsea,Everton,D England
2223,E0,2023-03-18,Southampton,Tottenham,S Hooper
2223,E0,2023-03-18,Wolves,Leeds,M Salisbury
2223,E0,2023-03-19,Arsenal,Crystal Palace,S Attwell
2223,E0,2023-04-01,Arsenal,Leeds,D England
2223,E0,2023-04-01,Bournemouth,Fulham,P Bankes
2223,E0,2023-04-01,Brighton,Brentford,M Oliver
2223,E0,2023-04-01,Chelsea,Aston Villa,A Madley
2223,E0,2023-04-01,Crystal Palace,Leicester,T Robinson
2223,E0,2023-04-01,Man City,Liverpool,S Hooper
2223,E0,2023-04-01,Nott'm Forest,Wolves,C Kavanagh
2223,E0,2023-04-02,Newcastle,Man United,S Attwell
2223,E0,2023-04-02,West Ham,Southampton,P Tierney
2223,E0,2023-04-03,Everton,Tottenham,D Coote
2223,E0,2023-04-04,Bournemouth,Brighton,D Bond
2223,E0,2023-04-04,Chelsea,Liverpool,A Taylor
2223,E0,2023-04-04,Leeds,Nott'm Forest,R Jones
2223,E0,2023-04-04,Leicester,Aston Villa,G Scott
2223,E0,2023-04-05,Man United,Brentford,J Brooks
2223,E0,2023-04-05,West Ham,Newcastle,C Pawson
2223,E0,2023-04-08,Aston Villa,Nott'm Forest,A Taylor
2223,E0,2023-04-08,Brentford,Newcastle,C Kavanagh
2223,E0,2023-04-08,Fulham,West Ham,J Gillett
2223,E0,2023-04-08,Leicester,Bournemouth,D Coote
2223,E0,2023-04-08,Man United,Everton,M Oliver
2223,E0,2023-04-08,Southampton,Man City,R Jones
2223,E0,2023-04-08,Tottenham,Brighton,S Attwell
2223,E0,2023-04-08,Wolves,Chelsea,P Bankes
2223,E0,2023-04-09,Leeds,Crystal Palace,S Hooper
2223,E0,2023-04-09,Liverpool,Arsenal,P Tierney
2223,E0,2023-04-15,Aston Villa,Newcastle,J Brooks
2223,E0,2023-04-15,Chelsea,Brighton,R Jones
2223,E0,2023-04-15,Everton,Fulham,A Taylor
2223,E0,2023-04-15,Man City,Leicester,D England
2223,E0,2023-04-15,Southampton,Crystal Palace,M Oliver
2223,E0,2023-04-15,Tottenham,Bournemouth,A Madley
2223,E0,2023-04-15,Wolves,Brentford,P Tierney
2223,E0,2023-04-16,Nott'm Forest,Man United,S Hooper
2223,E0,2023-04-16,West Ham,Arsenal,D Coote
2223,E0,2023-04-17,Leeds,Liverpool,C Pawson
2223,E0,2023-04-21,Arsenal,Southampton,S Hooper
2223,E0,2023-04-22,Brentford,Aston Villa,M Salisbury
2223,E0,2023-04-22,Crystal Palace,Everton,J Brooks
2223,E0,2023-04-22,Fulham,Leeds,P Bankes
2223,E0,2023-04-22,Leicester,Wolves,A Madley
2223,E0,2023-04-22,Liverpool,Nott'm Forest,M Oliver
2223,E0,2023-04-23,Bournemouth,West Ham,A Taylor
2223,E0,2023-04-23,Newcastle,Tottenham,D Coote
2223,E0,2023-04-25,Aston Villa,Fulham,T Bramall
2223,E0,2023-04-25,Leeds,Leicester,P Tierney
2223,E0,2023-04-25,Wolves,Crystal Palace,R Jones
2223,E0,2023-04-26,Chelsea,Brentford,A Madley
2223,E0,2023-04-26,Man City,Arsenal,M Oliver
2223,E0,2023-04-26,Nott'm Forest,Brighton,J Gillett
2223,E0,2023-04-26,West Ham,Liverpool,C Kavanagh
2223,E0,2023-04-27,Everton,Newcastle,A Marriner
2223,E0,2023-04-27,Southampton,Bournemouth,D England
2223,E0,2023-04-27,Tottenham,Man United,A Taylor
2223,E0,2023-04-29,Brentford,Nott'm Forest,P Bankes
2223,E0,2023-04-29,Brighton,Wolves,D Coote
2223,E0,2023-04-29,Crystal Palace,West Ham,C Pawson
2223,E0,2023-04-30,Bournemouth,Leeds,C Kavanagh
2223,E0,2023-04-30,Fulham,Man City,S Hooper
2223,E0,2023-04-30,Liverpool,Tottenham,P Tierney
2223,E0,2023-04-30,Man United,Aston Villa,J Gillett
2223,E0,2023-04-30,Newcastle,Southampton,A Taylor
2223,E0,2023-05-01,Leicester,Everton,M Oliver
2223,E0,2023-05-02,Arsenal,Chelsea,R Jones
2223,E0,2023-05-03,Liverpool,Fulham,S Attwell
2223,E0,2023-05-03,Man City,West Ham,J Brooks
2223,E0,2023-05-04,Brighton,Man United,A Marriner
2223,E0,2023-05-06,Bournemouth,Chelsea,J Brooks
2223,E0,2023-05-06,Liverpool,Brentford,A Taylor
2223,E0,2023-05-06,Man City,Leeds,A Madley
2223,E0,2023-05-06,Tottenham,Crystal Palace,D England
2223,E0,2023-05-06,Wolves,Aston Villa,S Attwell
2223,E0,2023-05-07,Newcastle,Arsenal,C Kavanagh
2223,E0,2023-05-07,West Ham,Man United,P Bankes
2223,E0,2023-05-08,Brighton,Everton,S Hooper
2223,E0,2023-05-08,Fulham,Leicester,R Jones
2223,E0,2023-05-08,Nott'm Forest,Southampton,M Oliver
2223,E0,2023-05-13,Aston Villa,Tottenham,P Bankes
2223,E0,2023-05-13,Chelsea,Nott'm Forest,P Tierney
2223,E0,2023-05-13,Crystal Palace,Bournemouth,M Salisbury
2223,E0,2023-05-13,Leeds,Newcastle,S Hooper
2223,E0,2023-05-13,Man United,Wolves,J Brooks
2223,E0,2023-05-13,Southampton,Fulham,T Bramall
2223,E0,2023-05-14,Arsenal,Brighton,A Madley
2223,E0,2023-05-14,Brentford,West Ham,M Oliver
2223,E0,2023-05-14,Everton,Man City,A Taylor
2223,E0,2023-05-15,Leicester,Liverpool,C Pawson
2223,E0,2023-05-18,Newcastle,Brighton,R Jones
2223,E0,2023-05-20,Bournemouth,Man United,C Kavanagh
2223,E0,2023-05-20,Fulham,Crystal Palace,J Smith
2223,E0,2023-05-20,Liverpool,Aston Villa,J Brooks
2223,E0,2023-05-20,Nott'm Forest,Arsenal,A Taylor
2223,E0,2023-05-20,Tottenham,Brentford,J Gillett
2223,E0,2023-05-20,Wolves,Everton,D Coote
2223,E0,2023-05-21,Brighton,Southampton,P Tierney
2223,E0,2023-05-21,Man City,Chelsea,M Oliver
2223,E0,2023-05-21,West Ham,Leeds,P Bankes
2223,E0,2023-05-22,Newcastle,Leicester,A Marriner
2223,E0,2023-05-24,Brighton,Man City,S Hooper
2223,E0,2023-05-25,Man United,Chelsea,S Attwell
2223,E0,2023-05-28,Arsenal,Wolves,A Marriner
2223,E0,2023-05-28,Aston Villa,Brighton,D Coote
2223,E0,2023-05-28,Brentford,Man City,J Brooks
2223,E0,2023-05-28,Chelsea,Newcastle,J Gillett
2223,E0,2023-05-28,Crystal Palace,Nott'm Forest,T Bramall
2223,E0,2023-05-28,Everton,Bournemouth,S Attwell
2223,E0,2023-05-28,Leeds,Tottenham,A Taylor
2223,E0,2023-05-28,Leicester,West Ham,S Hooper
2223,E0,2023-05-28,Man United,Fulham,R Jones
2223,E0,2023-05-28,Southampton,Liverpool,D England
2223,E1,2022-07-29,Huddersfield,Burnley,J Linington
2223,E1,2022-07-30,Blackburn,QPR,T Bramall
2223,E1,2022-07-30,Blackpool,Reading,D Webb
2223,E1,2022-07-30,Cardiff,Norwich,T Robinson
2223,E1,2022-07-30,Hull,Bristol City,D Whitestone
2223,E1,2022-07-30,Luton,Birmingham,G Scott
2223,E1,2022-07-30,Middlesbrough,West Brom,T Harrington
2223,E1,2022-07-30,Millwall,Stoke,K Stroud
2223,E1,2022-07-30,Rotherham,Swansea,M Donohue
2223,E1,2022-07-30,Wigan,Preston,R Madley
2223,E1,2022-07-31,Sunderland,Coventry,D Bond
2223,E1,2022-08-01,Watford,Sheffield United,J Smith
2223,E1,2022-08-05,Birmingham,Huddersfield,G Ward
2223,E1,2022-08-06,Bristol City,Sunderland,K Stroud
2223,E1,2022-08-06,Burnley,Luton,D Bond
2223,E1,2022-08-06,Norwich,Wigan,M Donohue
2223,E1,2022-08-06,Preston,Hull,J Simpson
2223,E1,2022-08-06,QPR,Middlesbrough,J Smith
2223,E1,2022-08-06,Reading,Cardiff,D England
2223,E1,2022-08-06,Sheffield United,Millwall,D Coote
2223,E1,2022-08-06,Stoke,Blackpool,R Madley
2223,E1,2022-08-06,Swansea,Blackburn,S Martin
2223,E1,2022-08-08,West Brom,Watford,T Robinson
2223,E1,2022-08-12,Watford,Burnley,T Bramall
2223,E1,2022-08-13,Blackpool,Swansea,A Woolmer
2223,E1,2022-08-13,Cardiff,Birmingham,D Bond
2223,E1,2022-08-13,Huddersfield,Stoke,M Donohue
2223,E1,2022-08-13,Hull,Norwich,J Linington
2223,E1,2022-08-13,Luton,Preston,D Whitestone
2223,E1,2022-08-13,Millwall,Coventry,R Madley
2223,E1,2022-08-13,Rotherham,Reading,S Martin
2223,E1,2022-08-13,Sunderland,QPR,J Simpson
2223,E1,2022-08-13,Wigan,Bristol City,J Busby
2223,E1,2022-08-14,Blackburn,West Brom,J Smith
2223,E1,2022-08-14,Middlesbrough,Sheffield United,A Marriner
2223,E1,2022-08-16,Birmingham,Watford,D Webb
2223,E1,2022-08-16,Bristol City,Luton,L Doughty
2223,E1,2022-08-16,Burnley,Hull,R Madley
2223,E1,2022-08-16,Norwich,Huddersfield,J Smith
2223,E1,2022-08-16,Preston,Rotherham,O Langford
2223,E1,2022-08-16,QPR,Blackpool,A Davies
2223,E1,2022-08-16,Swansea,Millwall,G Ward
2223,E1,2022-08-17,Reading,Blackburn,K Stroud
2223,E1,2022-08-17,Sheffield United,Sunderland,J Linington
2223,E1,2022-08-17,Stoke,Middlesbrough,M Salisbury
2223,E1,2022-08-17,West Brom,Cardiff,A Madley
2223,E1,2022-08-19,Norwich,Millwall,R Jones
2223,E1,2022-08-20,Birmingham,Wigan,A Davies
2223,E1,2022-08-20,Burnley,Blackpool,K Stroud
2223,E1,2022-08-20,Preston,Watford,D Bond
2223,E1,2022-08-20,QPR,Rotherham,A Woolmer
2223,E1,2022-08-20,Reading,Middlesbrough,J Linington
2223,E1,2022-08-20,Sheffield United,Blackburn,L Doughty
2223,E1,2022-08-20,Stoke,Sunderland,O Langford
2223,E1,2022-08-20,Swansea,Luton,J Busby
2223,E1,2022-08-20,West Brom,Hull,J Bell
2223,E1,2022-08-21,Bristol City,Cardiff,T Bramall
2223,E1,2022-08-26,Luton,Sheffield United,D Webb
2223,E1,2022-08-27,Blackburn,Stoke,L Doughty
2223,E1,2022-08-27,Blackpool,Bristol City,J Simpson
2223,E1,2022-08-27,Cardiff,Preston,A Woolmer
2223,E1,2022-08-27,Huddersfield,West Brom,A Davies
2223,E1,2022-08-27,Hull,Coventry,O Langford
2223,E1,2022-08-27,Middlesbrough,Swansea,R Madley
2223,E1,2022-08-27,Millwall,Reading,C Kavanagh
2223,E1,2022-08-27,Rotherham,Birmingham,G Ward
2223,E1,2022-08-27,Sunderland,Norwich,T Robinson
2223,E1,2022-08-27,Watford,QPR,K Stroud
2223,E1,2022-08-27,Wigan,Burnley,J Bell
2223,E1,2022-08-30,Birmingham,Norwich,K Stroud
2223,E1,2022-08-30,Burnley,Millwall,L Doughty
2223,E1,2022-08-30,Cardiff,Luton,J Linington
2223,E1,2022-08-30,QPR,Hull,S Martin
2223,E1,2022-08-30,Sheffield United,Reading,G Ward
2223,E1,2022-08-30,Watford,Middlesbrough,C Kavanagh
2223,E1,2022-08-30,Wigan,West Brom,A Woolmer
2223,E1,2022-08-31,Blackpool,Blackburn,M Donohue
2223,E1,2022-08-31,Bristol City,Huddersfield,D Bond
2223,E1,2022-08-31,Coventry,Preston,J Busby
2223,E1,2022-08-31,Stoke,Swansea,D Webb
2223,E1,2022-08-31,Sunderland,Rotherham,T Harrington
2223,E1,2022-09-02,West Brom,Burnley,J Linington
2223,E1,2022-09-03,Blackburn,Bristol City,T Robinson
2223,E1,2022-09-03,Luton,Wigan,C Kavanagh
2223,E1,2022-09-03,Millwall,Cardiff,J Simpson
2223,E1,2022-09-03,Norwich,Coventry,G Ward
2223,E1,2022-09-03,Preston,Birmingham,J Bell
2223,E1,2022-09-03,Rotherham,Watford,L Doughty
2223,E1,2022-09-03,Swansea,QPR,O Langford
2223,E1,2022-09-04,Huddersfield,Blackpool,J Busby
2223,E1,2022-09-04,Hull,Sheffield United,M Donohue
2223,E1,2022-09-04,Reading,Stoke,D Coote
2223,E1,2022-09-05,Middlesbrough,Sunderland,D Bond
2223,E1,2022-09-13,Blackburn,Watford,S Martin
2223,E1,2022-09-13,Huddersfield,Wigan,J Simpson
2223,E1,2022-09-13,Hull,Stoke,L Doughty
2223,E1,2022-09-13,Middlesbrough,Cardiff,J Bell
2223,E1,2022-09-13,Preston,Burnley,P Bankes
2223,E1,2022-09-13,Swansea,Sheffield United,D Bond
2223,E1,2022-09-14,Luton,Coventry,A Davies
2223,E1,2022-09-14,Millwall,QPR,T Robinson
2223,E1,2022-09-14,Norwich,Bristol City,D Webb
2223,E1,2022-09-14,Reading,Sunderland,M Donohue
2223,E1,2022-09-14,Rotherham,Blackpool,M Salisbury
2223,E1,2022-09-14,West Brom,Birmingham,J Smith
2223,E1,2022-09-17,Birmingham,Coventry,G Scott
2223,E1,2022-09-17,Burnley,Bristol City,O Langford
2223,E1,2022-09-17,Huddersfield,Cardiff,D Whitestone
2223,E1,2022-09-17,Luton,Blackburn,J Smith
2223,E1,2022-09-17,Middlesbrough,Rotherham,T Robinson
2223,E1,2022-09-17,Millwall,Blackpool,D Bond
2223,E1,2022-09-17,Norwich,West Brom,T Bramall
2223,E1,2022-09-17,Preston,Sheffield United,J Simpson
2223,E1,2022-09-17,QPR,Stoke,M Donohue
2223,E1,2022-09-17,Swansea,Hull,K Stroud
2223,E1,2022-09-17,Watford,Sunderland,R Madley
2223,E1,2022-09-17,Wigan,Reading,D Webb
2223,E1,2022-09-30,Hull,Luton,J Linington
2223,E1,2022-10-01,Blackburn,Millwall,D Webb
2223,E1,2022-10-01,Blackpool,Norwich,D Coote
2223,E1,2022-10-01,Bristol City,QPR,J Simpson
2223,E1,2022-10-01,Cardiff,Burnley,G Ward
2223,E1,2022-10-01,Coventry,Middlesbrough,S Martin
2223,E1,2022-10-01,Reading,Huddersfield,O Langford
2223,E1,2022-10-01,Rotherham,Wigan,A Davies
2223,E1,2022-10-01,Sheffield United,Birmingham,D Bond
2223,E1,2022-10-01,Sunderland,Preston,A Woolmer
2223,E1,2022-10-01,West Brom,Swansea,G Scott
2223,E1,2022-10-02,Stoke,Watford,J Smith
2223,E1,2022-10-04,Bristol City,Coventry,J Bell
2223,E1,2022-10-04,Cardiff,Blackburn,J Brooks
2223,E1,2022-10-04,Luton,Huddersfield,L Doughty
2223,E1,2022-10-04,Reading,Norwich,D Bond
2223,E1,2022-10-04,Sheffield United,QPR,J Linington
2223,E1,2022-10-04,Sunderland,Blackpool,J Simpson
2223,E1,2022-10-05,Burnley,Stoke,D Webb
2223,E1,2022-10-05,Hull,Wigan,A Woolmer
2223,E1,2022-10-05,Middlesbrough,Birmingham,M Salisbury
2223,E1,2022-10-05,Preston,West Brom,J Smith
2223,E1,2022-10-05,Rotherham,Millwall,D Whitestone
2223,E1,2022-10-05,Watford,Swansea,T Robinson
2223,E1,2022-10-07,QPR,Reading,T Bramall
2223,E1,2022-10-08,Birmingham,Bristol City,J Linington
2223,E1,2022-10-08,Blackburn,Rotherham,O Langford
2223,E1,2022-10-08,Blackpool,Watford,R Madley
2223,E1,2022-10-08,Coventry,Burnley,J Busby
2223,E1,2022-10-08,Millwall,Middlesbrough,M Donohue
2223,E1,2022-10-08,Norwich,Preston,O Langford
2223,E1,2022-10-08,Stoke,Sheffield United,P Bankes
2223,E1,2022-10-08,Swansea,Sunderland,G Ward
2223,E1,2022-10-08,West Brom,Luton,D Webb
2223,E1,2022-10-08,Wigan,Cardiff,J Bell
2223,E1,2022-10-09,Huddersfield,Hull,T Robinson
2223,E1,2022-10-11,Wigan,Blackburn,J Smith
2223,E1,2022-10-12,Bristol City,Preston,K Stroud
2223,E1,2022-10-15,Bristol City,Millwall,G Ward
2223,E1,2022-10-15,Burnley,Swansea,S Martin
2223,E1,2022-10-15,Cardiff,Coventry,R Madley
2223,E1,2022-10-15,Luton,QPR,T Harrington
2223,E1,2022-10-15,Middlesbrough,Blackburn,D Bond
2223,E1,2022-10-15,Preston,Stoke,M Donohue
2223,E1,2022-10-15,Reading,West Brom,T Robinson
2223,E1,2022-10-15,Rotherham,Huddersfield,J Simpson
2223,E1,2022-10-15,Sheffield United,Blackpool,D Webb
2223,E1,2022-10-15,Sunderland,Wigan,K Stroud
2223,E1,2022-10-15,Watford,Norwich,D England
2223,E1,2022-10-16,Hull,Birmingham,L Doughty
2223,E1,2022-10-18,Blackburn,Sunderland,C Pawson
2223,E1,2022-10-18,Huddersfield,Preston,A Woolmer
2223,E1,2022-10-18,Norwich,Luton,O Langford
2223,E1,2022-10-18,Stoke,Rotherham,G Ward
2223,E1,2022-10-18,Swansea,Reading,A Davies
2223,E1,2022-10-18,West Brom,Bristol City,R Madley
2223,E1,2022-10-19,Birmingham,Burnley,D Whitestone
2223,E1,2022-10-19,Blackpool,Hull,J Smith
2223,E1,2022-10-19,Coventry,Sheffield United,K Stroud
2223,E1,2022-10-19,Millwall,Watford,D Webb
2223,E1,2022-10-19,QPR,Cardiff,J Linington
2223,E1,2022-10-19,Wigan,Middlesbrough,L Doughty
2223,E1,2022-10-22,Blackburn,Birmingham,G Ward
2223,E1,2022-10-22,Blackpool,Preston,C Kavanagh
2223,E1,2022-10-22,Middlesbrough,Huddersfield,A Davies
2223,E1,2022-10-22,Millwall,West Brom,A Madley
2223,E1,2022-10-22,QPR,Wigan,D Whitestone
2223,E1,2022-10-22,Reading,Bristol City,J Busby
2223,E1,2022-10-22,Rotherham,Hull,S Martin
2223,E1,2022-10-22,Sheffield United,Norwich,J Smith
2223,E1,2022-10-22,Stoke,Coventry,J Linington
2223,E1,2022-10-22,Sunderland,Burnley,T Robinson
2223,E1,2022-10-23,Swansea,Cardiff,D Bond
2223,E1,2022-10-23,Watford,Luton,R Madley
2223,E1,2022-10-25,Burnley,Norwich,T Harrington
2223,E1,2022-10-25,Coventry,Rotherham,A Davies
2223,E1,2022-10-28,Birmingham,QPR,T Robinson
2223,E1,2022-10-29,Bristol City,Swansea,A Marriner
2223,E1,2022-10-29,Burnley,Reading,J Simpson
2223,E1,2022-10-29,Cardiff,Rotherham,O Langford
2223,E1,2022-10-29,Coventry,Blackpool,D Bond
2223,E1,2022-10-29,Huddersfield,Millwall,S Martin
2223,E1,2022-10-29,Hull,Blackburn,D Webb
2223,E1,2022-10-29,Luton,Sunderland,J Linington
2223,E1,2022-10-29,Norwich,Stoke,K Stroud
2223,E1,2022-10-29,Preston,Middlesbrough,G Ward
2223,E1,2022-10-29,West Brom,Sheffield United,D Whitestone
2223,E1,2022-10-29,Wigan,Watford,M Donohue
2223,E1,2022-11-01,Bristol City,Sheffield United,S Martin
2223,E1,2022-11-01,Coventry,Blackburn,T Robinson
2223,E1,2022-11-01,Hull,Middlesbrough,D Whitestone
2223,E1,2022-11-01,Luton,Reading,J Brooks
2223,E1,2022-11-01,Preston,Swansea,J Busby
2223,E1,2022-11-01,West Brom,Blackpool,G Ward
2223,E1,2022-11-02,Birmingham,Millwall,G Scott
2223,E1,2022-11-02,Burnley,Rotherham,L Doughty
2223,E1,2022-11-02,Cardiff,Watford,K Stroud
2223,E1,2022-11-02,Huddersfield,Sunderland,O Langford
2223,E1,2022-11-02,Norwich,QPR,A Davies
2223,E1,2022-11-02,Wigan,Stoke,S Barrott
2223,E1,2022-11-04,Reading,Preston,D Webb
2223,E1,2022-11-05,Blackburn,Huddersfield,J Linington
2223,E1,2022-11-05,Blackpool,Luton,T Robinson
2223,E1,2022-11-05,Middlesbrough,Bristol City,M Donohue
2223,E1,2022-11-05,Millwall,Hull,J Busby
2223,E1,2022-11-05,QPR,West Brom,T Bramall
2223,E1,2022-11-05,Rotherham,Norwich,D Whitestone
2223,E1,2022-11-05,Sheffield United,Burnley,D Bond
2223,E1,2022-11-05,Stoke,Birmingham,J Smith
2223,E1,2022-11-05,Sunderland,Cardiff,A Davies
2223,E1,2022-11-05,Swansea,Wigan,C Pawson
2223,E1,2022-11-05,Watford,Coventry,L Doughty
2223,E1,2022-11-08,Birmingham,Swansea,A Woolmer
2223,E1,2022-11-08,Blackpool,Middlesbrough,J Simpson
2223,E1,2022-11-08,Cardiff,Hull,J Bell
2223,E1,2022-11-08,Coventry,Wigan,S Martin
2223,E1,2022-11-08,QPR,Huddersfield,G Ward
2223,E1,2022-11-08,Sheffield United,Rotherham,K Stroud
2223,E1,2022-11-08,Stoke,Luton,O Langford
2223,E1,2022-11-08,Watford,Reading,J Linington
2223,E1,2022-11-11,Birmingham,Sunderland,A Madley
2223,E1,2022-11-12,Bristol City,Watford,D Webb
2223,E1,2022-11-12,Cardiff,Sheffield United,M Donohue
2223,E1,2022-11-12,Coventry,QPR,K Stroud
2223,E1,2022-11-12,Huddersfield,Swansea,B Toner
2223,E1,2022-11-12,Hull,Reading,G Ward
2223,E1,2022-11-12,Luton,Rotherham,S Martin
2223,E1,2022-11-12,Norwich,Middlesbrough,L Doughty
2223,E1,2022-11-12,Preston,Millwall,O Langford
2223,E1,2022-11-12,West Brom,Stoke,J Bell
2223,E1,2022-11-12,Wigan,Blackpool,A Davies
2223,E1,2022-11-13,Burnley,Blackburn,D Coote
2223,E1,2022-12-03,Sunderland,Millwall,T Robinson
2223,E1,2022-12-10,Blackburn,Preston,J Smith
2223,E1,2022-12-10,Blackpool,Birmingham,T Bramall
2223,E1,2022-12-10,Middlesbrough,Luton,G Ward
2223,E1,2022-12-10,Millwall,Wigan,K Stroud
2223,E1,2022-12-10,Reading,Coventry,M Donohue
2223,E1,2022-12-10,Rotherham,Bristol City,S Barrott
2223,E1,2022-12-10,Sheffield United,Huddersfield,D Bond
2223,E1,2022-12-10,Stoke,Cardiff,A Woolmer
2223,E1,2022-12-10,Swansea,Norwich,S Martin
2223,E1,2022-12-11,QPR,Burnley,P Bankes
2223,E1,2022-12-11,Watford,Hull,D Whitestone
2223,E1,2022-12-12,Sunderland,West Brom,J Linington
2223,E1,2022-12-16,Birmingham,Reading,T Robinson
2223,E1,2022-12-17,Bristol City,Stoke,G Eltringham
2223,E1,2022-12-17,Burnley,Middlesbrough,D Webb
2223,E1,2022-12-17,Cardiff,Blackpool,J Smith
2223,E1,2022-12-17,Coventry,Swansea,R Jones
2223,E1,2022-12-17,Huddersfield,Watford,L Doughty
2223,E1,2022-12-17,Hull,Sunderland,G Ward
2223,E1,2022-12-17,Norwich,Blackburn,P Tierney
2223,E1,2022-12-17,Preston,QPR,O Langford
2223,E1,2022-12-17,West Brom,Rotherham,J Busby
2223,E1,2022-12-19,Wigan,Sheffield United,D Whitestone
2223,E1,2022-12-21,Coventry,West Brom,K Stroud
2223,E1,2022-12-26,Bristol City,West Brom,S Martin
2223,E1,2022-12-26,Cardiff,QPR,K Stroud
2223,E1,2022-12-26,Hull,Blackpool,J Brooks
2223,E1,2022-12-26,Luton,Norwich,T Robinson
2223,E1,2022-12-26,Middlesbrough,Wigan,O Langford
2223,E1,2022-12-26,Preston,Huddersfield,G Eltringham
2223,E1,2022-12-26,Rotherham,Stoke,D Webb
2223,E1,2022-12-26,Sheffield United,Coventry,M Donohue
2223,E1,2022-12-26,Sunderland,Blackburn,D Bond
2223,E1,2022-12-26,Watford,Millwall,J Smith
2223,E1,2022-12-27,Burnley,Birmingham,D England
2223,E1,2022-12-27,Reading,Swansea,J Linington
2223,E1,2022-12-29,Blackburn,Middlesbrough,L Doughty
2223,E1,2022-12-29,Blackpool,Sheffield United,P Bankes
2223,E1,2022-12-29,Coventry,Cardiff,A Backhouse
2223,E1,2022-12-29,Huddersfield,Rotherham,J Simpson
2223,E1,2022-12-29,Millwall,Bristol City,D Whitestone
2223,E1,2022-12-29,QPR,Luton,G Ward
2223,E1,2022-12-29,West Brom,Preston,A Woolmer
2223,E1,2022-12-29,Wigan,Sunderland,M Salisbury
2223,E1,2022-12-30,Birmingham,Hull,S Martin
2223,E1,2022-12-30,Norwich,Reading,D Webb
2223,E1,2022-12-30,Stoke,Burnley,K Stroud
2223,E1,2022-12-30,Swansea,Watford,J Busby
2223,E1,2023-01-01,Blackburn,Cardiff,T Bramall
2223,E1,2023-01-01,Blackpool,Sunderland,T Robinson
2223,E1,2023-01-01,Coventry,Bristol City,J Simpson
2223,E1,2023-01-01,Huddersfield,Luton,M Donohue
2223,E1,2023-01-01,Millwall,Rotherham,G Ward
2223,E1,2023-01-02,Birmingham,Middlesbrough,D Whitestone
2223,E1,2023-01-02,Norwich,Watford,J Linington
2223,E1,2023-01-02,QPR,Sheffield United,J Smith
2223,E1,2023-01-02,Stoke,Preston,L Doughty
2223,E1,2023-01-02,Swansea,Burnley,O Langford
2223,E1,2023-01-02,West Brom,Reading,T Nield
2223,E1,2023-01-02,Wigan,Hull,G Eltringham
2223,E1,2023-01-14,Bristol City,Birmingham,J Busby
2223,E1,2023-01-14,Burnley,Coventry,D Webb
2223,E1,2023-01-14,Cardiff,Wigan,J Simpson
2223,E1,2023-01-14,Hull,Huddersfield,T Bramall
2223,E1,2023-01-14,Luton,West Brom,J Smith
2223,E1,2023-01-14,Middlesbrough,Millwall,M Donohue
2223,E1,2023-01-14,Preston,Norwich,S Martin
2223,E1,2023-01-14,Reading,QPR,D Bond
2223,E1,2023-01-14,Rotherham,Blackburn,D Whitestone
2223,E1,2023-01-14,Sheffield United,Stoke,M Salisbury
2223,E1,2023-01-14,Sunderland,Swansea,K Stroud
2223,E1,2023-01-14,Watford,Blackpool,G Ward
2223,E1,2023-01-20,Burnley,West Brom,J Gillett
2223,E1,2023-01-20,Sheffield United,Hull,D Bond
2223,E1,2023-01-21,Birmingham,Preston,R Welch
2223,E1,2023-01-21,Bristol City,Blackburn,T Robinson
2223,E1,2023-01-21,Cardiff,Millwall,L Doughty
2223,E1,2023-01-21,Coventry,Norwich,J Smith
2223,E1,2023-01-21,QPR,Swansea,J Busby
2223,E1,2023-01-21,Stoke,Reading,G Ward
2223,E1,2023-01-21,Watford,Rotherham,D Webb
2223,E1,2023-01-21,Wigan,Luton,A Woolmer
2223,E1,2023-01-22,Sunderland,Middlesbrough,J Linington
2223,E1,2023-01-28,Coventry,Huddersfield,S Stockbridge
2223,E1,2023-01-28,Hull,QPR,J Linington
2223,E1,2023-01-28,Middlesbrough,Watford,D Bond
2223,E1,2023-01-31,Luton,Cardiff,G Eltringham
2223,E1,2023-02-03,West Brom,Coventry,G Ward
2223,E1,2023-02-04,Huddersfield,QPR,G Eltringham
2223,E1,2023-02-04,Hull,Cardiff,D Webb
2223,E1,2023-02-04,Luton,Stoke,D Whitestone
2223,E1,2023-02-04,Middlesbrough,Blackpool,T Robinson
2223,E1,2023-02-04,Millwall,Sunderland,T Bramall
2223,E1,2023-02-04,Norwich,Burnley,K Stroud
2223,E1,2023-02-04,Preston,Bristol City,L Doughty
2223,E1,2023-02-04,Reading,Watford,S Martin
2223,E1,2023-02-04,Rotherham,Sheffield United,G Scott
2223,E1,2023-02-04,Swansea,Birmingham,J Simpson
2223,E1,2023-02-06,Blackburn,Wigan,M Donohue
2223,E1,2023-02-07,Blackpool,Huddersfield,G Scott
2223,E1,2023-02-10,Birmingham,West Brom,J Linington
2223,E1,2023-02-11,Blackpool,Rotherham,J Smith
2223,E1,2023-02-11,Bristol City,Norwich,C Kavanagh
2223,E1,2023-02-11,Burnley,Preston,D Bond
2223,E1,2023-02-11,Cardiff,Middlesbrough,J Busby
2223,E1,2023-02-11,Coventry,Luton,S Martin
2223,E1,2023-02-11,QPR,Millwall,D Whitestone
2223,E1,2023-02-11,Sheffield United,Swansea,M Donohue
2223,E1,2023-02-11,Stoke,Hull,A Woolmer
2223,E1,2023-02-11,Sunderland,Reading,D Coote
2223,E1,2023-02-11,Watford,Blackburn,J Simpson
2223,E1,2023-02-11,Wigan,Huddersfield,G Ward
2223,E1,2023-02-14,Birmingham,Cardiff,G Ward
2223,E1,2023-02-14,Burnley,Watford,L Doughty
2223,E1,2023-02-14,Coventry,Millwall,M Donohue
2223,E1,2023-02-14,Norwich,Hull,D Whitestone
2223,E1,2023-02-14,QPR,Sunderland,P Bankes
2223,E1,2023-02-14,Reading,Rotherham,J Busby
2223,E1,2023-02-15,Bristol City,Wigan,K Stroud
2223,E1,2023-02-15,Preston,Luton,J Smith
2223,E1,2023-02-15,Sheffield United,Middlesbrough,A Marriner
2223,E1,2023-02-15,Stoke,Huddersfield,J Linington
2223,E1,2023-02-15,Swansea,Blackpool,G Eltringham
2223,E1,2023-02-15,West Brom,Blackburn,D Webb
2223,E1,2023-02-17,Cardiff,Reading,D Bond
2223,E1,2023-02-18,Blackburn,Swansea,T Bramall
2223,E1,2023-02-18,Blackpool,Stoke,M Donohue
2223,E1,2023-02-18,Huddersfield,Birmingham,J Busby
2223,E1,2023-02-18,Hull,Preston,S Allison
2223,E1,2023-02-18,Luton,Burnley,J Simpson
2223,E1,2023-02-18,Middlesbrough,QPR,D Webb
2223,E1,2023-02-18,Millwall,Sheffield United,S Martin
2223,E1,2023-02-18,Rotherham,Coventry,K Stroud
2223,E1,2023-02-18,Sunderland,Bristol City,G Ward
2223,E1,2023-02-18,Wigan,Norwich,G Eltringham
2223,E1,2023-02-20,Watford,West Brom,T Robinson
2223,E1,2023-02-21,Blackburn,Blackpool,D Whitestone
2223,E1,2023-02-21,Millwall,Burnley,J Linington
2223,E1,2023-02-21,Norwich,Birmingham,J Gillett
2223,E1,2023-02-21,Rotherham,Sunderland,C Kavanagh
2223,E1,2023-02-21,Swansea,Stoke,A Woolmer
2223,E1,2023-02-25,Birmingham,Luton,D Webb
2223,E1,2023-02-25,Bristol City,Hull,S Barrott
2223,E1,2023-02-25,Burnley,Huddersfield,M Donohue
2223,E1,2023-02-25,Coventry,Sunderland,D Whitestone
2223,E1,2023-02-25,Norwich,Cardiff,J Linington
2223,E1,2023-02-25,Preston,Wigan,T Bramall
2223,E1,2023-02-25,QPR,Blackburn,L Doughty
2223,E1,2023-02-25,Reading,Blackpool,J Brooks
2223,E1,2023-02-25,Sheffield United,Watford,K Stroud
2223,E1,2023-02-25,Stoke,Millwall,T Robinson
2223,E1,2023-02-25,West Brom,Middlesbrough,D Bond
2223,E1,2023-02-27,Swansea,Rotherham,G Ward
2223,E1,2023-02-28,Luton,Millwall,G Eltringham
2223,E1,2023-02-28,Preston,Coventry,J Busby
2223,E1,2023-03-03,Hull,West Brom,J Linington
2223,E1,2023-03-04,Blackburn,Sheffield United,J Smith
2223,E1,2023-03-04,Blackpool,Burnley,T Bramall
2223,E1,2023-03-04,Cardiff,Bristol City,M Donohue
2223,E1,2023-03-04,Huddersfield,Coventry,D Webb
2223,E1,2023-03-04,Luton,Swansea,D Whitestone
2223,E1,2023-03-04,Middlesbrough,Reading,K Stroud
2223,E1,2023-03-04,Millwall,Norwich,G Scott
2223,E1,2023-03-04,Rotherham,QPR,D Bond
2223,E1,2023-03-04,Sunderland,Stoke,J Simpson
2223,E1,2023-03-04,Watford,Preston,G Ward
2223,E1,2023-03-04,Wigan,Birmingham,S Martin
2223,E1,2023-03-07,Huddersfield,Bristol City,L Doughty
2223,E1,2023-03-07,Reading,Sheffield United,D Whitestone
2223,E1,2023-03-07,West Brom,Wigan,R Welch
2223,E1,2023-03-10,Stoke,Blackburn,M Donohue
2223,E1,2023-03-11,Birmingham,Rotherham,G Eltringham
2223,E1,2023-03-11,Bristol City,Blackpool,D Bond
2223,E1,2023-03-11,Burnley,Wigan,J Busby
2223,E1,2023-03-11,Coventry,Hull,J Smith
2223,E1,2023-03-11,Preston,Cardiff,D Webb
2223,E1,2023-03-11,QPR,Watford,J Linington
2223,E1,2023-03-11,Reading,Millwall,M Salisbury
2223,E1,2023-03-11,Sheffield United,Luton,L Doughty
2223,E1,2023-03-11,Swansea,Middlesbrough,P Bankes
2223,E1,2023-03-11,West Brom,Huddersfield,D Whitestone
2223,E1,2023-03-12,Norwich,Sunderland,T Robinson
2223,E1,2023-03-14,Blackpool,QPR,J Simpson
2223,E1,2023-03-14,Middlesbrough,Stoke,C Pawson
2223,E1,2023-03-14,Millwall,Swansea,D Webb
2223,E1,2023-03-14,Rotherham,Preston,S Martin
2223,E1,2023-03-14,Watford,Birmingham,D England
2223,E1,2023-03-14,Wigan,Coventry,A Woolmer
2223,E1,2023-03-15,Blackburn,Reading,D Bond
2223,E1,2023-03-15,Cardiff,West Brom,L Doughty
2223,E1,2023-03-15,Huddersfield,Norwich,K Stroud
2223,E1,2023-03-15,Hull,Burnley,T Robinson
2223,E1,2023-03-15,Luton,Bristol City,J Busby
2223,E1,2023-03-15,Sunderland,Sheffield United,M Donohue
2223,E1,2023-03-18,Blackpool,Coventry,G Eltringham
2223,E1,2023-03-18,Middlesbrough,Preston,M Donohue
2223,E1,2023-03-18,Millwall,Huddersfield,A Davies
2223,E1,2023-03-18,QPR,Birmingham,K Stroud
2223,E1,2023-03-18,Reading,Hull,G Ward
2223,E1,2023-03-18,Stoke,Norwich,D Webb
2223,E1,2023-03-18,Sunderland,Luton,S Oldham
2223,E1,2023-03-18,Watford,Wigan,G Scott
2223,E1,2023-03-19,Swansea,Bristol City,J Simpson
2223,E1,2023-03-31,Burnley,Sunderland,J Gillett
2223,E1,2023-04-01,Birmingham,Blackburn,A Davies
2223,E1,2023-04-01,Bristol City,Reading,S Martin
2223,E1,2023-04-01,Cardiff,Swansea,K Stroud
2223,E1,2023-04-01,Coventry,Stoke,S Barrott
2223,E1,2023-04-01,Huddersfield,Middlesbrough,J Busby
2223,E1,2023-04-01,Hull,Rotherham,D Webb
2223,E1,2023-04-01,Luton,Watford,J Smith
2223,E1,2023-04-01,Norwich,Sheffield United,D Bond
2223,E1,2023-04-01,Preston,Blackpool,A Marriner
2223,E1,2023-04-01,West Brom,Millwall,J Simpson
2223,E1,2023-04-01,Wigan,QPR,G Ward
2223,E1,2023-04-07,Blackburn,Norwich,A Marriner
2223,E1,2023-04-07,Blackpool,Cardiff,J Smith
2223,E1,2023-04-07,Middlesbrough,Burnley,D Bond
2223,E1,2023-04-07,Millwall,Luton,D England
2223,E1,2023-04-07,QPR,Preston,G Eltringham
2223,E1,2023-04-07,Reading,Birmingham,S Oldham
2223,E1,2023-04-07,Rotherham,West Brom,T Robinson
2223,E1,2023-04-07,Sheffield United,Wigan,A Davies
2223,E1,2023-04-07,Stoke,Bristol City,O Langford
2223,E1,2023-04-07,Sunderland,Hull,K Stroud
2223,E1,2023-04-07,Swansea,Coventry,J Busby
2223,E1,2023-04-07,Watford,Huddersfield,D Webb
2223,E1,2023-04-10,Birmingham,Stoke,D Bond
2223,E1,2023-04-10,Bristol City,Middlesbrough,T Robinson
2223,E1,2023-04-10,Burnley,Sheffield United,M Salisbury
2223,E1,2023-04-10,Cardiff,Sunderland,T Bramall
2223,E1,2023-04-10,Coventry,Watford,K Stroud
2223,E1,2023-04-10,Huddersfield,Blackburn,S Martin
2223,E1,2023-04-10,Hull,Millwall,J Smith
2223,E1,2023-04-10,Luton,Blackpool,A Davies
2223,E1,2023-04-10,Norwich,Rotherham,J Simpson
2223,E1,2023-04-10,Preston,Reading,J Busby
2223,E1,2023-04-10,West Brom,QPR,M Donohue
2223,E1,2023-04-10,Wigan,Swansea,S Allison
2223,E1,2023-04-14,Middlesbrough,Norwich,J Smith
2223,E1,2023-04-15,Blackburn,Hull,J Busby
2223,E1,2023-04-15,Blackpool,Wigan,T Bramall
2223,E1,2023-04-15,Millwall,Preston,T Robinson
2223,E1,2023-04-15,QPR,Coventry,M Salisbury
2223,E1,2023-04-15,Reading,Burnley,O Langford
2223,E1,2023-04-15,Rotherham,Luton,L Doughty
2223,E1,2023-04-15,Sheffield United,Cardiff,D Webb
2223,E1,2023-04-15,Stoke,West Brom,A Woolmer
2223,E1,2023-04-15,Sunderland,Birmingham,S Martin
2223,E1,2023-04-15,Swansea,Huddersfield,M Donohue
2223,E1,2023-04-15,Watford,Bristol City,D Whitestone
2223,E1,2023-04-18,Blackpool,West Brom,S Martin
2223,E1,2023-04-18,Millwall,Birmingham,D Whitestone
2223,E1,2023-04-18,Rotherham,Burnley,R Madley
2223,E1,2023-04-18,Sheffield United,Bristol City,G Eltringham
2223,E1,2023-04-18,Stoke,Wigan,T Nield
2223,E1,2023-04-18,Sunderland,Huddersfield,L Doughty
2223,E1,2023-04-19,Blackburn,Coventry,J Simpson
2223,E1,2023-04-19,Middlesbrough,Hull,A Davies
2223,E1,2023-04-19,QPR,Norwich,K Stroud
2223,E1,2023-04-19,Reading,Luton,T Robinson
2223,E1,2023-04-19,Swansea,Preston,O Langford
2223,E1,2023-04-19,Watford,Cardiff,J Gillett
2223,E1,2023-04-22,Birmingham,Blackpool,K Stroud
2223,E1,2023-04-22,Bristol City,Rotherham,J Smith
2223,E1,2023-04-22,Burnley,QPR,D Whitestone
2223,E1,2023-04-22,Cardiff,Stoke,A Davies
2223,E1,2023-04-22,Coventry,Reading,M Donohue
2223,E1,2023-04-22,Hull,Watford,O Langford
2223,E1,2023-04-22,Norwich,Swansea,D Webb
2223,E1,2023-04-22,Preston,Blackburn,R Jones
2223,E1,2023-04-22,Wigan,Millwall,R Madley
2223,E1,2023-04-23,West Brom,Sunderland,J Busby
2223,E1,2023-04-24,Luton,Middlesbrough,G Scott
2223,E1,2023-04-25,Blackburn,Burnley,T Robinson
2223,E1,2023-04-26,Sheffield United,West Brom,D Whitestone
2223,E1,2023-04-27,Rotherham,Cardiff,O Langford
2223,E1,2023-04-28,Blackpool,Millwall,M Donohue
2223,E1,2023-04-29,Bristol City,Burnley,D Webb
2223,E1,2023-04-29,Coventry,Birmingham,J Linington
2223,E1,2023-04-29,Hull,Swansea,G Eltringham
2223,E1,2023-04-29,Reading,Wigan,A Davies
2223,E1,2023-04-29,Sheffield United,Preston,S Martin
2223,E1,2023-04-29,Stoke,QPR,L Doughty
2223,E1,2023-04-29,Sunderland,Watford,G Ward
2223,E1,2023-04-29,West Brom,Norwich,R Madley
2223,E1,2023-04-30,Cardiff,Huddersfield,M Salisbury
2223,E1,2023-05-01,Blackburn,Luton,D England
2223,E1,2023-05-01,Rotherham,Middlesbrough,K Stroud
2223,E1,2023-05-04,Huddersfield,Sheffield United,J Busby
2223,E1,2023-05-08,Birmingham,Sheffield United,D Webb
2223,E1,2023-05-08,Burnley,Cardiff,M Donohue
2223,E1,2023-05-08,Huddersfield,Reading,J Smith
2223,E1,2023-05-08,Luton,Hull,J Linington
2223,E1,2023-05-08,Middlesbrough,Coventry,J Busby
2223,E1,2023-05-08,Millwall,Blackburn,C Pawson
2223,E1,2023-05-08,Norwich,Blackpool,J Bell
2223,E1,2023-05-08,Preston,Sunderland,R Madley
2223,E1,2023-05-08,QPR,Bristol City,A Woolmer
2223,E1,2023-05-08,Swansea,West Brom,K Stroud
2223,E1,2023-05-08,Watford,Stoke,L Smith
2223,E1,2023-05-08,Wigan,Rotherham,T Robinson
2223,E2,2022-07-30,Accrington,Charlton,B Speedie
2223,E2,2022-07-30,Bristol Rvs,Forest Green,R Lewis
2223,E2,2022-07-30,Cambridge,Milton Keynes Dons,J Busby
2223,E2,2022-07-30,Cheltenham,Peterboro,T Nield
2223,E2,2022-07-30,Derby,Oxford,A Backhouse
2223,E2,2022-07-30,Ipswich,Bolton,S Barrott
2223,E2,2022-07-30,Lincoln,Exeter,A Haines
2223,E2,2022-07-30,Morecambe,Shrewsbury,M Edwards
2223,E2,2022-07-30,Plymouth,Barnsley,C Breakspear
2223,E2,2022-07-30,Port Vale,Fleetwood Town,P Wright
2223,E2,2022-07-30,Sheffield Weds,Portsmouth,S Stockbridge
2223,E2,2022-07-30,Wycombe,Burton,G Ward
2223,E2,2022-08-06,Barnsley,Cheltenham,C Brook
2223,E2,2022-08-06,Bolton,Wycombe,B Toner
2223,E2,2022-08-06,Burton,Bristol Rvs,R Joyce
2223,E2,2022-08-06,Charlton,Derby,C Pollard
2223,E2,2022-08-06,Exeter,Port Vale,C Breakspear
2223,E2,2022-08-06,Fleetwood Town,Plymouth,R Lewis
2223,E2,2022-08-06,Forest Green,Ipswich,C Hicks
2223,E2,2022-08-06,Milton Keynes Dons,Sheffield Weds,A Backhouse
2223,E2,2022-08-06,Oxford,Cambridge,T Reeves
2223,E2,2022-08-06,Peterboro,Morecambe,D Whitestone
2223,E2,2022-08-06,Portsmouth,Lincoln,D Rock
2223,E2,2022-08-06,Shrewsbury,Accrington,A Haines
2223,E2,2022-08-13,Accrington,Burton,S Barrott
2223,E2,2022-08-13,Bristol Rvs,Oxford,O Langford
2223,E2,2022-08-13,Cambridge,Exeter,S Purkiss
2223,E2,2022-08-13,Cheltenham,Portsmouth,B Toner
2223,E2,2022-08-13,Derby,Barnsley,P Wright
2223,E2,2022-08-13,Ipswich,Milton Keynes Dons,C Brook
2223,E2,2022-08-13,Lincoln,Forest Green,D Bourne
2223,E2,2022-08-13,Morecambe,Fleetwood Town,S Stockbridge
2223,E2,2022-08-13,Plymouth,Peterboro,T Reeves
2223,E2,2022-08-13,Port Vale,Bolton,R Joyce
2223,E2,2022-08-13,Sheffield Weds,Charlton,B Madden
2223,E2,2022-08-13,Wycombe,Shrewsbury,L Swabey
2223,E2,2022-08-16,Barnsley,Bristol Rvs,D Drysdale
2223,E2,2022-08-16,Bolton,Morecambe,A Backhouse
2223,E2,2022-08-16,Burton,Ipswich,B Toner
2223,E2,2022-08-16,Charlton,Plymouth,S Purkiss
2223,E2,2022-08-16,Exeter,Wycombe,J Busby
2223,E2,2022-08-16,Fleetwood Town,Cheltenham,A Kitchen
2223,E2,2022-08-16,Milton Keynes Dons,Port Vale,T Nield
2223,E2,2022-08-16,Oxford,Lincoln,S Barrott
2223,E2,2022-08-16,Peterboro,Sheffield Weds,J Oldham
2223,E2,2022-08-16,Portsmouth,Cambridge,C Pollard
2223,E2,2022-08-16,Shrewsbury,Derby,S Oldham
2223,E2,2022-08-20,Barnsley,Wycombe,O Yates
2223,E2,2022-08-20,Bolton,Sheffield Weds,C Breakspear
2223,E2,2022-08-20,Burton,Port Vale,A Haines
2223,E2,2022-08-20,Charlton,Cambridge,C Brook
2223,E2,2022-08-20,Exeter,Cheltenham,R Lewis
2223,E2,2022-08-20,Fleetwood Town,Derby,R Joyce
2223,E2,2022-08-20,Forest Green,Plymouth,D Drysdale
2223,E2,2022-08-20,Milton Keynes Dons,Accrington,T Reeves
2223,E2,2022-08-20,Oxford,Morecambe,B Speedie
2223,E2,2022-08-20,Peterboro,Lincoln,R Welch
2223,E2,2022-08-20,Portsmouth,Bristol Rvs,G Ward
2223,E2,2022-08-20,Shrewsbury,Ipswich,W Finnie
2223,E2,2022-08-27,Accrington,Exeter,S Stockbridge
2223,E2,2022-08-27,Bristol Rvs,Shrewsbury,S Purkiss
2223,E2,2022-08-27,Cambridge,Burton,B Speedie
2223,E2,2022-08-27,Cheltenham,Oxford,C Breakspear
2223,E2,2022-08-27,Derby,Peterboro,B Madden
2223,E2,2022-08-27,Ipswich,Barnsley,S Martin
2223,E2,2022-08-27,Lincoln,Fleetwood Town,O Yates
2223,E2,2022-08-27,Morecambe,Milton Keynes Dons,S Barrott
2223,E2,2022-08-27,Plymouth,Bolton,W Finnie
2223,E2,2022-08-27,Port Vale,Portsmouth,C Hicks
2223,E2,2022-08-27,Sheffield Weds,Forest Green,S Mather
2223,E2,2022-08-27,Wycombe,Charlton,D Rock
2223,E2,2022-09-03,Accrington,Ipswich,A Backhouse
2223,E2,2022-09-03,Bolton,Charlton,T Reeves
2223,E2,2022-09-03,Bristol Rvs,Morecambe,D Whitestone
2223,E2,2022-09-03,Cambridge,Lincoln,S Allison
2223,E2,2022-09-03,Derby,Plymouth,O Yates
2223,E2,2022-09-03,Exeter,Milton Keynes Dons,B Toner
2223,E2,2022-09-03,Fleetwood Town,Wycombe,J Oldham
2223,E2,2022-09-03,Forest Green,Shrewsbury,P Wright
2223,E2,2022-09-03,Oxford,Burton,B Madden
2223,E2,2022-09-03,Port Vale,Cheltenham,R Welch
2223,E2,2022-09-03,Portsmouth,Peterboro,S Barrott
2223,E2,2022-09-03,Sheffield Weds,Barnsley,J Smith
2223,E2,2022-09-06,Forest Green,Accrington,A Woolmer
2223,E2,2022-09-13,Barnsley,Port Vale,T Parsons
2223,E2,2022-09-13,Burton,Portsmouth,R Lewis
2223,E2,2022-09-13,Charlton,Forest Green,J Busby
2223,E2,2022-09-13,Cheltenham,Cambridge,K Stroud
2223,E2,2022-09-13,Ipswich,Bristol Rvs,A Young
2223,E2,2022-09-13,Lincoln,Derby,T Kirk
2223,E2,2022-09-13,Milton Keynes Dons,Bolton,C Pollard
2223,E2,2022-09-13,Morecambe,Sheffield Weds,A Kitchen
2223,E2,2022-09-13,Peterboro,Fleetwood Town,W Finnie
2223,E2,2022-09-13,Plymouth,Oxford,C Hicks
2223,E2,2022-09-13,Shrewsbury,Exeter,M Woods
2223,E2,2022-09-13,Wycombe,Accrington,D Drysdale
2223,E2,2022-09-17,Accrington,Cheltenham,S Martin
2223,E2,2022-09-17,Bolton,Peterboro,C Brook
2223,E2,2022-09-17,Bristol Rvs,Lincoln,T Nield
2223,E2,2022-09-17,Cambridge,Barnsley,D Bourne
2223,E2,2022-09-17,Derby,Wycombe,S Barrott
2223,E2,2022-09-17,Exeter,Burton,N Hair
2223,E2,2022-09-17,Fleetwood Town,Charlton,S Mather
2223,E2,2022-09-17,Forest Green,Morecambe,O Yates
2223,E2,2022-09-17,Oxford,Milton Keynes Dons,A Kitchen
2223,E2,2022-09-17,Port Vale,Shrewsbury,B Speedie
2223,E2,2022-09-17,Portsmouth,Plymouth,J Bell
2223,E2,2022-09-17,Sheffield Weds,Ipswich,P Wright
2223,E2,2022-09-24,Barnsley,Charlton,A Herczeg
2223,E2,2022-09-24,Bristol Rvs,Accrington,L Swabey
2223,E2,2022-09-24,Forest Green,Exeter,B Speedie
2223,E2,2022-09-24,Morecambe,Cambridge,B Madden
2223,E2,2022-09-24,Peterboro,Port Vale,A Backhouse
2223,E2,2022-09-24,Sheffield Weds,Wycombe,M Donohue
2223,E2,2022-09-24,Shrewsbury,Burton,T Kirk
2223,E2,2022-09-25,Plymouth,Ipswich,S Oldham
2223,E2,2022-10-01,Accrington,Morecambe,J Oldham
2223,E2,2022-10-01,Bolton,Lincoln,N Hair
2223,E2,2022-10-01,Burton,Forest Green,S Gill
2223,E2,2022-10-01,Cambridge,Derby,S Mather
2223,E2,2022-10-01,Charlton,Oxford,R Madley
2223,E2,2022-10-01,Cheltenham,Shrewsbury,C Brook
2223,E2,2022-10-01,Exeter,Bristol Rvs,D Bourne
2223,E2,2022-10-01,Fleetwood Town,Barnsley,S Barrott
2223,E2,2022-10-01,Ipswich,Portsmouth,C Breakspear
2223,E2,2022-10-01,Milton Keynes Dons,Peterboro,O Yates
2223,E2,2022-10-01,Port Vale,Sheffield Weds,C Pollard
2223,E2,2022-10-01,Wycombe,Plymouth,J Busby
2223,E2,2022-10-04,Burton,Fleetwood Town,C Breakspear
2223,E2,2022-10-04,Cheltenham,Bolton,G Ward
2223,E2,2022-10-04,Ipswich,Cambridge,R Lewis
2223,E2,2022-10-04,Plymouth,Sheffield Weds,A Davies
2223,E2,2022-10-08,Barnsley,Exeter,M Coy
2223,E2,2022-10-08,Bristol Rvs,Cambridge,B Toner
2223,E2,2022-10-08,Derby,Port Vale,S Allison
2223,E2,2022-10-08,Forest Green,Bolton,M Edwards
2223,E2,2022-10-08,Lincoln,Charlton,R Lewis
2223,E2,2022-10-08,Morecambe,Ipswich,T Kirk
2223,E2,2022-10-08,Oxford,Wycombe,K Stroud
2223,E2,2022-10-08,Peterboro,Burton,S Stockbridge
2223,E2,2022-10-08,Plymouth,Accrington,N Hair
2223,E2,2022-10-08,Portsmouth,Fleetwood Town,J Oldham
2223,E2,2022-10-08,Sheffield Weds,Cheltenham,B Speedie
2223,E2,2022-10-08,Shrewsbury,Milton Keynes Dons,A Woolmer
2223,E2,2022-10-11,Charlton,Exeter,C Hicks
2223,E2,2022-10-11,Milton Keynes Dons,Bristol Rvs,S Oldham
2223,E2,2022-10-11,Peterboro,Forest Green,D Handley
2223,E2,2022-10-15,Accrington,Derby,W Finnie
2223,E2,2022-10-15,Bolton,Barnsley,D Rock
2223,E2,2022-10-15,Burton,Morecambe,D Handley
2223,E2,2022-10-15,Cambridge,Sheffield Weds,C Boyeson
2223,E2,2022-10-15,Cheltenham,Bristol Rvs,S Barrott
2223,E2,2022-10-15,Exeter,Oxford,T Kirk
2223,E2,2022-10-15,Fleetwood Town,Shrewsbury,T Parsons
2223,E2,2022-10-15,Ipswich,Lincoln,A Davies
2223,E2,2022-10-15,Milton Keynes Dons,Plymouth,S Allison
2223,E2,2022-10-15,Port Vale,Forest Green,M Woods
2223,E2,2022-10-15,Wycombe,Peterboro,C Breakspear
2223,E2,2022-10-17,Charlton,Portsmouth,D Whitestone
2223,E2,2022-10-21,Ipswich,Derby,L Swabey
2223,E2,2022-10-22,Accrington,Bolton,B Madden
2223,E2,2022-10-22,Bristol Rvs,Plymouth,C Pollard
2223,E2,2022-10-22,Burton,Cheltenham,P Wright
2223,E2,2022-10-22,Cambridge,Port Vale,T Kirk
2223,E2,2022-10-22,Exeter,Fleetwood Town,T Nield
2223,E2,2022-10-22,Forest Green,Portsmouth,W Finnie
2223,E2,2022-10-22,Lincoln,Sheffield Weds,A Young
2223,E2,2022-10-22,Milton Keynes Dons,Wycombe,O Langford
2223,E2,2022-10-22,Morecambe,Barnsley,S Mather
2223,E2,2022-10-22,Oxford,Peterboro,A Woolmer
2223,E2,2022-10-22,Shrewsbury,Charlton,S Stockbridge
2223,E2,2022-10-25,Barnsley,Lincoln,J Oldham
2223,E2,2022-10-25,Bolton,Burton,S Allison
2223,E2,2022-10-25,Charlton,Milton Keynes Dons,N Hair
2223,E2,2022-10-25,Cheltenham,Morecambe,S Oldham
2223,E2,2022-10-25,Derby,Exeter,A Herczeg
2223,E2,2022-10-25,Fleetwood Town,Forest Green,A Backhouse
2223,E2,2022-10-25,Peterboro,Accrington,C Hicks
2223,E2,2022-10-25,Plymouth,Shrewsbury,A Woolmer
2223,E2,2022-10-25,Port Vale,Ipswich,A Kitchen
2223,E2,2022-10-25,Portsmouth,Oxford,S Purkiss
2223,E2,2022-10-25,Wycombe,Cambridge,P Wright
2223,E2,2022-10-26,Sheffield Weds,Bristol Rvs,O Langford
2223,E2,2022-10-29,Barnsley,Forest Green,B Madden
2223,E2,2022-10-29,Bolton,Oxford,O Yates
2223,E2,2022-10-29,Charlton,Ipswich,J Smith
2223,E2,2022-10-29,Cheltenham,Milton Keynes Dons,D Drysdale
2223,E2,2022-10-29,Derby,Bristol Rvs,M Coy
2223,E2,2022-10-29,Fleetwood Town,Accrington,G Eltringham
2223,E2,2022-10-29,Peterboro,Cambridge,S Oldham
2223,E2,2022-10-29,Port Vale,Lincoln,S Gill
2223,E2,2022-10-29,Portsmouth,Shrewsbury,T Reeves
2223,E2,2022-10-29,Sheffield Weds,Burton,D Rock
2223,E2,2022-10-29,Wycombe,Morecambe,A Young
2223,E2,2022-10-31,Plymouth,Exeter,C Breakspear
2223,E2,2022-11-01,Lincoln,Accrington,R Joyce
2223,E2,2022-11-01,Morecambe,Derby,M Edwards
2223,E2,2022-11-01,Oxford,Fleetwood Town,A Young
2223,E2,2022-11-01,Wycombe,Port Vale,R Lewis
2223,E2,2022-11-09,Shrewsbury,Oxford,M Woods
2223,E2,2022-11-12,Accrington,Sheffield Weds,C Breakspear
2223,E2,2022-11-12,Bristol Rvs,Fleetwood Town,B Madden
2223,E2,2022-11-12,Burton,Charlton,W Finnie
2223,E2,2022-11-12,Cambridge,Bolton,D Drysdale
2223,E2,2022-11-12,Exeter,Peterboro,T Reeves
2223,E2,2022-11-12,Forest Green,Wycombe,S Purkiss
2223,E2,2022-11-12,Ipswich,Cheltenham,G Eltringham
2223,E2,2022-11-12,Lincoln,Plymouth,C Hicks
2223,E2,2022-11-12,Milton Keynes Dons,Derby,J Linington
2223,E2,2022-11-12,Morecambe,Portsmouth,A Herczeg
2223,E2,2022-11-12,Oxford,Port Vale,D Rock
2223,E2,2022-11-12,Shrewsbury,Barnsley,C Pollard
2223,E2,2022-11-18,Portsmouth,Derby,B Speedie
2223,E2,2022-11-19,Barnsley,Milton Keynes Dons,A Haines
2223,E2,2022-11-19,Bristol Rvs,Peterboro,P Wright
2223,E2,2022-11-19,Burton,Plymouth,M Woods
2223,E2,2022-11-19,Cambridge,Accrington,C Pollard
2223,E2,2022-11-19,Cheltenham,Wycombe,M Edwards
2223,E2,2022-11-19,Exeter,Ipswich,A Young
2223,E2,2022-11-19,Fleetwood Town,Bolton,D Webb
2223,E2,2022-11-19,Lincoln,Morecambe,M Coy
2223,E2,2022-11-19,Oxford,Forest Green,S Mather
2223,E2,2022-11-19,Port Vale,Charlton,S Barrott
2223,E2,2022-11-19,Sheffield Weds,Shrewsbury,A Woolmer
2223,E2,2022-12-02,Bolton,Bristol Rvs,R Lewis
2223,E2,2022-12-02,Charlton,Cheltenham,A Young
2223,E2,2022-12-02,Ipswich,Fleetwood Town,S Purkiss
2223,E2,2022-12-02,Morecambe,Exeter,P Wright
2223,E2,2022-12-02,Peterboro,Barnsley,S Allison
2223,E2,2022-12-02,Plymouth,Port Vale,J Busby
2223,E2,2022-12-03,Accrington,Oxford,S Barrott
2223,E2,2022-12-03,Derby,Sheffield Weds,D Whitestone
2223,E2,2022-12-03,Forest Green,Cambridge,J Oldham
2223,E2,2022-12-03,Milton Keynes Dons,Burton,L Swabey
2223,E2,2022-12-03,Shrewsbury,Lincoln,B Madden
2223,E2,2022-12-04,Wycombe,Portsmouth,S Oldham
2223,E2,2022-12-10,Bristol Rvs,Port Vale,C Brook
2223,E2,2022-12-10,Burton,Derby,G Eltringham
2223,E2,2022-12-10,Cambridge,Plymouth,S Gill
2223,E2,2022-12-10,Exeter,Sheffield Weds,N Hair
2223,E2,2022-12-10,Forest Green,Cheltenham,T Reeves
2223,E2,2022-12-10,Ipswich,Peterboro,O Yates
2223,E2,2022-12-10,Lincoln,Wycombe,T Kirk
2223,E2,2022-12-10,Milton Keynes Dons,Fleetwood Town,M Coy
2223,E2,2022-12-10,Shrewsbury,Bolton,C Hicks
2223,E2,2022-12-17,Barnsley,Burton,A Young
2223,E2,2022-12-17,Bolton,Exeter,S Oldham
2223,E2,2022-12-17,Charlton,Bristol Rvs,S Allison
2223,E2,2022-12-17,Derby,Forest Green,R Joyce
2223,E2,2022-12-17,Plymouth,Morecambe,T Reeves
2223,E2,2022-12-17,Portsmouth,Milton Keynes Dons,S Barrott
2223,E2,2022-12-17,Sheffield Weds,Oxford,S Stockbridge
2223,E2,2022-12-17,Wycombe,Ipswich,B Toner
2223,E2,2022-12-26,Accrington,Barnsley,R Welch
2223,E2,2022-12-26,Burton,Lincoln,B Toner
2223,E2,2022-12-26,Cambridge,Shrewsbury,S Allison
2223,E2,2022-12-26,Charlton,Peterboro,D Drysdale
2223,E2,2022-12-26,Cheltenham,Plymouth,T Nield
2223,E2,2022-12-26,Exeter,Portsmouth,A Young
2223,E2,2022-12-26,Fleetwood Town,Sheffield Weds,D Handley
2223,E2,2022-12-26,Ipswich,Oxford,W Finnie
2223,E2,2022-12-26,Milton Keynes Dons,Forest Green,L Smith
2223,E2,2022-12-26,Port Vale,Morecambe,S Mather
2223,E2,2022-12-26,Wycombe,Bristol Rvs,S Gill
2223,E2,2022-12-27,Bolton,Derby,S Barrott
2223,E2,2022-12-29,Barnsley,Fleetwood Town,B Speedie
2223,E2,2022-12-29,Bristol Rvs,Exeter,S Mather
2223,E2,2022-12-29,Forest Green,Burton,T Kirk
2223,E2,2022-12-29,Morecambe,Accrington,S Stockbridge
2223,E2,2022-12-29,Oxford,Charlton,B Toner
2223,E2,2022-12-29,Peterboro,Milton Keynes Dons,D Rock
2223,E2,2022-12-29,Plymouth,Wycombe,C Brook
2223,E2,2022-12-29,Portsmouth,Ipswich,S Allison
2223,E2,2022-12-29,Sheffield Weds,Port Vale,D Drysdale
2223,E2,2022-12-29,Shrewsbury,Cheltenham,S Purkiss
2223,E2,2022-12-30,Derby,Cambridge,W Finnie
2223,E2,2022-12-30,Lincoln,Bolton,G Eltringham
2223,E2,2023-01-01,Bristol Rvs,Cheltenham,O Yates
2223,E2,2023-01-01,Forest Green,Port Vale,L Swabey
2223,E2,2023-01-01,Morecambe,Burton,A Backhouse
2223,E2,2023-01-01,Oxford,Exeter,D Drysdale
2223,E2,2023-01-01,Peterboro,Wycombe,S Barrott
2223,E2,2023-01-01,Plymouth,Milton Keynes Dons,P Howard
2223,E2,2023-01-01,Portsmouth,Charlton,T Reeves
2223,E2,2023-01-01,Shrewsbury,Fleetwood Town,R Joyce
2223,E2,2023-01-02,Barnsley,Bolton,S Stockbridge
2223,E2,2023-01-02,Derby,Accrington,M Woods
2223,E2,2023-01-02,Lincoln,Ipswich,D Bourne
2223,E2,2023-01-02,Sheffield Weds,Cambridge,A Haines
2223,E2,2023-01-07,Bolton,Plymouth,D Bourne
2223,E2,2023-01-07,Cambridge,Bristol Rvs,T Parsons
2223,E2,2023-01-07,Charlton,Lincoln,J Oldham
2223,E2,2023-01-07,Morecambe,Cheltenham,M Woods
2223,E2,2023-01-14,Accrington,Bristol Rvs,T Nield
2223,E2,2023-01-14,Bolton,Portsmouth,G Eltringham
2223,E2,2023-01-14,Burton,Shrewsbury,S Stockbridge
2223,E2,2023-01-14,Charlton,Barnsley,C Hicks
2223,E2,2023-01-14,Cheltenham,Derby,N Hair
2223,E2,2023-01-14,Exeter,Forest Green,D Rock
2223,E2,2023-01-14,Fleetwood Town,Oxford,J Oldham
2223,E2,2023-01-14,Ipswich,Plymouth,A Woolmer
2223,E2,2023-01-14,Milton Keynes Dons,Lincoln,B Speedie
2223,E2,2023-01-14,Wycombe,Sheffield Weds,S Allison
2223,E2,2023-01-16,Port Vale,Peterboro,P Wright
2223,E2,2023-01-21,Barnsley,Accrington,C Brook
2223,E2,2023-01-21,Derby,Bolton,J Simpson
2223,E2,2023-01-21,Forest Green,Milton Keynes Dons,A Backhouse
2223,E2,2023-01-21,Oxford,Ipswich,B Madden
2223,E2,2023-01-21,Plymouth,Cheltenham,S Martin
2223,E2,2023-01-21,Portsmouth,Exeter,O Yates
2223,E2,2023-01-21,Sheffield Weds,Fleetwood Town,S Mather
2223,E2,2023-01-21,Shrewsbury,Cambridge,T Kirk
2223,E2,2023-01-24,Bolton,Forest Green,T Nield
2223,E2,2023-01-24,Fleetwood Town,Portsmouth,A Backhouse
2223,E2,2023-01-24,Ipswich,Morecambe,D Rock
2223,E2,2023-01-24,Milton Keynes Dons,Shrewsbury,A Young
2223,E2,2023-01-24,Port Vale,Derby,B Toner
2223,E2,2023-01-24,Wycombe,Oxford,N Hair
2223,E2,2023-01-28,Burton,Oxford,A Herczeg
2223,E2,2023-01-28,Charlton,Bolton,C Brook
2223,E2,2023-01-28,Cheltenham,Port Vale,M Coy
2223,E2,2023-01-28,Lincoln,Cambridge,P Wright
2223,E2,2023-01-28,Milton Keynes Dons,Exeter,A Haines
2223,E2,2023-01-28,Morecambe,Bristol Rvs,W Finnie
2223,E2,2023-01-28,Peterboro,Portsmouth,R Madley
2223,E2,2023-01-28,Shrewsbury,Forest Green,A Kitchen
2223,E2,2023-02-01,Oxford,Barnsley,L Swabey
2223,E2,2023-02-04,Accrington,Lincoln,S Purkiss
2223,E2,2023-02-04,Bolton,Cheltenham,S Gill
2223,E2,2023-02-04,Bristol Rvs,Milton Keynes Dons,C Boyeson
2223,E2,2023-02-04,Cambridge,Ipswich,S Barrott
2223,E2,2023-02-04,Derby,Morecambe,C Hicks
2223,E2,2023-02-04,Exeter,Charlton,D Bourne
2223,E2,2023-02-04,Fleetwood Town,Burton,M Coy
2223,E2,2023-02-04,Forest Green,Peterboro,B Toner
2223,E2,2023-02-04,Oxford,Shrewsbury,S Oldham
2223,E2,2023-02-04,Port Vale,Wycombe,M Edwards
2223,E2,2023-02-04,Portsmouth,Barnsley,A Woolmer
2223,E2,2023-02-04,Sheffield Weds,Plymouth,J Busby
2223,E2,2023-02-07,Port Vale,Accrington,B Speedie
2223,E2,2023-02-11,Barnsley,Cambridge,R Joyce
2223,E2,2023-02-11,Burton,Exeter,C Brook
2223,E2,2023-02-11,Charlton,Fleetwood Town,C Boyeson
2223,E2,2023-02-11,Cheltenham,Accrington,W Finnie
2223,E2,2023-02-11,Ipswich,Sheffield Weds,G Eltringham
2223,E2,2023-02-11,Lincoln,Bristol Rvs,T Reeves
2223,E2,2023-02-11,Milton Keynes Dons,Oxford,A Kitchen
2223,E2,2023-02-11,Morecambe,Forest Green,M Coy
2223,E2,2023-02-11,Peterboro,Bolton,L Swabey
2223,E2,2023-02-11,Plymouth,Portsmouth,S Mather
2223,E2,2023-02-11,Shrewsbury,Port Vale,T Parsons
2223,E2,2023-02-11,Wycombe,Derby,R Lewis
2223,E2,2023-02-14,Accrington,Wycombe,L Smith
2223,E2,2023-02-14,Bolton,Milton Keynes Dons,M Edwards
2223,E2,2023-02-14,Bristol Rvs,Ipswich,P Howard
2223,E2,2023-02-14,Cambridge,Cheltenham,A Woolmer
2223,E2,2023-02-14,Derby,Lincoln,S Oldham
2223,E2,2023-02-14,Exeter,Shrewsbury,B Speedie
2223,E2,2023-02-14,Fleetwood Town,Peterboro,M Woods
2223,E2,2023-02-14,Forest Green,Charlton,C Pollard
2223,E2,2023-02-14,Oxford,Plymouth,A Young
2223,E2,2023-02-14,Port Vale,Barnsley,S Barrott
2223,E2,2023-02-14,Portsmouth,Burton,T Robinson
2223,E2,2023-02-14,Sheffield Weds,Morecambe,R Lewis
2223,E2,2023-02-18,Accrington,Shrewsbury,A Backhouse
2223,E2,2023-02-18,Bristol Rvs,Burton,C Pollard
2223,E2,2023-02-18,Cambridge,Oxford,O Yates
2223,E2,2023-02-18,Cheltenham,Barnsley,D Bourne
2223,E2,2023-02-18,Derby,Charlton,P Howard
2223,E2,2023-02-18,Ipswich,Forest Green,C Brook
2223,E2,2023-02-18,Lincoln,Portsmouth,R Joyce
2223,E2,2023-02-18,Morecambe,Peterboro,D Handley
2223,E2,2023-02-18,Plymouth,Fleetwood Town,D Rock
2223,E2,2023-02-18,Port Vale,Exeter,A Kitchen
2223,E2,2023-02-18,Sheffield Weds,Milton Keynes Dons,S Oldham
2223,E2,2023-02-18,Wycombe,Bolton,A Woolmer
2223,E2,2023-02-21,Fleetwood Town,Cambridge,D Bourne
2223,E2,2023-02-21,Morecambe,Port Vale,R Joyce
2223,E2,2023-02-25,Barnsley,Derby,B Madden
2223,E2,2023-02-25,Bolton,Port Vale,W Finnie
2223,E2,2023-02-25,Burton,Accrington,J Smith
2223,E2,2023-02-25,Charlton,Sheffield Weds,B Speedie
2223,E2,2023-02-25,Exeter,Cambridge,R Lewis
2223,E2,2023-02-25,Fleetwood Town,Morecambe,A Davies
2223,E2,2023-02-25,Forest Green,Lincoln,C Hicks
2223,E2,2023-02-25,Milton Keynes Dons,Ipswich,R Welch
2223,E2,2023-02-25,Oxford,Bristol Rvs,C Breakspear
2223,E2,2023-02-25,Peterboro,Plymouth,S Oldham
2223,E2,2023-02-25,Portsmouth,Cheltenham,L Swabey
2223,E2,2023-02-25,Shrewsbury,Wycombe,C Brook
2223,E2,2023-02-28,Derby,Cheltenham,R Welch
2223,E2,2023-02-28,Lincoln,Milton Keynes Dons,S Stockbridge
2223,E2,2023-02-28,Peterboro,Charlton,A Kitchen
2223,E2,2023-02-28,Portsmouth,Bolton,S Martin
2223,E2,2023-03-04,Accrington,Forest Green,D Bourne
2223,E2,2023-03-04,Bristol Rvs,Barnsley,T Parsons
2223,E2,2023-03-04,Cambridge,Portsmouth,A Kitchen
2223,E2,2023-03-04,Cheltenham,Fleetwood Town,S Allison
2223,E2,2023-03-04,Derby,Shrewsbury,S Mather
2223,E2,2023-03-04,Ipswich,Burton,C Boyeson
2223,E2,2023-03-04,Lincoln,Oxford,L Smith
2223,E2,2023-03-04,Morecambe,Bolton,O Langford
2223,E2,2023-03-04,Plymouth,Charlton,A Woolmer
2223,E2,2023-03-04,Port Vale,Milton Keynes Dons,D Handley
2223,E2,2023-03-04,Sheffield Weds,Peterboro,A Backhouse
2223,E2,2023-03-04,Wycombe,Exeter,T Nield
2223,E2,2023-03-07,Barnsley,Portsmouth,M Edwards
2223,E2,2023-03-07,Cambridge,Morecambe,P Howard
2223,E2,2023-03-07,Cheltenham,Lincoln,D Handley
2223,E2,2023-03-07,Ipswich,Accrington,L Swabey
2223,E2,2023-03-07,Peterboro,Shrewsbury,D Bourne
2223,E2,2023-03-07,Plymouth,Derby,C Breakspear
2223,E2,2023-03-07,Wycombe,Fleetwood Town,C Hicks
2223,E2,2023-03-11,Barnsley,Plymouth,W Finnie
2223,E2,2023-03-11,Bolton,Ipswich,N Hair
2223,E2,2023-03-11,Burton,Wycombe,L Swabey
2223,E2,2023-03-11,Charlton,Accrington,D Drysdale
2223,E2,2023-03-11,Exeter,Lincoln,S Gill
2223,E2,2023-03-11,Fleetwood Town,Port Vale,P Howard
2223,E2,2023-03-11,Forest Green,Bristol Rvs,S Oldham
2223,E2,2023-03-11,Milton Keynes Dons,Cambridge,K Stroud
2223,E2,2023-03-11,Oxford,Derby,M Edwards
2223,E2,2023-03-11,Peterboro,Cheltenham,A Young
2223,E2,2023-03-11,Portsmouth,Sheffield Weds,B Toner
2223,E2,2023-03-11,Shrewsbury,Morecambe,R Welch
2223,E2,2023-03-14,Accrington,Portsmouth,D Rock
2223,E2,2023-03-14,Bristol Rvs,Wycombe,R  Welch
2223,E2,2023-03-14,Burton,Peterboro,C Hicks
2223,E2,2023-03-14,Morecambe,Charlton,A Haines
2223,E2,2023-03-17,Sheffield Weds,Bolton,S Purkiss
2223,E2,2023-03-18,Accrington,Milton Keynes Dons,C Hicks
2223,E2,2023-03-18,Bristol Rvs,Portsmouth,J Bell
2223,E2,2023-03-18,Cambridge,Charlton,M Edwards
2223,E2,2023-03-18,Cheltenham,Exeter,A Backhouse
2223,E2,2023-03-18,Derby,Fleetwood Town,S Stockbridge
2223,E2,2023-03-18,Ipswich,Shrewsbury,O Yates
2223,E2,2023-03-18,Lincoln,Peterboro,R Lewis
2223,E2,2023-03-18,Morecambe,Oxford,S Barrott
2223,E2,2023-03-18,Plymouth,Forest Green,B Speedie
2223,E2,2023-03-18,Port Vale,Burton,S Allison
2223,E2,2023-03-18,Wycombe,Barnsley,C Breakspear
2223,E2,2023-03-21,Accrington,Plymouth,J Bell
2223,E2,2023-03-21,Barnsley,Sheffield Weds,R Joyce
2223,E2,2023-03-25,Charlton,Wycombe,S Oldham
2223,E2,2023-03-25,Exeter,Accrington,O Langford
2223,E2,2023-03-25,Fleetwood Town,Lincoln,D Bourne
2223,E2,2023-03-25,Milton Keynes Dons,Morecambe,T Parsons
2223,E2,2023-03-25,Peterboro,Derby,C Brook
2223,E2,2023-03-25,Portsmouth,Port Vale,N Hair
2223,E2,2023-03-26,Forest Green,Sheffield Weds,D Rock
2223,E2,2023-03-28,Exeter,Barnsley,D Handley
2223,E2,2023-03-29,Cheltenham,Sheffield Weds,P Howard
2223,E2,2023-04-01,Barnsley,Morecambe,S Stockbridge
2223,E2,2023-04-01,Charlton,Shrewsbury,R Madley
2223,E2,2023-04-01,Cheltenham,Burton,O Yates
2223,E2,2023-04-01,Derby,Ipswich,A Backhouse
2223,E2,2023-04-01,Fleetwood Town,Exeter,L Smith
2223,E2,2023-04-01,Peterboro,Oxford,T Kirk
2223,E2,2023-04-01,Port Vale,Cambridge,T Reeves
2223,E2,2023-04-01,Portsmouth,Forest Green,P Howard
2223,E2,2023-04-01,Sheffield Weds,Lincoln,B Madden
2223,E2,2023-04-01,Wycombe,Milton Keynes Dons,S Purkiss
2223,E2,2023-04-07,Accrington,Port Vale,A Woolmer
2223,E2,2023-04-07,Bristol Rvs,Charlton,S Mather
2223,E2,2023-04-07,Burton,Barnsley,A Herczeg
2223,E2,2023-04-07,Cambridge,Fleetwood Town,L Swabey
2223,E2,2023-04-07,Exeter,Bolton,C Hicks
2223,E2,2023-04-07,Forest Green,Derby,W Finnie
2223,E2,2023-04-07,Ipswich,Wycombe,D Rock
2223,E2,2023-04-07,Lincoln,Cheltenham,A Kitchen
2223,E2,2023-04-07,Milton Keynes Dons,Portsmouth,C Brook
2223,E2,2023-04-07,Morecambe,Plymouth,M Edwards
2223,E2,2023-04-07,Oxford,Sheffield Weds,R Welch
2223,E2,2023-04-07,Shrewsbury,Peterboro,C Boyeson
2223,E2,2023-04-10,Barnsley,Shrewsbury,G Eltringham
2223,E2,2023-04-10,Bolton,Cambridge,D Rock
2223,E2,2023-04-10,Charlton,Burton,S Gill
2223,E2,2023-04-10,Cheltenham,Ipswich,S Stockbridge
2223,E2,2023-04-10,Derby,Milton Keynes Dons,B Speedie
2223,E2,2023-04-10,Fleetwood Town,Bristol Rvs,S Barrott
2223,E2,2023-04-10,Peterboro,Exeter,C Breakspear
2223,E2,2023-04-10,Plymouth,Lincoln,T Nield
2223,E2,2023-04-10,Port Vale,Oxford,M Woods
2223,E2,2023-04-10,Portsmouth,Morecambe,O Yates
2223,E2,2023-04-10,Sheffield Weds,Accrington,N Hair
2223,E2,2023-04-10,Wycombe,Forest Green,C Boyeson
2223,E2,2023-04-15,Accrington,Fleetwood Town,M Edwards
2223,E2,2023-04-15,Bristol Rvs,Derby,O Yates
2223,E2,2023-04-15,Burton,Sheffield Weds,W Finnie
2223,E2,2023-04-15,Cambridge,Peterboro,R Joyce
2223,E2,2023-04-15,Exeter,Plymouth,D Drysdale
2223,E2,2023-04-15,Forest Green,Barnsley,C Hicks
2223,E2,2023-04-15,Ipswich,Charlton,S Barrott
2223,E2,2023-04-15,Lincoln,Port Vale,D Rock
2223,E2,2023-04-15,Milton Keynes Dons,Cheltenham,B Toner
2223,E2,2023-04-15,Morecambe,Wycombe,A Kitchen
2223,E2,2023-04-15,Oxford,Bolton,S Stockbridge
2223,E2,2023-04-15,Shrewsbury,Portsmouth,T Nield
2223,E2,2023-04-18,Accrington,Peterboro,T Reeves
2223,E2,2023-04-18,Bristol Rvs,Sheffield Weds,J Smith
2223,E2,2023-04-18,Burton,Bolton,A Kitchen
2223,E2,2023-04-18,Cambridge,Wycombe,B Speedie
2223,E2,2023-04-18,Exeter,Derby,A Woolmer
2223,E2,2023-04-18,Forest Green,Fleetwood Town,S Gill
2223,E2,2023-04-18,Ipswich,Port Vale,R Lewis
2223,E2,2023-04-18,Lincoln,Barnsley,S Mather
2223,E2,2023-04-18,Milton Keynes Dons,Charlton,S Allison
2223,E2,2023-04-18,Oxford,Portsmouth,D Bourne
2223,E2,2023-04-18,Shrewsbury,Plymouth,A Backhouse
2223,E2,2023-04-22,Barnsley,Oxford,R Joyce
2223,E2,2023-04-22,Bolton,Shrewsbury,T Reeves
2223,E2,2023-04-22,Charlton,Morecambe,D Rock
2223,E2,2023-04-22,Cheltenham,Forest Green,N Hair
2223,E2,2023-04-22,Derby,Burton,B Toner
2223,E2,2023-04-22,Fleetwood Town,Milton Keynes Dons,R Welch
2223,E2,2023-04-22,Peterboro,Ipswich,G Ward
2223,E2,2023-04-22,Plymouth,Cambridge,O Yates
2223,E2,2023-04-22,Port Vale,Bristol Rvs,S Gill
2223,E2,2023-04-22,Portsmouth,Accrington,D Drysdale
2223,E2,2023-04-22,Sheffield Weds,Exeter,D Bourne
2223,E2,2023-04-22,Wycombe,Lincoln,A Backhouse
2223,E2,2023-04-25,Barnsley,Ipswich,B Toner
2223,E2,2023-04-25,Bolton,Accrington,J Linington
2223,E2,2023-04-25,Lincoln,Burton,P Howard
2223,E2,2023-04-25,Oxford,Cheltenham,W Finnie
2223,E2,2023-04-25,Plymouth,Bristol Rvs,C Hicks
2223,E2,2023-04-29,Accrington,Cambridge,R Welch
2223,E2,2023-04-29,Bolton,Fleetwood Town,B Speedie
2223,E2,2023-04-29,Charlton,Port Vale,C Brook
2223,E2,2023-04-29,Derby,Portsmouth,L Swabey
2223,E2,2023-04-29,Forest Green,Oxford,T Reeves
2223,E2,2023-04-29,Ipswich,Exeter,S Oldham
2223,E2,2023-04-29,Milton Keynes Dons,Barnsley,A Backhouse
2223,E2,2023-04-29,Morecambe,Lincoln,S Allison
2223,E2,2023-04-29,Peterboro,Bristol Rvs,D Drysdale
2223,E2,2023-04-29,Plymouth,Burton,L Smith
2223,E2,2023-04-29,Shrewsbury,Sheffield Weds,D Whitestone
2223,E2,2023-04-29,Wycombe,Cheltenham,R Joyce
2223,E2,2023-05-02,Shrewsbury,Bristol Rvs,L Swabey
2223,E2,2023-05-03,Burton,Cambridge,A Haines
2223,E2,2023-05-07,Barnsley,Peterboro,S Oldham
2223,E2,2023-05-07,Bristol Rvs,Bolton,W Finnie
2223,E2,2023-05-07,Burton,Milton Keynes Dons,S Stockbridge
2223,E2,2023-05-07,Cambridge,Forest Green,B Toner
2223,E2,2023-05-07,Cheltenham,Charlton,T Nield
2223,E2,2023-05-07,Exeter,Morecambe,C Brook
2223,E2,2023-05-07,Fleetwood Town,Ipswich,R Joyce
2223,E2,2023-05-07,Lincoln,Shrewsbury,A Haines
2223,E2,2023-05-07,Oxford,Accrington,S Allison
2223,E2,2023-05-07,Port Vale,Plymouth,S Mather
2223,E2,2023-05-07,Portsmouth,Wycombe,S Gill
2223,E2,2023-05-07,Sheffield Weds,Derby,L Doughty
2223,E3,2022-07-30,AFC Wimbledon,Gillingham,S Mather
2223,E3,2022-07-30,Bradford,Doncaster,B Madden
2223,E3,2022-07-30,Carlisle,Crawley Town,T Kirk
2223,E3,2022-07-30,Harrogate,Swindon,T Reeves
2223,E3,2022-07-30,Leyton Orient,Grimsby,C Pollard
2223,E3,2022-07-30,Northampton,Colchester,M Woods
2223,E3,2022-07-30,Rochdale,Crewe,A Kitchen
2223,E3,2022-07-30,Salford,Mansfield,A Herczeg
2223,E3,2022-07-30,Stockport,Barrow,O Yates
2223,E3,2022-07-30,Sutton,Newport County,S Purkiss
2223,E3,2022-07-30,Tranmere,Stevenage,J Simpson
2223,E3,2022-07-30,Walsall,Hartlepool,L Swabey
2223,E3,2022-08-06,Barrow,Bradford,M Woods
2223,E3,2022-08-06,Colchester,Carlisle,J Oldham
2223,E3,2022-08-06,Crawley Town,Leyton Orient,S Purkiss
2223,E3,2022-08-06,Crewe,Harrogate,D Bourne
2223,E3,2022-08-06,Doncaster,Sutton,B Speedie
2223,E3,2022-08-06,Gillingham,Rochdale,W Finnie
2223,E3,2022-08-06,Grimsby,Northampton,T Parsons
2223,E3,2022-08-06,Hartlepool,AFC Wimbledon,B Madden
2223,E3,2022-08-06,Mansfield,Tranmere,S Stockbridge
2223,E3,2022-08-06,Newport County,Walsall,A Young
2223,E3,2022-08-06,Stevenage,Stockport,A Herczeg
2223,E3,2022-08-06,Swindon,Salford,A Woolmer
2223,E3,2022-08-13,AFC Wimbledon,Doncaster,O Yates
2223,E3,2022-08-13,Bradford,Newport County,W Finnie
2223,E3,2022-08-13,Carlisle,Swindon,A Kitchen
2223,E3,2022-08-13,Harrogate,Crawley Town,T Nield
2223,E3,2022-08-13,Leyton Orient,Mansfield,L Doughty
2223,E3,2022-08-13,Northampton,Hartlepool,S Gill
2223,E3,2022-08-13,Rochdale,Grimsby,T Kirk
2223,E3,2022-08-13,Salford,Crewe,C Hicks
2223,E3,2022-08-13,Stockport,Colchester,D Rock
2223,E3,2022-08-13,Sutton,Barrow,A Davies
2223,E3,2022-08-13,Tranmere,Gillingham,S Oldham
2223,E3,2022-08-13,Walsall,Stevenage,C Breakspear
2223,E3,2022-08-16,Barrow,Walsall,A Haines
2223,E3,2022-08-16,Colchester,Bradford,C Brook
2223,E3,2022-08-16,Crawley Town,Northampton,S Martin
2223,E3,2022-08-16,Crewe,Sutton,T Parsons
2223,E3,2022-08-16,Doncaster,Stockport,D Bourne
2223,E3,2022-08-16,Gillingham,Harrogate,L Swabey
2223,E3,2022-08-16,Hartlepool,Tranmere,T Kirk
2223,E3,2022-08-16,Mansfield,AFC Wimbledon,B Speedie
2223,E3,2022-08-16,Newport County,Salford,S Gill
2223,E3,2022-08-16,Stevenage,Rochdale,T Reeves
2223,E3,2022-08-16,Swindon,Leyton Orient,R Lewis
2223,E3,2022-08-20,Barrow,Harrogate,T Parsons
2223,E3,2022-08-20,Colchester,Leyton Orient,T Kirk
2223,E3,2022-08-20,Crawley Town,AFC Wimbledon,J Oldham
2223,E3,2022-08-20,Crewe,Northampton,D Webb
2223,E3,2022-08-20,Doncaster,Salford,A Kitchen
2223,E3,2022-08-20,Gillingham,Walsall,R Madley
2223,E3,2022-08-20,Grimsby,Sutton,M Woods
2223,E3,2022-08-20,Hartlepool,Bradford,S Oldham
2223,E3,2022-08-20,Mansfield,Stockport,P Wright
2223,E3,2022-08-20,Newport County,Tranmere,T Nield
2223,E3,2022-08-20,Stevenage,Carlisle,C Hicks
2223,E3,2022-08-20,Swindon,Rochdale,S Barrott
2223,E3,2022-08-27,AFC Wimbledon,Barrow,J Busby
2223,E3,2022-08-27,Bradford,Crewe,S Gill
2223,E3,2022-08-27,Carlisle,Gillingham,M Edwards
2223,E3,2022-08-27,Harrogate,Newport County,C Boyeson
2223,E3,2022-08-27,Leyton Orient,Hartlepool,D Bourne
2223,E3,2022-08-27,Northampton,Doncaster,N Hair
2223,E3,2022-08-27,Rochdale,Crawley Town,A Young
2223,E3,2022-08-27,Salford,Stevenage,D Drysdale
2223,E3,2022-08-27,Stockport,Swindon,S Allison
2223,E3,2022-08-27,Sutton,Mansfield,L Swabey
2223,E3,2022-08-27,Tranmere,Colchester,R Welch
2223,E3,2022-08-27,Walsall,Grimsby,P Wright
2223,E3,2022-09-03,Bradford,Walsall,M Edwards
2223,E3,2022-09-03,Carlisle,Rochdale,A Herczeg
2223,E3,2022-09-03,Colchester,Hartlepool,T Parsons
2223,E3,2022-09-03,Crewe,Stevenage,T Nield
2223,E3,2022-09-03,Doncaster,Mansfield,T Kirk
2223,E3,2022-09-03,Gillingham,Swindon,M Woods
2223,E3,2022-09-03,Leyton Orient,Tranmere,D Webb
2223,E3,2022-09-03,Newport County,Grimsby,S Oldham
2223,E3,2022-09-03,Northampton,Barrow,T Reeves
2223,E3,2022-09-03,Salford,Crawley Town,S Stockbridge
2223,E3,2022-09-03,Stockport,AFC Wimbledon,S Gill
2223,E3,2022-09-03,Sutton,Harrogate,N Hair
2223,E3,2022-09-13,AFC Wimbledon,Northampton,C Breakspear
2223,E3,2022-09-13,Barrow,Doncaster,S Oldham
2223,E3,2022-09-13,Crawley Town,Stockport,N Hair
2223,E3,2022-09-13,Grimsby,Gillingham,A Haines
2223,E3,2022-09-13,Harrogate,Salford,B Toner
2223,E3,2022-09-13,Hartlepool,Crewe,M Coy
2223,E3,2022-09-13,Mansfield,Carlisle,S Allison
2223,E3,2022-09-13,Rochdale,Leyton Orient,S Mather
2223,E3,2022-09-13,Stevenage,Newport County,O Langford
2223,E3,2022-09-13,Swindon,Sutton,D Handley
2223,E3,2022-09-13,Tranmere,Bradford,A Herczeg
2223,E3,2022-09-13,Walsall,Colchester,C Boyeson
2223,E3,2022-09-17,Bradford,Stevenage,L Swabey
2223,E3,2022-09-17,Carlisle,AFC Wimbledon,A Haines
2223,E3,2022-09-17,Colchester,Grimsby,S Gill
2223,E3,2022-09-17,Crewe,Crawley Town,R Welch
2223,E3,2022-09-17,Doncaster,Swindon,C Breakspear
2223,E3,2022-09-17,Gillingham,Mansfield,T Reeves
2223,E3,2022-09-17,Leyton Orient,Walsall,A Davies
2223,E3,2022-09-17,Newport County,Barrow,J Oldham
2223,E3,2022-09-17,Northampton,Rochdale,S Purkiss
2223,E3,2022-09-17,Salford,Tranmere,D Rock
2223,E3,2022-09-17,Stockport,Harrogate,R Joyce
2223,E3,2022-09-17,Sutton,Hartlepool,W Finnie
2223,E3,2022-09-24,Barrow,Leyton Orient,M Coy
2223,E3,2022-09-24,Bradford,AFC Wimbledon,D Drysdale
2223,E3,2022-09-24,Colchester,Rochdale,C Breakspear
2223,E3,2022-09-24,Crewe,Mansfield,M Woods
2223,E3,2022-09-24,Doncaster,Crawley Town,C Boyeson
2223,E3,2022-09-24,Grimsby,Swindon,D Bourne
2223,E3,2022-09-24,Hartlepool,Gillingham,N Hair
2223,E3,2022-09-24,Newport County,Carlisle,K Stroud
2223,E3,2022-09-24,Northampton,Stockport,D Handley
2223,E3,2022-09-24,Stevenage,Harrogate,S Allison
2223,E3,2022-09-24,Sutton,Salford,R Lewis
2223,E3,2022-09-24,Walsall,Tranmere,B Toner
2223,E3,2022-09-27,Grimsby,Carlisle,S Mather
2223,E3,2022-09-30,Mansfield,Hartlepool,C Hicks
2223,E3,2022-10-01,AFC Wimbledon,Colchester,T Reeves
2223,E3,2022-10-01,Carlisle,Crewe,R Joyce
2223,E3,2022-10-01,Crawley Town,Stevenage,W Finnie
2223,E3,2022-10-01,Gillingham,Sutton,D Rock
2223,E3,2022-10-01,Harrogate,Bradford,P Wright
2223,E3,2022-10-01,Leyton Orient,Newport County,D Whitestone
2223,E3,2022-10-01,Rochdale,Doncaster,D Drysdale
2223,E3,2022-10-01,Salford,Grimsby,M Edwards
2223,E3,2022-10-01,Stockport,Walsall,A Kitchen
2223,E3,2022-10-01,Swindon,Northampton,A Young
2223,E3,2022-10-01,Tranmere,Barrow,S Purkiss
2223,E3,2022-10-04,Hartlepool,Doncaster,A Haines
2223,E3,2022-10-04,Stevenage,Sutton,O Yates
2223,E3,2022-10-04,Swindon,Newport County,P Wright
2223,E3,2022-10-04,Walsall,Northampton,S Barrott
2223,E3,2022-10-08,Barrow,Mansfield,T Nield
2223,E3,2022-10-08,Bradford,Stockport,L Doughty
2223,E3,2022-10-08,Colchester,Harrogate,C Hicks
2223,E3,2022-10-08,Crewe,Gillingham,B Madden
2223,E3,2022-10-08,Doncaster,Leyton Orient,M Woods
2223,E3,2022-10-08,Grimsby,Crawley Town,A Backhouse
2223,E3,2022-10-08,Hartlepool,Carlisle,T Reeves
2223,E3,2022-10-08,Newport County,Rochdale,D Rock
2223,E3,2022-10-08,Northampton,Salford,L Swabey
2223,E3,2022-10-08,Stevenage,Swindon,S Oldham
2223,E3,2022-10-08,Sutton,Tranmere,D Drysdale
2223,E3,2022-10-08,Walsall,AFC Wimbledon,A Herczeg
2223,E3,2022-10-14,Tranmere,Crewe,S Mather
2223,E3,2022-10-15,AFC Wimbledon,Sutton,C Brook
2223,E3,2022-10-15,Carlisle,Doncaster,P Wright
2223,E3,2022-10-15,Crawley Town,Newport County,B Toner
2223,E3,2022-10-15,Gillingham,Stevenage,R Joyce
2223,E3,2022-10-15,Harrogate,Hartlepool,A Kitchen
2223,E3,2022-10-15,Leyton Orient,Northampton,O Yates
2223,E3,2022-10-15,Mansfield,Walsall,S Purkiss
2223,E3,2022-10-15,Rochdale,Barrow,S Gill
2223,E3,2022-10-15,Salford,Bradford,G Eltringham
2223,E3,2022-10-15,Stockport,Grimsby,A Young
2223,E3,2022-10-15,Swindon,Colchester,A Haines
2223,E3,2022-10-22,Carlisle,Leyton Orient,T Parsons
2223,E3,2022-10-22,Crawley Town,Mansfield,S Gill
2223,E3,2022-10-22,Crewe,Doncaster,C Brook
2223,E3,2022-10-22,Gillingham,Barrow,C Boyeson
2223,E3,2022-10-22,Grimsby,Bradford,A Haines
2223,E3,2022-10-22,Harrogate,Tranmere,O Yates
2223,E3,2022-10-22,Newport County,Colchester,A Kitchen
2223,E3,2022-10-22,Rochdale,AFC Wimbledon,M Edwards
2223,E3,2022-10-22,Salford,Stockport,S Oldham
2223,E3,2022-10-22,Stevenage,Northampton,G Eltringham
2223,E3,2022-10-22,Sutton,Walsall,P Howard
2223,E3,2022-10-22,Swindon,Hartlepool,D Drysdale
2223,E3,2022-10-25,AFC Wimbledon,Crewe,L Swabey
2223,E3,2022-10-25,Barrow,Grimsby,B Toner
2223,E3,2022-10-25,Bradford,Swindon,J Simpson
2223,E3,2022-10-25,Colchester,Crawley Town,P Howard
2223,E3,2022-10-25,Doncaster,Stevenage,S Stockbridge
2223,E3,2022-10-25,Hartlepool,Salford,D Handley
2223,E3,2022-10-25,Leyton Orient,Gillingham,C Breakspear
2223,E3,2022-10-25,Mansfield,Newport County,S Barrott
2223,E3,2022-10-25,Northampton,Sutton,R Joyce
2223,E3,2022-10-25,Stockport,Carlisle,B Speedie
2223,E3,2022-10-25,Tranmere,Rochdale,A Haines
2223,E3,2022-10-25,Walsall,Harrogate,R Lewis
2223,E3,2022-10-29,AFC Wimbledon,Harrogate,P Howard
2223,E3,2022-10-29,Barrow,Crewe,M Edwards
2223,E3,2022-10-29,Bradford,Crawley Town,A Kitchen
2223,E3,2022-10-29,Colchester,Stevenage,B Speedie
2223,E3,2022-10-29,Doncaster,Gillingham,C Pollard
2223,E3,2022-10-29,Hartlepool,Grimsby,S Barrott
2223,E3,2022-10-29,Leyton Orient,Salford,W Finnie
2223,E3,2022-10-29,Mansfield,Swindon,C Brook
2223,E3,2022-10-29,Northampton,Newport County,T Kirk
2223,E3,2022-10-29,Stockport,Sutton,S Mather
2223,E3,2022-10-29,Tranmere,Carlisle,C Boyeson
2223,E3,2022-10-29,Walsall,Rochdale,T Nield
2223,E3,2022-11-01,Barrow,Colchester,D Bond
2223,E3,2022-11-01,Tranmere,Stockport,B Madden
2223,E3,2022-11-08,AFC Wimbledon,Leyton Orient,R Lewis
2223,E3,2022-11-08,Harrogate,Carlisle,T Kirk
2223,E3,2022-11-08,Mansfield,Bradford,S Mather
2223,E3,2022-11-08,Rochdale,Salford,P Wright
2223,E3,2022-11-12,Carlisle,Walsall,O Yates
2223,E3,2022-11-12,Crawley Town,Barrow,C Brook
2223,E3,2022-11-12,Crewe,Colchester,T Parsons
2223,E3,2022-11-12,Gillingham,Northampton,D Bourne
2223,E3,2022-11-12,Grimsby,Doncaster,L Smith
2223,E3,2022-11-12,Harrogate,Leyton Orient,B Speedie
2223,E3,2022-11-12,Newport County,Stockport,A Woolmer
2223,E3,2022-11-12,Rochdale,Mansfield,R Lewis
2223,E3,2022-11-12,Salford,AFC Wimbledon,R Joyce
2223,E3,2022-11-12,Stevenage,Hartlepool,C Boyeson
2223,E3,2022-11-12,Sutton,Bradford,J Oldham
2223,E3,2022-11-12,Swindon,Tranmere,L Swabey
2223,E3,2022-11-19,Barrow,Hartlepool,L Doughty
2223,E3,2022-11-19,Bradford,Northampton,A Backhouse
2223,E3,2022-11-19,Colchester,Doncaster,T Nield
2223,E3,2022-11-19,Grimsby,Stevenage,T Reeves
2223,E3,2022-11-19,Harrogate,Mansfield,S Oldham
2223,E3,2022-11-19,Newport County,Gillingham,O Yates
2223,E3,2022-11-19,Salford,Carlisle,S Gill
2223,E3,2022-11-19,Stockport,Leyton Orient,S Stockbridge
2223,E3,2022-11-19,Sutton,Rochdale,A Allison
2223,E3,2022-11-19,Swindon,Crewe,A Kitchen
2223,E3,2022-11-19,Tranmere,AFC Wimbledon,T Kirk
2223,E3,2022-11-19,Walsall,Crawley Town,D Drysdale
2223,E3,2022-11-22,Crawley Town,Gillingham,J Oldham
2223,E3,2022-12-02,Crewe,Newport County,R Welch
2223,E3,2022-12-02,Doncaster,Walsall,S Mather
2223,E3,2022-12-02,Stevenage,Barrow,M Donohue
2223,E3,2022-12-03,AFC Wimbledon,Grimsby,D Handley
2223,E3,2022-12-03,Carlisle,Sutton,L Smith
2223,E3,2022-12-03,Crawley Town,Swindon,M Woods
2223,E3,2022-12-03,Gillingham,Salford,P Howard
2223,E3,2022-12-03,Hartlepool,Stockport,B Toner
2223,E3,2022-12-03,Leyton Orient,Bradford,D Drysdale
2223,E3,2022-12-03,Mansfield,Colchester,R Joyce
2223,E3,2022-12-03,Northampton,Tranmere,W Finnie
2223,E3,2022-12-03,Rochdale,Harrogate,D Bourne
2223,E3,2022-12-09,Crawley Town,Hartlepool,T Nield
2223,E3,2022-12-10,Grimsby,Tranmere,S Stockbridge
2223,E3,2022-12-10,Newport County,Doncaster,A Herczeg
2223,E3,2022-12-10,Stevenage,Mansfield,A Backhouse
2223,E3,2022-12-10,Sutton,Colchester,P Wright
2223,E3,2022-12-10,Swindon,AFC Wimbledon,A Allison
2223,E3,2022-12-17,Barrow,Swindon,R Lewis
2223,E3,2022-12-17,Leyton Orient,Sutton,C Brook
2223,E3,2022-12-20,Northampton,Carlisle,J Oldham
2223,E3,2022-12-26,AFC Wimbledon,Newport County,P Howard
2223,E3,2022-12-26,Carlisle,Bradford,A Herczeg
2223,E3,2022-12-26,Crawley Town,Sutton,N Hair
2223,E3,2022-12-26,Gillingham,Colchester,S Purkiss
2223,E3,2022-12-26,Harrogate,Grimsby,B Madden
2223,E3,2022-12-26,Mansfield,Northampton,B Speedie
2223,E3,2022-12-26,Rochdale,Hartlepool,T Kirk
2223,E3,2022-12-26,Salford,Barrow,T Parsons
2223,E3,2022-12-26,Stockport,Crewe,M Woods
2223,E3,2022-12-26,Swindon,Walsall,J Oldham
2223,E3,2022-12-26,Tranmere,Doncaster,A Backhouse
2223,E3,2022-12-27,Leyton Orient,Stevenage,C Breakspear
2223,E3,2022-12-29,Barrow,Tranmere,T Reeves
2223,E3,2022-12-29,Bradford,Harrogate,R Joyce
2223,E3,2022-12-29,Colchester,AFC Wimbledon,L Swabey
2223,E3,2022-12-29,Crewe,Carlisle,A Haines
2223,E3,2022-12-29,Doncaster,Rochdale,A Kitchen
2223,E3,2022-12-29,Grimsby,Salford,C Boyeson
2223,E3,2022-12-29,Hartlepool,Mansfield,M Coy
2223,E3,2022-12-29,Northampton,Swindon,L Smith
2223,E3,2022-12-29,Sutton,Gillingham,T Parsons
2223,E3,2022-12-29,Walsall,Stockport,C Hicks
2223,E3,2022-12-30,Newport County,Leyton Orient,P Wright
2223,E3,2022-12-30,Stevenage,Crawley Town,R Lewis
2223,E3,2023-01-01,Bradford,Salford,N Hair
2223,E3,2023-01-01,Colchester,Swindon,C Brook
2223,E3,2023-01-01,Crewe,Tranmere,A Woolmer
2223,E3,2023-01-01,Doncaster,Carlisle,B Speedie
2223,E3,2023-01-01,Grimsby,Stockport,A Herczeg
2223,E3,2023-01-01,Hartlepool,Harrogate,M Edwards
2223,E3,2023-01-01,Sutton,AFC Wimbledon,W Finnie
2223,E3,2023-01-01,Walsall,Mansfield,C Breakspear
2223,E3,2023-01-02,Barrow,Rochdale,S Oldham
2223,E3,2023-01-02,Newport County,Crawley Town,A Young
2223,E3,2023-01-02,Northampton,Leyton Orient,C Pollard
2223,E3,2023-01-02,Stevenage,Gillingham,C Boyeson
2223,E3,2023-01-07,Crewe,AFC Wimbledon,C Pollard
2223,E3,2023-01-07,Harrogate,Colchester,D Handley
2223,E3,2023-01-07,Leyton Orient,Doncaster,A Young
2223,E3,2023-01-07,Mansfield,Barrow,N Hair
2223,E3,2023-01-07,Rochdale,Newport County,A Haines
2223,E3,2023-01-07,Salford,Northampton,R Lewis
2223,E3,2023-01-07,Tranmere,Sutton,M Edwards
2223,E3,2023-01-10,Bradford,Rochdale,P Howard
2223,E3,2023-01-14,AFC Wimbledon,Bradford,B Toner
2223,E3,2023-01-14,Carlisle,Newport County,M Woods
2223,E3,2023-01-14,Gillingham,Hartlepool,R Lewis
2223,E3,2023-01-14,Harrogate,Stevenage,A Herczeg
2223,E3,2023-01-14,Leyton Orient,Barrow,L Doughty
2223,E3,2023-01-14,Mansfield,Crewe,C Boyeson
2223,E3,2023-01-14,Rochdale,Colchester,M Coy
2223,E3,2023-01-14,Salford,Sutton,L Swabey
2223,E3,2023-01-14,Stockport,Northampton,R Welch
2223,E3,2023-01-14,Swindon,Grimsby,S Purkiss
2223,E3,2023-01-14,Tranmere,Walsall,D Bourne
2223,E3,2023-01-21,Colchester,Gillingham,A Young
2223,E3,2023-01-21,Hartlepool,Rochdale,M Edwards
2223,E3,2023-01-21,Stevenage,Leyton Orient,S Oldham
2223,E3,2023-01-24,Carlisle,Hartlepool,S Barrott
2223,E3,2023-01-24,Colchester,Salford,P Howard
2223,E3,2023-01-24,Stockport,Bradford,M Coy
2223,E3,2023-01-28,AFC Wimbledon,Stockport,J Oldham
2223,E3,2023-01-28,Barrow,Northampton,D Drysdale
2223,E3,2023-01-28,Crawley Town,Salford,D Rock
2223,E3,2023-01-28,Harrogate,Sutton,A Backhouse
2223,E3,2023-01-28,Hartlepool,Colchester,S Mather
2223,E3,2023-01-28,Mansfield,Doncaster,T Parsons
2223,E3,2023-01-28,Rochdale,Carlisle,R Joyce
2223,E3,2023-01-28,Swindon,Gillingham,P Howard
2223,E3,2023-01-28,Tranmere,Leyton Orient,O Yates
2223,E3,2023-01-31,Carlisle,Barrow,A Kitchen
2223,E3,2023-01-31,Crewe,Stockport,T Reeves
2223,E3,2023-01-31,Salford,Walsall,D Handley
2223,E3,2023-02-04,Bradford,Mansfield,A Young
2223,E3,2023-02-04,Carlisle,Harrogate,R Lewis
2223,E3,2023-02-04,Colchester,Barrow,B Speedie
2223,E3,2023-02-04,Crewe,Grimsby,P Howard
2223,E3,2023-02-04,Doncaster,Hartlepool,S Allison
2223,E3,2023-02-04,Gillingham,Crawley Town,L Smith
2223,E3,2023-02-04,Leyton Orient,AFC Wimbledon,M Woods
2223,E3,2023-02-04,Newport County,Swindon,N Hair
2223,E3,2023-02-04,Northampton,Walsall,B Madden
2223,E3,2023-02-04,Salford,Rochdale,R Madley
2223,E3,2023-02-04,Stockport,Tranmere,C Pollard
2223,E3,2023-02-04,Sutton,Stevenage,T Kirk
2223,E3,2023-02-07,Crewe,Leyton Orient,S Allison
2223,E3,2023-02-07,Doncaster,Tranmere,A Haines
2223,E3,2023-02-11,AFC Wimbledon,Carlisle,D Handley
2223,E3,2023-02-11,Barrow,Newport County,S Stockbridge
2223,E3,2023-02-11,Crawley Town,Crewe,C Breakspear
2223,E3,2023-02-11,Grimsby,Colchester,D Rock
2223,E3,2023-02-11,Harrogate,Stockport,D Drysdale
2223,E3,2023-02-11,Hartlepool,Sutton,A Haines
2223,E3,2023-02-11,Mansfield,Gillingham,T Kirk
2223,E3,2023-02-11,Rochdale,Northampton,N Hair
2223,E3,2023-02-11,Stevenage,Bradford,L Doughty
2223,E3,2023-02-11,Swindon,Doncaster,O Yates
2223,E3,2023-02-11,Tranmere,Salford,D Bourne
2223,E3,2023-02-11,Walsall,Leyton Orient,A Backhouse
2223,E3,2023-02-14,Bradford,Tranmere,T Parsons
2223,E3,2023-02-14,Carlisle,Mansfield,B Toner
2223,E3,2023-02-14,Colchester,Walsall,S Allison
2223,E3,2023-02-14,Crewe,Hartlepool,N Hair
2223,E3,2023-02-14,Doncaster,Barrow,T Kirk
2223,E3,2023-02-14,Gillingham,Grimsby,C Hicks
2223,E3,2023-02-14,Leyton Orient,Rochdale,S Gill
2223,E3,2023-02-14,Newport County,Stevenage,O Yates
2223,E3,2023-02-14,Northampton,AFC Wimbledon,C Brook
2223,E3,2023-02-14,Salford,Harrogate,S Stockbridge
2223,E3,2023-02-14,Stockport,Crawley Town,A Haines
2223,E3,2023-02-14,Sutton,Swindon,C Breakspear
2223,E3,2023-02-18,AFC Wimbledon,Hartlepool,C Hicks
2223,E3,2023-02-18,Bradford,Barrow,C Boyeson
2223,E3,2023-02-18,Carlisle,Colchester,N Hair
2223,E3,2023-02-18,Harrogate,Crewe,L Smith
2223,E3,2023-02-18,Leyton Orient,Crawley Town,T Parsons
2223,E3,2023-02-18,Northampton,Grimsby,S Stockbridge
2223,E3,2023-02-18,Rochdale,Gillingham,M Edwards
2223,E3,2023-02-18,Salford,Swindon,W Finnie
2223,E3,2023-02-18,Stockport,Stevenage,B Madden
2223,E3,2023-02-18,Sutton,Doncaster,D Drysdale
2223,E3,2023-02-18,Tranmere,Mansfield,L Swabey
2223,E3,2023-02-18,Walsall,Newport County,S Purkiss
2223,E3,2023-02-21,Grimsby,Harrogate,T Nield
2223,E3,2023-02-21,Hartlepool,Newport County,B Speedie
2223,E3,2023-02-21,Rochdale,Stockport,C Boyeson
2223,E3,2023-02-21,Walsall,Crewe,D Rock
2223,E3,2023-02-25,Barrow,Stockport,O Yates
2223,E3,2023-02-25,Colchester,Northampton,S Gill
2223,E3,2023-02-25,Crawley Town,Carlisle,P Howard
2223,E3,2023-02-25,Crewe,Rochdale,B Toner
2223,E3,2023-02-25,Doncaster,Bradford,S Purkiss
2223,E3,2023-02-25,Gillingham,AFC Wimbledon,N Hair
2223,E3,2023-02-25,Grimsby,Leyton Orient,A Haines
2223,E3,2023-02-25,Hartlepool,Walsall,D Drysdale
2223,E3,2023-02-25,Mansfield,Salford,M Edwards
2223,E3,2023-02-25,Newport County,Sutton,T Nield
2223,E3,2023-02-25,Stevenage,Tranmere,M Woods
2223,E3,2023-02-25,Swindon,Harrogate,O Langford
2223,E3,2023-02-28,AFC Wimbledon,Stevenage,J Simpson
2223,E3,2023-02-28,Barrow,Salford,S Oldham
2223,E3,2023-02-28,Gillingham,Bradford,A Young
2223,E3,2023-02-28,Harrogate,Northampton,T Parsons
2223,E3,2023-02-28,Tranmere,Crawley Town,C Hicks
2223,E3,2023-03-04,AFC Wimbledon,Mansfield,O Yates
2223,E3,2023-03-04,Bradford,Colchester,T Reeves
2223,E3,2023-03-04,Carlisle,Grimsby,M Edwards
2223,E3,2023-03-04,Harrogate,Gillingham,A Haines
2223,E3,2023-03-04,Leyton Orient,Swindon,S Barrott
2223,E3,2023-03-04,Northampton,Crawley Town,R Joyce
2223,E3,2023-03-04,Rochdale,Stevenage,S Stockbridge
2223,E3,2023-03-04,Salford,Newport County,C Breakspear
2223,E3,2023-03-04,Stockport,Doncaster,R Lewis
2223,E3,2023-03-04,Sutton,Crewe,D Middleton
2223,E3,2023-03-04,Tranmere,Hartlepool,J Oldham
2223,E3,2023-03-04,Walsall,Barrow,L Swabey
2223,E3,2023-03-07,Doncaster,Harrogate,D Rock
2223,E3,2023-03-07,Grimsby,Newport County,B Madden
2223,E3,2023-03-07,Stockport,Gillingham,B Toner
2223,E3,2023-03-07,Sutton,Crawley Town,T Reeves
2223,E3,2023-03-07,Walsall,Bradford,L Smith
2223,E3,2023-03-10,Crewe,Salford,B Speedie
2223,E3,2023-03-11,Barrow,Sutton,O Langford
2223,E3,2023-03-11,Colchester,Stockport,D Bourne
2223,E3,2023-03-11,Crawley Town,Harrogate,S Mather
2223,E3,2023-03-11,Doncaster,AFC Wimbledon,M Corlett
2223,E3,2023-03-11,Gillingham,Tranmere,A Woolmer
2223,E3,2023-03-11,Grimsby,Rochdale,J Oldham
2223,E3,2023-03-11,Hartlepool,Northampton,T Kirk
2223,E3,2023-03-11,Newport County,Bradford,S Allison
2223,E3,2023-03-11,Stevenage,Walsall,C Brook
2223,E3,2023-03-11,Swindon,Carlisle,S Purkiss
2223,E3,2023-03-14,Newport County,AFC Wimbledon,T Reeves
2223,E3,2023-03-14,Northampton,Mansfield,G Eltringham
2223,E3,2023-03-14,Stevenage,Crewe,A Young
2223,E3,2023-03-14,Sutton,Grimsby,A Davies
2223,E3,2023-03-14,Walsall,Swindon,M Woods
2223,E3,2023-03-18,AFC Wimbledon,Crawley Town,C Boyeson
2223,E3,2023-03-18,Bradford,Hartlepool,D Bourne
2223,E3,2023-03-18,Carlisle,Stevenage,T Reeves
2223,E3,2023-03-18,Harrogate,Barrow,W Finnie
2223,E3,2023-03-18,Leyton Orient,Colchester,R Joyce
2223,E3,2023-03-18,Northampton,Crewe,A Kitchen
2223,E3,2023-03-18,Rochdale,Swindon,B Madden
2223,E3,2023-03-18,Salford,Doncaster,N Hair
2223,E3,2023-03-18,Stockport,Mansfield,P Howard
2223,E3,2023-03-18,Tranmere,Newport County,D Drysdale
2223,E3,2023-03-18,Walsall,Gillingham,S Gill
2223,E3,2023-03-21,Bradford,Carlisle,W Finnie
2223,E3,2023-03-21,Crawley Town,Doncaster,D Handley
2223,E3,2023-03-21,Gillingham,Crewe,J Oldham
2223,E3,2023-03-22,Mansfield,Grimsby,T Reeves
2223,E3,2023-03-25,Barrow,AFC Wimbledon,S Allison
2223,E3,2023-03-25,Colchester,Tranmere,C Boyeson
2223,E3,2023-03-25,Crawley Town,Rochdale,S Purkiss
2223,E3,2023-03-25,Doncaster,Northampton,A Herczeg
2223,E3,2023-03-25,Gillingham,Carlisle,C Breakspear
2223,E3,2023-03-25,Grimsby,Walsall,R Lewis
2223,E3,2023-03-25,Hartlepool,Leyton Orient,E Duckworth
2223,E3,2023-03-25,Mansfield,Sutton,S Mather
2223,E3,2023-03-25,Stevenage,Salford,D Drysdale
2223,E3,2023-03-25,Swindon,Stockport,A Young
2223,E3,2023-03-28,AFC Wimbledon,Walsall,B Speedie
2223,E3,2023-03-28,Crawley Town,Grimsby,L Swabey
2223,E3,2023-03-31,Stockport,Salford,A Herczeg
2223,E3,2023-03-31,Tranmere,Harrogate,S Gill
2223,E3,2023-04-01,AFC Wimbledon,Rochdale,A Young
2223,E3,2023-04-01,Barrow,Gillingham,D Handley
2223,E3,2023-04-01,Bradford,Grimsby,C Breakspear
2223,E3,2023-04-01,Colchester,Newport County,M Woods
2223,E3,2023-04-01,Doncaster,Crewe,R Joyce
2223,E3,2023-04-01,Hartlepool,Swindon,C Boyeson
2223,E3,2023-04-01,Leyton Orient,Carlisle,B Speedie
2223,E3,2023-04-01,Mansfield,Crawley Town,S Allison
2223,E3,2023-04-01,Northampton,Stevenage,S Mather
2223,E3,2023-04-01,Walsall,Sutton,T Parsons
2223,E3,2023-04-07,Carlisle,Tranmere,T Kirk
2223,E3,2023-04-07,Crawley Town,Bradford,R Lewis
2223,E3,2023-04-07,Crewe,Barrow,S Purkiss
2223,E3,2023-04-07,Gillingham,Doncaster,D Whitestone
2223,E3,2023-04-07,Grimsby,Hartlepool,A Backhouse
2223,E3,2023-04-07,Harrogate,AFC Wimbledon,S Jackson
2223,E3,2023-04-07,Newport County,Northampton,L Doughty
2223,E3,2023-04-07,Rochdale,Walsall,A Haines
2223,E3,2023-04-07,Salford,Leyton Orient,D Handley
2223,E3,2023-04-07,Stevenage,Colchester,J Oldham
2223,E3,2023-04-07,Sutton,Stockport,N Hair
2223,E3,2023-04-07,Swindon,Mansfield,T Parsons
2223,E3,2023-04-10,AFC Wimbledon,Salford,R Madley
2223,E3,2023-04-10,Barrow,Crawley Town,A Herczeg
2223,E3,2023-04-10,Bradford,Sutton,R Joyce
2223,E3,2023-04-10,Colchester,Crewe,W Finnie
2223,E3,2023-04-10,Doncaster,Grimsby,A Young
2223,E3,2023-04-10,Hartlepool,Stevenage,P Howard
2223,E3,2023-04-10,Leyton Orient,Harrogate,J Bell
2223,E3,2023-04-10,Mansfield,Rochdale,A Backhouse
2223,E3,2023-04-10,Northampton,Gillingham,D Drysdale
2223,E3,2023-04-10,Stockport,Newport County,C Brook
2223,E3,2023-04-10,Tranmere,Swindon,A Kitchen
2223,E3,2023-04-10,Walsall,Carlisle,D Bourne
2223,E3,2023-04-15,Carlisle,Northampton,R Welch
2223,E3,2023-04-15,Crawley Town,Tranmere,A Young
2223,E3,2023-04-15,Crewe,Walsall,C Boyeson
2223,E3,2023-04-15,Gillingham,Stockport,M Woods
2223,E3,2023-04-15,Grimsby,Mansfield,N Hair
2223,E3,2023-04-15,Harrogate,Doncaster,R Madley
2223,E3,2023-04-15,Newport County,Hartlepool,D Handley
2223,E3,2023-04-15,Rochdale,Bradford,L Swabey
2223,E3,2023-04-15,Salford,Colchester,A Haines
2223,E3,2023-04-15,Stevenage,AFC Wimbledon,J Bell
2223,E3,2023-04-15,Sutton,Leyton Orient,J Oldham
2223,E3,2023-04-15,Swindon,Barrow,P Howard
2223,E3,2023-04-18,Carlisle,Stockport,T Parsons
2223,E3,2023-04-18,Crawley Town,Colchester,J Bell
2223,E3,2023-04-18,Gillingham,Leyton Orient,C Brook
2223,E3,2023-04-18,Grimsby,Barrow,L Smith
2223,E3,2023-04-18,Harrogate,Walsall,R Welch
2223,E3,2023-04-18,Newport County,Mansfield,T Kirk
2223,E3,2023-04-18,Rochdale,Tranmere,S Tallis
2223,E3,2023-04-18,Salford,Hartlepool,O Yates
2223,E3,2023-04-18,Stevenage,Doncaster,C Hicks
2223,E3,2023-04-18,Sutton,Northampton,D Rock
2223,E3,2023-04-18,Swindon,Bradford,D Drysdale
2223,E3,2023-04-22,AFC Wimbledon,Swindon,S Simpson
2223,E3,2023-04-22,Barrow,Carlisle,J Bell
2223,E3,2023-04-22,Bradford,Gillingham,B Speedie
2223,E3,2023-04-22,Colchester,Sutton,C Brook
2223,E3,2023-04-22,Doncaster,Newport County,S Mather
2223,E3,2023-04-22,Hartlepool,Crawley Town,S Barrott
2223,E3,2023-04-22,Leyton Orient,Crewe,S Allison
2223,E3,2023-04-22,Mansfield,Stevenage,J Linington
2223,E3,2023-04-22,Northampton,Harrogate,S Stockbridge
2223,E3,2023-04-22,Stockport,Rochdale,S Oldham
2223,E3,2023-04-22,Tranmere,Grimsby,M Edwards
2223,E3,2023-04-22,Walsall,Salford,A Kitchen
2223,E3,2023-04-25,Grimsby,Crewe,D Handley
2223,E3,2023-04-25,Mansfield,Leyton Orient,R Lewis
2223,E3,2023-04-25,Newport County,Harrogate,N Hair
2223,E3,2023-04-25,Swindon,Stevenage,B Speedie
2223,E3,2023-04-29,AFC Wimbledon,Tranmere,M Woods
2223,E3,2023-04-29,Carlisle,Salford,S Stockbridge
2223,E3,2023-04-29,Crawley Town,Walsall,A Woolmer
2223,E3,2023-04-29,Crewe,Swindon,R Ricardo
2223,E3,2023-04-29,Doncaster,Colchester,S Gill
2223,E3,2023-04-29,Gillingham,Newport County,C Hicks
2223,E3,2023-04-29,Hartlepool,Barrow,S Mather
2223,E3,2023-04-29,Leyton Orient,Stockport,O Yates
2223,E3,2023-04-29,Mansfield,Harrogate,D Rock
2223,E3,2023-04-29,Northampton,Bradford,M Edwards
2223,E3,2023-04-29,Rochdale,Sutton,B Toner
2223,E3,2023-04-29,Stevenage,Grimsby,W Finnie
2223,E3,2023-05-03,Crewe,Bradford,A Herczeg
2223,E3,2023-05-08,Barrow,Stevenage,A Kitchen
2223,E3,2023-05-08,Bradford,Leyton Orient,G Eltringham
2223,E3,2023-05-08,Colchester,Mansfield,B Speedie
2223,E3,2023-05-08,Grimsby,AFC Wimbledon,D Rock
2223,E3,2023-05-08,Harrogate,Rochdale,C Boyeson
2223,E3,2023-05-08,Newport County,Crewe,A Backhouse
2223,E3,2023-05-08,Salford,Gillingham,R Welch
2223,E3,2023-05-08,Stockport,Hartlepool,T Reeves
2223,E3,2023-05-08,Sutton,Carlisle,D Drysdale
2223,E3,2023-05-08,Swindon,Crawley Town,T Simpson
2223,E3,2023-05-08,Tranmere,Northampton,C Hicks
2223,E3,2023-05-08,Walsall,Doncaster,F Hallam
2223,EC,2022-08-06,Aldershot,Solihull,J Durkin
2223,EC,2022-08-06,Altrincham,Maidstone,M Corlett
2223,EC,2022-08-06,Barnet,Halifax,J Miles
2223,EC,2022-08-06,Dag and Red,Gateshead,P Johnson
2223,EC,2022-08-06,Dorking,Chesterfield,W Cartmel
2223,EC,2022-08-06,Notts County,Maidenhead,A Jackson
2223,EC,2022-08-06,Scunthorpe,Yeovil,S Tallis
2223,EC,2022-08-06,Southend,Boreham Wood,R Massey-Ellis
2223,EC,2022-08-06,Torquay,Oldham,L Collins
2223,EC,2022-08-06,Wealdstone,Bromley,D Middleton
2223,EC,2022-08-06,Wrexham,Eastleigh,S Jackson
2223,EC,2022-08-06,York,Woking,E Duckworth
2223,EC,2022-08-13,Boreham Wood,Notts County,S Copeland
2223,EC,2022-08-13,Bromley,Altrincham,G Parsons
2223,EC,2022-08-13,Chesterfield,Aldershot,A Miller
2223,EC,2022-08-13,Eastleigh,Wealdstone,L Collins
2223,EC,2022-08-13,Gateshead,Barnet,P Marsden
2223,EC,2022-08-13,Halifax,Torquay,M Barlow
2223,EC,2022-08-13,Maidenhead,Scunthorpe,R Massey-Ellis
2223,EC,2022-08-13,Maidstone,York,D Middleton
2223,EC,2022-08-13,Oldham,Dorking,E Swallow
2223,EC,2022-08-13,Solihull,Southend,S Jackson
2223,EC,2022-08-13,Woking,Dag and Red,A Jackson
2223,EC,2022-08-13,Yeovil,Wrexham,L Smith
2223,EC,2022-08-16,Boreham Wood,Aldershot,G Rollason
2223,EC,2022-08-16,Bromley,Torquay,S Tallis
2223,EC,2022-08-16,Chesterfield,Wrexham,S Copeland
2223,EC,2022-08-16,Eastleigh,Dag and Red,J Richardson
2223,EC,2022-08-16,Gateshead,Notts County,A Bannister
2223,EC,2022-08-16,Halifax,Southend,E Swallow
2223,EC,2022-08-16,Maidenhead,Altrincham,J Durkin
2223,EC,2022-08-16,Maidstone,Dorking,R Massey-Ellis
2223,EC,2022-08-16,Oldham,Wealdstone,A Miller
2223,EC,2022-08-16,Woking,Scunthorpe,A Quelch
2223,EC,2022-08-16,Yeovil,Barnet,G Parsons
2223,EC,2022-08-17,Solihull,York,P Marsden
2223,EC,2022-08-20,Aldershot,Bromley,E Swallow
2223,EC,2022-08-20,Altrincham,Yeovil,M Corlett
2223,EC,2022-08-20,Barnet,Woking,R Massey-Ellis
2223,EC,2022-08-20,Dag and Red,Maidenhead,G Rollason
2223,EC,2022-08-20,Dorking,Gateshead,S Mulhall
2223,EC,2022-08-20,Notts County,Chesterfield,S Tallis
2223,EC,2022-08-20,Scunthorpe,Solihull,M Dicicco
2223,EC,2022-08-20,Southend,Oldham,A Quelch
2223,EC,2022-08-20,Torquay,Boreham Wood,M Russell
2223,EC,2022-08-20,Wealdstone,Halifax,J Durkin
2223,EC,2022-08-20,Wrexham,Maidstone,D Richardson
2223,EC,2022-08-20,York,Eastleigh,M Barlow
2223,EC,2022-08-26,Chesterfield,Barnet,M Corlett
2223,EC,2022-08-26,Oldham,Aldershot,S Copeland
2223,EC,2022-08-27,Boreham Wood,Altrincham,D Richardson
2223,EC,2022-08-27,Bromley,Scunthorpe,A Jackson
2223,EC,2022-08-27,Eastleigh,Southend,G Parsons
2223,EC,2022-08-27,Gateshead,Wealdstone,M Dicicco
2223,EC,2022-08-27,Halifax,Notts County,D Middleton
2223,EC,2022-08-27,Maidenhead,York,S Jackson
2223,EC,2022-08-27,Maidstone,Torquay,G Rhodes
2223,EC,2022-08-27,Solihull,Dorking,E Duckworth
2223,EC,2022-08-27,Woking,Wrexham,R Massey-Ellis
2223,EC,2022-08-27,Yeovil,Dag and Red,W Cartmel
2223,EC,2022-08-29,Aldershot,Maidstone,A Jackson
2223,EC,2022-08-29,Altrincham,Chesterfield,P Marsden
2223,EC,2022-08-29,Barnet,Eastleigh,A Quelch
2223,EC,2022-08-29,Dag and Red,Bromley,R Massey-Ellis
2223,EC,2022-08-29,Dorking,Boreham Wood,P Johnson
2223,EC,2022-08-29,Notts County,Solihull,G Rhodes
2223,EC,2022-08-29,Scunthorpe,Halifax,L Smith
2223,EC,2022-08-29,Southend,Maidenhead,W Cartmel
2223,EC,2022-08-29,Torquay,Woking,J Durkin
2223,EC,2022-08-29,Wealdstone,Yeovil,S Mulhall
2223,EC,2022-08-29,York,Oldham,M Dicicco
2223,EC,2022-08-30,Wrexham,Gateshead,D Middleton
2223,EC,2022-09-03,Aldershot,Barnet,D Richardson
2223,EC,2022-09-03,Bromley,Eastleigh,A Dale
2223,EC,2022-09-03,Dag and Red,Notts County,A Quelch
2223,EC,2022-09-03,Dorking,Wrexham,G Parsons
2223,EC,2022-09-03,Gateshead,Maidstone,E Duckworth
2223,EC,2022-09-03,Maidenhead,Halifax,S Mulhall
2223,EC,2022-09-03,Oldham,Chesterfield,L Smith
2223,EC,2022-09-03,Scunthorpe,Boreham Wood,G Rhodes
2223,EC,2022-09-03,Solihull,Altrincham,W Cartmel
2223,EC,2022-09-03,Southend,Torquay,R Massey-Ellis
2223,EC,2022-09-03,Yeovil,York,G Rollason
2223,EC,2022-09-04,Wealdstone,Woking,M Russell
2223,EC,2022-09-13,Altrincham,Scunthorpe,M Barlow
2223,EC,2022-09-13,Barnet,Dorking,G Rollason
2223,EC,2022-09-13,Boreham Wood,Maidenhead,R Massey-Ellis
2223,EC,2022-09-13,Chesterfield,Southend,A Jackson
2223,EC,2022-09-13,Eastleigh,Yeovil,P Johnson
2223,EC,2022-09-13,Halifax,Gateshead,S Jackson
2223,EC,2022-09-13,Maidstone,Wealdstone,A Dale
2223,EC,2022-09-13,Notts County,Aldershot,M Dicicco
2223,EC,2022-09-13,Torquay,Solihull,G Parsons
2223,EC,2022-09-13,Woking,Oldham,W Cartmel
2223,EC,2022-09-13,Wrexham,Dag and Red,J Miles
2223,EC,2022-09-13,York,Bromley,A Bannister
2223,EC,2022-09-17,Aldershot,Halifax,R Massey-Ellis
2223,EC,2022-09-17,Bromley,Maidstone,P Johnson
2223,EC,2022-09-17,Dag and Red,Altrincham,S Mulhall
2223,EC,2022-09-17,Dorking,Notts County,J Richardson
2223,EC,2022-09-17,Gateshead,Boreham Wood,P Marsden
2223,EC,2022-09-17,Maidenhead,Woking,G Parsons
2223,EC,2022-09-17,Oldham,Eastleigh,A Jackson
2223,EC,2022-09-17,Scunthorpe,York,D Middleton
2223,EC,2022-09-17,Solihull,Barnet,G Eltringham
2223,EC,2022-09-17,Southend,Wrexham,A Dale
2223,EC,2022-09-17,Wealdstone,Torquay,A Quelch
2223,EC,2022-09-17,Yeovil,Chesterfield,E Swallow
2223,EC,2022-09-24,Altrincham,Aldershot,A Miller
2223,EC,2022-09-24,Bromley,Oldham,G Rhodes
2223,EC,2022-09-24,Dag and Red,Barnet,M Dicicco
2223,EC,2022-09-24,Eastleigh,Halifax,E Swallow
2223,EC,2022-09-24,Maidenhead,Gateshead,J Durkin
2223,EC,2022-09-24,Maidstone,Chesterfield,A Bannister
2223,EC,2022-09-24,Scunthorpe,Dorking,S Copeland
2223,EC,2022-09-24,Wealdstone,Southend,S Tallis
2223,EC,2022-09-24,Woking,Solihull,P Johnson
2223,EC,2022-09-24,Wrexham,Torquay,E Duckworth
2223,EC,2022-09-24,Yeovil,Boreham Wood,S Jackson
2223,EC,2022-09-24,York,Notts County,L Smith
2223,EC,2022-10-01,Aldershot,Wealdstone,A Ajibola
2223,EC,2022-10-01,Barnet,York,R Massey-Ellis
2223,EC,2022-10-01,Boreham Wood,Maidstone,D Middleton
2223,EC,2022-10-01,Chesterfield,Maidenhead,A Miller
2223,EC,2022-10-01,Dorking,Dag and Red,J Durkin
2223,EC,2022-10-01,Gateshead,Eastleigh,S Simpson
2223,EC,2022-10-01,Halifax,Woking,G Rhodes
2223,EC,2022-10-01,Notts County,Altrincham,S Jackson
2223,EC,2022-10-01,Oldham,Wrexham,M Dicicco
2223,EC,2022-10-01,Solihull,Bromley,S Copeland
2223,EC,2022-10-01,Southend,Yeovil,S Mulhall
2223,EC,2022-10-01,Torquay,Scunthorpe,L Wood
2223,EC,2022-10-04,Aldershot,Eastleigh,W Cartmel
2223,EC,2022-10-04,Barnet,Maidstone,G Rollason
2223,EC,2022-10-04,Boreham Wood,Bromley,S Tallis
2223,EC,2022-10-04,Chesterfield,Dag and Red,M Corlett
2223,EC,2022-10-04,Dorking,Yeovil,M Russell
2223,EC,2022-10-04,Gateshead,Altrincham,A Jackson
2223,EC,2022-10-04,Halifax,York,M Dicicco
2223,EC,2022-10-04,Notts County,Wrexham,G Rhodes
2223,EC,2022-10-04,Oldham,Scunthorpe,D Richardson
2223,EC,2022-10-04,Solihull,Wealdstone,L Smith
2223,EC,2022-10-04,Southend,Woking,J Richardson
2223,EC,2022-10-04,Torquay,Maidenhead,E Swallow
2223,EC,2022-10-08,Altrincham,Dorking,P Marsden
2223,EC,2022-10-08,Bromley,Gateshead,W Cartmel
2223,EC,2022-10-08,Dag and Red,Southend,M Russell
2223,EC,2022-10-08,Eastleigh,Chesterfield,L Smith
2223,EC,2022-10-08,Maidenhead,Oldham,L Wood
2223,EC,2022-10-08,Maidstone,Halifax,G Parsons
2223,EC,2022-10-08,Scunthorpe,Aldershot,E Duckworth
2223,EC,2022-10-08,Wealdstone,Boreham Wood,A Bannister
2223,EC,2022-10-08,Woking,Notts County,S Mulhall
2223,EC,2022-10-08,Wrexham,Barnet,E Swallow
2223,EC,2022-10-08,Yeovil,Solihull,A Dale
2223,EC,2022-10-08,York,Torquay,M Barlow
2223,EC,2022-10-11,York,Dag and Red,A Jackson
2223,EC,2022-10-21,Notts County,Maidstone,S Simpson
2223,EC,2022-10-22,Aldershot,York,R Ricardo
2223,EC,2022-10-22,Barnet,Maidenhead,M Dicicco
2223,EC,2022-10-22,Boreham Wood,Wrexham,A Quelch
2223,EC,2022-10-22,Chesterfield,Bromley,D Middleton
2223,EC,2022-10-22,Dorking,Wealdstone,L Wood
2223,EC,2022-10-22,Gateshead,Woking,M Corlett
2223,EC,2022-10-22,Halifax,Dag and Red,S Copeland
2223,EC,2022-10-22,Oldham,Yeovil,G Rollason
2223,EC,2022-10-22,Solihull,Eastleigh,A Jackson
2223,EC,2022-10-22,Southend,Scunthorpe,A Ajibola
2223,EC,2022-10-22,Torquay,Altrincham,J Miles
2223,EC,2022-10-25,Altrincham,Oldham,E Duckworth
2223,EC,2022-10-25,Bromley,Barnet,A Quelch
2223,EC,2022-10-25,Dag and Red,Boreham Wood,C Pollard
2223,EC,2022-10-25,Eastleigh,Torquay,A Young
2223,EC,2022-10-25,Maidenhead,Solihull,G Rollason
2223,EC,2022-10-25,Maidstone,Southend,R Massey-Ellis
2223,EC,2022-10-25,Scunthorpe,Gateshead,A Miller
2223,EC,2022-10-25,Wealdstone,Notts County,E Swallow
2223,EC,2022-10-25,Woking,Dorking,D Middleton
2223,EC,2022-10-25,Wrexham,Halifax,M Barlow
2223,EC,2022-10-25,Yeovil,Aldershot,J Durkin
2223,EC,2022-10-25,York,Chesterfield,S Jackson
2223,EC,2022-10-28,Barnet,Scunthorpe,J Durkin
2223,EC,2022-10-29,Chesterfield,Boreham Wood,M Barlow
2223,EC,2022-10-29,Dag and Red,Wealdstone,J Richardson
2223,EC,2022-10-29,Dorking,Aldershot,A Dale
2223,EC,2022-10-29,Gateshead,Solihull,R Massey-Ellis
2223,EC,2022-10-29,Halifax,Oldham,A Miller
2223,EC,2022-10-29,Maidenhead,Bromley,F Hallam
2223,EC,2022-10-29,Maidstone,Yeovil,J Miles
2223,EC,2022-10-29,Notts County,Torquay,D Richardson
2223,EC,2022-10-29,Woking,Eastleigh,S Tallis
2223,EC,2022-10-29,Wrexham,Altrincham,S Simpson
2223,EC,2022-10-29,York,Southend,P Marsden
2223,EC,2022-11-01,Altrincham,Wealdstone,G Rollason
2223,EC,2022-11-01,Barnet,Southend,A Dale
2223,EC,2022-11-01,Chesterfield,Gateshead,G Rhodes
2223,EC,2022-11-01,Eastleigh,Scunthorpe,E Swallow
2223,EC,2022-11-01,Maidstone,Solihull,S Tallis
2223,EC,2022-11-01,Notts County,Bromley,L Smith
2223,EC,2022-11-01,Torquay,Aldershot,M Russell
2223,EC,2022-11-01,Woking,Yeovil,L Wood
2223,EC,2022-11-01,Wrexham,Maidenhead,E Duckworth
2223,EC,2022-11-08,Altrincham,Barnet,A Jackson
2223,EC,2022-11-08,Boreham Wood,York,M Russell
2223,EC,2022-11-08,Eastleigh,Maidstone,S Mulhall
2223,EC,2022-11-08,Solihull,Halifax,A Bannister
2223,EC,2022-11-08,Southend,Notts County,D Middleton
2223,EC,2022-11-08,Yeovil,Maidenhead,R Massey-Ellis
2223,EC,2022-11-09,Bromley,Woking,G Parsons
2223,EC,2022-11-09,Scunthorpe,Wrexham,G Rhodes
2223,EC,2022-11-09,Torquay,Dorking,A Ajibola
2223,EC,2022-11-12,Aldershot,Maidenhead,G Parsons
2223,EC,2022-11-12,Altrincham,York,D Middleton
2223,EC,2022-11-12,Boreham Wood,Woking,A Dale
2223,EC,2022-11-12,Bromley,Halifax,G Rollason
2223,EC,2022-11-12,Eastleigh,Notts County,J Durkin
2223,EC,2022-11-12,Oldham,Barnet,M Barlow
2223,EC,2022-11-12,Scunthorpe,Maidstone,S Copeland
2223,EC,2022-11-12,Solihull,Dag and Red,S Simpson
2223,EC,2022-11-12,Southend,Dorking,W Cartmel
2223,EC,2022-11-12,Torquay,Chesterfield,J Richardson
2223,EC,2022-11-12,Wealdstone,Wrexham,M Corlett
2223,EC,2022-11-12,Yeovil,Gateshead,S Mulhall
2223,EC,2022-11-19,Barnet,Torquay,L Wood
2223,EC,2022-11-19,Chesterfield,Solihull,M Russell
2223,EC,2022-11-19,Dag and Red,Scunthorpe,J  Miles
2223,EC,2022-11-19,Dorking,Bromley,S Simpson
2223,EC,2022-11-19,Gateshead,Southend,M Dicicco
2223,EC,2022-11-19,Halifax,Boreham Wood,L Smith
2223,EC,2022-11-19,Maidenhead,Eastleigh,A Bannister
2223,EC,2022-11-19,Maidstone,Oldham,P Johnson
2223,EC,2022-11-19,Notts County,Yeovil,G Parsons
2223,EC,2022-11-19,Woking,Altrincham,J Durkin
2223,EC,2022-11-19,Wrexham,Aldershot,A Miller
2223,EC,2022-11-19,York,Wealdstone,D Richardson
2223,EC,2022-11-26,Aldershot,Southend,R Massey-Ellis
2223,EC,2022-11-26,Altrincham,Eastleigh,S Copeland
2223,EC,2022-11-26,Dorking,York,M Dicicco
2223,EC,2022-11-26,Maidstone,Maidenhead,D Richardson
2223,EC,2022-11-26,Torquay,Gateshead,A Quelch
2223,EC,2022-11-26,Wealdstone,Scunthorpe,P Marsden
2223,EC,2022-11-26,Yeovil,Halifax,A Jackson
2223,EC,2022-12-03,Barnet,Wealdstone,R Massey-Ellis
2223,EC,2022-12-03,Dag and Red,Torquay,D Middleton
2223,EC,2022-12-03,Eastleigh,Boreham Wood,A Ajibola
2223,EC,2022-12-03,Gateshead,Aldershot,D Richardson
2223,EC,2022-12-03,Halifax,Chesterfield,A Miller
2223,EC,2022-12-03,Maidenhead,Dorking,G Rhodes
2223,EC,2022-12-03,Scunthorpe,Notts County,M Corlett
2223,EC,2022-12-03,Solihull,Oldham,S Copeland
2223,EC,2022-12-03,Southend,Altrincham,S Simpson
2223,EC,2022-12-03,Woking,Maidstone,A Bannister
2223,EC,2022-12-03,York,Wrexham,E Duckworth
2223,EC,2022-12-06,Boreham Wood,Oldham,J Richardson
2223,EC,2022-12-06,Halifax,Dorking,S Tallis
2223,EC,2022-12-10,Bromley,Wealdstone,P Johnson
2223,EC,2022-12-10,Chesterfield,Dorking,A Jackson
2223,EC,2022-12-10,Eastleigh,Wrexham,S Mulhall
2223,EC,2022-12-10,Maidenhead,Notts County,A Dale
2223,EC,2022-12-10,Maidstone,Altrincham,G Rollason
2223,EC,2022-12-10,Woking,York,R Ricardo
2223,EC,2022-12-10,Yeovil,Scunthorpe,E Swallow
2223,EC,2022-12-11,Oldham,Torquay,P Marsden
2223,EC,2022-12-13,Dorking,Maidstone,G Parsons
2223,EC,2022-12-13,Notts County,Gateshead,A Bannister
2223,EC,2022-12-26,Aldershot,Woking,A Ajibola
2223,EC,2022-12-26,Altrincham,Halifax,M Barlow
2223,EC,2022-12-26,Barnet,Boreham Wood,D Middleton
2223,EC,2022-12-26,Dag and Red,Maidstone,S Tallis
2223,EC,2022-12-26,Dorking,Eastleigh,P Johnson
2223,EC,2022-12-26,Notts County,Oldham,A Miller
2223,EC,2022-12-26,Scunthorpe,Chesterfield,S Simpson
2223,EC,2022-12-26,Southend,Bromley,J Miles
2223,EC,2022-12-26,Torquay,Yeovil,J Durkin
2223,EC,2022-12-26,Wealdstone,Maidenhead,G Parsons
2223,EC,2022-12-26,Wrexham,Solihull,G Rhodes
2223,EC,2022-12-26,York,Gateshead,S Copeland
2223,EC,2023-01-01,Bromley,Southend,E Swallow
2223,EC,2023-01-01,Chesterfield,Scunthorpe,S Jackson
2223,EC,2023-01-01,Eastleigh,Dorking,A Dale
2223,EC,2023-01-01,Halifax,Altrincham,M Corlett
2223,EC,2023-01-01,Maidenhead,Wealdstone,L Wood
2223,EC,2023-01-01,Oldham,Notts County,D Richardson
2223,EC,2023-01-01,Woking,Aldershot,J Richardson
2223,EC,2023-01-01,Yeovil,Torquay,G Rollason
2223,EC,2023-01-02,Boreham Wood,Barnet,L Smith
2223,EC,2023-01-02,Gateshead,York,A Jackson
2223,EC,2023-01-02,Maidstone,Dag and Red,M Russell
2223,EC,2023-01-02,Solihull,Wrexham,A Quelch
2223,EC,2023-01-07,Aldershot,Notts County,S Simpson
2223,EC,2023-01-07,Barnet,Gateshead,J Miles
2223,EC,2023-01-07,Dag and Red,Woking,E Swallow
2223,EC,2023-01-07,Dorking,Oldham,F Hallam
2223,EC,2023-01-07,Scunthorpe,Maidenhead,M Barlow
2223,EC,2023-01-07,Southend,Solihull,L Smith
2223,EC,2023-01-07,Torquay,Halifax,W Cartmel
2223,EC,2023-01-07,Wealdstone,Eastleigh,J Richardson
2223,EC,2023-01-07,York,Maidstone,M Corlett
2223,EC,2023-01-10,Aldershot,Dag and Red,L Wood
2223,EC,2023-01-10,Notts County,Boreham Wood,P Marsden
2223,EC,2023-01-10,Wrexham,Bromley,L Smith
2223,EC,2023-01-14,Bromley,Yeovil,W Cartmel
2223,EC,2023-01-14,Scunthorpe,Woking,M Dicicco
2223,EC,2023-01-17,Altrincham,Maidenhead,R Massey-Ellis
2223,EC,2023-01-17,Solihull,Aldershot,M Barlow
2223,EC,2023-01-21,Bromley,Aldershot,R Massey-Ellis
2223,EC,2023-01-21,Maidstone,Wrexham,A Ajibola
2223,EC,2023-01-24,Bromley,Dag and Red,A Quelch
2223,EC,2023-01-24,Chesterfield,Altrincham,S Copeland
2223,EC,2023-01-24,Gateshead,Wrexham,M Dicicco
2223,EC,2023-01-24,Maidstone,Aldershot,P Johnson
2223,EC,2023-01-24,Oldham,York,G Rollason
2223,EC,2023-01-25,Halifax,Scunthorpe,L Smith
2223,EC,2023-01-28,Aldershot,Oldham,G Parsons
2223,EC,2023-01-28,Altrincham,Boreham Wood,G Rhodes
2223,EC,2023-01-28,Barnet,Chesterfield,E Swallow
2223,EC,2023-01-28,Dag and Red,Yeovil,A Dale
2223,EC,2023-01-28,Dorking,Solihull,J Durkin
2223,EC,2023-01-28,Notts County,Halifax,M Dicicco
2223,EC,2023-01-28,Scunthorpe,Bromley,R Ricardo
2223,EC,2023-01-28,Southend,Eastleigh,G Rollason
2223,EC,2023-01-28,Torquay,Maidstone,D Richardson
2223,EC,2023-01-28,Wealdstone,Gateshead,D Middleton
2223,EC,2023-01-28,York,Maidenhead,A Bannister
2223,EC,2023-01-31,Aldershot,Boreham Wood,M Russell
2223,EC,2023-01-31,Eastleigh,Barnet,J Durkin
2223,EC,2023-01-31,Solihull,Notts County,R Massey-Ellis
2223,EC,2023-01-31,Woking,Torquay,A Dale
2223,EC,2023-01-31,Yeovil,Wealdstone,S Jackson
2223,EC,2023-02-03,Scunthorpe,Barnet,G Rhodes
2223,EC,2023-02-04,Aldershot,Dorking,W Cartmel
2223,EC,2023-02-04,Altrincham,Wrexham,P Marsden
2223,EC,2023-02-04,Boreham Wood,Chesterfield,J Miles
2223,EC,2023-02-04,Bromley,Maidenhead,G Parsons
2223,EC,2023-02-04,Eastleigh,Woking,A Ajibola
2223,EC,2023-02-04,Oldham,Halifax,D Watson
2223,EC,2023-02-04,Solihull,Gateshead,J O'Connor
2223,EC,2023-02-04,Southend,York,L Wood
2223,EC,2023-02-04,Torquay,Notts County,P Johnson
2223,EC,2023-02-04,Wealdstone,Dag and Red,J Durkin
2223,EC,2023-02-04,Yeovil,Maidstone,A Quelch
2223,EC,2023-02-07,Chesterfield,Woking,L Smith
2223,EC,2023-02-07,Halifax,Barnet,M Barlow
2223,EC,2023-02-07,Maidenhead,Southend,A Jackson
2223,EC,2023-02-07,Oldham,Dag and Red,A Bannister
2223,EC,2023-02-07,York,Solihull,S Jackson
2223,EC,2023-02-11,Chesterfield,Notts County,M Corlett
2223,EC,2023-02-11,Dag and Red,Solihull,J Miles
2223,EC,2023-02-11,Woking,Boreham Wood,G Rollason
2223,EC,2023-02-11,Wrexham,Wealdstone,E Swallow
2223,EC,2023-02-14,Aldershot,Chesterfield,J Durkin
2223,EC,2023-02-14,Altrincham,Bromley,M Barlow
2223,EC,2023-02-14,Boreham Wood,Solihull,P Johnson
2223,EC,2023-02-14,Dag and Red,Eastleigh,S Mulhall
2223,EC,2023-02-14,Notts County,Barnet,A Jackson
2223,EC,2023-02-14,Oldham,Gateshead,E Duckworth
2223,EC,2023-02-14,Southend,Halifax,R Massey-Ellis
2223,EC,2023-02-14,Wrexham,Woking,S Copeland
2223,EC,2023-02-18,Aldershot,Wrexham,S Mulhall
2223,EC,2023-02-18,Altrincham,Woking,A Jackson
2223,EC,2023-02-18,Boreham Wood,Halifax,A Quelch
2223,EC,2023-02-18,Bromley,Dorking,M Russell
2223,EC,2023-02-18,Eastleigh,Maidenhead,S Tallis
2223,EC,2023-02-18,Oldham,Maidstone,S Simpson
2223,EC,2023-02-18,Scunthorpe,Dag and Red,J O'Connor
2223,EC,2023-02-18,Solihull,Chesterfield,E Duckworth
2223,EC,2023-02-18,Southend,Gateshead,R Ricardo
2223,EC,2023-02-18,Torquay,Barnet,S Copeland
2223,EC,2023-02-18,Wealdstone,York,B Atkinson
2223,EC,2023-02-18,Yeovil,Notts County,A Ajibola
2223,EC,2023-02-21,Barnet,Altrincham,A Dale
2223,EC,2023-02-21,Chesterfield,Wealdstone,A Miller
2223,EC,2023-02-21,Dag and Red,Aldershot,F Hallam
2223,EC,2023-02-21,Dorking,Torquay,A Quelch
2223,EC,2023-02-21,Gateshead,Oldham,S Copeland
2223,EC,2023-02-21,Halifax,Solihull,A Jackson
2223,EC,2023-02-21,Maidenhead,Yeovil,R Watkins
2223,EC,2023-02-21,Maidstone,Eastleigh,L Wood
2223,EC,2023-02-21,Notts County,Southend,G Rhodes
2223,EC,2023-02-21,Woking,Bromley,J Durkin
2223,EC,2023-02-21,Wrexham,Scunthorpe,G Rollason
2223,EC,2023-02-21,York,Boreham Wood,S Simpson
2223,EC,2023-02-25,Altrincham,Solihull,A Miller
2223,EC,2023-02-25,Barnet,Aldershot,M Dicicco
2223,EC,2023-02-25,Boreham Wood,Scunthorpe,W Cartmel
2223,EC,2023-02-25,Chesterfield,Oldham,P Marsden
2223,EC,2023-02-25,Eastleigh,Bromley,B Atkinson
2223,EC,2023-02-25,Halifax,Maidenhead,M Corlett
2223,EC,2023-02-25,Maidstone,Gateshead,J Richardson
2223,EC,2023-02-25,Notts County,Dag and Red,L Smith
2223,EC,2023-02-25,Torquay,Southend,G Parsons
2223,EC,2023-02-25,Woking,Wealdstone,M Russell
2223,EC,2023-02-25,Wrexham,Dorking,A Bannister
2223,EC,2023-02-25,York,Yeovil,E Duckworth
2223,EC,2023-02-28,Barnet,Oldham,J O'Connor
2223,EC,2023-02-28,Boreham Wood,Dorking,G Parsons
2223,EC,2023-02-28,Eastleigh,York,P Johnson
2223,EC,2023-02-28,Halifax,Wealdstone,P Marsden
2223,EC,2023-02-28,Maidenhead,Dag and Red,G Rollason
2223,EC,2023-02-28,Maidstone,Scunthorpe,A Ajibola
2223,EC,2023-02-28,Torquay,Bromley,J Miles
2223,EC,2023-02-28,Wrexham,Chesterfield,S Tallis
2223,EC,2023-02-28,Yeovil,Altrincham,M Russell
2223,EC,2023-03-03,Southend,Barnet,P Johnson
2223,EC,2023-03-04,Aldershot,Torquay,B Atkinson
2223,EC,2023-03-04,Bromley,Notts County,S Tallis
2223,EC,2023-03-04,Dag and Red,York,P Marsden
2223,EC,2023-03-04,Dorking,Halifax,J Richardson
2223,EC,2023-03-04,Gateshead,Chesterfield,S Jackson
2223,EC,2023-03-04,Maidenhead,Wrexham,A Dale
2223,EC,2023-03-04,Oldham,Boreham Wood,G Rhodes
2223,EC,2023-03-04,Scunthorpe,Eastleigh,A Bannister
2223,EC,2023-03-04,Solihull,Maidstone,S Mulhall
2223,EC,2023-03-04,Wealdstone,Altrincham,L Wood
2223,EC,2023-03-04,Yeovil,Woking,E Swallow
2223,EC,2023-03-07,Bromley,York,W Cartmel
2223,EC,2023-03-07,Dag and Red,Wrexham,L Wood
2223,EC,2023-03-07,Dorking,Barnet,A Ajibola
2223,EC,2023-03-07,Gateshead,Halifax,A Bannister
2223,EC,2023-03-07,Maidenhead,Boreham Wood,J Durkin
2223,EC,2023-03-07,Oldham,Woking,S Jackson
2223,EC,2023-03-07,Scunthorpe,Altrincham,M Corlett
2223,EC,2023-03-07,Solihull,Torquay,A Jackson
2223,EC,2023-03-07,Southend,Chesterfield,M Russell
2223,EC,2023-03-07,Wealdstone,Maidstone,S Parkinson
2223,EC,2023-03-07,Yeovil,Eastleigh,G Parsons
2223,EC,2023-03-11,Chesterfield,Yeovil,D Watson
2223,EC,2023-03-11,Eastleigh,Oldham,W Cartmel
2223,EC,2023-03-11,Notts County,Dorking,E Duckworth
2223,EC,2023-03-11,Torquay,Wealdstone,G Rollason
2223,EC,2023-03-11,Woking,Maidenhead,L Wood
2223,EC,2023-03-11,Wrexham,Southend,P Marsden
2223,EC,2023-03-14,Barnet,Yeovil,L Wood
2223,EC,2023-03-14,Boreham Wood,Southend,R Watkins
2223,EC,2023-03-14,Maidenhead,Aldershot,A Jackson
2223,EC,2023-03-14,Notts County,Eastleigh,S Simpson
2223,EC,2023-03-14,Solihull,Scunthorpe,D Watson
2223,EC,2023-03-14,Wealdstone,Chesterfield,J Miles
2223,EC,2023-03-14,York,Altrincham,J O'Connor
2223,EC,2023-03-18,Barnet,Notts County,F Hallam
2223,EC,2023-03-18,Bromley,Wrexham,M Corlett
2223,EC,2023-03-18,Dag and Red,Oldham,G Parsons
2223,EC,2023-03-18,Eastleigh,Altrincham,S Mulhall
2223,EC,2023-03-18,Gateshead,Torquay,J O'Connor
2223,EC,2023-03-18,Halifax,Yeovil,D Middleton
2223,EC,2023-03-18,Maidenhead,Maidstone,J Miles
2223,EC,2023-03-18,Scunthorpe,Wealdstone,M Barlow
2223,EC,2023-03-18,Solihull,Boreham Wood,J Richardson
2223,EC,2023-03-18,Southend,Aldershot,S Simpson
2223,EC,2023-03-18,Woking,Chesterfield,L Smith
2223,EC,2023-03-18,York,Dorking,A Jackson
2223,EC,2023-03-25,Aldershot,Gateshead,P Marsden
2223,EC,2023-03-25,Altrincham,Southend,S Copeland
2223,EC,2023-03-25,Boreham Wood,Eastleigh,A Dale
2223,EC,2023-03-25,Chesterfield,Halifax,G Rollason
2223,EC,2023-03-25,Dorking,Maidenhead,P Johnson
2223,EC,2023-03-25,Maidstone,Woking,B Atkinson
2223,EC,2023-03-25,Notts County,Scunthorpe,J O'Connor
2223,EC,2023-03-25,Oldham,Solihull,M Barlow
2223,EC,2023-03-25,Torquay,Dag and Red,S Simpson
2223,EC,2023-03-25,Wealdstone,Barnet,E Swallow
2223,EC,2023-03-25,Wrexham,York,D Watson
2223,EC,2023-03-25,Yeovil,Bromley,R Watkins
2223,EC,2023-03-28,Altrincham,Notts County,D Watson
2223,EC,2023-03-28,Boreham Wood,Torquay,L Smith
2223,EC,2023-03-28,Dorking,Southend,S Tallis
2223,EC,2023-03-28,Gateshead,Dag and Red,G Rhodes
2223,EC,2023-03-28,Halifax,Aldershot,M Barlow
2223,EC,2023-03-28,Maidstone,Bromley,J Durkin
2223,EC,2023-03-28,Wealdstone,Oldham,R Watkins
2223,EC,2023-03-28,Woking,Barnet,D Middleton
2223,EC,2023-03-28,York,Scunthorpe,S Simpson
2223,EC,2023-04-01,Bromley,Solihull,S Simpson
2223,EC,2023-04-01,Dag and Red,Dorking,R Ricardo
2223,EC,2023-04-01,Maidenhead,Chesterfield,G Parsons
2223,EC,2023-04-01,Maidstone,Boreham Wood,W Cartmel
2223,EC,2023-04-01,Scunthorpe,Torquay,P Marsden
2223,EC,2023-04-01,Wrexham,Oldham,J Durkin
2223,EC,2023-04-01,Yeovil,Southend,E Duckworth
2223,EC,2023-04-03,York,Barnet,J Miles
2223,EC,2023-04-04,Gateshead,Yeovil,A Jackson
2223,EC,2023-04-07,Aldershot,Yeovil,J Durkin
2223,EC,2023-04-07,Barnet,Bromley,S Mulhall
2223,EC,2023-04-07,Boreham Wood,Dag and Red,J Miles
2223,EC,2023-04-07,Chesterfield,York,M Barlow
2223,EC,2023-04-07,Dorking,Woking,G Parsons
2223,EC,2023-04-07,Gateshead,Scunthorpe,L Smith
2223,EC,2023-04-07,Halifax,Wrexham,B Atkinson
2223,EC,2023-04-07,Notts County,Wealdstone,S Copeland
2223,EC,2023-04-07,Oldham,Altrincham,G Rhodes
2223,EC,2023-04-07,Solihull,Maidenhead,A Ajibola
2223,EC,2023-04-07,Southend,Maidstone,J Richardson
2223,EC,2023-04-07,Torquay,Eastleigh,E Swallow
2223,EC,2023-04-10,Altrincham,Gateshead,B Atkinson
2223,EC,2023-04-10,Bromley,Boreham Wood,E Duckworth
2223,EC,2023-04-10,Dag and Red,Chesterfield,A Jackson
2223,EC,2023-04-10,Eastleigh,Aldershot,L Wood
2223,EC,2023-04-10,Maidenhead,Torquay,W Cartmel
2223,EC,2023-04-10,Maidstone,Barnet,P Johnson
2223,EC,2023-04-10,Scunthorpe,Oldham,S Jackson
2223,EC,2023-04-10,Woking,Southend,M Corlett
2223,EC,2023-04-10,Wrexham,Notts County,S Tallis
2223,EC,2023-04-10,Yeovil,Dorking,E Swallow
2223,EC,2023-04-10,York,Halifax,A Bannister
2223,EC,2023-04-12,Eastleigh,Gateshead,J Durkin
2223,EC,2023-04-15,Aldershot,Scunthorpe,M Corlett
2223,EC,2023-04-15,Barnet,Wrexham,E Howard
2223,EC,2023-04-15,Boreham Wood,Wealdstone,A Miller
2223,EC,2023-04-15,Chesterfield,Eastleigh,B Atkinson
2223,EC,2023-04-15,Dorking,Altrincham,R Watkins
2223,EC,2023-04-15,Gateshead,Bromley,M Barlow
2223,EC,2023-04-15,Halifax,Maidstone,S Copeland
2223,EC,2023-04-15,Notts County,Woking,S Jackson
2223,EC,2023-04-15,Oldham,Maidenhead,S Simpson
2223,EC,2023-04-15,Solihull,Yeovil,F Hallam
2223,EC,2023-04-15,Southend,Dag and Red,D Middleton
2223,EC,2023-04-15,Torquay,York,R Atkin
2223,EC,2023-04-18,Altrincham,Dag and Red,J O'Connor
2223,EC,2023-04-18,Barnet,Solihull,A Dale
2223,EC,2023-04-18,Chesterfield,Torquay,S Copeland
2223,EC,2023-04-18,Gateshead,Dorking,M Corlett
2223,EC,2023-04-18,Halifax,Bromley,S Jackson
2223,EC,2023-04-18,Oldham,Southend,G Rollason
2223,EC,2023-04-18,Wealdstone,Aldershot,A Ajibola
2223,EC,2023-04-18,Wrexham,Yeovil,M Barlow
2223,EC,2023-04-22,Altrincham,Torquay,A Duckworth
2223,EC,2023-04-22,Bromley,Chesterfield,J Richardson
2223,EC,2023-04-22,Dag and Red,Halifax,E Swallow
2223,EC,2023-04-22,Eastleigh,Solihull,J Miles
2223,EC,2023-04-22,Maidenhead,Barnet,S Parkinson
2223,EC,2023-04-22,Maidstone,Notts County,A Miller
2223,EC,2023-04-22,Scunthorpe,Southend,S Mulhall
2223,EC,2023-04-22,Wealdstone,Dorking,L Wood
2223,EC,2023-04-22,Woking,Gateshead,D Watson
2223,EC,2023-04-22,Wrexham,Boreham Wood,S Jackson
2223,EC,2023-04-22,Yeovil,Oldham,P Johnson
2223,EC,2023-04-22,York,Aldershot,G Parsons
2223,EC,2023-04-25,Boreham Wood,Gateshead,D Middleton
2223,EC,2023-04-25,Wealdstone,Solihull,J Durkin
2223,EC,2023-04-25,Woking,Halifax,A Dale
2223,EC,2023-04-29,Aldershot,Altrincham,R Atkin
2223,EC,2023-04-29,Barnet,Dag and Red,J Richardson
2223,EC,2023-04-29,Boreham Wood,Yeovil,M Corlett
2223,EC,2023-04-29,Chesterfield,Maidstone,S Mulhall
2223,EC,2023-04-29,Dorking,Scunthorpe,A Dale
2223,EC,2023-04-29,Gateshead,Maidenhead,S Tallis
2223,EC,2023-04-29,Halifax,Eastleigh,D Watson
2223,EC,2023-04-29,Notts County,York,G Rollason
2223,EC,2023-04-29,Oldham,Bromley,R Watkins
2223,EC,2023-04-29,Solihull,Woking,A Bannister
2223,EC,2023-04-29,Southend,Wealdstone,G Parsons
2223,EC,2023-04-29,Torquay,Wrexham,G Rhodes
2223,SC0,2022-07-30,Hearts,Ross County,D Dickinson
2223,SC0,2022-07-30,Kilmarnock,Dundee United,W Collum
2223,SC0,2022-07-30,Livingston,Rangers,D Robertson
2223,SC0,2022-07-30,St Johnstone,Hibernian,E Anderson
2223,SC0,2022-07-31,Celtic,Aberdeen,N Walsh
2223,SC0,2022-07-31,St Mirren,Motherwell,J Beaton
2223,SC0,2022-08-06,Aberdeen,St Mirren,A Muir
2223,SC0,2022-08-06,Motherwell,St Johnstone,W Collum
2223,SC0,2022-08-06,Rangers,Kilmarnock,K Clancy
2223,SC0,2022-08-06,Ross County,Celtic,D Robertson
2223,SC0,2022-08-07,Dundee United,Livingston,S McLean
2223,SC0,2022-08-07,Hibernian,Hearts,J Beaton
2223,SC0,2022-08-13,Aberdeen,Motherwell,C Graham
2223,SC0,2022-08-13,Livingston,Hibernian,C Napier
2223,SC0,2022-08-13,Rangers,St Johnstone,N Walsh
2223,SC0,2022-08-13,St Mirren,Ross County,G Irvine
2223,SC0,2022-08-14,Hearts,Dundee United,C Steven
2223,SC0,2022-08-14,Kilmarnock,Celtic,D Dickinson
2223,SC0,2022-08-20,Dundee United,St Mirren,M MacDermid
2223,SC0,2022-08-20,Hibernian,Rangers,W Collum
2223,SC0,2022-08-20,Motherwell,Livingston,N Walsh
2223,SC0,2022-08-20,Ross County,Kilmarnock,D Munro
2223,SC0,2022-08-20,St Johnstone,Aberdeen,C Napier
2223,SC0,2022-08-21,Celtic,Hearts,K Clancy
2223,SC0,2022-08-27,Aberdeen,Livingston,C Steven
2223,SC0,2022-08-27,Kilmarnock,Motherwell,E Anderson
2223,SC0,2022-08-27,Rangers,Ross County,D Robertson
2223,SC0,2022-08-27,St Mirren,Hibernian,G Grainger
2223,SC0,2022-08-28,Dundee United,Celtic,S McLean
2223,SC0,2022-08-28,Hearts,St Johnstone,J Beaton
2223,SC0,2022-09-03,Celtic,Rangers,N Walsh
2223,SC0,2022-09-03,Hibernian,Kilmarnock,J Beaton
2223,SC0,2022-09-03,Livingston,Hearts,W Collum
2223,SC0,2022-09-03,Motherwell,Dundee United,C Napier
2223,SC0,2022-09-03,Ross County,Aberdeen,K Clancy
2223,SC0,2022-09-03,St Johnstone,St Mirren,C Steven
2223,SC0,2022-09-17,Hibernian,Aberdeen,D Dickinson
2223,SC0,2022-09-17,Livingston,Kilmarnock,G Irvine
2223,SC0,2022-09-17,Rangers,Dundee United,K Clancy
2223,SC0,2022-09-17,St Johnstone,Ross County,M MacDermid
2223,SC0,2022-09-18,Motherwell,Hearts,N Walsh
2223,SC0,2022-09-18,St Mirren,Celtic,D Robertson
2223,SC0,2022-10-01,Aberdeen,Kilmarnock,K Clancy
2223,SC0,2022-10-01,Celtic,Motherwell,J Beaton
2223,SC0,2022-10-01,Dundee United,St Johnstone,D Munro
2223,SC0,2022-10-01,Hearts,Rangers,S McLean
2223,SC0,2022-10-01,Ross County,Hibernian,A Muir
2223,SC0,2022-10-01,St Mirren,Livingston,C Napier
2223,SC0,2022-10-04,Ross County,Motherwell,C Graham
2223,SC0,2022-10-05,Kilmarnock,St Johnstone,A Muir
2223,SC0,2022-10-08,Dundee United,Aberdeen,W Collum
2223,SC0,2022-10-08,Hibernian,Motherwell,G Irvine
2223,SC0,2022-10-08,Livingston,Ross County,G Grainger
2223,SC0,2022-10-08,Rangers,St Mirren,N Walsh
2223,SC0,2022-10-08,St Johnstone,Celtic,E Anderson
2223,SC0,2022-10-09,Kilmarnock,Hearts,M MacDermid
2223,SC0,2022-10-11,Dundee United,Hibernian,E Anderson
2223,SC0,2022-10-15,Celtic,Hibernian,S McLean
2223,SC0,2022-10-15,Livingston,St Johnstone,K Clancy
2223,SC0,2022-10-15,Ross County,Dundee United,C Napier
2223,SC0,2022-10-15,St Mirren,Kilmarnock,C Graham
2223,SC0,2022-10-16,Aberdeen,Hearts,D Robertson
2223,SC0,2022-10-16,Motherwell,Rangers,D Dickinson
2223,SC0,2022-10-21,Hibernian,St Johnstone,K Clancy
2223,SC0,2022-10-22,Hearts,Celtic,N Walsh
2223,SC0,2022-10-22,Kilmarnock,Ross County,C Steven
2223,SC0,2022-10-22,Motherwell,Aberdeen,E Anderson
2223,SC0,2022-10-22,Rangers,Livingston,D Munro
2223,SC0,2022-10-22,St Mirren,Dundee United,G Irvine
2223,SC0,2022-10-29,Dundee United,Motherwell,J Beaton
2223,SC0,2022-10-29,Hibernian,St Mirren,D Robertson
2223,SC0,2022-10-29,Rangers,Aberdeen,N Walsh
2223,SC0,2022-10-29,St Johnstone,Kilmarnock,C Napier
2223,SC0,2022-10-30,Livingston,Celtic,W Collum
2223,SC0,2022-10-30,Ross County,Hearts,D Dickinson
2223,SC0,2022-11-04,Aberdeen,Hibernian,D Munro
2223,SC0,2022-11-04,Kilmarnock,Livingston,C Steven
2223,SC0,2022-11-05,Celtic,Dundee United,D Dickinson
2223,SC0,2022-11-05,Ross County,St Mirren,J Beaton
2223,SC0,2022-11-06,Hearts,Motherwell,K Clancy
2223,SC0,2022-11-06,St Johnstone,Rangers,S McLean
2223,SC0,2022-11-08,Hibernian,Ross County,A Muir
2223,SC0,2022-11-08,Livingston,Aberdeen,N Walsh
2223,SC0,2022-11-09,Dundee United,Kilmarnock,G Irvine
2223,SC0,2022-11-09,Motherwell,Celtic,W Collum
2223,SC0,2022-11-09,Rangers,Hearts,J Beaton
2223,SC0,2022-11-09,St Mirren,St Johnstone,E Anderson
2223,SC0,2022-11-12,Aberdeen,Dundee United,W Collum
2223,SC0,2022-11-12,Celtic,Ross County,D Munro
2223,SC0,2022-11-12,Hearts,Livingston,C Napier
2223,SC0,2022-11-12,Kilmarnock,Hibernian,D Dickinson
2223,SC0,2022-11-12,St Johnstone,Motherwell,N Walsh
2223,SC0,2022-11-12,St Mirren,Rangers,K Clancy
2223,SC0,2022-12-15,Rangers,Hibernian,N Walsh
2223,SC0,2022-12-17,Aberdeen,Celtic,S McLean
2223,SC0,2022-12-17,Hearts,Kilmarnock,W Collum
2223,SC0,2022-12-17,Ross County,St Johnstone,G Grainger
2223,SC0,2022-12-20,Aberdeen,Rangers,W Collum
2223,SC0,2022-12-21,Celtic,Livingston,E Anderson
2223,SC0,2022-12-23,Motherwell,Kilmarnock,J Beaton
2223,SC0,2022-12-23,Ross County,Rangers,D Robertson
2223,SC0,2022-12-24,Celtic,St Johnstone,K Clancy
2223,SC0,2022-12-24,Dundee United,Hearts,C Steven
2223,SC0,2022-12-24,Hibernian,Livingston,C Napier
2223,SC0,2022-12-24,St Mirren,Aberdeen,N Walsh
2223,SC0,2022-12-28,Dundee United,Ross County,C Graham
2223,SC0,2022-12-28,Hibernian,Celtic,A Muir
2223,SC0,2022-12-28,Kilmarnock,Aberdeen,D Robertson
2223,SC0,2022-12-28,Livingston,St Mirren,S McLean
2223,SC0,2022-12-28,Rangers,Motherwell,D Dickinson
2223,SC0,2022-12-28,St Johnstone,Hearts,W Collum
2223,SC0,2023-01-02,Aberdeen,Ross County,M MacDermid
2223,SC0,2023-01-02,Hearts,Hibernian,K Clancy
2223,SC0,2023-01-02,Kilmarnock,St Mirren,G Irvine
2223,SC0,2023-01-02,Livingston,Motherwell,D Munro
2223,SC0,2023-01-02,Rangers,Celtic,J Beaton
2223,SC0,2023-01-02,St Johnstone,Dundee United,G Grainger
2223,SC0,2023-01-07,Aberdeen,St Johnstone,E Anderson
2223,SC0,2023-01-07,Celtic,Kilmarnock,N Walsh
2223,SC0,2023-01-07,Ross County,Livingston,W Collum
2223,SC0,2023-01-07,St Mirren,Hearts,C Graham
2223,SC0,2023-01-08,Dundee United,Rangers,S McLean
2223,SC0,2023-01-08,Motherwell,Hibernian,D Munro
2223,SC0,2023-01-13,Hearts,St Mirren,D Munro
2223,SC0,2023-01-14,Hibernian,Dundee United,C Steven
2223,SC0,2023-01-14,Motherwell,Ross County,D Dickinson
2223,SC0,2023-01-14,St Johnstone,Livingston,J Beaton
2223,SC0,2023-01-18,Celtic,St Mirren,S McLean
2223,SC0,2023-01-18,Hearts,Aberdeen,W Collum
2223,SC0,2023-01-18,Kilmarnock,Rangers,K Clancy
2223,SC0,2023-01-28,Hibernian,Aberdeen,C Napier
2223,SC0,2023-01-28,Rangers,St Johnstone,W Collum
2223,SC0,2023-01-28,Ross County,Kilmarnock,C Graham
2223,SC0,2023-01-28,St Mirren,Motherwell,J Beaton
2223,SC0,2023-01-29,Dundee United,Celtic,D Robertson
2223,SC0,2023-01-29,Livingston,Hearts,A Muir
2223,SC0,2023-01-31,Ross County,Hibernian,G Grainger
2223,SC0,2023-02-01,Aberdeen,St Mirren,G Irvine
2223,SC0,2023-02-01,Celtic,Livingston,N Walsh
2223,SC0,2023-02-01,Hearts,Rangers,J Beaton
2223,SC0,2023-02-01,Kilmarnock,Dundee United,M MacDermid
2223,SC0,2023-02-01,Motherwell,St Johnstone,D Robertson
2223,SC0,2023-02-04,Aberdeen,Motherwell,K Clancy
2223,SC0,2023-02-04,Hearts,Dundee United,N Walsh
2223,SC0,2023-02-04,Livingston,Kilmarnock,C Steven
2223,SC0,2023-02-04,Rangers,Ross County,E Anderson
2223,SC0,2023-02-04,St Mirren,Hibernian,M MacDermid
2223,SC0,2023-02-05,St Johnstone,Celtic,D Dickinson
2223,SC0,2023-02-15,Motherwell,St Mirren,J Beaton
2223,SC0,2023-02-18,Celtic,Aberdeen,W Collum
2223,SC0,2023-02-18,Dundee United,St Johnstone,K Clancy
2223,SC0,2023-02-18,Hibernian,Kilmarnock,J Beaton
2223,SC0,2023-02-18,Livingston,Rangers,D Dickinson
2223,SC0,2023-02-18,St Mirren,Ross County,G Grainger
2223,SC0,2023-02-19,Motherwell,Hearts,D Robertson
2223,SC0,2023-02-25,Aberdeen,Livingston,D Munro
2223,SC0,2023-02-25,Kilmarnock,Motherwell,A Muir
2223,SC0,2023-02-25,Ross County,Dundee United,S McLean
2223,SC0,2023-02-25,St Johnstone,St Mirren,C Napier
2223,SC0,2023-03-04,Dundee United,Aberdeen,J Beaton
2223,SC0,2023-03-04,Hearts,St Johnstone,S McLean
2223,SC0,2023-03-04,Livingston,Hibernian,C Graham
2223,SC0,2023-03-04,Rangers,Kilmarnock,W Collum
2223,SC0,2023-03-04,Ross County,Motherwell,D Robertson
2223,SC0,2023-03-05,St Mirren,Celtic,D Dickinson
2223,SC0,2023-03-08,Celtic,Hearts,A Muir
2223,SC0,2023-03-08,Hibernian,Rangers,D Robertson
2223,SC0,2023-03-08,Livingston,Dundee United,M MacDermid
2223,SC0,2023-03-18,Aberdeen,Hearts,D Dickinson
2223,SC0,2023-03-18,Celtic,Hibernian,S McLean
2223,SC0,2023-03-18,Dundee United,St Mirren,C Napier
2223,SC0,2023-03-18,Kilmarnock,St Johnstone,C Graham
2223,SC0,2023-03-18,Livingston,Ross County,W Collum
2223,SC0,2023-03-18,Motherwell,Rangers,N Walsh
2223,SC0,2023-04-01,Hibernian,Motherwell,G Grainger
2223,SC0,2023-04-01,Kilmarnock,Hearts,E Anderson
2223,SC0,2023-04-01,Rangers,Dundee United,D Robertson
2223,SC0,2023-04-01,St Johnstone,Aberdeen,C Steven
2223,SC0,2023-04-01,St Mirren,Livingston,J Beaton
2223,SC0,2023-04-02,Ross County,Celtic,W Collum
2223,SC0,2023-04-08,Aberdeen,Kilmarnock,D Robertson
2223,SC0,2023-04-08,Celtic,Rangers,K Clancy
2223,SC0,2023-04-08,Hearts,St Mirren,M MacDermid
2223,SC0,2023-04-08,Motherwell,Livingston,G Irvine
2223,SC0,2023-04-08,St Johnstone,Ross County,A Muir
2223,SC0,2023-04-09,Dundee United,Hibernian,D Munro
2223,SC0,2023-04-14,Ross County,Aberdeen,E Anderson
2223,SC0,2023-04-15,Hibernian,Hearts,J Beaton
2223,SC0,2023-04-15,Livingston,St Johnstone,D Munro
2223,SC0,2023-04-15,Motherwell,Dundee United,N Walsh
2223,SC0,2023-04-15,Rangers,St Mirren,S McLean
2223,SC0,2023-04-16,Kilmarnock,Celtic,D Dickinson
2223,SC0,2023-04-22,Celtic,Motherwell,J Beaton
2223,SC0,2023-04-22,Dundee United,Livingston,K Clancy
2223,SC0,2023-04-22,Hearts,Ross County,D Robertson
2223,SC0,2023-04-22,St Johnstone,Hibernian,C Napier
2223,SC0,2023-04-22,St Mirren,Kilmarnock,W Collum
2223,SC0,2023-04-23,Aberdeen,Rangers,N Walsh
2223,SC0,2023-05-06,Hibernian,St Mirren,M MacDermid
2223,SC0,2023-05-06,Motherwell,Kilmarnock,K Clancy
2223,SC0,2023-05-06,Ross County,Livingston,D Dickinson
2223,SC0,2023-05-06,St Johnstone,Dundee United,A Muir
2223,SC0,2023-05-07,Hearts,Celtic,N Walsh
2223,SC0,2023-05-07,Rangers,Aberdeen,J Beaton
2223,SC0,2023-05-13,Aberdeen,Hibernian,N Walsh
2223,SC0,2023-05-13,Dundee United,Ross County,J Beaton
2223,SC0,2023-05-13,Kilmarnock,Livingston,D Munro
2223,SC0,2023-05-13,Rangers,Celtic,S McLean
2223,SC0,2023-05-13,St Johnstone,Motherwell,G Irvine
2223,SC0,2023-05-13,St Mirren,Hearts,D Dickinson
2223,SC0,2023-05-20,Celtic,St Mirren,D Munro
2223,SC0,2023-05-20,Hearts,Aberdeen,K Clancy
2223,SC0,2023-05-20,Kilmarnock,St Johnstone,J Beaton
2223,SC0,2023-05-20,Livingston,Dundee United,D Robertson
2223,SC0,2023-05-20,Motherwell,Ross County,E Anderson
2223,SC0,2023-05-21,Hibernian,Rangers,A Muir
2223,SC0,2023-05-24,Aberdeen,St Mirren,D Robertson
2223,SC0,2023-05-24,Dundee United,Kilmarnock,A Muir
2223,SC0,2023-05-24,Hibernian,Celtic,K Clancy
2223,SC0,2023-05-24,Livingston,Motherwell,C Graham
2223,SC0,2023-05-24,Rangers,Hearts,J Beaton
2223,SC0,2023-05-24,Ross County,St Johnstone,N Walsh
2223,SC0,2023-05-27,Celtic,Aberdeen,A Muir
2223,SC0,2023-05-27,Hearts,Hibernian,D Robertson
2223,SC0,2023-05-27,St Mirren,Rangers,M MacDermid
2223,SC0,2023-05-28,Kilmarnock,Ross County,K Clancy
2223,SC0,2023-05-28,Motherwell,Dundee United,S McLean
2223,SC0,2023-05-28,St Johnstone,Livingston,G Grainger
2223,SC1,2022-07-30,Ayr,Arbroath,C Graham
2223,SC1,2022-07-30,Cove Rangers,Raith Rvs,M MacDermid
2223,SC1,2022-07-30,Dundee,Partick,A Muir
2223,SC1,2022-07-30,Hamilton,Morton,M Roncone
2223,SC1,2022-07-30,Inverness C,Queens Park,G Irvine
2223,SC1,2022-08-05,Queens Park,Ayr,M MacDermid
2223,SC1,2022-08-06,Arbroath,Inverness C,C Steven
2223,SC1,2022-08-06,Morton,Cove Rangers,P Stuart
2223,SC1,2022-08-06,Partick,Hamilton,C Napier
2223,SC1,2022-08-06,Raith Rvs,Dundee,C Graham
2223,SC1,2022-08-12,Dundee,Arbroath,G Grainger
2223,SC1,2022-08-13,Ayr,Hamilton,G Duncan
2223,SC1,2022-08-13,Inverness C,Cove Rangers,G Aitken
2223,SC1,2022-08-13,Queens Park,Partick,S McLean
2223,SC1,2022-08-13,Raith Rvs,Morton,E Anderson
2223,SC1,2022-08-19,Partick,Inverness C,G Irvine
2223,SC1,2022-08-20,Arbroath,Queens Park,S Kirkland
2223,SC1,2022-08-20,Cove Rangers,Ayr,S Lambie
2223,SC1,2022-08-20,Hamilton,Raith Rvs,C Scott
2223,SC1,2022-08-20,Morton,Dundee,D Robertson
2223,SC1,2022-08-26,Ayr,Dundee,G Aitken
2223,SC1,2022-08-27,Hamilton,Arbroath,D Munro
2223,SC1,2022-08-27,Inverness C,Morton,N Walsh
2223,SC1,2022-08-27,Partick,Raith Rvs,M MacDermid
2223,SC1,2022-08-27,Queens Park,Cove Rangers,W Collum
2223,SC1,2022-09-03,Arbroath,Partick,D Williams
2223,SC1,2022-09-03,Cove Rangers,Hamilton,A Newlands
2223,SC1,2022-09-03,Dundee,Queens Park,G Irvine
2223,SC1,2022-09-03,Morton,Ayr,L Wilson
2223,SC1,2022-09-03,Raith Rvs,Inverness C,D Robertson
2223,SC1,2022-09-17,Dundee,Inverness C,P Stuart
2223,SC1,2022-09-17,Hamilton,Queens Park,G Grainger
2223,SC1,2022-09-17,Morton,Arbroath,S Lambie
2223,SC1,2022-09-17,Partick,Cove Rangers,C Scott
2223,SC1,2022-09-17,Raith Rvs,Ayr,G Aitken
2223,SC1,2022-10-01,Ayr,Inverness C,C Steven
2223,SC1,2022-10-01,Cove Rangers,Arbroath,E Anderson
2223,SC1,2022-10-01,Hamilton,Dundee,M MacDermid
2223,SC1,2022-10-01,Partick,Morton,W Collum
2223,SC1,2022-10-01,Queens Park,Raith Rvs,G Irvine
2223,SC1,2022-10-04,Cove Rangers,Dundee,N Walsh
2223,SC1,2022-10-04,Queens Park,Morton,S Kirkland
2223,SC1,2022-10-07,Inverness C,Partick,S Lambie
2223,SC1,2022-10-08,Arbroath,Dundee,C Steven
2223,SC1,2022-10-08,Ayr,Queens Park,D Robertson
2223,SC1,2022-10-08,Morton,Hamilton,D Williams
2223,SC1,2022-10-08,Raith Rvs,Cove Rangers,D Dickinson
2223,SC1,2022-10-14,Queens Park,Arbroath,J Beaton
2223,SC1,2022-10-15,Cove Rangers,Inverness C,G Grainger
2223,SC1,2022-10-15,Dundee,Ayr,G Irvine
2223,SC1,2022-10-15,Hamilton,Partick,B Cook
2223,SC1,2022-10-15,Morton,Raith Rvs,G Aitken
2223,SC1,2022-10-18,Inverness C,Hamilton,A Newlands
2223,SC1,2022-10-19,Arbroath,Raith Rvs,A Muir
2223,SC1,2022-10-22,Arbroath,Hamilton,P Stuart
2223,SC1,2022-10-22,Ayr,Cove Rangers,C Scott
2223,SC1,2022-10-22,Dundee,Morton,L Wilson
2223,SC1,2022-10-22,Inverness C,Raith Rvs,M MacDermid
2223,SC1,2022-10-22,Partick,Queens Park,C Graham
2223,SC1,2022-10-25,Ayr,Partick,W Collum
2223,SC1,2022-10-28,Morton,Inverness C,C Steven
2223,SC1,2022-10-28,Queens Park,Dundee,B Cook
2223,SC1,2022-10-29,Arbroath,Ayr,G Grainger
2223,SC1,2022-10-29,Hamilton,Cove Rangers,C Graham
2223,SC1,2022-10-29,Raith Rvs,Partick,G Duncan
2223,SC1,2022-11-04,Cove Rangers,Queens Park,G Irvine
2223,SC1,2022-11-05,Ayr,Morton,E Anderson
2223,SC1,2022-11-05,Inverness C,Arbroath,C Scott
2223,SC1,2022-11-05,Partick,Dundee,C Napier
2223,SC1,2022-11-05,Raith Rvs,Hamilton,S Lambie
2223,SC1,2022-11-11,Hamilton,Ayr,M MacDermid
2223,SC1,2022-11-12,Arbroath,Cove Rangers,C Graham
2223,SC1,2022-11-12,Dundee,Raith Rvs,G Irvine
2223,SC1,2022-11-12,Morton,Partick,G Grainger
2223,SC1,2022-11-12,Queens Park,Inverness C,S Lambie
2223,SC1,2022-11-19,Cove Rangers,Morton,P Stuart
2223,SC1,2022-11-19,Dundee,Hamilton,G Grainger
2223,SC1,2022-11-19,Inverness C,Ayr,G Irvine
2223,SC1,2022-11-19,Partick,Arbroath,L Wilson
2223,SC1,2022-11-19,Raith Rvs,Queens Park,D Robertson
2223,SC1,2022-12-03,Arbroath,Morton,D Dickinson
2223,SC1,2022-12-03,Ayr,Raith Rvs,K Clancy
2223,SC1,2022-12-03,Cove Rangers,Partick,S McLean
2223,SC1,2022-12-03,Inverness C,Dundee,A Muir
2223,SC1,2022-12-03,Queens Park,Hamilton,W Collum
2223,SC1,2022-12-17,Partick,Ayr,D Munro
2223,SC1,2022-12-17,Raith Rvs,Arbroath,C Scott
2223,SC1,2022-12-23,Arbroath,Queens Park,D Williams
2223,SC1,2022-12-23,Ayr,Dundee,S McLean
2223,SC1,2022-12-23,Cove Rangers,Hamilton,E Anderson
2223,SC1,2022-12-23,Partick,Inverness C,P Stuart
2223,SC1,2022-12-23,Raith Rvs,Morton,M MacDermid
2223,SC1,2023-01-02,Dundee,Arbroath,S Lambie
2223,SC1,2023-01-02,Hamilton,Raith Rvs,L Wilson
2223,SC1,2023-01-02,Inverness C,Cove Rangers,C Napier
2223,SC1,2023-01-02,Queens Park,Partick,S Kirkland
2223,SC1,2023-01-06,Raith Rvs,Dundee,C Napier
2223,SC1,2023-01-07,Arbroath,Inverness C,G Duncan
2223,SC1,2023-01-07,Ayr,Hamilton,C Scott
2223,SC1,2023-01-07,Cove Rangers,Queens Park,D Dickinson
2223,SC1,2023-01-07,Partick,Morton,A Muir
2223,SC1,2023-01-14,Ayr,Arbroath,C Napier
2223,SC1,2023-01-14,Cove Rangers,Raith Rvs,L Wilson
2223,SC1,2023-01-14,Hamilton,Morton,D Williams
2223,SC1,2023-01-14,Inverness C,Queens Park,S McLean
2223,SC1,2023-01-27,Cove Rangers,Ayr,G Grainger
2223,SC1,2023-01-28,Dundee,Queens Park,E Anderson
2223,SC1,2023-01-28,Morton,Arbroath,M Roncone
2223,SC1,2023-01-28,Partick,Hamilton,G Aitken
2223,SC1,2023-01-28,Raith Rvs,Inverness C,S Lambie
2223,SC1,2023-02-03,Queens Park,Ayr,S McLean
2223,SC1,2023-02-04,Arbroath,Raith Rvs,A Newlands
2223,SC1,2023-02-04,Hamilton,Dundee,D Robertson
2223,SC1,2023-02-04,Inverness C,Morton,C Scott
2223,SC1,2023-02-04,Partick,Cove Rangers,D Williams
2223,SC1,2023-02-11,Morton,Queens Park,D Dickinson
2223,SC1,2023-02-12,Dundee,Cove Rangers,C Napier
2223,SC1,2023-02-17,Morton,Dundee,E Anderson
2223,SC1,2023-02-17,Queens Park,Raith Rvs,C Napier
2223,SC1,2023-02-18,Ayr,Partick,N Walsh
2223,SC1,2023-02-18,Cove Rangers,Arbroath,A Muir
2223,SC1,2023-02-18,Inverness C,Hamilton,M MacDermid
2223,SC1,2023-02-21,Hamilton,Inverness C,C Steven
2223,SC1,2023-02-24,Raith Rvs,Ayr,C Steven
2223,SC1,2023-02-25,Arbroath,Partick,G Grainger
2223,SC1,2023-02-25,Dundee,Inverness C,C Graham
2223,SC1,2023-02-25,Hamilton,Queens Park,W Collum
2223,SC1,2023-02-25,Morton,Cove Rangers,S Kirkland
2223,SC1,2023-02-28,Dundee,Partick,D Robertson
2223,SC1,2023-03-03,Hamilton,Arbroath,C Napier
2223,SC1,2023-03-04,Ayr,Inverness C,S Lambie
2223,SC1,2023-03-04,Cove Rangers,Dundee,C Scott
2223,SC1,2023-03-04,Partick,Raith Rvs,G Aitken
2223,SC1,2023-03-04,Queens Park,Morton,M Roncone
2223,SC1,2023-03-07,Morton,Ayr,P Stuart
2223,SC1,2023-03-10,Queens Park,Cove Rangers,S McLean
2223,SC1,2023-03-11,Morton,Partick,A Muir
2223,SC1,2023-03-17,Arbroath,Morton,D Munro
2223,SC1,2023-03-18,Hamilton,Ayr,C Scott
2223,SC1,2023-03-18,Partick,Dundee,A Newlands
2223,SC1,2023-03-18,Queens Park,Inverness C,A Muir
2223,SC1,2023-03-18,Raith Rvs,Cove Rangers,L Wilson
2223,SC1,2023-03-21,Dundee,Ayr,S Kirkland
2223,SC1,2023-03-24,Ayr,Cove Rangers,C Napier
2223,SC1,2023-03-24,Inverness C,Partick,G Irvine
2223,SC1,2023-03-24,Queens Park,Arbroath,K Clancy
2223,SC1,2023-03-31,Arbroath,Ayr,C Graham
2223,SC1,2023-04-01,Cove Rangers,Partick,D Williams
2223,SC1,2023-04-01,Dundee,Hamilton,K Clancy
2223,SC1,2023-04-01,Morton,Inverness C,D Dickinson
2223,SC1,2023-04-01,Raith Rvs,Queens Park,G Irvine
2223,SC1,2023-04-04,Raith Rvs,Hamilton,E Anderson
2223,SC1,2023-04-07,Partick,Queens Park,W Collum
2223,SC1,2023-04-08,Arbroath,Dundee,S Lambie
2223,SC1,2023-04-08,Ayr,Morton,C Steven
2223,SC1,2023-04-08,Hamilton,Cove Rangers,M Roncone
2223,SC1,2023-04-08,Inverness C,Raith Rvs,C Napier
2223,SC1,2023-04-11,Dundee,Raith Rvs,G Aitken
2223,SC1,2023-04-11,Inverness C,Arbroath,G Duncan
2223,SC1,2023-04-11,Morton,Hamilton,M MacDermid
2223,SC1,2023-04-14,Queens Park,Hamilton,C Scott
2223,SC1,2023-04-15,Cove Rangers,Inverness C,G Duncan
2223,SC1,2023-04-15,Dundee,Morton,C Graham
2223,SC1,2023-04-15,Partick,Ayr,G Irvine
2223,SC1,2023-04-15,Raith Rvs,Arbroath,I Snedden
2223,SC1,2023-04-18,Hamilton,Inverness C,G Grainger
2223,SC1,2023-04-21,Ayr,Queens Park,S McLean
2223,SC1,2023-04-22,Arbroath,Cove Rangers,M MacDermid
2223,SC1,2023-04-22,Hamilton,Partick,D Dickinson
2223,SC1,2023-04-22,Inverness C,Dundee,E Anderson
2223,SC1,2023-04-22,Morton,Raith Rvs,D McFarlane
2223,SC1,2023-04-28,Dundee,Cove Rangers,G Aitken
2223,SC1,2023-04-29,Ayr,Raith Rvs,D Munro
2223,SC1,2023-04-29,Morton,Queens Park,J Beaton
2223,SC1,2023-04-29,Partick,Arbroath,E Anderson
2223,SC1,2023-05-05,Arbroath,Hamilton,S McLean
2223,SC1,2023-05-05,Cove Rangers,Morton,C Napier
2223,SC1,2023-05-05,Inverness C,Ayr,D Robertson
2223,SC1,2023-05-05,Queens Park,Dundee,D Munro
2223,SC1,2023-05-05,Raith Rvs,Partick,C Graham
2223,SC2,2022-07-30,Dunfermline,Alloa,G Aitken
2223,SC2,2022-07-30,Falkirk,Montrose,G Duncan
2223,SC2,2022-07-30,Kelty Hearts,FC Edinburgh,C Scott
2223,SC2,2022-07-30,Peterhead,Airdrie Utd,C Fordyce
2223,SC2,2022-07-30,Queen of Sth,Clyde,S Lambie
2223,SC2,2022-08-06,Airdrie Utd,Falkirk,L Wilson
2223,SC2,2022-08-06,Alloa,Kelty Hearts,I Snedden
2223,SC2,2022-08-06,Clyde,Peterhead,A Newlands
2223,SC2,2022-08-06,FC Edinburgh,Dunfermline,B Cook
2223,SC2,2022-08-06,Montrose,Queen of Sth,D Williams
2223,SC2,2022-08-13,Alloa,FC Edinburgh,D McFarlane
2223,SC2,2022-08-13,Clyde,Kelty Hearts,M Roncone
2223,SC2,2022-08-13,Dunfermline,Montrose,R Hardie
2223,SC2,2022-08-13,Falkirk,Peterhead,S Luke
2223,SC2,2022-08-13,Queen of Sth,Airdrie Utd,M MacDermid
2223,SC2,2022-08-20,Airdrie Utd,Alloa,A Muir
2223,SC2,2022-08-20,FC Edinburgh,Falkirk,A Newlands
2223,SC2,2022-08-20,Kelty Hearts,Dunfermline,G Grainger
2223,SC2,2022-08-20,Montrose,Clyde,C Graham
2223,SC2,2022-08-20,Peterhead,Queen of Sth,P Stuart
2223,SC2,2022-08-27,Alloa,Peterhead,M Roncone
2223,SC2,2022-08-27,Dunfermline,Airdrie Utd,G Irvine
2223,SC2,2022-08-27,FC Edinburgh,Clyde,S Kirkland
2223,SC2,2022-08-27,Falkirk,Queen of Sth,B Cook
2223,SC2,2022-08-27,Montrose,Kelty Hearts,G Duncan
2223,SC2,2022-09-03,Airdrie Utd,FC Edinburgh,G Grainger
2223,SC2,2022-09-03,Clyde,Alloa,B Cook
2223,SC2,2022-09-03,Kelty Hearts,Falkirk,M Roncone
2223,SC2,2022-09-03,Peterhead,Montrose,C Fordyce
2223,SC2,2022-09-03,Queen of Sth,Dunfermline,S Luke
2223,SC2,2022-09-17,Airdrie Utd,Clyde,G Duncan
2223,SC2,2022-09-17,Alloa,Montrose,A Muir
2223,SC2,2022-09-17,Dunfermline,Falkirk,C Graham
2223,SC2,2022-09-17,Peterhead,Kelty Hearts,S Kirkland
2223,SC2,2022-09-17,Queen of Sth,FC Edinburgh,D Williams
2223,SC2,2022-10-01,Dunfermline,Peterhead,B Cook
2223,SC2,2022-10-01,Falkirk,Clyde,G Grainger
2223,SC2,2022-10-01,Kelty Hearts,Airdrie Utd,S Kirkland
2223,SC2,2022-10-01,Montrose,FC Edinburgh,C Graham
2223,SC2,2022-10-01,Queen of Sth,Alloa,S Scott
2223,SC2,2022-10-04,Montrose,Airdrie Utd,A Newlands
2223,SC2,2022-10-05,FC Edinburgh,Peterhead,M MacDermid
2223,SC2,2022-10-08,Airdrie Utd,Queen of Sth,P Stuart
2223,SC2,2022-10-08,Alloa,Dunfermline,A Newlands
2223,SC2,2022-10-08,Clyde,Montrose,R Hardie
2223,SC2,2022-10-08,FC Edinburgh,Kelty Hearts,G Aitken
2223,SC2,2022-10-08,Peterhead,Falkirk,D McFarlane
2223,SC2,2022-10-11,Kelty Hearts,Queen of Sth,I Snedden
2223,SC2,2022-10-15,Alloa,Airdrie Utd,S Lambie
2223,SC2,2022-10-15,Dunfermline,FC Edinburgh,S Kirkland
2223,SC2,2022-10-15,Kelty Hearts,Clyde,L Wilson
2223,SC2,2022-10-15,Montrose,Falkirk,M MacDermid
2223,SC2,2022-10-15,Queen of Sth,Peterhead,G Duncan
2223,SC2,2022-10-18,Clyde,Dunfermline,C Fordyce
2223,SC2,2022-10-18,Falkirk,Alloa,G Beaton
2223,SC2,2022-10-22,Clyde,Queen of Sth,A Newlands
2223,SC2,2022-10-22,FC Edinburgh,Airdrie Utd,G Beaton
2223,SC2,2022-10-22,Falkirk,Kelty Hearts,C Fordyce
2223,SC2,2022-10-22,Montrose,Dunfermline,I Snedden
2223,SC2,2022-10-22,Peterhead,Alloa,S Luke
2223,SC2,2022-10-29,Airdrie Utd,Montrose,D McFarlane
2223,SC2,2022-10-29,Alloa,Clyde,S Kirkland
2223,SC2,2022-10-29,Dunfermline,Kelty Hearts,C Scott
2223,SC2,2022-10-29,Peterhead,FC Edinburgh,D Williams
2223,SC2,2022-10-29,Queen of Sth,Falkirk,S Luke
2223,SC2,2022-11-05,Clyde,Airdrie Utd,M MacDermid
2223,SC2,2022-11-05,FC Edinburgh,Queen of Sth,B Cook
2223,SC2,2022-11-05,Falkirk,Dunfermline,A Newlands
2223,SC2,2022-11-05,Kelty Hearts,Alloa,D Williams
2223,SC2,2022-11-05,Montrose,Peterhead,G Duncan
2223,SC2,2022-11-12,Airdrie Utd,Peterhead,B Cook
2223,SC2,2022-11-12,Alloa,Queen of Sth,G Aitken
2223,SC2,2022-11-12,Dunfermline,Clyde,A Muir
2223,SC2,2022-11-12,Falkirk,FC Edinburgh,S Kirkland
2223,SC2,2022-11-12,Kelty Hearts,Montrose,I Snedden
2223,SC2,2022-11-19,Airdrie Utd,Kelty Hearts,C Steven
2223,SC2,2022-11-19,Clyde,Falkirk,C Fordyce
2223,SC2,2022-11-19,FC Edinburgh,Alloa,C Napier
2223,SC2,2022-11-19,Peterhead,Dunfermline,S Luke
2223,SC2,2022-11-19,Queen of Sth,Montrose,R Hardie
2223,SC2,2022-12-03,Clyde,FC Edinburgh,M MacDermid
2223,SC2,2022-12-03,Dunfermline,Queen of Sth,C Steven
2223,SC2,2022-12-03,Falkirk,Airdrie Utd,M Roncone
2223,SC2,2022-12-03,Kelty Hearts,Peterhead,R Hardie
2223,SC2,2022-12-03,Montrose,Alloa,G Irvine
2223,SC2,2022-12-17,FC Edinburgh,Montrose,A Muir
2223,SC2,2022-12-17,Queen of Sth,Kelty Hearts,B Cook
2223,SC2,2022-12-23,Clyde,Alloa,A Newlands
2223,SC2,2022-12-23,Falkirk,Queen of Sth,D McFarlane
2223,SC2,2022-12-23,Montrose,Airdrie Utd,B Cook
2223,SC2,2022-12-24,FC Edinburgh,Peterhead,C Graham
2223,SC2,2022-12-24,Kelty Hearts,Dunfermline,G Aitken
2223,SC2,2022-12-31,Alloa,Kelty Hearts,C Scott
2223,SC2,2022-12-31,Queen of Sth,Clyde,R Hardie
2223,SC2,2023-01-02,Airdrie Utd,FC Edinburgh,C Scott
2223,SC2,2023-01-02,Peterhead,Montrose,I Snedden
2223,SC2,2023-01-07,Clyde,Kelty Hearts,G Irvine
2223,SC2,2023-01-07,FC Edinburgh,Dunfermline,S Luke
2223,SC2,2023-01-07,Falkirk,Montrose,G Beaton
2223,SC2,2023-01-07,Peterhead,Airdrie Utd,L Wilson
2223,SC2,2023-01-07,Queen of Sth,Alloa,C Fordyce
2223,SC2,2023-01-14,Alloa,FC Edinburgh,I Snedden
2223,SC2,2023-01-14,Dunfermline,Peterhead,C Graham
2223,SC2,2023-01-14,Falkirk,Clyde,P Stuart
2223,SC2,2023-01-14,Kelty Hearts,Airdrie Utd,M Roncone
2223,SC2,2023-01-14,Montrose,Queen of Sth,S Kirkland
2223,SC2,2023-01-21,Peterhead,Clyde,G Beaton
2223,SC2,2023-01-28,Airdrie Utd,Alloa,P Stuart
2223,SC2,2023-01-28,Clyde,Dunfermline,B Cook
2223,SC2,2023-01-28,FC Edinburgh,Falkirk,S Kirkland
2223,SC2,2023-01-28,Montrose,Kelty Hearts,C Scott
2223,SC2,2023-01-28,Peterhead,Queen of Sth,D Williams
2223,SC2,2023-02-04,Airdrie Utd,Clyde,L Wilson
2223,SC2,2023-02-04,Alloa,Peterhead,S Luke
2223,SC2,2023-02-04,Dunfermline,Montrose,A Muir
2223,SC2,2023-02-04,Kelty Hearts,Falkirk,M Roncone
2223,SC2,2023-02-04,Queen of Sth,FC Edinburgh,S Lambie
2223,SC2,2023-02-07,Alloa,Falkirk,C Scott
2223,SC2,2023-02-11,Airdrie Utd,Dunfermline,G Duncan
2223,SC2,2023-02-18,Clyde,Peterhead,C Fordyce
2223,SC2,2023-02-18,Dunfermline,Airdrie Utd,R Hardie
2223,SC2,2023-02-18,Falkirk,Alloa,G Irvine
2223,SC2,2023-02-18,Kelty Hearts,Queen of Sth,B Cook
2223,SC2,2023-02-18,Montrose,FC Edinburgh,D McFarlane
2223,SC2,2023-02-25,Airdrie Utd,Falkirk,G Aitken
2223,SC2,2023-02-25,Alloa,Montrose,P Stuart
2223,SC2,2023-02-25,FC Edinburgh,Clyde,E Anderson
2223,SC2,2023-02-25,Peterhead,Kelty Hearts,I Snedden
2223,SC2,2023-02-25,Queen of Sth,Dunfermline,C Fordyce
2223,SC2,2023-03-04,Dunfermline,Alloa,E Anderson
2223,SC2,2023-03-04,Falkirk,Peterhead,P Stuart
2223,SC2,2023-03-04,Kelty Hearts,FC Edinburgh,L Wilson
2223,SC2,2023-03-04,Montrose,Clyde,D McFarlane
2223,SC2,2023-03-04,Queen of Sth,Airdrie Utd,D Williams
2223,SC2,2023-03-07,Dunfermline,Falkirk,E Anderson
2223,SC2,2023-03-11,Airdrie Utd,Kelty Hearts,M MacDermid
2223,SC2,2023-03-11,Clyde,Queen of Sth,C Graham
2223,SC2,2023-03-11,FC Edinburgh,Alloa,C Napier
2223,SC2,2023-03-18,Airdrie Utd,Peterhead,S Kirkland
2223,SC2,2023-03-18,Alloa,Clyde,G Calder
2223,SC2,2023-03-18,Dunfermline,FC Edinburgh,P Stuart
2223,SC2,2023-03-18,Kelty Hearts,Montrose,C Fordyce
2223,SC2,2023-03-18,Queen of Sth,Falkirk,B Cook
2223,SC2,2023-03-24,Clyde,Airdrie Utd,P Stuart
2223,SC2,2023-03-24,FC Edinburgh,Queen of Sth,L Wilson
2223,SC2,2023-03-24,Falkirk,Kelty Hearts,R Hardie
2223,SC2,2023-03-25,Montrose,Dunfermline,S Luke
2223,SC2,2023-03-25,Peterhead,Alloa,M Roncone
2223,SC2,2023-04-01,Alloa,Airdrie Utd,B Cook
2223,SC2,2023-04-01,Clyde,Falkirk,S Lambie
2223,SC2,2023-04-01,Dunfermline,Kelty Hearts,C Scott
2223,SC2,2023-04-01,FC Edinburgh,Montrose,S Kirkland
2223,SC2,2023-04-01,Queen of Sth,Peterhead,S Luke
2223,SC2,2023-04-08,Airdrie Utd,Montrose,L Wilson
2223,SC2,2023-04-08,Alloa,Queen of Sth,D Williams
2223,SC2,2023-04-08,Falkirk,Dunfermline,D Dickinson
2223,SC2,2023-04-08,Kelty Hearts,Clyde,S Luke
2223,SC2,2023-04-08,Peterhead,FC Edinburgh,I Snedden
2223,SC2,2023-04-11,Montrose,Falkirk,C Scott
2223,SC2,2023-04-11,Peterhead,Dunfermline,D McFarlane
2223,SC2,2023-04-15,Clyde,FC Edinburgh,P Stuart
2223,SC2,2023-04-15,Dunfermline,Queen of Sth,R Hardie
2223,SC2,2023-04-15,Falkirk,Airdrie Utd,G Grainger
2223,SC2,2023-04-15,Kelty Hearts,Alloa,D McFarlane
2223,SC2,2023-04-15,Montrose,Peterhead,S Lambie
2223,SC2,2023-04-18,Falkirk,FC Edinburgh,A Newlands
2223,SC2,2023-04-22,Airdrie Utd,Dunfermline,G Aitken
2223,SC2,2023-04-22,Alloa,Falkirk,G Duncan
2223,SC2,2023-04-22,FC Edinburgh,Kelty Hearts,D Williams
2223,SC2,2023-04-22,Peterhead,Clyde,C Scott
2223,SC2,2023-04-22,Queen of Sth,Montrose,C Steven
2223,SC2,2023-04-29,Airdrie Utd,Queen of Sth,G Irvine
2223,SC2,2023-04-29,Dunfermline,Clyde,C Steven
2223,SC2,2023-04-29,Kelty Hearts,Peterhead,C Napier
2223,SC2,2023-04-29,Montrose,Alloa,M Roncone
2223,SC2,2023-05-06,Alloa,Dunfermline,C Scott
2223,SC2,2023-05-06,Clyde,Montrose,S Kirkland
2223,SC2,2023-05-06,FC Edinburgh,Airdrie Utd,R Hardie
2223,SC2,2023-05-06,Peterhead,Falkirk,P Stuart
2223,SC2,2023-05-06,Queen of Sth,Kelty Hearts,B Cook
2223,SC3,2022-07-30,Bonnyrigg Rose,Forfar,A Newlands
2223,SC3,2022-07-30,Dumbarton,Stirling,D Williams
2223,SC3,2022-07-30,Elgin,East Fife,I Snedden
2223,SC3,2022-07-30,Stenhousemuir,Albion Rvs,D McFarlane
2223,SC3,2022-07-30,Stranraer,Annan Athletic,R Hardie
2223,SC3,2022-08-06,Albion Rvs,Dumbarton,S Kirkland
2223,SC3,2022-08-06,Annan Athletic,Stenhousemuir,C Fordyce
2223,SC3,2022-08-06,East Fife,Bonnyrigg Rose,A Grieve
2223,SC3,2022-08-06,Forfar,Stranraer,S Lambie
2223,SC3,2022-08-06,Stirling,Elgin,S Luke
2223,SC3,2022-08-13,Albion Rvs,East Fife,C Scott
2223,SC3,2022-08-13,Dumbarton,Annan Athletic,B Cook
2223,SC3,2022-08-13,Forfar,Elgin,D Graves
2223,SC3,2022-08-13,Stirling,Stenhousemuir,L Wilson
2223,SC3,2022-08-13,Stranraer,Bonnyrigg Rose,S Kirkland
2223,SC3,2022-08-20,Annan Athletic,Stirling,I Snedden
2223,SC3,2022-08-20,Bonnyrigg Rose,Albion Rvs,S Luke
2223,SC3,2022-08-20,East Fife,Forfar,B Cook
2223,SC3,2022-08-20,Elgin,Stranraer,M Roncone
2223,SC3,2022-08-20,Stenhousemuir,Dumbarton,G Duncan
2223,SC3,2022-08-27,Albion Rvs,Annan Athletic,D McFarlane
2223,SC3,2022-08-27,Bonnyrigg Rose,Stirling,G Calder
2223,SC3,2022-08-27,Dumbarton,Elgin,D Williams
2223,SC3,2022-08-27,Forfar,Stenhousemuir,A Newlands
2223,SC3,2022-08-27,Stranraer,East Fife,S Lambie
2223,SC3,2022-09-03,Annan Athletic,Forfar,G Calder
2223,SC3,2022-09-03,East Fife,Dumbarton,D Graves
2223,SC3,2022-09-03,Elgin,Bonnyrigg Rose,D McFarlane
2223,SC3,2022-09-03,Stenhousemuir,Stranraer,G Soutar
2223,SC3,2022-09-03,Stirling,Albion Rvs,A Shepherd
2223,SC3,2022-09-17,Albion Rvs,Forfar,S Luke
2223,SC3,2022-09-17,Annan Athletic,East Fife,B Cook
2223,SC3,2022-09-17,Dumbarton,Bonnyrigg Rose,C Whyte
2223,SC3,2022-09-17,Stenhousemuir,Elgin,A Newlands
2223,SC3,2022-09-17,Stirling,Stranraer,C Fordyce
2223,SC3,2022-09-20,East Fife,Stenhousemuir,C Scott
2223,SC3,2022-09-20,Stranraer,Dumbarton,S Kirkland
2223,SC3,2022-09-24,Forfar,Stirling,D McFarlane
2223,SC3,2022-10-01,Bonnyrigg Rose,Stenhousemuir,G Calder
2223,SC3,2022-10-01,East Fife,Stirling,D Graves
2223,SC3,2022-10-01,Elgin,Annan Athletic,G Beaton
2223,SC3,2022-10-01,Forfar,Dumbarton,A Grieve
2223,SC3,2022-10-01,Stranraer,Albion Rvs,C Fordyce
2223,SC3,2022-10-08,Albion Rvs,Bonnyrigg Rose,C Scott
2223,SC3,2022-10-08,Forfar,East Fife,J Curran
2223,SC3,2022-10-08,Stenhousemuir,Annan Athletic,A Grieve
2223,SC3,2022-10-08,Stirling,Dumbarton,B Cook
2223,SC3,2022-10-08,Stranraer,Elgin,I Snedden
2223,SC3,2022-10-11,Bonnyrigg Rose,Annan Athletic,P Stuart
2223,SC3,2022-10-11,Elgin,Albion Rvs,G Soutar
2223,SC3,2022-10-15,Annan Athletic,Stranraer,A Newlands
2223,SC3,2022-10-15,Bonnyrigg Rose,East Fife,G Beaton
2223,SC3,2022-10-15,Dumbarton,Albion Rvs,P Stuart
2223,SC3,2022-10-15,Elgin,Forfar,A Shepherd
2223,SC3,2022-10-15,Stenhousemuir,Stirling,D Williams
2223,SC3,2022-10-29,Albion Rvs,Stenhousemuir,S Lambie
2223,SC3,2022-10-29,Annan Athletic,Dumbarton,L Wilson
2223,SC3,2022-10-29,East Fife,Elgin,I Snedden
2223,SC3,2022-10-29,Stirling,Bonnyrigg Rose,C Whyte
2223,SC3,2022-10-29,Stranraer,Forfar,G Calder
2223,SC3,2022-11-05,Albion Rvs,Stirling,I Snedden
2223,SC3,2022-11-05,Bonnyrigg Rose,Elgin,G Grainger
2223,SC3,2022-11-05,Dumbarton,Stranraer,G Beaton
2223,SC3,2022-11-05,Forfar,Annan Athletic,R Hardie
2223,SC3,2022-11-05,Stenhousemuir,East Fife,P Stuart
2223,SC3,2022-11-12,East Fife,Albion Rvs,C Fordyce
2223,SC3,2022-11-12,Elgin,Dumbarton,D McFarlane
2223,SC3,2022-11-12,Forfar,Bonnyrigg Rose,J Curran
2223,SC3,2022-11-12,Stirling,Annan Athletic,D Williams
2223,SC3,2022-11-12,Stranraer,Stenhousemuir,A Newlands
2223,SC3,2022-11-19,Albion Rvs,Stranraer,G Beaton
2223,SC3,2022-11-19,Annan Athletic,Elgin,S Lambie
2223,SC3,2022-11-19,Dumbarton,Forfar,G Duncan
2223,SC3,2022-11-19,Stenhousemuir,Bonnyrigg Rose,S Kirkland
2223,SC3,2022-11-19,Stirling,East Fife,A Newlands
2223,SC3,2022-11-26,Stranraer,Annan Athletic,D Graves
2223,SC3,2022-12-03,Bonnyrigg Rose,Dumbarton,C Scott
2223,SC3,2022-12-03,East Fife,Annan Athletic,C Whyte
2223,SC3,2022-12-03,Elgin,Stenhousemuir,G Duncan
2223,SC3,2022-12-03,Forfar,Albion Rvs,J Curran
2223,SC3,2022-12-03,Stranraer,Stirling,L Wilson
2223,SC3,2022-12-10,East Fife,Bonnyrigg Rose,A Newlands
2223,SC3,2022-12-10,Stenhousemuir,Forfar,I Snedden
2223,SC3,2022-12-23,Annan Athletic,Albion Rvs,S Luke
2223,SC3,2022-12-23,Bonnyrigg Rose,Stranraer,C Luke
2223,SC3,2022-12-23,Elgin,Stirling,S Lambie
2223,SC3,2022-12-24,Dumbarton,East Fife,G Beaton
2223,SC3,2022-12-31,Albion Rvs,Dumbarton,B Cook
2223,SC3,2022-12-31,Stirling,Stenhousemuir,A Newlands
2223,SC3,2023-01-02,Forfar,Elgin,D Williams
2223,SC3,2023-01-07,Annan Athletic,Forfar,I Snedden
2223,SC3,2023-01-07,Bonnyrigg Rose,Albion Rvs,S Lambie
2223,SC3,2023-01-07,Elgin,East Fife,B Cook
2223,SC3,2023-01-07,Stenhousemuir,Stranraer,D Williams
2223,SC3,2023-01-14,East Fife,Stenhousemuir,C Scott
2223,SC3,2023-01-14,Elgin,Annan Athletic,A Newlands
2223,SC3,2023-01-14,Forfar,Dumbarton,R Hardie
2223,SC3,2023-01-14,Stranraer,Albion Rvs,A Shepherd
2223,SC3,2023-01-21,Annan Athletic,Bonnyrigg Rose,L Wilson
2223,SC3,2023-01-21,East Fife,Stranraer,L Luke
2223,SC3,2023-01-28,Albion Rvs,Forfar,G Beaton
2223,SC3,2023-01-28,Annan Athletic,East Fife,C Fordyce
2223,SC3,2023-01-28,Dumbarton,Bonnyrigg Rose,A Newlands
2223,SC3,2023-01-28,Stenhousemuir,Elgin,D McFarlane
2223,SC3,2023-01-28,Stirling,Stranraer,S Luke
2223,SC3,2023-02-04,Bonnyrigg Rose,Annan Athletic,G Beaton
2223,SC3,2023-02-04,East Fife,Stirling,R Hardie
2223,SC3,2023-02-04,Elgin,Albion Rvs,I Snedden
2223,SC3,2023-02-04,Forfar,Stranraer,G Calder
2223,SC3,2023-02-04,Stenhousemuir,Dumbarton,J Curran
2223,SC3,2023-02-11,Albion Rvs,East Fife,S Lambie
2223,SC3,2023-02-11,Dumbarton,Annan Athletic,D Williams
2223,SC3,2023-02-11,Forfar,Stenhousemuir,M MacDermid
2223,SC3,2023-02-11,Stranraer,Bonnyrigg Rose,S Luke
2223,SC3,2023-02-14,Bonnyrigg Rose,Stirling,P Stuart
2223,SC3,2023-02-18,Annan Athletic,Stirling,G Grieve
2223,SC3,2023-02-18,East Fife,Dumbarton,P Stuart
2223,SC3,2023-02-18,Elgin,Stranraer,D Graves
2223,SC3,2023-02-18,Stenhousemuir,Albion Rvs,L Wilson
2223,SC3,2023-02-21,Albion Rvs,Elgin,S Lambie
2223,SC3,2023-02-25,Albion Rvs,Annan Athletic,M Roncone
2223,SC3,2023-02-25,Bonnyrigg Rose,Stenhousemuir,A Newlands
2223,SC3,2023-02-25,Dumbarton,Elgin,D McFarlane
2223,SC3,2023-02-25,Forfar,Stirling,C Scott
2223,SC3,2023-02-25,Stranraer,East Fife,B Cook
2223,SC3,2023-02-28,Bonnyrigg Rose,Forfar,C Whyte
2223,SC3,2023-02-28,Dumbarton,Stenhousemuir,S Luke
2223,SC3,2023-03-04,Annan Athletic,Stenhousemuir,B Cook
2223,SC3,2023-03-04,East Fife,Forfar,S Kirkland
2223,SC3,2023-03-04,Elgin,Bonnyrigg Rose,G Soutar
2223,SC3,2023-03-04,Stirling,Albion Rvs,R Hardie
2223,SC3,2023-03-04,Stranraer,Dumbarton,I Snedden
2223,SC3,2023-03-11,Annan Athletic,Elgin,R Hardie
2223,SC3,2023-03-11,Stenhousemuir,East Fife,S Lambie
2223,SC3,2023-03-11,Stirling,Bonnyrigg Rose,S Kirkland
2223,SC3,2023-03-18,Bonnyrigg Rose,East Fife,D Graves
2223,SC3,2023-03-18,Dumbarton,Albion Rvs,A Shepherd
2223,SC3,2023-03-18,Forfar,Annan Athletic,G Soutar
2223,SC3,2023-03-18,Stranraer,Stirling,J Curran
2223,SC3,2023-03-21,Albion Rvs,Stranraer,D Williams
2223,SC3,2023-03-21,Stirling,Forfar,S Luke
2223,SC3,2023-03-24,East Fife,Elgin,D McFarlane
2223,SC3,2023-03-25,Albion Rvs,Bonnyrigg Rose,E Anderson
2223,SC3,2023-03-25,Annan Athletic,Stranraer,C Whyte
2223,SC3,2023-03-25,Stenhousemuir,Forfar,G Duncan
2223,SC3,2023-03-25,Stirling,Dumbarton,C Scott
2223,SC3,2023-03-29,Dumbarton,Forfar,G Grainger
2223,SC3,2023-04-01,Bonnyrigg Rose,Stranraer,A Shepherd
2223,SC3,2023-04-01,Dumbarton,Stenhousemuir,C Fordyce
2223,SC3,2023-04-01,East Fife,Annan Athletic,J Curran
2223,SC3,2023-04-01,Elgin,Stirling,P Stuart
2223,SC3,2023-04-01,Forfar,Albion Rvs,G Calder
2223,SC3,2023-04-04,Stirling,Elgin,G Calder
2223,SC3,2023-04-08,Albion Rvs,Elgin,D Graves
2223,SC3,2023-04-08,Annan Athletic,Dumbarton,A Grieve
2223,SC3,2023-04-08,Stenhousemuir,Bonnyrigg Rose,B Cook
2223,SC3,2023-04-08,Stirling,East Fife,R Hardie
2223,SC3,2023-04-08,Stranraer,Forfar,S Kirkland
2223,SC3,2023-04-11,Elgin,Stenhousemuir,A Grieve
2223,SC3,2023-04-15,Annan Athletic,Albion Rvs,L Wilson
2223,SC3,2023-04-15,Bonnyrigg Rose,Dumbarton,C Whyte
2223,SC3,2023-04-15,East Fife,Stranraer,A Grieve
2223,SC3,2023-04-15,Elgin,Forfar,G Soutar
2223,SC3,2023-04-15,Stenhousemuir,Stirling,S Kirkland
2223,SC3,2023-04-18,Dumbarton,Stirling,G Soutar
2223,SC3,2023-04-22,Albion Rvs,Stenhousemuir,A Newlands
2223,SC3,2023-04-22,Dumbarton,East Fife,R Hardie
2223,SC3,2023-04-22,Forfar,Bonnyrigg Rose,A Shepherd
2223,SC3,2023-04-22,Stirling,Annan Athletic,C Fordyce
2223,SC3,2023-04-22,Stranraer,Elgin,I Snedden
2223,SC3,2023-04-29,Annan Athletic,Bonnyrigg Rose,S Luke
2223,SC3,2023-04-29,East Fife,Albion Rvs,S Kirkland
2223,SC3,2023-04-29,Elgin,Dumbarton,D McFarlane
2223,SC3,2023-04-29,Stirling,Forfar,B Cook
2223,SC3,2023-04-29,Stranraer,Stenhousemuir,L Wilson
2223,SC3,2023-05-06,Albion Rvs,Stirling,G Grainger
2223,SC3,2023-05-06,Bonnyrigg Rose,Elgin,D Williams
2223,SC3,2023-05-06,Dumbarton,Stranraer,A Newlands
2223,SC3,2023-05-06,Forfar,East Fife,L Wilson
2223,SC3,2023-05-06,Stenhousemuir,Annan Athletic,C Whyte
2324,E0,2023-08-11,Burnley,Man City,C Pawson
2324,E0,2023-08-12,Arsenal,Nott'm Forest,M Oliver
2324,E0,2023-08-12,Bournemouth,West Ham,P Bankes
2324,E0,2023-08-12,Brighton,Luton,D Coote
2324,E0,2023-08-12,Everton,Fulham,S Attwell
2324,E0,2023-08-12,Newcastle,Aston Villa,A Madley
2324,E0,2023-08-12,Sheffield United,Crystal Palace,J Brooks
2324,E0,2023-08-13,Brentford,Tottenham,R Jones
2324,E0,2023-08-13,Chelsea,Liverpool,A Taylor
2324,E0,2023-08-14,Man United,Wolves,S Hooper
2324,E0,2023-08-18,Nott'm Forest,Sheffield United,P Bankes
2324,E0,2023-08-19,Fulham,Brentford,D Bond
2324,E0,2023-08-19,Liverpool,Bournemouth,T Bramall
2324,E0,2023-08-19,Man City,Newcastle,R Jones
2324,E0,2023-08-19,Tottenham,Man United,M Oliver
2324,E0,2023-08-19,Wolves,Brighton,A Madley
2324,E0,2023-08-20,Aston Villa,Everton,A Taylor
2324,E0,2023-08-20,West Ham,Chelsea,J Brooks
2324,E0,2023-08-21,Crystal Palace,Arsenal,D Coote
2324,E0,2023-08-25,Chelsea,Luton,R Jones
2324,E0,2023-08-26,Arsenal,Fulham,P Tierney
2324,E0,2023-08-26,Bournemouth,Tottenham,T Robinson
2324,E0,2023-08-26,Brentford,Crystal Palace,P Bankes
2324,E0,2023-08-26,Brighton,West Ham,A Taylor
2324,E0,2023-08-26,Everton,Wolves,C Pawson
2324,E0,2023-08-26,Man United,Nott'm Forest,S Attwell
2324,E0,2023-08-27,Burnley,Aston Villa,M Salisbury
2324,E0,2023-08-27,Newcastle,Liverpool,J Brooks
2324,E0,2023-08-27,Sheffield United,Man City,J Gillett
2324,E0,2023-09-01,Luton,West Ham,P Tierney
2324,E0,2023-09-02,Brentford,Bournemouth,R Madley
2324,E0,2023-09-02,Brighton,Newcastle,S Attwell
2324,E0,2023-09-02,Burnley,Tottenham,D England
2324,E0,2023-09-02,Chelsea,Nott'm Forest,T Robinson
2324,E0,2023-09-02,Man City,Fulham,M Oliver
2324,E0,2023-09-02,Sheffield United,Everton,A Madley
2324,E0,2023-09-03,Arsenal,Man United,A Taylor
2324,E0,2023-09-03,Crystal Palace,Wolves,R Jones
2324,E0,2023-09-03,Liverpool,Aston Villa,S Hooper
2324,E0,2023-09-16,Aston Villa,Crystal Palace,D England
2324,E0,2023-09-16,Fulham,Luton,M Salisbury
2324,E0,2023-09-16,Man United,Brighton,J Gillett
2324,E0,2023-09-16,Newcastle,Brentford,C Pawson
2324,E0,2023-09-16,Tottenham,Sheffield United,P Bankes
2324,E0,2023-09-16,West Ham,Man City,A Madley
2324,E0,2023-09-16,Wolves,Liverpool,M Oliver
2324,E0,2023-09-17,Bournemouth,Chelsea,D Coote
2324,E0,2023-09-17,Everton,Arsenal,S Hooper
2324,E0,2023-09-18,Nott'm Forest,Burnley,R Jones
2324,E0,2023-09-23,Brentford,Everton,M Oliver
2324,E0,2023-09-23,Burnley,Man United,T Harrington
2324,E0,2023-09-23,Crystal Palace,Fulham,P Tierney
2324,E0,2023-09-23,Luton,Wolves,J Smith
2324,E0,2023-09-23,Man City,Nott'm Forest,A Taylor
2324,E0,2023-09-24,Arsenal,Tottenham,R Jones
2324,E0,2023-09-24,Brighton,Bournemouth,J Brooks
2324,E0,2023-09-24,Chelsea,Aston Villa,J Gillett
2324,E0,2023-09-24,Liverpool,West Ham,C Kavanagh
2324,E0,2023-09-24,Sheffield United,Newcastle,S Attwell
2324,E0,2023-09-30,Aston Villa,Brighton,A Madley
2324,E0,2023-09-30,Bournemouth,Arsenal,M Salisbury
2324,E0,2023-09-30,Everton,Luton,A Taylor
2324,E0,2023-09-30,Man United,Crystal Palace,C Kavanagh
2324,E0,2023-09-30,Newcastle,Burnley,T Bramall
2324,E0,2023-09-30,Tottenham,Liverpool,S Hooper
2324,E0,2023-09-30,West Ham,Sheffield United,G Scott
2324,E0,2023-09-30,Wolves,Man City,C Pawson
2324,E0,2023-10-01,Nott'm Forest,Brentford,P Tierney
2324,E0,2023-10-02,Fulham,Chelsea,T Robinson
2324,E0,2023-10-03,Luton,Burnley,P Bankes
2324,E0,2023-10-07,Burnley,Chelsea,S Attwell
2324,E0,2023-10-07,Crystal Palace,Nott'm Forest,C Pawson
2324,E0,2023-10-07,Everton,Bournemouth,D Coote
2324,E0,2023-10-07,Fulham,Sheffield United,S Barrott
2324,E0,2023-10-07,Luton,Tottenham,J Brooks
2324,E0,2023-10-07,Man United,Brentford,A Madley
2324,E0,2023-10-08,Arsenal,Man City,M Oliver
2324,E0,2023-10-08,Brighton,Liverpool,A Taylor
2324,E0,2023-10-08,West Ham,Newcastle,P Bankes
2324,E0,2023-10-08,Wolves,Aston Villa,R Jones
2324,E0,2023-10-21,Bournemouth,Wolves,P Tierney
2324,E0,2023-10-21,Brentford,Burnley,J Smith
2324,E0,2023-10-21,Chelsea,Arsenal,C Kavanagh
2324,E0,2023-10-21,Liverpool,Everton,C Pawson
2324,E0,2023-10-21,Man City,Brighton,R Jones
2324,E0,2023-10-21,Newcastle,Crystal Palace,T Robinson
2324,E0,2023-10-21,Nott'm Forest,Luton,S Barrott
2324,E0,2023-10-21,Sheffield United,Man United,M Oliver
2324,E0,2023-10-22,Aston Villa,West Ham,D Coote
2324,E0,2023-10-23,Tottenham,Fulham,A Taylor
2324,E0,2023-10-27,Crystal Palace,Tottenham,A Madley
2324,E0,2023-10-28,Arsenal,Sheffield United,T Robinson
2324,E0,2023-10-28,Bournemouth,Burnley,S Barrott
2324,E0,2023-10-28,Chelsea,Brentford,S Hooper
2324,E0,2023-10-28,Wolves,Newcastle,A Taylor
2324,E0,2023-10-29,Aston Villa,Luton,J Brooks
2324,E0,2023-10-29,Brighton,Fulham,M Salisbury
2324,E0,2023-10-29,Liverpool,Nott'm Forest,C Kavanagh
2324,E0,2023-10-29,Man United,Man City,P Tierney
2324,E0,2023-10-29,West Ham,Everton,S Attwell
2324,E0,2023-11-04,Brentford,West Ham,T Bramall
2324,E0,2023-11-04,Burnley,Crystal Palace,P Bankes
2324,E0,2023-11-04,Everton,Brighton,T Robinson
2324,E0,2023-11-04,Fulham,Man United,J Brooks
2324,E0,2023-11-04,Man City,Bournemouth,C Pawson
2324,E0,2023-11-04,Newcastle,Arsenal,S Attwell
2324,E0,2023-11-04,Sheffield United,Wolves,R Jones
2324,E0,2023-11-05,Luton,Liverpool,A Madley
2324,E0,2023-11-05,Nott'm Forest,Aston Villa,J Gillett
2324,E0,2023-11-06,Tottenham,Chelsea,M Oliver
2324,E0,2023-11-11,Arsenal,Burnley,M Oliver
2324,E0,2023-11-11,Bournemouth,Newcastle,C Kavanagh
2324,E0,2023-11-11,Crystal Palace,Everton,S Barrott
2324,E0,2023-11-11,Man United,Luton,G Scott
2324,E0,2023-11-11,Wolves,Tottenham,T Robinson
2324,E0,2023-11-12,Aston Villa,Fulham,S Hooper
2324,E0,2023-11-12,Brighton,Sheffield United,J Brooks
2324,E0,2023-11-12,Chelsea,Man City,A Taylor
2324,E0,2023-11-12,Liverpool,Brentford,P Tierney
2324,E0,2023-11-12,West Ham,Nott'm Forest,M Salisbury
2324,E0,2023-11-25,Brentford,Arsenal,T Robinson
2324,E0,2023-11-25,Burnley,West Ham,S Barrott
2324,E0,2023-11-25,Luton,Crystal Palace,J Gillett
2324,E0,2023-11-25,Man City,Liverpool,C Kavanagh
2324,E0,2023-11-25,Newcastle,Chelsea,S Hooper
2324,E0,2023-11-25,Nott'm Forest,Brighton,A Taylor
2324,E0,2023-11-25,Sheffield United,Bournemouth,A Madley
2324,E0,2023-11-26,Everton,Man United,J Brooks
2324,E0,2023-11-26,Tottenham,Aston Villa,R Jones
2324,E0,2023-11-27,Fulham,Wolves,M Salisbury
2324,E0,2023-12-02,Arsenal,Wolves,P Bankes
2324,E0,2023-12-02,Brentford,Luton,A Taylor
2324,E0,2023-12-02,Burnley,Sheffield United,C Kavanagh
2324,E0,2023-12-02,Newcastle,Man United,R Jones
2324,E0,2023-12-02,Nott'm Forest,Everton,P Tierney
2324,E0,2023-12-03,Bournemouth,Aston Villa,T Bramall
2324,E0,2023-12-03,Chelsea,Brighton,C Pawson
2324,E0,2023-12-03,Liverpool,Fulham,S Attwell
2324,E0,2023-12-03,Man City,Tottenham,S Hooper
2324,E0,2023-12-03,West Ham,Crystal Palace,M Oliver
2324,E0,2023-12-05,Luton,Arsenal,S Barrott
2324,E0,2023-12-05,Wolves,Burnley,J Gillett
2324,E0,2023-12-06,Aston Villa,Man City,J Brooks
2324,E0,2023-12-06,Brighton,Brentford,P Bankes
2324,E0,2023-12-06,Crystal Palace,Bournemouth,C Pawson
2324,E0,2023-12-06,Fulham,Nott'm Forest,J Smith
2324,E0,2023-12-06,Man United,Chelsea,C Kavanagh
2324,E0,2023-12-06,Sheffield United,Liverpool,S Hooper
2324,E0,2023-12-07,Everton,Newcastle,T Robinson
2324,E0,2023-12-07,Tottenham,West Ham,M Salisbury
2324,E0,2023-12-09,Aston Villa,Arsenal,J Gillett
2324,E0,2023-12-09,Brighton,Burnley,S Hooper
2324,E0,2023-12-09,Crystal Palace,Liverpool,A Madley
2324,E0,2023-12-09,Man United,Bournemouth,P Bankes
2324,E0,2023-12-09,Sheffield United,Brentford,S Attwell
2324,E0,2023-12-09,Wolves,Nott'm Forest,S Barrott
2324,E0,2023-12-10,Everton,Chelsea,M Oliver
2324,E0,2023-12-10,Fulham,West Ham,P Tierney
2324,E0,2023-12-10,Luton,Man City,T Robinson
2324,E0,2023-12-10,Tottenham,Newcastle,C Kavanagh
2324,E0,2023-12-15,Nott'm Forest,Tottenham,J Gillett
2324,E0,2023-12-16,Burnley,Everton,A Taylor
2324,E0,2023-12-16,Chelsea,Sheffield United,A Madley
2324,E0,2023-12-16,Man City,Crystal Palace,P Tierney
2324,E0,2023-12-16,Newcastle,Fulham,S Barrott
2324,E0,2023-12-17,Arsenal,Brighton,T Robinson
2324,E0,2023-12-17,Brentford,Aston Villa,D Coote
2324,E0,2023-12-17,Liverpool,Man United,M Oliver
2324,E0,2023-12-17,West Ham,Wolves,C Kavanagh
2324,E0,2023-12-21,Crystal Palace,Brighton,J Brooks
2324,E0,2023-12-22,Aston Villa,Sheffield United,A Taylor
2324,E0,2023-12-23,Fulham,Burnley,R Welch
2324,E0,2023-12-23,Liverpool,Arsenal,C Kavanagh
2324,E0,2023-12-23,Luton,Newcastle,D England
2324,E0,2023-12-23,Nott'm Forest,Bournemouth,R Jones
2324,E0,2023-12-23,Tottenham,Everton,S Attwell
2324,E0,2023-12-23,West Ham,Man United,S Hooper
2324,E0,2023-12-24,Wolves,Chelsea,D Coote
2324,E0,2023-12-26,Bournemouth,Fulham,T Robinson
2324,E0,2023-12-26,Burnley,Liverpool,P Tierney
2324,E0,2023-12-26,Man United,Aston Villa,C Pawson
2324,E0,2023-12-26,Newcastle,Nott'm Forest,C Kavanagh
2324,E0,2023-12-26,Sheffield United,Luton,S Allison
2324,E0,2023-12-27,Brentford,Wolves,A Madley
2324,E0,2023-12-27,Chelsea,Crystal Palace,M Salisbury
2324,E0,2023-12-27,Everton,Man City,J Brooks
2324,E0,2023-12-28,Arsenal,West Ham,M Oliver
2324,E0,2023-12-28,Brighton,Tottenham,J Gillett
2324,E0,2023-12-30,Aston Villa,Burnley,S Attwell
2324,E0,2023-12-30,Crystal Palace,Brentford,R Jones
2324,E0,2023-12-30,Luton,Chelsea,P Tierney
2324,E0,2023-12-30,Man City,Sheffield United,D Coote
2324,E0,2023-12-30,Nott'm Forest,Man United,T Robinson
2324,E0,2023-12-30,Wolves,Everton,T Bramall
2324,E0,2023-12-31,Fulham,Arsenal,J Smith
2324,E0,2023-12-31,Tottenham,Bournemouth,S Hooper
2324,E0,2024-01-01,Liverpool,Newcastle,A Taylor
2324,E0,2024-01-02,West Ham,Brighton,S Barrott
2324,E0,2024-01-12,Burnley,Luton,T Harrington
2324,E0,2024-01-13,Chelsea,Fulham,A Taylor
2324,E0,2024-01-13,Newcastle,Man City,C Kavanagh
2324,E0,2024-01-14,Everton,Aston Villa,D Coote
2324,E0,2024-01-14,Man United,Tottenham,J Brooks
2324,E0,2024-01-20,Arsenal,Crystal Palace,P Tierney
2324,E0,2024-01-20,Brentford,Nott'm Forest,D England
2324,E0,2024-01-21,Bournemouth,Liverpool,A Madley
2324,E0,2024-01-21,Sheffield United,West Ham,M Salisbury
2324,E0,2024-01-22,Brighton,Wolves,C Pawson
2324,E0,2024-01-30,Aston Villa,Newcastle,J Brooks
2324,E0,2024-01-30,Crystal Palace,Sheffield United,T Harrington
2324,E0,2024-01-30,Fulham,Everton,T Bramall
2324,E0,2024-01-30,Luton,Brighton,R Jones
2324,E0,2024-01-30,Nott'm Forest,Arsenal,S Hooper
2324,E0,2024-01-31,Liverpool,Chelsea,P Tierney
2324,E0,2024-01-31,Man City,Burnley,S Barrott
2324,E0,2024-01-31,Tottenham,Brentford,D Coote
2324,E0,2024-02-01,West Ham,Bournemouth,T Robinson
2324,E0,2024-02-01,Wolves,Man United,J Gillett
2324,E0,2024-02-03,Brighton,Crystal Palace,S Hooper
2324,E0,2024-02-03,Burnley,Fulham,D Bond
2324,E0,2024-02-03,Everton,Tottenham,M Oliver
2324,E0,2024-02-03,Newcastle,Luton,T Bramall
2324,E0,2024-02-03,Sheffield United,Aston Villa,P Tierney
2324,E0,2024-02-04,Arsenal,Liverpool,A Taylor
2324,E0,2024-02-04,Bournemouth,Nott'm Forest,R Welch
2324,E0,2024-02-04,Chelsea,Wolves,T Robinson
2324,E0,2024-02-04,Man United,West Ham,A Madley
2324,E0,2024-02-05,Brentford,Man City,J Gillett
2324,E0,2024-02-10,Fulham,Bournemouth,D England
2324,E0,2024-02-10,Liverpool,Burnley,T Robinson
2324,E0,2024-02-10,Luton,Sheffield United,C Kavanagh
2324,E0,2024-02-10,Man City,Everton,J Brooks
2324,E0,2024-02-10,Nott'm Forest,Newcastle,A Taylor
2324,E0,2024-02-10,Tottenham,Brighton,S Barrott
2324,E0,2024-02-10,Wolves,Brentford,S Hooper
2324,E0,2024-02-11,Aston Villa,Man United,R Jones
2324,E0,2024-02-11,West Ham,Arsenal,C Pawson
2324,E0,2024-02-12,Crystal Palace,Chelsea,M Oliver
2324,E0,2024-02-17,Brentford,Liverpool,M Oliver
2324,E0,2024-02-17,Burnley,Arsenal,J Gillett
2324,E0,2024-02-17,Fulham,Aston Villa,L Smith
2324,E0,2024-02-17,Man City,Chelsea,A Madley
2324,E0,2024-02-17,Newcastle,Bournemouth,M Salisbury
2324,E0,2024-02-17,Nott'm Forest,West Ham,T Bramall
2324,E0,2024-02-17,Tottenham,Wolves,A Taylor
2324,E0,2024-02-18,Luton,Man United,D Coote
2324,E0,2024-02-18,Sheffield United,Brighton,S Attwell
2324,E0,2024-02-19,Everton,Crystal Palace,P Tierney
2324,E0,2024-02-20,Man City,Brentford,D England
2324,E0,2024-02-21,Liverpool,Luton,A Madley
2324,E0,2024-02-24,Arsenal,Newcastle,P Tierney
2324,E0,2024-02-24,Aston Villa,Nott'm Forest,S Barrott
2324,E0,2024-02-24,Bournemouth,Man City,J Gillett
2324,E0,2024-02-24,Brighton,Everton,T Harrington
2324,E0,2024-02-24,Crystal Palace,Burnley,L Smith
2324,E0,2024-02-24,Man United,Fulham,M Oliver
2324,E0,2024-02-25,Wolves,Sheffield United,D Bond
2324,E0,2024-02-26,West Ham,Brentford,S Hooper
2324,E0,2024-03-02,Brentford,Chelsea,J Gillett
2324,E0,2024-03-02,Everton,West Ham,C Pawson
2324,E0,2024-03-02,Fulham,Brighton,S Hooper
2324,E0,2024-03-02,Luton,Aston Villa,M Oliver
2324,E0,2024-03-02,Newcastle,Wolves,T Robinson
2324,E0,2024-03-02,Nott'm Forest,Liverpool,P Tierney
2324,E0,2024-03-02,Tottenham,Crystal Palace,J Brooks
2324,E0,2024-03-03,Burnley,Bournemouth,D Coote
2324,E0,2024-03-03,Man City,Man United,A Madley
2324,E0,2024-03-04,Sheffield United,Arsenal,S Barrott
2324,E0,2024-03-09,Arsenal,Brentford,R Jones
2324,E0,2024-03-09,Bournemouth,Sheffield United,A Taylor
2324,E0,2024-03-09,Crystal Palace,Luton,S Singh
2324,E0,2024-03-09,Man United,Everton,S Hooper
2324,E0,2024-03-09,Wolves,Fulham,T Harrington
2324,E0,2024-03-10,Aston Villa,Tottenham,C Kavanagh
2324,E0,2024-03-10,Brighton,Nott'm Forest,M Salisbury
2324,E0,2024-03-10,Liverpool,Man City,M Oliver
2324,E0,2024-03-10,West Ham,Burnley,D England
2324,E0,2024-03-11,Chelsea,Newcastle,J Brooks
2324,E0,2024-03-13,Bournemouth,Luton,S Allison
2324,E0,2024-03-16,Burnley,Brentford,D Bond
2324,E0,2024-03-16,Fulham,Tottenham,R Jones
2324,E0,2024-03-16,Luton,Nott'm Forest,D England
2324,E0,2024-03-17,West Ham,Aston Villa,J Gillett
2324,E0,2024-03-30,Aston Villa,Wolves,P Tierney
2324,E0,2024-03-30,Bournemouth,Everton,S Barrott
2324,E0,2024-03-30,Brentford,Man United,S Hooper
2324,E0,2024-03-30,Chelsea,Burnley,D England
2324,E0,2024-03-30,Newcastle,West Ham,R Jones
2324,E0,2024-03-30,Nott'm Forest,Crystal Palace,C Kavanagh
2324,E0,2024-03-30,Sheffield United,Fulham,T Robinson
2324,E0,2024-03-30,Tottenham,Luton,J Gillett
2324,E0,2024-03-31,Liverpool,Brighton,D Coote
2324,E0,2024-03-31,Man City,Arsenal,A Taylor
2324,E0,2024-04-02,Bournemouth,Crystal Palace,G Scott
2324,E0,2024-04-02,Burnley,Wolves,T Bramall
2324,E0,2024-04-02,Newcastle,Everton,T Harrington
2324,E0,2024-04-02,Nott'm Forest,Fulham,M Oliver
2324,E0,2024-04-02,West Ham,Tottenham,J Brooks
2324,E0,2024-04-03,Arsenal,Luton,C Pawson
2324,E0,2024-04-03,Brentford,Brighton,A Madley
2324,E0,2024-04-03,Man City,Aston Villa,D England
2324,E0,2024-04-04,Chelsea,Man United,J Gillett
2324,E0,2024-04-04,Liverpool,Sheffield United,S Attwell
2324,E0,2024-04-06,Aston Villa,Brentford,M Salisbury
2324,E0,2024-04-06,Brighton,Arsenal,J Brooks
2324,E0,2024-04-06,Crystal Palace,Man City,P Tierney
2324,E0,2024-04-06,Everton,Burnley,M Oliver
2324,E0,2024-04-06,Fulham,Newcastle,S Allison
2324,E0,2024-04-06,Luton,Bournemouth,A Madley
2324,E0,2024-04-06,Wolves,West Ham,T Harrington
2324,E0,2024-04-07,Man United,Liverpool,A Taylor
2324,E0,2024-04-07,Sheffield United,Chelsea,R Jones
2324,E0,2024-04-07,Tottenham,Nott'm Forest,S Hooper
2324,E0,2024-04-13,Bournemouth,Man United,T Harrington
2324,E0,2024-04-13,Brentford,Sheffield United,S Barrott
2324,E0,2024-04-13,Burnley,Brighton,S Hooper
2324,E0,2024-04-13,Man City,Luton,J Brooks
2324,E0,2024-04-13,Newcastle,Tottenham,T Robinson
2324,E0,2024-04-13,Nott'm Forest,Wolves,C Pawson
2324,E0,2024-04-14,Arsenal,Aston Villa,D Coote
2324,E0,2024-04-14,Liverpool,Crystal Palace,C Kavanagh
2324,E0,2024-04-14,West Ham,Fulham,S Attwell
2324,E0,2024-04-15,Chelsea,Everton,P Tierney
2324,E0,2024-04-20,Luton,Brentford,J Gillett
2324,E0,2024-04-20,Sheffield United,Burnley,A Madley
2324,E0,2024-04-20,Wolves,Arsenal,P Tierney
2324,E0,2024-04-21,Aston Villa,Bournemouth,T Robinson
2324,E0,2024-04-21,Crystal Palace,West Ham,G Scott
2324,E0,2024-04-21,Everton,Nott'm Forest,A Taylor
2324,E0,2024-04-21,Fulham,Liverpool,C Pawson
2324,E0,2024-04-23,Arsenal,Chelsea,S Hooper
2324,E0,2024-04-24,Crystal Palace,Newcastle,T Bramall
2324,E0,2024-04-24,Everton,Liverpool,A Madley
2324,E0,2024-04-24,Man United,Sheffield United,M Salisbury
2324,E0,2024-04-24,Wolves,Bournemouth,S Attwell
2324,E0,2024-04-25,Brighton,Man City,J Gillett
2324,E0,2024-04-27,Aston Villa,Chelsea,C Pawson
2324,E0,2024-04-27,Everton,Brentford,D England
2324,E0,2024-04-27,Fulham,Crystal Palace,S Attwell
2324,E0,2024-04-27,Man United,Burnley,J Brooks
2324,E0,2024-04-27,Newcastle,Sheffield United,T Harrington
2324,E0,2024-04-27,West Ham,Liverpool,A Taylor
2324,E0,2024-04-27,Wolves,Luton,D Coote
2324,E0,2024-04-28,Bournemouth,Brighton,P Tierney
2324,E0,2024-04-28,Nott'm Forest,Man City,S Hooper
2324,E0,2024-04-28,Tottenham,Arsenal,M Oliver
2324,E0,2024-05-02,Chelsea,Tottenham,R Jones
2324,E0,2024-05-03,Luton,Everton,T Robinson
2324,E0,2024-05-04,Arsenal,Bournemouth,D Coote
2324,E0,2024-05-04,Brentford,Fulham,G Scott
2324,E0,2024-05-04,Burnley,Newcastle,A Taylor
2324,E0,2024-05-04,Man City,Wolves,C Pawson
2324,E0,2024-05-04,Sheffield United,Nott'm Forest,C Kavanagh
2324,E0,2024-05-05,Brighton,Aston Villa,R Jones
2324,E0,2024-05-05,Chelsea,West Ham,A Madley
2324,E0,2024-05-05,Liverpool,Tottenham,P Tierney
2324,E0,2024-05-06,Crystal Palace,Man United,J Gillett
2324,E0,2024-05-11,Bournemouth,Brentford,M Donohue
2324,E0,2024-05-11,Everton,Sheffield United,S Attwell
2324,E0,2024-05-11,Fulham,Man City,A Taylor
2324,E0,2024-05-11,Newcastle,Brighton,D England
2324,E0,2024-05-11,Nott'm Forest,Chelsea,T Harrington
2324,E0,2024-05-11,Tottenham,Burnley,J Gillett
2324,E0,2024-05-11,West Ham,Luton,M Oliver
2324,E0,2024-05-11,Wolves,Crystal Palace,T Bramall
2324,E0,2024-05-12,Man United,Arsenal,P Tierney
2324,E0,2024-05-13,Aston Villa,Liverpool,S Hooper
2324,E0,2024-05-14,Tottenham,Man City,C Kavanagh
2324,E0,2024-05-15,Brighton,Chelsea,M Salisbury
2324,E0,2024-05-15,Man United,Newcastle,R Jones
2324,E0,2024-05-19,Arsenal,Everton,M Oliver
2324,E0,2024-05-19,Brentford,Newcastle,S Hooper
2324,E0,2024-05-19,Brighton,Man United,C Pawson
2324,E0,2024-05-19,Burnley,Nott'm Forest,G Scott
2324,E0,2024-05-19,Chelsea,Bournemouth,A Taylor
2324,E0,2024-05-19,Crystal Palace,Aston Villa,D Bond
2324,E0,2024-05-19,Liverpool,Wolves,C Kavanagh
2324,E0,2024-05-19,Luton,Fulham,M Donohue
2324,E0,2024-05-19,Man City,West Ham,J Brooks
2324,E0,2024-05-19,Sheffield United,Tottenham,A Madley
2324,E1,2023-08-04,Sheffield Weds,Southampton,R Madley
2324,E1,2023-08-05,Blackburn,West Brom,D Whitestone
2324,E1,2023-08-05,Bristol City,Preston,D Webb
2324,E1,2023-08-05,Middlesbrough,Millwall,G Ward
2324,E1,2023-08-05,Norwich,Hull,K Stroud
2324,E1,2023-08-05,Plymouth,Huddersfield,M Donohue
2324,E1,2023-08-05,Stoke,Rotherham,J Busby
2324,E1,2023-08-05,Swansea,Birmingham,J Linington
2324,E1,2023-08-05,Watford,QPR,T Bramall
2324,E1,2023-08-06,Leeds,Cardiff,J Smith
2324,E1,2023-08-06,Leicester,Coventry,D Bond
2324,E1,2023-08-06,Sunderland,Ipswich,S Barrott
2324,E1,2023-08-12,Birmingham,Leeds,T Robinson
2324,E1,2023-08-12,Cardiff,QPR,O Langford
2324,E1,2023-08-12,Coventry,Middlesbrough,D Whitestone
2324,E1,2023-08-12,Huddersfield,Leicester,D Webb
2324,E1,2023-08-12,Hull,Sheffield Weds,M Donohue
2324,E1,2023-08-12,Ipswich,Stoke,J Smith
2324,E1,2023-08-12,Millwall,Bristol City,K Stroud
2324,E1,2023-08-12,Preston,Sunderland,J Linington
2324,E1,2023-08-12,Rotherham,Blackburn,R Madley
2324,E1,2023-08-12,Southampton,Norwich,D England
2324,E1,2023-08-12,Watford,Plymouth,G Eltringham
2324,E1,2023-08-12,West Brom,Swansea,S Barrott
2324,E1,2023-08-18,Leeds,West Brom,M Donohue
2324,E1,2023-08-19,Blackburn,Hull,O Langford
2324,E1,2023-08-19,Bristol City,Birmingham,S Barrott
2324,E1,2023-08-19,Leicester,Cardiff,G Scott
2324,E1,2023-08-19,Middlesbrough,Huddersfield,J Smith
2324,E1,2023-08-19,Plymouth,Southampton,D Webb
2324,E1,2023-08-19,QPR,Ipswich,G Eltringham
2324,E1,2023-08-19,Sheffield Weds,Preston,J Simpson
2324,E1,2023-08-19,Stoke,Watford,J Bell
2324,E1,2023-08-19,Sunderland,Rotherham,G Ward
2324,E1,2023-08-19,Swansea,Coventry,R Madley
2324,E1,2023-08-20,Norwich,Millwall,T Harrington
2324,E1,2023-08-25,Hull,Bristol City,J Linington
2324,E1,2023-08-26,Birmingham,Plymouth,J Busby
2324,E1,2023-08-26,Cardiff,Sheffield Weds,D Bond
2324,E1,2023-08-26,Coventry,Sunderland,K Stroud
2324,E1,2023-08-26,Huddersfield,Norwich,D Whitestone
2324,E1,2023-08-26,Ipswich,Leeds,R Madley
2324,E1,2023-08-26,Millwall,Stoke,D Webb
2324,E1,2023-08-26,Preston,Swansea,J Smith
2324,E1,2023-08-26,Rotherham,Leicester,S Hooper
2324,E1,2023-08-26,Southampton,QPR,J Bell
2324,E1,2023-08-26,West Brom,Middlesbrough,J Simpson
2324,E1,2023-08-27,Watford,Blackburn,G Ward
2324,E1,2023-09-02,Birmingham,Millwall,J Smith
2324,E1,2023-09-02,Coventry,Watford,D Webb
2324,E1,2023-09-02,Ipswich,Cardiff,G Ward
2324,E1,2023-09-02,Leeds,Sheffield Weds,D Whitestone
2324,E1,2023-09-02,Leicester,Hull,J Busby
2324,E1,2023-09-02,Middlesbrough,QPR,T Bramall
2324,E1,2023-09-02,Plymouth,Blackburn,S Martin
2324,E1,2023-09-02,Rotherham,Norwich,S Barrott
2324,E1,2023-09-02,Stoke,Preston,M Donohue
2324,E1,2023-09-02,Sunderland,Southampton,D Coote
2324,E1,2023-09-02,Swansea,Bristol City,O Langford
2324,E1,2023-09-02,West Brom,Huddersfield,J Linington
2324,E1,2023-09-15,Hull,Coventry,T Harrington
2324,E1,2023-09-15,Southampton,Leicester,R Madley
2324,E1,2023-09-16,Blackburn,Middlesbrough,J Bell
2324,E1,2023-09-16,Bristol City,West Brom,A Backhouse
2324,E1,2023-09-16,Cardiff,Swansea,S Barrott
2324,E1,2023-09-16,Huddersfield,Rotherham,J Simpson
2324,E1,2023-09-16,Norwich,Stoke,O Langford
2324,E1,2023-09-16,Preston,Plymouth,G Ward
2324,E1,2023-09-16,QPR,Sunderland,D Whitestone
2324,E1,2023-09-16,Sheffield Weds,Ipswich,L Linington
2324,E1,2023-09-16,Watford,Birmingham,K Stroud
2324,E1,2023-09-17,Millwall,Leeds,C Kavanagh
2324,E1,2023-09-19,Bristol City,Plymouth,M Donohue
2324,E1,2023-09-19,Cardiff,Coventry,S Allison
2324,E1,2023-09-19,Preston,Birmingham,D Whitestone
2324,E1,2023-09-19,QPR,Swansea,A Kitchen
2324,E1,2023-09-19,Sheffield Weds,Middlesbrough,D Webb
2324,E1,2023-09-19,Southampton,Ipswich,J Smith
2324,E1,2023-09-20,Blackburn,Sunderland,J Busby
2324,E1,2023-09-20,Huddersfield,Stoke,D Bond
2324,E1,2023-09-20,Hull,Leeds,S Martin
2324,E1,2023-09-20,Millwall,Rotherham,G Eltringham
2324,E1,2023-09-20,Norwich,Leicester,G Scott
2324,E1,2023-09-20,Watford,West Brom,L Doughty
2324,E1,2023-09-22,Birmingham,QPR,M Donohue
2324,E1,2023-09-23,Ipswich,Blackburn,K Stroud
2324,E1,2023-09-23,Leeds,Watford,J Simpson
2324,E1,2023-09-23,Leicester,Bristol City,J Bell
2324,E1,2023-09-23,Middlesbrough,Southampton,T Robinson
2324,E1,2023-09-23,Plymouth,Norwich,A Kitchen
2324,E1,2023-09-23,Rotherham,Preston,S Allison
2324,E1,2023-09-23,Swansea,Sheffield Weds,A Backhouse
2324,E1,2023-09-23,West Brom,Millwall,T Nield
2324,E1,2023-09-24,Stoke,Hull,T Bramall
2324,E1,2023-09-24,Sunderland,Cardiff,S Martin
2324,E1,2023-09-25,Coventry,Huddersfield,O Langford
2324,E1,2023-09-29,Sheffield Weds,Sunderland,S Barrott
2324,E1,2023-09-30,Bristol City,Stoke,J Simpson
2324,E1,2023-09-30,Cardiff,Rotherham,L Doughty
2324,E1,2023-09-30,Huddersfield,Ipswich,G Eltringham
2324,E1,2023-09-30,Hull,Plymouth,D Webb
2324,E1,2023-09-30,Millwall,Swansea,J Busby
2324,E1,2023-09-30,Norwich,Birmingham,G Ward
2324,E1,2023-09-30,Preston,West Brom,J Smith
2324,E1,2023-09-30,QPR,Coventry,T Nield
2324,E1,2023-09-30,Southampton,Leeds,J Brooks
2324,E1,2023-09-30,Watford,Middlesbrough,O Langford
2324,E1,2023-10-01,Blackburn,Leicester,J Linington
2324,E1,2023-10-03,Birmingham,Huddersfield,S Allison
2324,E1,2023-10-03,Ipswich,Hull,M Donohue
2324,E1,2023-10-03,Middlesbrough,Cardiff,A Madley
2324,E1,2023-10-03,Plymouth,Millwall,O Langford
2324,E1,2023-10-03,Stoke,Southampton,J Bell
2324,E1,2023-10-03,West Brom,Sheffield Weds,J Busby
2324,E1,2023-10-04,Coventry,Blackburn,J Simpson
2324,E1,2023-10-04,Leeds,QPR,D Webb
2324,E1,2023-10-04,Leicester,Preston,T Bramall
2324,E1,2023-10-04,Rotherham,Bristol City,D Whitestone
2324,E1,2023-10-04,Sunderland,Watford,A Davies
2324,E1,2023-10-04,Swansea,Norwich,T Nield
2324,E1,2023-10-06,Birmingham,West Brom,J Linington
2324,E1,2023-10-07,Cardiff,Watford,G Ward
2324,E1,2023-10-07,Coventry,Norwich,D Whitestone
2324,E1,2023-10-07,Ipswich,Preston,D Webb
2324,E1,2023-10-07,Leeds,Bristol City,K Stroud
2324,E1,2023-10-07,Leicester,Stoke,G Eltringham
2324,E1,2023-10-07,Millwall,Hull,T Robinson
2324,E1,2023-10-07,Plymouth,Swansea,L Smith
2324,E1,2023-10-07,QPR,Blackburn,J Smith
2324,E1,2023-10-07,Sheffield Weds,Huddersfield,M Donohue
2324,E1,2023-10-07,Southampton,Rotherham,J Busby
2324,E1,2023-10-07,Sunderland,Middlesbrough,J Gillett
2324,E1,2023-10-21,Blackburn,Cardiff,R Madley
2324,E1,2023-10-21,Bristol City,Coventry,D Webb
2324,E1,2023-10-21,Huddersfield,QPR,G Ward
2324,E1,2023-10-21,Hull,Southampton,G Eltringham
2324,E1,2023-10-21,Middlesbrough,Birmingham,R Welch
2324,E1,2023-10-21,Norwich,Leeds,J Busby
2324,E1,2023-10-21,Preston,Millwall,M Donohue
2324,E1,2023-10-21,Stoke,Sunderland,G Scott
2324,E1,2023-10-21,Swansea,Leicester,A Backhouse
2324,E1,2023-10-21,Watford,Sheffield Weds,D Whitestone
2324,E1,2023-10-21,West Brom,Plymouth,S Martin
2324,E1,2023-10-24,Huddersfield,Cardiff,A Backhouse
2324,E1,2023-10-24,Leicester,Sunderland,K Stroud
2324,E1,2023-10-24,Millwall,Blackburn,A Davies
2324,E1,2023-10-24,Norwich,Middlesbrough,S Hooper
2324,E1,2023-10-24,Swansea,Watford,A Kitchen
2324,E1,2023-10-24,West Brom,QPR,J Bell
2324,E1,2023-10-25,Birmingham,Hull,J Busby
2324,E1,2023-10-25,Bristol City,Ipswich,J Smith
2324,E1,2023-10-25,Plymouth,Sheffield Weds,J Linington
2324,E1,2023-10-25,Preston,Southampton,J Simpson
2324,E1,2023-10-25,Rotherham,Coventry,L Smith
2324,E1,2023-10-25,Stoke,Leeds,P Tierney
2324,E1,2023-10-28,Blackburn,Swansea,S Martin
2324,E1,2023-10-28,Cardiff,Bristol City,D England
2324,E1,2023-10-28,Hull,Preston,K Stroud
2324,E1,2023-10-28,Ipswich,Plymouth,G Ward
2324,E1,2023-10-28,Leeds,Huddersfield,J Bell
2324,E1,2023-10-28,Middlesbrough,Stoke,A Kitchen
2324,E1,2023-10-28,QPR,Leicester,L Doughty
2324,E1,2023-10-28,Southampton,Birmingham,D Webb
2324,E1,2023-10-28,Sunderland,Norwich,A Backhouse
2324,E1,2023-10-28,Watford,Millwall,K Stroud
2324,E1,2023-10-29,Sheffield Weds,Rotherham,A Davies
2324,E1,2023-10-30,Coventry,West Brom,P Bankes
2324,E1,2023-11-03,Leicester,Leeds,D Whitestone
2324,E1,2023-11-04,Birmingham,Ipswich,L Doughty
2324,E1,2023-11-04,Bristol City,Sheffield Weds,L Smith
2324,E1,2023-11-04,Huddersfield,Watford,S Gill
2324,E1,2023-11-04,Millwall,Southampton,J Linington
2324,E1,2023-11-04,Plymouth,Middlesbrough,D England
2324,E1,2023-11-04,Preston,Coventry,A Taylor
2324,E1,2023-11-04,Rotherham,QPR,S Barrott
2324,E1,2023-11-04,Stoke,Cardiff,O Langford
2324,E1,2023-11-04,Swansea,Sunderland,R Madley
2324,E1,2023-11-04,West Brom,Hull,A Kitchen
2324,E1,2023-11-05,Norwich,Blackburn,J Smith
2324,E1,2023-11-07,Rotherham,Ipswich,G Scott
2324,E1,2023-11-10,Blackburn,Preston,T Bramall
2324,E1,2023-11-11,Cardiff,Norwich,R Welch
2324,E1,2023-11-11,Coventry,Stoke,A Backhouse
2324,E1,2023-11-11,Hull,Huddersfield,M Donohue
2324,E1,2023-11-11,Ipswich,Swansea,S Gill
2324,E1,2023-11-11,Leeds,Plymouth,J Smith
2324,E1,2023-11-11,Middlesbrough,Leicester,O Langford
2324,E1,2023-11-11,QPR,Bristol City,G Eltringham
2324,E1,2023-11-11,Sheffield Weds,Millwall,G Ward
2324,E1,2023-11-11,Southampton,West Brom,T Nield
2324,E1,2023-11-11,Sunderland,Birmingham,D Whitestone
2324,E1,2023-11-11,Watford,Rotherham,S Martin
2324,E1,2023-11-24,Rotherham,Leeds,O Langford
2324,E1,2023-11-25,Birmingham,Sheffield Weds,R Welch
2324,E1,2023-11-25,Bristol City,Middlesbrough,J Busby
2324,E1,2023-11-25,Huddersfield,Southampton,D Webb
2324,E1,2023-11-25,Leicester,Watford,S Allison
2324,E1,2023-11-25,Millwall,Coventry,D England
2324,E1,2023-11-25,Norwich,QPR,S Martin
2324,E1,2023-11-25,Plymouth,Sunderland,J Bell
2324,E1,2023-11-25,Preston,Cardiff,R Madley
2324,E1,2023-11-25,Stoke,Blackburn,A Kitchen
2324,E1,2023-11-25,Swansea,Hull,D Whitestone
2324,E1,2023-11-25,West Brom,Ipswich,G Ward
2324,E1,2023-11-28,Cardiff,West Brom,J Smith
2324,E1,2023-11-28,Coventry,Plymouth,A Davies
2324,E1,2023-11-28,Hull,Rotherham,R Welch
2324,E1,2023-11-28,Middlesbrough,Preston,A Kitchen
2324,E1,2023-11-28,QPR,Stoke,J Linington
2324,E1,2023-11-28,Watford,Norwich,S Hooper
2324,E1,2023-11-29,Blackburn,Birmingham,L Doughty
2324,E1,2023-11-29,Ipswich,Millwall,T Bramall
2324,E1,2023-11-29,Leeds,Swansea,S Allison
2324,E1,2023-11-29,Sheffield Weds,Leicester,S Barrott
2324,E1,2023-11-29,Southampton,Bristol City,K Stroud
2324,E1,2023-11-29,Sunderland,Huddersfield,M Donohue
2324,E1,2023-12-01,Preston,QPR,J Smith
2324,E1,2023-12-02,Birmingham,Rotherham,A Davies
2324,E1,2023-12-02,Hull,Watford,J Busby
2324,E1,2023-12-02,Ipswich,Coventry,A Kitchen
2324,E1,2023-12-02,Leeds,Middlesbrough,D England
2324,E1,2023-12-02,Millwall,Sunderland,J Linington
2324,E1,2023-12-02,Plymouth,Stoke,S Barrott
2324,E1,2023-12-02,Sheffield Weds,Blackburn,D Webb
2324,E1,2023-12-02,Southampton,Cardiff,J Bell
2324,E1,2023-12-02,Swansea,Huddersfield,S Martin
2324,E1,2023-12-02,West Brom,Leicester,T Robinson
2324,E1,2023-12-03,Bristol City,Norwich,G Ward
2324,E1,2023-12-08,Coventry,Birmingham,S Allison
2324,E1,2023-12-09,Blackburn,Leeds,R Madley
2324,E1,2023-12-09,Cardiff,Millwall,A Kitchen
2324,E1,2023-12-09,Huddersfield,Bristol City,A Davies
2324,E1,2023-12-09,Leicester,Plymouth,S Gill
2324,E1,2023-12-09,Middlesbrough,Ipswich,D Whitestone
2324,E1,2023-12-09,Norwich,Preston,O Langford
2324,E1,2023-12-09,QPR,Hull,J Bell
2324,E1,2023-12-09,Rotherham,Swansea,J Smith
2324,E1,2023-12-09,Stoke,Sheffield Weds,D Coote
2324,E1,2023-12-09,Sunderland,West Brom,D Bond
2324,E1,2023-12-09,Watford,Southampton,G Eltringham
2324,E1,2023-12-12,Blackburn,Bristol City,J Linington
2324,E1,2023-12-12,Huddersfield,Preston,J Busby
2324,E1,2023-12-12,Rotherham,West Brom,S Barrott
2324,E1,2023-12-12,Stoke,Swansea,D Webb
2324,E1,2023-12-12,Sunderland,Leeds,D Whitestone
2324,E1,2023-12-12,Watford,Ipswich,D England
2324,E1,2023-12-13,Cardiff,Birmingham,S Martin
2324,E1,2023-12-13,Coventry,Southampton,B Toner
2324,E1,2023-12-13,Leicester,Millwall,K Stroud
2324,E1,2023-12-13,Middlesbrough,Hull,O Langford
2324,E1,2023-12-13,Norwich,Sheffield Weds,M Donohue
2324,E1,2023-12-13,QPR,Plymouth,T Harrington
2324,E1,2023-12-16,Bristol City,Sunderland,S Martin
2324,E1,2023-12-16,Hull,Cardiff,K Stroud
2324,E1,2023-12-16,Ipswich,Norwich,J Smith
2324,E1,2023-12-16,Leeds,Coventry,G Eltringham
2324,E1,2023-12-16,Millwall,Huddersfield,D Bond
2324,E1,2023-12-16,Plymouth,Rotherham,G Ward
2324,E1,2023-12-16,Preston,Watford,S Gill
2324,E1,2023-12-16,Sheffield Weds,QPR,A Davies
2324,E1,2023-12-16,Southampton,Blackburn,G Scott
2324,E1,2023-12-16,Swansea,Middlesbrough,M Donohue
2324,E1,2023-12-17,West Brom,Stoke,A Kitchen
2324,E1,2023-12-18,Birmingham,Leicester,D Webb
2324,E1,2023-12-22,Bristol City,Hull,B Toner
2324,E1,2023-12-22,Swansea,Preston,R Madley
2324,E1,2023-12-23,Blackburn,Watford,D Whitestone
2324,E1,2023-12-23,Leeds,Ipswich,S Martin
2324,E1,2023-12-23,Leicester,Rotherham,D Bond
2324,E1,2023-12-23,Middlesbrough,West Brom,J Linington
2324,E1,2023-12-23,Norwich,Huddersfield,T Kirk
2324,E1,2023-12-23,Plymouth,Birmingham,G Scott
2324,E1,2023-12-23,QPR,Southampton,O Langford
2324,E1,2023-12-23,Sheffield Weds,Cardiff,S Barrott
2324,E1,2023-12-23,Stoke,Millwall,G Eltringham
2324,E1,2023-12-23,Sunderland,Coventry,M Donohue
2324,E1,2023-12-26,Birmingham,Stoke,R Madley
2324,E1,2023-12-26,Cardiff,Plymouth,A Davies
2324,E1,2023-12-26,Coventry,Sheffield Weds,O Langford
2324,E1,2023-12-26,Huddersfield,Blackburn,D England
2324,E1,2023-12-26,Hull,Sunderland,S Gill
2324,E1,2023-12-26,Ipswich,Leicester,S Barrott
2324,E1,2023-12-26,Millwall,QPR,T Bramall
2324,E1,2023-12-26,Preston,Leeds,J Smith
2324,E1,2023-12-26,Rotherham,Middlesbrough,A Kitchen
2324,E1,2023-12-26,Southampton,Swansea,K Stroud
2324,E1,2023-12-26,Watford,Bristol City,J Busby
2324,E1,2023-12-26,West Brom,Norwich,J Bell
2324,E1,2023-12-29,Birmingham,Bristol City,G Eltringham
2324,E1,2023-12-29,Cardiff,Leicester,J Busby
2324,E1,2023-12-29,Coventry,Swansea,T Kirk
2324,E1,2023-12-29,Huddersfield,Middlesbrough,B Toner
2324,E1,2023-12-29,Hull,Blackburn,M Donohue
2324,E1,2023-12-29,Ipswich,QPR,D Webb
2324,E1,2023-12-29,Millwall,Norwich,D Whitestone
2324,E1,2023-12-29,Preston,Sheffield Weds,R Welch
2324,E1,2023-12-29,Rotherham,Sunderland,T Harrington
2324,E1,2023-12-29,Southampton,Plymouth,J Linington
2324,E1,2023-12-29,Watford,Stoke,S Oldham
2324,E1,2023-12-29,West Brom,Leeds,G Scott
2324,E1,2024-01-01,Blackburn,Rotherham,J Gillett
2324,E1,2024-01-01,Bristol City,Millwall,T Nield
2324,E1,2024-01-01,Leeds,Birmingham,K Stroud
2324,E1,2024-01-01,Leicester,Huddersfield,S Allison
2324,E1,2024-01-01,Middlesbrough,Coventry,D Webb
2324,E1,2024-01-01,Norwich,Southampton,D England
2324,E1,2024-01-01,Plymouth,Watford,R Madley
2324,E1,2024-01-01,QPR,Cardiff,A Kitchen
2324,E1,2024-01-01,Sheffield Weds,Hull,D Bond
2324,E1,2024-01-01,Stoke,Ipswich,J Bell
2324,E1,2024-01-01,Sunderland,Preston,O Langford
2324,E1,2024-01-01,Swansea,West Brom,A Davies
2324,E1,2024-01-12,Hull,Norwich,A Kitchen
2324,E1,2024-01-13,Birmingham,Swansea,M Donohue
2324,E1,2024-01-13,Cardiff,Leeds,O Langford
2324,E1,2024-01-13,Coventry,Leicester,D England
2324,E1,2024-01-13,Huddersfield,Plymouth,T Nield
2324,E1,2024-01-13,Ipswich,Sunderland,S Allison
2324,E1,2024-01-13,Millwall,Middlesbrough,A Davies
2324,E1,2024-01-13,Preston,Bristol City,S Barrott
2324,E1,2024-01-13,Rotherham,Stoke,K Stroud
2324,E1,2024-01-13,Southampton,Sheffield Weds,L Smith
2324,E1,2024-01-13,West Brom,Blackburn,S Martin
2324,E1,2024-01-14,QPR,Watford,S Hooper
2324,E1,2024-01-19,Sunderland,Hull,R Jones
2324,E1,2024-01-20,Blackburn,Huddersfield,J Linington
2324,E1,2024-01-20,Bristol City,Watford,A Kitchen
2324,E1,2024-01-20,Middlesbrough,Rotherham,D Bond
2324,E1,2024-01-20,Norwich,West Brom,S Gill
2324,E1,2024-01-20,Plymouth,Cardiff,M Dwyer
2324,E1,2024-01-20,QPR,Millwall,L Smith
2324,E1,2024-01-20,Sheffield Weds,Coventry,A Backhouse
2324,E1,2024-01-20,Stoke,Birmingham,S Barrott
2324,E1,2024-01-20,Swansea,Southampton,O Langford
2324,E1,2024-01-21,Leeds,Preston,D Webb
2324,E1,2024-01-22,Leicester,Ipswich,J Smith
2324,E1,2024-01-24,Leeds,Norwich,M Donohue
2324,E1,2024-01-27,Millwall,Preston,J Busby
2324,E1,2024-01-27,Sunderland,Stoke,A Davies
2324,E1,2024-01-28,QPR,Huddersfield,S Martin
2324,E1,2024-01-30,Coventry,Bristol City,L Doughty
2324,E1,2024-01-30,Leicester,Swansea,K Stroud
2324,E1,2024-01-31,Sheffield Weds,Watford,R Welch
2324,E1,2024-02-02,Bristol City,Leeds,S Martin
2324,E1,2024-02-03,Blackburn,QPR,G Eltringham
2324,E1,2024-02-03,Huddersfield,Sheffield Weds,M Donohue
2324,E1,2024-02-03,Hull,Millwall,A Backhouse
2324,E1,2024-02-03,Norwich,Coventry,G Ward
2324,E1,2024-02-03,Preston,Ipswich,G Scott
2324,E1,2024-02-03,Rotherham,Southampton,S Gill
2324,E1,2024-02-03,Stoke,Leicester,L Smith
2324,E1,2024-02-03,Swansea,Plymouth,S Allison
2324,E1,2024-02-03,Watford,Cardiff,J Busby
2324,E1,2024-02-03,West Brom,Birmingham,D Webb
2324,E1,2024-02-04,Middlesbrough,Sunderland,D England
2324,E1,2024-02-09,Sheffield Weds,Birmingham,A Davies
2324,E1,2024-02-10,Blackburn,Stoke,G Ward
2324,E1,2024-02-10,Cardiff,Preston,D Whitestone
2324,E1,2024-02-10,Hull,Swansea,G Eltringham
2324,E1,2024-02-10,Ipswich,West Brom,D Coote
2324,E1,2024-02-10,Leeds,Rotherham,A Madley
2324,E1,2024-02-10,Middlesbrough,Bristol City,S Allison
2324,E1,2024-02-10,QPR,Norwich,B Toner
2324,E1,2024-02-10,Southampton,Huddersfield,D Webb
2324,E1,2024-02-10,Sunderland,Plymouth,A Backhouse
2324,E1,2024-02-10,Watford,Leicester,O Langford
2324,E1,2024-02-11,Coventry,Millwall,A Kitchen
2324,E1,2024-02-13,Birmingham,Blackburn,T Kirk
2324,E1,2024-02-13,Bristol City,Southampton,M Donohue
2324,E1,2024-02-13,Leicester,Sheffield Weds,T Nield
2324,E1,2024-02-13,Norwich,Watford,S Attwell
2324,E1,2024-02-13,Rotherham,Hull,L Doughty
2324,E1,2024-02-13,Swansea,Leeds,D Webb
2324,E1,2024-02-13,West Brom,Cardiff,R Welch
2324,E1,2024-02-14,Huddersfield,Sunderland,G Ward
2324,E1,2024-02-14,Millwall,Ipswich,S Barrott
2324,E1,2024-02-14,Plymouth,Coventry,K Stroud
2324,E1,2024-02-14,Preston,Middlesbrough,T Harrington
2324,E1,2024-02-14,Stoke,QPR,A Kitchen
2324,E1,2024-02-16,West Brom,Southampton,S Allison
2324,E1,2024-02-17,Birmingham,Sunderland,S Martin
2324,E1,2024-02-17,Bristol City,QPR,S Barrott
2324,E1,2024-02-17,Huddersfield,Hull,R Welch
2324,E1,2024-02-17,Leicester,Middlesbrough,C Kavanagh
2324,E1,2024-02-17,Millwall,Sheffield Weds,G Eltringham
2324,E1,2024-02-17,Norwich,Cardiff,D Bond
2324,E1,2024-02-17,Plymouth,Leeds,M Donohue
2324,E1,2024-02-17,Preston,Blackburn,D Webb
2324,E1,2024-02-17,Rotherham,Watford,A Kitchen
2324,E1,2024-02-17,Stoke,Coventry,J Bell
2324,E1,2024-02-17,Swansea,Ipswich,J Busby
2324,E1,2024-02-20,Cardiff,Blackburn,L Doughty
2324,E1,2024-02-20,Ipswich,Rotherham,K Stroud
2324,E1,2024-02-20,Plymouth,West Brom,T Nield
2324,E1,2024-02-20,Southampton,Hull,O Langford
2324,E1,2024-02-23,Coventry,Preston,A Davies
2324,E1,2024-02-23,Leeds,Leicester,C Pawson
2324,E1,2024-02-24,Blackburn,Norwich,O Langford
2324,E1,2024-02-24,Cardiff,Stoke,A Backhouse
2324,E1,2024-02-24,Hull,West Brom,S Martin
2324,E1,2024-02-24,Ipswich,Birmingham,G Ward
2324,E1,2024-02-24,Middlesbrough,Plymouth,S Gill
2324,E1,2024-02-24,QPR,Rotherham,M Donohue
2324,E1,2024-02-24,Sheffield Weds,Bristol City,T Kirk
2324,E1,2024-02-24,Southampton,Millwall,T Bramall
2324,E1,2024-02-24,Sunderland,Swansea,K Stroud
2324,E1,2024-02-24,Watford,Huddersfield,B Toner
2324,E1,2024-03-01,West Brom,Coventry,L Smith
2324,E1,2024-03-02,Birmingham,Southampton,J Bell
2324,E1,2024-03-02,Bristol City,Cardiff,S Allison
2324,E1,2024-03-02,Huddersfield,Leeds,A Kitchen
2324,E1,2024-03-02,Leicester,QPR,A Davies
2324,E1,2024-03-02,Millwall,Watford,G Ward
2324,E1,2024-03-02,Norwich,Sunderland,T Kirk
2324,E1,2024-03-02,Plymouth,Ipswich,J Smith
2324,E1,2024-03-02,Preston,Hull,T Bramall
2324,E1,2024-03-02,Rotherham,Sheffield Weds,D Webb
2324,E1,2024-03-02,Stoke,Middlesbrough,J Busby
2324,E1,2024-03-02,Swansea,Blackburn,R Welch
2324,E1,2024-03-05,Blackburn,Millwall,J Simpson
2324,E1,2024-03-05,Coventry,Rotherham,J Busby
2324,E1,2024-03-05,Hull,Birmingham,K Stroud
2324,E1,2024-03-05,Ipswich,Bristol City,D Webb
2324,E1,2024-03-05,Leeds,Stoke,O Langford
2324,E1,2024-03-05,Sheffield Weds,Plymouth,S Martin
2324,E1,2024-03-05,Sunderland,Leicester,S Gill
2324,E1,2024-03-06,Cardiff,Huddersfield,M Donohue
2324,E1,2024-03-06,Middlesbrough,Norwich,R Madley
2324,E1,2024-03-06,QPR,West Brom,G Eltringham
2324,E1,2024-03-06,Watford,Swansea,T Nield
2324,E1,2024-03-08,Sheffield Weds,Leeds,S Allison
2324,E1,2024-03-09,Blackburn,Plymouth,A Kitchen
2324,E1,2024-03-09,Cardiff,Ipswich,O Langford
2324,E1,2024-03-09,Hull,Leicester,S Barrott
2324,E1,2024-03-09,Millwall,Birmingham,D Bond
2324,E1,2024-03-09,Norwich,Rotherham,C Breakspear
2324,E1,2024-03-09,Preston,Stoke,J Smith
2324,E1,2024-03-09,QPR,Middlesbrough,L Doughty
2324,E1,2024-03-09,Southampton,Sunderland,S Attwell
2324,E1,2024-03-09,Watford,Coventry,R Madley
2324,E1,2024-03-10,Bristol City,Swansea,M Donohue
2324,E1,2024-03-10,Huddersfield,West Brom,D Webb
2324,E1,2024-03-12,Birmingham,Middlesbrough,A Davies
2324,E1,2024-03-16,Birmingham,Watford,M Donohue
2324,E1,2024-03-16,Ipswich,Sheffield Weds,L Doughty
2324,E1,2024-03-16,Middlesbrough,Blackburn,K Stroud
2324,E1,2024-03-16,Plymouth,Preston,J Busby
2324,E1,2024-03-16,Rotherham,Huddersfield,J Smith
2324,E1,2024-03-16,Stoke,Norwich,G Ward
2324,E1,2024-03-16,Sunderland,QPR,O Langford
2324,E1,2024-03-16,Swansea,Cardiff,D Webb
2324,E1,2024-03-16,West Brom,Bristol City,T Nield
2324,E1,2024-03-17,Leeds,Millwall,S Martin
2324,E1,2024-03-29,Blackburn,Ipswich,S Attwell
2324,E1,2024-03-29,Bristol City,Leicester,A Kitchen
2324,E1,2024-03-29,Cardiff,Sunderland,J Simpson
2324,E1,2024-03-29,Huddersfield,Coventry,A Herczeg
2324,E1,2024-03-29,Hull,Stoke,G Scott
2324,E1,2024-03-29,Millwall,West Brom,J Bell
2324,E1,2024-03-29,Norwich,Plymouth,J Linington
2324,E1,2024-03-29,Preston,Rotherham,S Martin
2324,E1,2024-03-29,QPR,Birmingham,J Smith
2324,E1,2024-03-29,Sheffield Weds,Swansea,G Eltringham
2324,E1,2024-03-29,Southampton,Middlesbrough,M Donohue
2324,E1,2024-03-29,Watford,Leeds,D Webb
2324,E1,2024-04-01,Birmingham,Preston,O Langford
2324,E1,2024-04-01,Coventry,Cardiff,L Doughty
2324,E1,2024-04-01,Ipswich,Southampton,M Salisbury
2324,E1,2024-04-01,Leeds,Hull,J Smith
2324,E1,2024-04-01,Leicester,Norwich,D Bond
2324,E1,2024-04-01,Middlesbrough,Sheffield Weds,M Donohue
2324,E1,2024-04-01,Plymouth,Bristol City,K Stroud
2324,E1,2024-04-01,Rotherham,Millwall,A Chilowicz
2324,E1,2024-04-01,Stoke,Huddersfield,R Welch
2324,E1,2024-04-01,Sunderland,Blackburn,J Busby
2324,E1,2024-04-01,Swansea,QPR,S Allison
2324,E1,2024-04-01,West Brom,Watford,G Ward
2324,E1,2024-04-05,Rotherham,Plymouth,O Langford
2324,E1,2024-04-06,Blackburn,Southampton,C Pawson
2324,E1,2024-04-06,Cardiff,Hull,J Busby
2324,E1,2024-04-06,Coventry,Leeds,T Nield
2324,E1,2024-04-06,Huddersfield,Millwall,J Linington
2324,E1,2024-04-06,Leicester,Birmingham,D Webb
2324,E1,2024-04-06,Middlesbrough,Swansea,R Welch
2324,E1,2024-04-06,Norwich,Ipswich,M Donohue
2324,E1,2024-04-06,QPR,Sheffield Weds,G Scott
2324,E1,2024-04-06,Stoke,West Brom,A Kitchen
2324,E1,2024-04-06,Sunderland,Bristol City,L Doughty
2324,E1,2024-04-06,Watford,Preston,J Bell
2324,E1,2024-04-09,Leeds,Sunderland,T Robinson
2324,E1,2024-04-09,Millwall,Leicester,S Gill
2324,E1,2024-04-09,Plymouth,QPR,J Simpson
2324,E1,2024-04-09,Preston,Huddersfield,L Smith
2324,E1,2024-04-09,Sheffield Weds,Norwich,C Kavanagh
2324,E1,2024-04-09,Southampton,Coventry,L Linington
2324,E1,2024-04-10,Birmingham,Cardiff,S Allison
2324,E1,2024-04-10,Bristol City,Blackburn,R Madley
2324,E1,2024-04-10,Hull,Middlesbrough,G Ward
2324,E1,2024-04-10,Ipswich,Watford,S Barrott
2324,E1,2024-04-10,Swansea,Stoke,K Stroud
2324,E1,2024-04-10,West Brom,Rotherham,G Eltringham
2324,E1,2024-04-12,Plymouth,Leicester,R Jones
2324,E1,2024-04-13,Birmingham,Coventry,T Bramall
2324,E1,2024-04-13,Bristol City,Huddersfield,R Welch
2324,E1,2024-04-13,Hull,QPR,T Nield
2324,E1,2024-04-13,Ipswich,Middlesbrough,S Allison
2324,E1,2024-04-13,Leeds,Blackburn,J Bell
2324,E1,2024-04-13,Millwall,Cardiff,W Finnie
2324,E1,2024-04-13,Preston,Norwich,A Kitchen
2324,E1,2024-04-13,Sheffield Weds,Stoke,S Martin
2324,E1,2024-04-13,Southampton,Watford,J Smith
2324,E1,2024-04-13,Swansea,Rotherham,L Doughty
2324,E1,2024-04-13,West Brom,Sunderland,M Donohue
2324,E1,2024-04-16,Southampton,Preston,S Barrott
2324,E1,2024-04-20,Cardiff,Southampton,O Langford
2324,E1,2024-04-20,Huddersfield,Swansea,J Busby
2324,E1,2024-04-20,Leicester,West Brom,T Bramall
2324,E1,2024-04-20,Norwich,Bristol City,S Barrott
2324,E1,2024-04-20,QPR,Preston,G Ward
2324,E1,2024-04-20,Rotherham,Birmingham,K Stroud
2324,E1,2024-04-20,Stoke,Plymouth,R Madley
2324,E1,2024-04-20,Sunderland,Millwall,A Backhouse
2324,E1,2024-04-20,Watford,Hull,B Toner
2324,E1,2024-04-21,Blackburn,Sheffield Weds,J Pawson
2324,E1,2024-04-22,Middlesbrough,Leeds,T Harrington
2324,E1,2024-04-23,Leicester,Southampton,R Madley
2324,E1,2024-04-24,Coventry,Hull,L Doughty
2324,E1,2024-04-26,QPR,Leeds,D Bond
2324,E1,2024-04-27,Blackburn,Coventry,A Backhouse
2324,E1,2024-04-27,Bristol City,Rotherham,C Breakspear
2324,E1,2024-04-27,Cardiff,Middlesbrough,J Simpson
2324,E1,2024-04-27,Huddersfield,Birmingham,M Donohue
2324,E1,2024-04-27,Hull,Ipswich,A Kitchen
2324,E1,2024-04-27,Millwall,Plymouth,A Davies
2324,E1,2024-04-27,Norwich,Swansea,J Linington
2324,E1,2024-04-27,Sheffield Weds,West Brom,G Scott
2324,E1,2024-04-27,Southampton,Stoke,D Webb
2324,E1,2024-04-27,Watford,Sunderland,O Langford
2324,E1,2024-04-29,Preston,Leicester,S Allison
2324,E1,2024-04-30,Coventry,Ipswich,J Bell
2324,E1,2024-05-04,Birmingham,Norwich,O Langford
2324,E1,2024-05-04,Coventry,QPR,J Smith
2324,E1,2024-05-04,Ipswich,Huddersfield,S Hooper
2324,E1,2024-05-04,Leeds,Southampton,M Donohue
2324,E1,2024-05-04,Leicester,Blackburn,A Kitchen
2324,E1,2024-05-04,Middlesbrough,Watford,K Stroud
2324,E1,2024-05-04,Plymouth,Hull,D Bond
2324,E1,2024-05-04,Rotherham,Cardiff,A Davies
2324,E1,2024-05-04,Stoke,Bristol City,S Barrott
2324,E1,2024-05-04,Sunderland,Sheffield Weds,G Ward
2324,E1,2024-05-04,Swansea,Millwall,G Eltringham
2324,E1,2024-05-04,West Brom,Preston,S Martin
2324,E2,2023-08-05,Barnsley,Port Vale,D Rock
2324,E2,2023-08-05,Blackpool,Burton,S Stockbridge
2324,E2,2023-08-05,Bolton,Lincoln,W Finnie
2324,E2,2023-08-05,Cambridge,Oxford,S Gill
2324,E2,2023-08-05,Carlisle,Fleetwood Town,P Wright
2324,E2,2023-08-05,Charlton,Leyton Orient,A Kitchen
2324,E2,2023-08-05,Derby,Wigan,S Oldham
2324,E2,2023-08-05,Northampton,Stevenage,L Smith
2324,E2,2023-08-05,Portsmouth,Bristol Rvs,S Allison
2324,E2,2023-08-05,Reading,Peterboro,S Mather
2324,E2,2023-08-05,Shrewsbury,Cheltenham,C Pollard
2324,E2,2023-08-05,Wycombe,Exeter,C Breakspear
2324,E2,2023-08-12,Bristol Rvs,Barnsley,C Brook
2324,E2,2023-08-12,Burton,Derby,J Bell
2324,E2,2023-08-12,Cheltenham,Bolton,D Rock
2324,E2,2023-08-12,Exeter,Blackpool,S Purkiss
2324,E2,2023-08-12,Fleetwood Town,Cambridge,S Stockbridge
2324,E2,2023-08-12,Leyton Orient,Portsmouth,O Yates
2324,E2,2023-08-12,Lincoln,Wycombe,A Herczeg
2324,E2,2023-08-12,Oxford,Carlisle,J Simpson
2324,E2,2023-08-12,Peterboro,Charlton,L Swabey
2324,E2,2023-08-12,Port Vale,Reading,P Wright
2324,E2,2023-08-12,Stevenage,Shrewsbury,C Hicks
2324,E2,2023-08-12,Wigan,Northampton,R Joyce
2324,E2,2023-08-15,Barnsley,Peterboro,A Backhouse
2324,E2,2023-08-15,Blackpool,Port Vale,R Joyce
2324,E2,2023-08-15,Bolton,Fleetwood Town,T Nield
2324,E2,2023-08-15,Cambridge,Stevenage,W Finnie
2324,E2,2023-08-15,Carlisle,Wigan,M Edwards
2324,E2,2023-08-15,Charlton,Bristol Rvs,C Breakspear
2324,E2,2023-08-15,Derby,Oxford,B Toner
2324,E2,2023-08-15,Northampton,Lincoln,O Yates
2324,E2,2023-08-15,Portsmouth,Exeter,T Reeves
2324,E2,2023-08-15,Reading,Cheltenham,B Speedie
2324,E2,2023-08-15,Shrewsbury,Burton,S Oldham
2324,E2,2023-08-15,Wycombe,Leyton Orient,T Parsons
2324,E2,2023-08-19,Barnsley,Oxford,M Coy
2324,E2,2023-08-19,Blackpool,Leyton Orient,M Edwards
2324,E2,2023-08-19,Bolton,Wigan,T Reeves
2324,E2,2023-08-19,Cambridge,Bristol Rvs,J Busby
2324,E2,2023-08-19,Carlisle,Exeter,A Herczeg
2324,E2,2023-08-19,Charlton,Port Vale,S Gill
2324,E2,2023-08-19,Derby,Fleetwood Town,L Swabey
2324,E2,2023-08-19,Northampton,Peterboro,M Woods
2324,E2,2023-08-19,Portsmouth,Cheltenham,B Toner
2324,E2,2023-08-19,Reading,Stevenage,A Backhouse
2324,E2,2023-08-19,Shrewsbury,Lincoln,R Joyce
2324,E2,2023-08-19,Wycombe,Burton,T Kirk
2324,E2,2023-08-26,Bristol Rvs,Wycombe,L Swabey
2324,E2,2023-08-26,Burton,Bolton,C Brook
2324,E2,2023-08-26,Cheltenham,Northampton,T Nield
2324,E2,2023-08-26,Exeter,Reading,W Finnie
2324,E2,2023-08-26,Fleetwood Town,Shrewsbury,B Speedie
2324,E2,2023-08-26,Leyton Orient,Cambridge,S Martin
2324,E2,2023-08-26,Lincoln,Blackpool,M Coy
2324,E2,2023-08-26,Oxford,Charlton,A Herczeg
2324,E2,2023-08-26,Peterboro,Derby,L Smith
2324,E2,2023-08-26,Port Vale,Carlisle,T Reeves
2324,E2,2023-08-26,Stevenage,Portsmouth,S Mather
2324,E2,2023-08-26,Wigan,Barnsley,S Stockbridge
2324,E2,2023-09-02,Blackpool,Wigan,A Backhouse
2324,E2,2023-09-02,Bolton,Derby,C Breakspear
2324,E2,2023-09-02,Bristol Rvs,Lincoln,L Smith
2324,E2,2023-09-02,Burton,Exeter,G Eltringham
2324,E2,2023-09-02,Carlisle,Shrewsbury,B Toner
2324,E2,2023-09-02,Charlton,Fleetwood Town,C Brook
2324,E2,2023-09-02,Cheltenham,Barnsley,S Gill
2324,E2,2023-09-02,Leyton Orient,Stevenage,K Stroud
2324,E2,2023-09-02,Northampton,Wycombe,T Reeves
2324,E2,2023-09-02,Oxford,Port Vale,S Purkiss
2324,E2,2023-09-02,Portsmouth,Peterboro,D Rock
2324,E2,2023-09-04,Cambridge,Reading,D Drysdale
2324,E2,2023-09-09,Exeter,Leyton Orient,B Toner
2324,E2,2023-09-09,Stevenage,Carlisle,D Drysdale
2324,E2,2023-09-16,Barnsley,Burton,M Edwards
2324,E2,2023-09-16,Derby,Portsmouth,R Welch
2324,E2,2023-09-16,Exeter,Cheltenham,M Woods
2324,E2,2023-09-16,Fleetwood Town,Oxford,W Finnie
2324,E2,2023-09-16,Lincoln,Carlisle,T Nield
2324,E2,2023-09-16,Peterboro,Leyton Orient,S Tallis
2324,E2,2023-09-16,Port Vale,Northampton,S Oldham
2324,E2,2023-09-16,Reading,Bolton,L Swabey
2324,E2,2023-09-16,Shrewsbury,Bristol Rvs,T Reeves
2324,E2,2023-09-16,Stevenage,Charlton,P Wright
2324,E2,2023-09-16,Wigan,Cambridge,A Herczeg
2324,E2,2023-09-16,Wycombe,Blackpool,N Hair
2324,E2,2023-09-19,Barnsley,Portsmouth,L Smith
2324,E2,2023-09-19,Peterboro,Cheltenham,S Oldham
2324,E2,2023-09-19,Port Vale,Burton,B Toner
2324,E2,2023-09-23,Blackpool,Reading,T Reeves
2324,E2,2023-09-23,Bolton,Peterboro,R Joyce
2324,E2,2023-09-23,Bristol Rvs,Wigan,G Eltringham
2324,E2,2023-09-23,Burton,Fleetwood Town,O Yates
2324,E2,2023-09-23,Cambridge,Port Vale,C Pollard
2324,E2,2023-09-23,Carlisle,Derby,M Coy
2324,E2,2023-09-23,Charlton,Wycombe,B Toner
2324,E2,2023-09-23,Cheltenham,Stevenage,L Doughty
2324,E2,2023-09-23,Leyton Orient,Shrewsbury,L Smith
2324,E2,2023-09-23,Northampton,Barnsley,A Young
2324,E2,2023-09-23,Oxford,Exeter,D Middleton
2324,E2,2023-09-23,Portsmouth,Lincoln,P Howard
2324,E2,2023-09-30,Barnsley,Blackpool,C Breakspear
2324,E2,2023-09-30,Derby,Cambridge,O Yates
2324,E2,2023-09-30,Exeter,Northampton,N Hair
2324,E2,2023-09-30,Fleetwood Town,Leyton Orient,S Mather
2324,E2,2023-09-30,Lincoln,Cheltenham,B Atkinson
2324,E2,2023-09-30,Peterboro,Bristol Rvs,B Toner
2324,E2,2023-09-30,Port Vale,Bolton,D Bourne
2324,E2,2023-09-30,Reading,Burton,S Purkiss
2324,E2,2023-09-30,Shrewsbury,Charlton,E Duckworth
2324,E2,2023-09-30,Stevenage,Oxford,C Brook
2324,E2,2023-09-30,Wigan,Portsmouth,W Finnie
2324,E2,2023-09-30,Wycombe,Carlisle,S Tallis
2324,E2,2023-10-03,Blackpool,Derby,W Finnie
2324,E2,2023-10-03,Bolton,Stevenage,J Smith
2324,E2,2023-10-03,Bristol Rvs,Port Vale,B Speedie
2324,E2,2023-10-03,Burton,Wigan,S Gill
2324,E2,2023-10-03,Cambridge,Barnsley,T Parsons
2324,E2,2023-10-03,Carlisle,Peterboro,S Simpson
2324,E2,2023-10-03,Charlton,Exeter,D Rock
2324,E2,2023-10-03,Cheltenham,Fleetwood Town,S Purkiss
2324,E2,2023-10-03,Northampton,Reading,M Corlett
2324,E2,2023-10-03,Oxford,Shrewsbury,C Breakspear
2324,E2,2023-10-03,Portsmouth,Wycombe,A Young
2324,E2,2023-10-07,Bolton,Carlisle,S Stockbridge
2324,E2,2023-10-07,Charlton,Blackpool,A Davies
2324,E2,2023-10-07,Cheltenham,Derby,P Wright
2324,E2,2023-10-07,Exeter,Barnsley,S Jackson
2324,E2,2023-10-07,Fleetwood Town,Wycombe,R Joyce
2324,E2,2023-10-07,Leyton Orient,Reading,N Hair
2324,E2,2023-10-07,Oxford,Bristol Rvs,S Mather
2324,E2,2023-10-07,Peterboro,Lincoln,S Gill
2324,E2,2023-10-07,Portsmouth,Port Vale,R Madley
2324,E2,2023-10-07,Shrewsbury,Northampton,C Brook
2324,E2,2023-10-07,Stevenage,Wigan,A Young
2324,E2,2023-10-09,Burton,Cambridge,B Speedie
2324,E2,2023-10-14,Blackpool,Stevenage,P Howard
2324,E2,2023-10-14,Cambridge,Shrewsbury,S Tallis
2324,E2,2023-10-14,Carlisle,Leyton Orient,E Duckworth
2324,E2,2023-10-14,Lincoln,Burton,R Welch
2324,E2,2023-10-21,Bolton,Northampton,M Coy
2324,E2,2023-10-21,Burton,Bristol Rvs,C Pollard
2324,E2,2023-10-21,Charlton,Reading,S Oldham
2324,E2,2023-10-21,Cheltenham,Cambridge,E Duckworth
2324,E2,2023-10-21,Exeter,Wigan,B Atkinson
2324,E2,2023-10-21,Fleetwood Town,Lincoln,T Reeves
2324,E2,2023-10-21,Leyton Orient,Barnsley,P Wright
2324,E2,2023-10-21,Oxford,Blackpool,T Kirk
2324,E2,2023-10-21,Peterboro,Wycombe,A Kitchen
2324,E2,2023-10-21,Portsmouth,Carlisle,L Doughty
2324,E2,2023-10-21,Shrewsbury,Derby,M Woods
2324,E2,2023-10-21,Stevenage,Port Vale,S Jackson
2324,E2,2023-10-24,Barnsley,Shrewsbury,S Mather
2324,E2,2023-10-24,Blackpool,Cheltenham,A Herczeg
2324,E2,2023-10-24,Bristol Rvs,Stevenage,M Donohue
2324,E2,2023-10-24,Cambridge,Portsmouth,D Bourne
2324,E2,2023-10-24,Carlisle,Burton,R Joyce
2324,E2,2023-10-24,Derby,Exeter,S Gill
2324,E2,2023-10-24,Lincoln,Charlton,D Middleton
2324,E2,2023-10-24,Northampton,Leyton Orient,J Miles
2324,E2,2023-10-24,Port Vale,Peterboro,M Edwards
2324,E2,2023-10-24,Reading,Fleetwood Town,B Atkinson
2324,E2,2023-10-24,Wigan,Oxford,D Rock
2324,E2,2023-10-24,Wycombe,Bolton,L Doughty
2324,E2,2023-10-28,Barnsley,Fleetwood Town,N Hair
2324,E2,2023-10-28,Blackpool,Peterboro,B Atkinson
2324,E2,2023-10-28,Bristol Rvs,Northampton,S Gill
2324,E2,2023-10-28,Burton,Leyton Orient,C Breakspear
2324,E2,2023-10-28,Cambridge,Carlisle,S Purkiss
2324,E2,2023-10-28,Charlton,Bolton,G Eltringham
2324,E2,2023-10-28,Exeter,Lincoln,J Simpson
2324,E2,2023-10-28,Oxford,Wycombe,S Stockbridge
2324,E2,2023-10-28,Port Vale,Cheltenham,M Corlett
2324,E2,2023-10-28,Reading,Portsmouth,M Coy
2324,E2,2023-10-28,Stevenage,Derby,T Kirk
2324,E2,2023-10-28,Wigan,Shrewsbury,D Middleton
2324,E2,2023-10-31,Derby,Northampton,S Mather
2324,E2,2023-10-31,Lincoln,Oxford,S Tallis
2324,E2,2023-10-31,Wigan,Charlton,P Howard
2324,E2,2023-10-31,Wycombe,Cambridge,W Finnie
2324,E2,2023-11-01,Fleetwood Town,Blackpool,D Drysdale
2324,E2,2023-11-07,Reading,Bristol Rvs,A Herczeg
2324,E2,2023-11-07,Shrewsbury,Bolton,S Allison
2324,E2,2023-11-07,Wigan,Peterboro,O Yates
2324,E2,2023-11-11,Bolton,Blackpool,B Toner
2324,E2,2023-11-11,Carlisle,Bristol Rvs,M Woods
2324,E2,2023-11-11,Cheltenham,Wigan,C Brook
2324,E2,2023-11-11,Derby,Barnsley,J Busby
2324,E2,2023-11-11,Fleetwood Town,Exeter,T Kirk
2324,E2,2023-11-11,Leyton Orient,Oxford,D Bourne
2324,E2,2023-11-11,Lincoln,Port Vale,C Hicks
2324,E2,2023-11-11,Northampton,Burton,S Jackson
2324,E2,2023-11-11,Peterboro,Cambridge,S Oldham
2324,E2,2023-11-11,Portsmouth,Charlton,S Allison
2324,E2,2023-11-11,Shrewsbury,Reading,M Edwards
2324,E2,2023-11-11,Wycombe,Stevenage,B Speedie
2324,E2,2023-11-18,Blackpool,Shrewsbury,B Speedie
2324,E2,2023-11-18,Stevenage,Lincoln,S Simpson
2324,E2,2023-11-21,Leyton Orient,Lincoln,S Allison
2324,E2,2023-11-25,Bolton,Exeter,B Speedie
2324,E2,2023-11-25,Carlisle,Charlton,L Doughty
2324,E2,2023-11-25,Cheltenham,Oxford,S Simpson
2324,E2,2023-11-25,Derby,Bristol Rvs,T Reeves
2324,E2,2023-11-25,Fleetwood Town,Stevenage,C Pollard
2324,E2,2023-11-25,Leyton Orient,Wigan,S Purkiss
2324,E2,2023-11-25,Lincoln,Barnsley,R Joyce
2324,E2,2023-11-25,Northampton,Cambridge,L Smith
2324,E2,2023-11-25,Peterboro,Burton,E Duckworth
2324,E2,2023-11-25,Portsmouth,Blackpool,O Yates
2324,E2,2023-11-25,Shrewsbury,Port Vale,S Tallis
2324,E2,2023-11-25,Wycombe,Reading,C Hicks
2324,E2,2023-11-28,Barnsley,Wycombe,D Drysdale
2324,E2,2023-11-28,Blackpool,Northampton,G Eltringham
2324,E2,2023-11-28,Bristol Rvs,Leyton Orient,W Finnie
2324,E2,2023-11-28,Burton,Portsmouth,S Oldham
2324,E2,2023-11-28,Cambridge,Lincoln,D Rock
2324,E2,2023-11-28,Charlton,Cheltenham,G Ward
2324,E2,2023-11-28,Exeter,Shrewsbury,A Young
2324,E2,2023-11-28,Oxford,Bolton,S Purkiss
2324,E2,2023-11-28,Port Vale,Derby,P Howard
2324,E2,2023-11-28,Reading,Carlisle,C Breakspear
2324,E2,2023-11-28,Stevenage,Peterboro,S Gill
2324,E2,2023-11-28,Wigan,Fleetwood Town,E Duckworth
2324,E2,2023-12-02,Northampton,Portsmouth,D Drysdale
2324,E2,2023-12-09,Blackpool,Carlisle,L Smith
2324,E2,2023-12-09,Bristol Rvs,Cheltenham,C Hicks
2324,E2,2023-12-09,Burton,Stevenage,B Atkinson
2324,E2,2023-12-09,Charlton,Cambridge,T Kirk
2324,E2,2023-12-09,Exeter,Port Vale,N Hair
2324,E2,2023-12-09,Leyton Orient,Derby,D Rock
2324,E2,2023-12-09,Northampton,Fleetwood Town,M Edwards
2324,E2,2023-12-09,Peterboro,Oxford,J Linington
2324,E2,2023-12-09,Reading,Barnsley,O Yates
2324,E2,2023-12-09,Wigan,Lincoln,C Breakspear
2324,E2,2023-12-09,Wycombe,Shrewsbury,E Duckworth
2324,E2,2023-12-11,Portsmouth,Bolton,P Howard
2324,E2,2023-12-12,Reading,Oxford,C Brook
2324,E2,2023-12-16,Barnsley,Charlton,S Mather
2324,E2,2023-12-16,Bolton,Bristol Rvs,C Brook
2324,E2,2023-12-16,Cambridge,Blackpool,C Breakspear
2324,E2,2023-12-16,Carlisle,Northampton,D Middleton
2324,E2,2023-12-16,Cheltenham,Leyton Orient,T Reeves
2324,E2,2023-12-16,Derby,Wycombe,R Welch
2324,E2,2023-12-16,Fleetwood Town,Peterboro,W Finnie
2324,E2,2023-12-16,Lincoln,Reading,R Madley
2324,E2,2023-12-16,Oxford,Burton,M Woods
2324,E2,2023-12-16,Port Vale,Wigan,M Edwards
2324,E2,2023-12-16,Shrewsbury,Portsmouth,L Swabey
2324,E2,2023-12-16,Stevenage,Exeter,R Joyce
2324,E2,2023-12-21,Derby,Lincoln,P Wright
2324,E2,2023-12-22,Cambridge,Exeter,D Drysdale
2324,E2,2023-12-23,Barnsley,Stevenage,M Edwards
2324,E2,2023-12-23,Blackpool,Bristol Rvs,R Joyce
2324,E2,2023-12-23,Bolton,Leyton Orient,C Breakspear
2324,E2,2023-12-23,Carlisle,Cheltenham,D Bourne
2324,E2,2023-12-23,Charlton,Burton,L Swabey
2324,E2,2023-12-23,Northampton,Oxford,C Hicks
2324,E2,2023-12-23,Portsmouth,Fleetwood Town,T Nield
2324,E2,2023-12-23,Reading,Wigan,M Woods
2324,E2,2023-12-23,Shrewsbury,Peterboro,M Coy
2324,E2,2023-12-23,Wycombe,Port Vale,B Atkinson
2324,E2,2023-12-26,Bristol Rvs,Portsmouth,S Tallis
2324,E2,2023-12-26,Burton,Blackpool,S Simpson
2324,E2,2023-12-26,Cheltenham,Shrewsbury,P Howard
2324,E2,2023-12-26,Exeter,Wycombe,C Breakspear
2324,E2,2023-12-26,Fleetwood Town,Carlisle,A Herczeg
2324,E2,2023-12-26,Leyton Orient,Charlton,D Middleton
2324,E2,2023-12-26,Lincoln,Bolton,N Hair
2324,E2,2023-12-26,Oxford,Cambridge,T Nield
2324,E2,2023-12-26,Peterboro,Reading,D Rock
2324,E2,2023-12-26,Port Vale,Barnsley,S Oldham
2324,E2,2023-12-26,Stevenage,Northampton,W Finnie
2324,E2,2023-12-26,Wigan,Derby,T Parsons
2324,E2,2023-12-29,Bristol Rvs,Charlton,N Hair
2324,E2,2023-12-29,Burton,Shrewsbury,C Brook
2324,E2,2023-12-29,Cheltenham,Reading,S Tallis
2324,E2,2023-12-29,Exeter,Portsmouth,S Gill
2324,E2,2023-12-29,Fleetwood Town,Bolton,O Yates
2324,E2,2023-12-29,Leyton Orient,Wycombe,J Miles
2324,E2,2023-12-29,Lincoln,Northampton,M Corlett
2324,E2,2023-12-29,Oxford,Derby,W Finnie
2324,E2,2023-12-29,Peterboro,Barnsley,A Herczeg
2324,E2,2023-12-29,Port Vale,Blackpool,S Martin
2324,E2,2023-12-29,Wigan,Carlisle,D Drysdale
2324,E2,2024-01-01,Barnsley,Wigan,S Stockbridge
2324,E2,2024-01-01,Blackpool,Lincoln,M Edwards
2324,E2,2024-01-01,Bolton,Burton,D Drysdale
2324,E2,2024-01-01,Cambridge,Leyton Orient,C Brook
2324,E2,2024-01-01,Carlisle,Port Vale,T Kirk
2324,E2,2024-01-01,Charlton,Oxford,A Chilowicz
2324,E2,2024-01-01,Derby,Peterboro,R Joyce
2324,E2,2024-01-01,Northampton,Cheltenham,N Hair
2324,E2,2024-01-01,Portsmouth,Stevenage,C Breakspear
2324,E2,2024-01-01,Reading,Exeter,A Backhouse
2324,E2,2024-01-01,Shrewsbury,Fleetwood Town,J Miles
2324,E2,2024-01-01,Wycombe,Bristol Rvs,L Doughty
2324,E2,2024-01-06,Burton,Wycombe,D Rock
2324,E2,2024-01-06,Cheltenham,Portsmouth,S Mather
2324,E2,2024-01-06,Exeter,Carlisle,C Brook
2324,E2,2024-01-06,Fleetwood Town,Derby,B Speedie
2324,E2,2024-01-06,Port Vale,Charlton,M Coy
2324,E2,2024-01-13,Barnsley,Bristol Rvs,S Jackson
2324,E2,2024-01-13,Blackpool,Exeter,T Bramall
2324,E2,2024-01-13,Cambridge,Fleetwood Town,S Tallis
2324,E2,2024-01-13,Carlisle,Oxford,J Miles
2324,E2,2024-01-13,Charlton,Peterboro,S Purkiss
2324,E2,2024-01-13,Northampton,Wigan,A Backhouse
2324,E2,2024-01-13,Portsmouth,Leyton Orient,B Speedie
2324,E2,2024-01-13,Shrewsbury,Stevenage,T Kirk
2324,E2,2024-01-13,Wycombe,Lincoln,S Oldham
2324,E2,2024-01-15,Derby,Burton,B Toner
2324,E2,2024-01-16,Barnsley,Carlisle,W Finnie
2324,E2,2024-01-20,Bristol Rvs,Blackpool,G Ward
2324,E2,2024-01-20,Burton,Charlton,A Young
2324,E2,2024-01-20,Exeter,Cambridge,S Simpson
2324,E2,2024-01-20,Fleetwood Town,Portsmouth,N Hair
2324,E2,2024-01-20,Leyton Orient,Bolton,A Chilowicz
2324,E2,2024-01-20,Lincoln,Derby,O Yates
2324,E2,2024-01-20,Peterboro,Shrewsbury,M Corlett
2324,E2,2024-01-20,Wigan,Reading,T Reeves
2324,E2,2024-01-23,Bolton,Cheltenham,B Speedie
2324,E2,2024-01-23,Bristol Rvs,Exeter,J Miles
2324,E2,2024-01-23,Charlton,Northampton,P Howard
2324,E2,2024-01-23,Oxford,Barnsley,L Swabey
2324,E2,2024-01-23,Reading,Derby,D Drysdale
2324,E2,2024-01-23,Wigan,Wycombe,A Herczeg
2324,E2,2024-01-27,Barnsley,Exeter,T Kirk
2324,E2,2024-01-27,Blackpool,Charlton,D Drysdale
2324,E2,2024-01-27,Bristol Rvs,Oxford,B Speedie
2324,E2,2024-01-27,Cambridge,Burton,E Duckworth
2324,E2,2024-01-27,Carlisle,Bolton,S Oldham
2324,E2,2024-01-27,Derby,Cheltenham,L Doughty
2324,E2,2024-01-27,Lincoln,Peterboro,T Parsons
2324,E2,2024-01-27,Northampton,Shrewsbury,S Stockbridge
2324,E2,2024-01-27,Port Vale,Portsmouth,C Hicks
2324,E2,2024-01-27,Reading,Leyton Orient,G Scott
2324,E2,2024-01-27,Wigan,Stevenage,B Toner
2324,E2,2024-01-27,Wycombe,Fleetwood Town,L Swabey
2324,E2,2024-01-30,Oxford,Portsmouth,D Drysdale
2324,E2,2024-02-03,Bolton,Barnsley,L Doughty
2324,E2,2024-02-03,Burton,Lincoln,J Simpson
2324,E2,2024-02-03,Charlton,Derby,E Duckworth
2324,E2,2024-02-03,Cheltenham,Wycombe,M Coy
2324,E2,2024-02-03,Exeter,Bristol Rvs,W Finnie
2324,E2,2024-02-03,Fleetwood Town,Port Vale,P Wright
2324,E2,2024-02-03,Leyton Orient,Carlisle,O Yates
2324,E2,2024-02-03,Oxford,Reading,S Oldham
2324,E2,2024-02-03,Peterboro,Wigan,D Middleton
2324,E2,2024-02-03,Portsmouth,Northampton,S Purkiss
2324,E2,2024-02-03,Shrewsbury,Cambridge,C Hicks
2324,E2,2024-02-03,Stevenage,Blackpool,S Mather
2324,E2,2024-02-06,Bristol Rvs,Fleetwood Town,C Breakspear
2324,E2,2024-02-06,Exeter,Peterboro,T Reeves
2324,E2,2024-02-06,Port Vale,Leyton Orient,S Jackson
2324,E2,2024-02-06,Stevenage,Reading,P Howard
2324,E2,2024-02-10,Barnsley,Leyton Orient,R Joyce
2324,E2,2024-02-10,Blackpool,Oxford,P Howard
2324,E2,2024-02-10,Bristol Rvs,Burton,S Purkiss
2324,E2,2024-02-10,Cambridge,Cheltenham,B Atkinson
2324,E2,2024-02-10,Carlisle,Portsmouth,M Woods
2324,E2,2024-02-10,Derby,Shrewsbury,J Bell
2324,E2,2024-02-10,Lincoln,Fleetwood Town,D Middleton
2324,E2,2024-02-10,Northampton,Bolton,J Simpson
2324,E2,2024-02-10,Port Vale,Stevenage,S Tallis
2324,E2,2024-02-10,Reading,Charlton,C Hicks
2324,E2,2024-02-10,Wigan,Exeter,A Chilowicz
2324,E2,2024-02-10,Wycombe,Peterboro,O Yates
2324,E2,2024-02-13,Bolton,Wycombe,W Finnie
2324,E2,2024-02-13,Charlton,Lincoln,D Rock
2324,E2,2024-02-13,Cheltenham,Blackpool,M Corlett
2324,E2,2024-02-13,Exeter,Derby,S Tallis
2324,E2,2024-02-13,Fleetwood Town,Reading,S Mather
2324,E2,2024-02-13,Leyton Orient,Northampton,B Atkinson
2324,E2,2024-02-13,Oxford,Wigan,J Simpson
2324,E2,2024-02-13,Portsmouth,Cambridge,S Allison
2324,E2,2024-02-13,Shrewsbury,Barnsley,T Parsons
2324,E2,2024-02-13,Stevenage,Bristol Rvs,S Gill
2324,E2,2024-02-17,Bolton,Charlton,R Joyce
2324,E2,2024-02-17,Carlisle,Cambridge,S Jackson
2324,E2,2024-02-17,Cheltenham,Port Vale,S Purkiss
2324,E2,2024-02-17,Derby,Stevenage,T Reeves
2324,E2,2024-02-17,Fleetwood Town,Barnsley,D Bourne
2324,E2,2024-02-17,Leyton Orient,Burton,P Howard
2324,E2,2024-02-17,Lincoln,Exeter,M Corlett
2324,E2,2024-02-17,Northampton,Bristol Rvs,A Herczeg
2324,E2,2024-02-17,Peterboro,Blackpool,D Whitestone
2324,E2,2024-02-17,Portsmouth,Reading,J Smith
2324,E2,2024-02-17,Shrewsbury,Wigan,L Swabey
2324,E2,2024-02-17,Wycombe,Oxford,S Mather
2324,E2,2024-02-20,Cambridge,Bolton,D Rock
2324,E2,2024-02-20,Oxford,Northampton,C Breakspear
2324,E2,2024-02-20,Reading,Port Vale,R Joyce
2324,E2,2024-02-23,Wigan,Cheltenham,D Rock
2324,E2,2024-02-24,Barnsley,Derby,A Kitchen
2324,E2,2024-02-24,Blackpool,Bolton,J Smith
2324,E2,2024-02-24,Bristol Rvs,Carlisle,T Parsons
2324,E2,2024-02-24,Burton,Northampton,T Reeves
2324,E2,2024-02-24,Cambridge,Peterboro,C Breakspear
2324,E2,2024-02-24,Charlton,Portsmouth,R Madley
2324,E2,2024-02-24,Exeter,Fleetwood Town,S Purkiss
2324,E2,2024-02-24,Oxford,Leyton Orient,M Woods
2324,E2,2024-02-24,Port Vale,Lincoln,J Bell
2324,E2,2024-02-24,Reading,Shrewsbury,O Yates
2324,E2,2024-02-24,Stevenage,Wycombe,D Drysdale
2324,E2,2024-02-27,Burton,Carlisle,C Hicks
2324,E2,2024-02-27,Derby,Charlton,J Simpson
2324,E2,2024-02-27,Leyton Orient,Blackpool,B Speedie
2324,E2,2024-02-27,Lincoln,Shrewsbury,M Edwards
2324,E2,2024-02-27,Port Vale,Fleetwood Town,D Drysdale
2324,E2,2024-02-27,Stevenage,Cambridge,A Chilowicz
2324,E2,2024-02-27,Wigan,Bolton,J Busby
2324,E2,2024-02-27,Wycombe,Cheltenham,P Wright
2324,E2,2024-03-02,Bolton,Cambridge,O Yates
2324,E2,2024-03-02,Carlisle,Reading,M Coy
2324,E2,2024-03-02,Cheltenham,Burton,T Parsons
2324,E2,2024-03-02,Derby,Port Vale,S Gill
2324,E2,2024-03-02,Fleetwood Town,Wigan,A Backhouse
2324,E2,2024-03-02,Leyton Orient,Bristol Rvs,D Drysdale
2324,E2,2024-03-02,Lincoln,Stevenage,R Madley
2324,E2,2024-03-02,Northampton,Charlton,M Woods
2324,E2,2024-03-02,Peterboro,Exeter,M Edwards
2324,E2,2024-03-02,Portsmouth,Oxford,B Toner
2324,E2,2024-03-02,Shrewsbury,Blackpool,D Bourne
2324,E2,2024-03-02,Wycombe,Barnsley,D Whitestone
2324,E2,2024-03-05,Barnsley,Bolton,J Bell
2324,E2,2024-03-05,Cheltenham,Charlton,S Jackson
2324,E2,2024-03-05,Peterboro,Northampton,C Hicks
2324,E2,2024-03-09,Barnsley,Lincoln,B Atkinson
2324,E2,2024-03-09,Blackpool,Portsmouth,E Duckworth
2324,E2,2024-03-09,Bristol Rvs,Derby,L Swabey
2324,E2,2024-03-09,Burton,Peterboro,R Joyce
2324,E2,2024-03-09,Cambridge,Northampton,D Bourne
2324,E2,2024-03-09,Charlton,Carlisle,T Nield
2324,E2,2024-03-09,Exeter,Bolton,D Middleton
2324,E2,2024-03-09,Oxford,Cheltenham,M Edwards
2324,E2,2024-03-09,Port Vale,Shrewsbury,B Toner
2324,E2,2024-03-09,Reading,Wycombe,C Brook
2324,E2,2024-03-09,Stevenage,Fleetwood Town,A Herczeg
2324,E2,2024-03-09,Wigan,Leyton Orient,S Oldham
2324,E2,2024-03-12,Bolton,Oxford,S Gill
2324,E2,2024-03-12,Carlisle,Barnsley,E Duckworth
2324,E2,2024-03-12,Derby,Reading,C Breakspear
2324,E2,2024-03-12,Fleetwood Town,Bristol Rvs,R Joyce
2324,E2,2024-03-12,Leyton Orient,Port Vale,G Ward
2324,E2,2024-03-12,Lincoln,Cambridge,S Oldham
2324,E2,2024-03-12,Northampton,Blackpool,J Bell
2324,E2,2024-03-12,Portsmouth,Burton,A Herczeg
2324,E2,2024-03-12,Shrewsbury,Exeter,D Rock
2324,E2,2024-03-12,Wycombe,Wigan,S Tallis
2324,E2,2024-03-13,Peterboro,Stevenage,C Brook
2324,E2,2024-03-16,Barnsley,Cheltenham,D Middleton
2324,E2,2024-03-16,Derby,Bolton,M Edwards
2324,E2,2024-03-16,Exeter,Burton,M Woods
2324,E2,2024-03-16,Fleetwood Town,Charlton,T Reeves
2324,E2,2024-03-16,Lincoln,Bristol Rvs,S Simpson
2324,E2,2024-03-16,Peterboro,Portsmouth,A Chilowicz
2324,E2,2024-03-16,Port Vale,Oxford,S Simpson
2324,E2,2024-03-16,Reading,Cambridge,B Speedie
2324,E2,2024-03-16,Shrewsbury,Carlisle,S Mather
2324,E2,2024-03-16,Stevenage,Leyton Orient,C Hicks
2324,E2,2024-03-16,Wigan,Blackpool,J Linington
2324,E2,2024-03-16,Wycombe,Northampton,O Yates
2324,E2,2024-03-23,Burton,Port Vale,D Rock
2324,E2,2024-03-23,Carlisle,Stevenage,D Middleton
2324,E2,2024-03-23,Northampton,Derby,S Oldham
2324,E2,2024-03-29,Barnsley,Cambridge,S Mather
2324,E2,2024-03-29,Derby,Blackpool,T Kirk
2324,E2,2024-03-29,Exeter,Charlton,D Bourne
2324,E2,2024-03-29,Fleetwood Town,Cheltenham,O Yates
2324,E2,2024-03-29,Lincoln,Leyton Orient,C Brook
2324,E2,2024-03-29,Peterboro,Carlisle,W Finnie
2324,E2,2024-03-29,Port Vale,Bristol Rvs,S Oldham
2324,E2,2024-03-29,Reading,Northampton,T Parsons
2324,E2,2024-03-29,Shrewsbury,Oxford,S Purkiss
2324,E2,2024-03-29,Stevenage,Bolton,S Allison
2324,E2,2024-03-29,Wigan,Burton,D Drysdale
2324,E2,2024-03-29,Wycombe,Portsmouth,T Nield
2324,E2,2024-04-01,Blackpool,Wycombe,R Joyce
2324,E2,2024-04-01,Bolton,Reading,B Toner
2324,E2,2024-04-01,Bristol Rvs,Shrewsbury,E Bell
2324,E2,2024-04-01,Burton,Barnsley,M Coy
2324,E2,2024-04-01,Cambridge,Wigan,S Mather
2324,E2,2024-04-01,Carlisle,Lincoln,S Stockbridge
2324,E2,2024-04-01,Charlton,Stevenage,S Oldham
2324,E2,2024-04-01,Cheltenham,Exeter,S Martin
2324,E2,2024-04-01,Leyton Orient,Peterboro,S Gill
2324,E2,2024-04-01,Northampton,Port Vale,L Swabey
2324,E2,2024-04-01,Oxford,Fleetwood Town,S Jackson
2324,E2,2024-04-02,Portsmouth,Derby,W Finnie
2324,E2,2024-04-06,Blackpool,Cambridge,D Whitestone
2324,E2,2024-04-06,Bristol Rvs,Bolton,C Brook
2324,E2,2024-04-06,Burton,Oxford,W Finnie
2324,E2,2024-04-06,Charlton,Barnsley,B Speedie
2324,E2,2024-04-06,Exeter,Stevenage,L Smith
2324,E2,2024-04-06,Leyton Orient,Cheltenham,S Mather
2324,E2,2024-04-06,Northampton,Carlisle,R Joyce
2324,E2,2024-04-06,Portsmouth,Shrewsbury,C Breakspear
2324,E2,2024-04-06,Reading,Lincoln,A Chilowicz
2324,E2,2024-04-06,Wigan,Port Vale,P Howard
2324,E2,2024-04-09,Blackpool,Fleetwood Town,M Edwards
2324,E2,2024-04-09,Bristol Rvs,Reading,W Finnie
2324,E2,2024-04-09,Charlton,Wigan,L Swabey
2324,E2,2024-04-09,Cheltenham,Carlisle,D Rock
2324,E2,2024-04-09,Leyton Orient,Exeter,S Jackson
2324,E2,2024-04-09,Stevenage,Barnsley,D Bourne
2324,E2,2024-04-10,Peterboro,Port Vale,S Martin
2324,E2,2024-04-10,Wycombe,Derby,M Donohue
2324,E2,2024-04-13,Barnsley,Reading,S Stockbridge
2324,E2,2024-04-13,Bolton,Portsmouth,A Backhouse
2324,E2,2024-04-13,Cambridge,Charlton,D Drysdale
2324,E2,2024-04-13,Carlisle,Blackpool,T Reeves
2324,E2,2024-04-13,Cheltenham,Bristol Rvs,P Howard
2324,E2,2024-04-13,Derby,Leyton Orient,L Smith
2324,E2,2024-04-13,Fleetwood Town,Northampton,T Kirk
2324,E2,2024-04-13,Lincoln,Wigan,M Coy
2324,E2,2024-04-13,Oxford,Peterboro,A Davies
2324,E2,2024-04-13,Port Vale,Exeter,M Edwards
2324,E2,2024-04-13,Shrewsbury,Wycombe,M Woods
2324,E2,2024-04-13,Stevenage,Burton,B Toner
2324,E2,2024-04-16,Bolton,Shrewsbury,S Oldham
2324,E2,2024-04-16,Bristol Rvs,Cambridge,D Middleton
2324,E2,2024-04-16,Burton,Cheltenham,B Speedie
2324,E2,2024-04-16,Oxford,Lincoln,L Swabey
2324,E2,2024-04-16,Peterboro,Fleetwood Town,S Stockbridge
2324,E2,2024-04-16,Port Vale,Wycombe,J Busby
2324,E2,2024-04-16,Portsmouth,Barnsley,P Howard
2324,E2,2024-04-19,Oxford,Stevenage,T Nield
2324,E2,2024-04-20,Blackpool,Barnsley,S Gill
2324,E2,2024-04-20,Bolton,Port Vale,C Breakspear
2324,E2,2024-04-20,Bristol Rvs,Peterboro,T Reeves
2324,E2,2024-04-20,Burton,Reading,S Oldham
2324,E2,2024-04-20,Cambridge,Derby,P Howard
2324,E2,2024-04-20,Carlisle,Wycombe,B Speedie
2324,E2,2024-04-20,Charlton,Shrewsbury,D Middleton
2324,E2,2024-04-20,Cheltenham,Lincoln,T Kirk
2324,E2,2024-04-20,Leyton Orient,Fleetwood Town,A Chilowicz
2324,E2,2024-04-20,Northampton,Exeter,R Ricardo
2324,E2,2024-04-20,Portsmouth,Wigan,D Whitestone
2324,E2,2024-04-23,Cambridge,Wycombe,W Finnie
2324,E2,2024-04-23,Cheltenham,Peterboro,E Duckworth
2324,E2,2024-04-27,Barnsley,Northampton,O Yates
2324,E2,2024-04-27,Derby,Carlisle,B Toner
2324,E2,2024-04-27,Exeter,Oxford,T Reeves
2324,E2,2024-04-27,Fleetwood Town,Burton,S Mather
2324,E2,2024-04-27,Lincoln,Portsmouth,S Gill
2324,E2,2024-04-27,Peterboro,Bolton,R Madley
2324,E2,2024-04-27,Port Vale,Cambridge,R Joyce
2324,E2,2024-04-27,Reading,Blackpool,B Speedie
2324,E2,2024-04-27,Shrewsbury,Leyton Orient,A Herczeg
2324,E2,2024-04-27,Stevenage,Cheltenham,L Swabey
2324,E2,2024-04-27,Wigan,Bristol Rvs,M Edwards
2324,E2,2024-04-27,Wycombe,Charlton,E Bell
2324,E3,2023-08-05,Accrington,Newport County,M Woods
2324,E3,2023-08-05,Crawley Town,Bradford,T Parsons
2324,E3,2023-08-05,Crewe,Mansfield,B Atkinson
2324,E3,2023-08-05,Doncaster,Harrogate,S Tallis
2324,E3,2023-08-05,Forest Green,Salford,D Middleton
2324,E3,2023-08-05,Grimsby,AFC Wimbledon,M Corlett
2324,E3,2023-08-05,Morecambe,Walsall,M Coy
2324,E3,2023-08-05,Stockport,Gillingham,B Speedie
2324,E3,2023-08-05,Sutton,Notts County,S Purkiss
2324,E3,2023-08-05,Tranmere,Barrow,O Yates
2324,E3,2023-08-05,Wrexham,Milton Keynes Dons,T Reeves
2324,E3,2023-08-12,AFC Wimbledon,Wrexham,D Drysdale
2324,E3,2023-08-12,Barrow,Sutton,M Woods
2324,E3,2023-08-12,Bradford,Colchester,M Edwards
2324,E3,2023-08-12,Gillingham,Accrington,W Finnie
2324,E3,2023-08-12,Harrogate,Forest Green,L Doughty
2324,E3,2023-08-12,Mansfield,Morecambe,S Simpson
2324,E3,2023-08-12,Milton Keynes Dons,Tranmere,S Gill
2324,E3,2023-08-12,Newport County,Doncaster,T Kirk
2324,E3,2023-08-12,Notts County,Grimsby,E Duckworth
2324,E3,2023-08-12,Salford,Crawley Town,M Coy
2324,E3,2023-08-12,Swindon,Crewe,S Jackson
2324,E3,2023-08-12,Walsall,Stockport,J Miles
2324,E3,2023-08-15,Accrington,Barrow,A Kitchen
2324,E3,2023-08-15,Colchester,AFC Wimbledon,B Atkinson
2324,E3,2023-08-15,Crawley Town,Milton Keynes Dons,D Middleton
2324,E3,2023-08-15,Crewe,Newport County,A Herczeg
2324,E3,2023-08-15,Doncaster,Mansfield,L Smith
2324,E3,2023-08-15,Forest Green,Swindon,S Gill
2324,E3,2023-08-15,Grimsby,Salford,P Wright
2324,E3,2023-08-15,Morecambe,Notts County,S Jackson
2324,E3,2023-08-15,Stockport,Bradford,S Stockbridge
2324,E3,2023-08-15,Sutton,Gillingham,S Tallis
2324,E3,2023-08-15,Tranmere,Harrogate,L Swabey
2324,E3,2023-08-15,Wrexham,Walsall,S Mather
2324,E3,2023-08-19,Accrington,Harrogate,S Simpson
2324,E3,2023-08-19,Colchester,Milton Keynes Dons,C Brook
2324,E3,2023-08-19,Crawley Town,Gillingham,E Duckworth
2324,E3,2023-08-19,Crewe,Walsall,S Allison
2324,E3,2023-08-19,Doncaster,Notts County,B Atkinson
2324,E3,2023-08-19,Forest Green,Newport County,S Jackson
2324,E3,2023-08-19,Grimsby,Mansfield,W Finnie
2324,E3,2023-08-19,Morecambe,Bradford,L Smith
2324,E3,2023-08-19,Stockport,Barrow,P Wright
2324,E3,2023-08-19,Sutton,AFC Wimbledon,D Rock
2324,E3,2023-08-19,Tranmere,Salford,S Tallis
2324,E3,2023-08-19,Wrexham,Swindon,C Breakspear
2324,E3,2023-08-26,AFC Wimbledon,Forest Green,P Howard
2324,E3,2023-08-26,Barrow,Wrexham,D Middleton
2324,E3,2023-08-26,Bradford,Crewe,D Drysdale
2324,E3,2023-08-26,Gillingham,Colchester,T Kirk
2324,E3,2023-08-26,Harrogate,Morecambe,R Joyce
2324,E3,2023-08-26,Mansfield,Stockport,O Yates
2324,E3,2023-08-26,Milton Keynes Dons,Doncaster,A Kitchen
2324,E3,2023-08-26,Newport County,Sutton,M Corlett
2324,E3,2023-08-26,Notts County,Tranmere,T Parsons
2324,E3,2023-08-26,Salford,Accrington,C Breakspear
2324,E3,2023-08-26,Swindon,Crawley Town,J Miles
2324,E3,2023-08-26,Walsall,Grimsby,B Atkinson
2324,E3,2023-09-02,Crewe,Milton Keynes Dons,P Wright
2324,E3,2023-09-02,Doncaster,Swindon,E Duckworth
2324,E3,2023-09-02,Grimsby,Gillingham,A Herczeg
2324,E3,2023-09-02,Harrogate,Barrow,S Jackson
2324,E3,2023-09-02,Mansfield,Bradford,L Doughty
2324,E3,2023-09-02,Morecambe,Salford,W Finnie
2324,E3,2023-09-02,Newport County,AFC Wimbledon,J Miles
2324,E3,2023-09-02,Notts County,Accrington,T Kirk
2324,E3,2023-09-02,Stockport,Crawley Town,M Edwards
2324,E3,2023-09-02,Sutton,Forest Green,S Simpson
2324,E3,2023-09-02,Tranmere,Wrexham,M Woods
2324,E3,2023-09-02,Walsall,Colchester,L Swabey
2324,E3,2023-09-09,AFC Wimbledon,Stockport,A Young
2324,E3,2023-09-09,Accrington,Mansfield,R Joyce
2324,E3,2023-09-09,Bradford,Grimsby,S Purkiss
2324,E3,2023-09-09,Colchester,Tranmere,D Bourne
2324,E3,2023-09-09,Crawley Town,Newport County,S Tallis
2324,E3,2023-09-09,Forest Green,Crewe,T Parsons
2324,E3,2023-09-09,Gillingham,Harrogate,N Hair
2324,E3,2023-09-09,Milton Keynes Dons,Notts County,C Kavanagh
2324,E3,2023-09-09,Salford,Walsall,P Howard
2324,E3,2023-09-09,Swindon,Sutton,B Atkinson
2324,E3,2023-09-09,Wrexham,Doncaster,L Doughty
2324,E3,2023-09-15,Salford,Notts County,S Simpson
2324,E3,2023-09-16,AFC Wimbledon,Crewe,L Smith
2324,E3,2023-09-16,Accrington,Sutton,D Drysdale
2324,E3,2023-09-16,Bradford,Harrogate,S Gill
2324,E3,2023-09-16,Colchester,Mansfield,A Davies
2324,E3,2023-09-16,Crawley Town,Tranmere,A Young
2324,E3,2023-09-16,Forest Green,Doncaster,J Miles
2324,E3,2023-09-16,Gillingham,Morecambe,D Bourne
2324,E3,2023-09-16,Milton Keynes Dons,Stockport,E Duckworth
2324,E3,2023-09-16,Newport County,Barrow,M Coy
2324,E3,2023-09-16,Swindon,Walsall,M Corlett
2324,E3,2023-09-16,Wrexham,Grimsby,D Rock
2324,E3,2023-09-23,Crewe,Colchester,C Breakspear
2324,E3,2023-09-23,Doncaster,Gillingham,T Parsons
2324,E3,2023-09-23,Grimsby,Crawley Town,S Mather
2324,E3,2023-09-23,Harrogate,Salford,B Atkinson
2324,E3,2023-09-23,Mansfield,Barrow,M Edwards
2324,E3,2023-09-23,Morecambe,Swindon,S Tallis
2324,E3,2023-09-23,Newport County,Bradford,A Davies
2324,E3,2023-09-23,Notts County,Forest Green,S Stockbridge
2324,E3,2023-09-23,Stockport,Wrexham,C Brook
2324,E3,2023-09-23,Sutton,Milton Keynes Dons,T Kirk
2324,E3,2023-09-23,Tranmere,Accrington,S Purkiss
2324,E3,2023-09-23,Walsall,AFC Wimbledon,D Bourne
2324,E3,2023-09-30,AFC Wimbledon,Tranmere,D Middleton
2324,E3,2023-09-30,Accrington,Stockport,T Reeves
2324,E3,2023-09-30,Barrow,Doncaster,S Oldham
2324,E3,2023-09-30,Bradford,Walsall,S Jackson
2324,E3,2023-09-30,Colchester,Notts County,D Rock
2324,E3,2023-09-30,Crawley Town,Sutton,P Howard
2324,E3,2023-09-30,Forest Green,Morecambe,A Herczeg
2324,E3,2023-09-30,Gillingham,Mansfield,J Miles
2324,E3,2023-09-30,Milton Keynes Dons,Harrogate,M Coy
2324,E3,2023-09-30,Salford,Newport County,S Stockbridge
2324,E3,2023-09-30,Swindon,Grimsby,A Davies
2324,E3,2023-09-30,Wrexham,Crewe,L Swabey
2324,E3,2023-10-03,Crewe,Gillingham,D Middleton
2324,E3,2023-10-03,Doncaster,Crawley Town,M Woods
2324,E3,2023-10-03,Grimsby,Barrow,T Kirk
2324,E3,2023-10-03,Harrogate,AFC Wimbledon,P Wright
2324,E3,2023-10-03,Mansfield,Wrexham,A Herczeg
2324,E3,2023-10-03,Morecambe,Accrington,K Stroud
2324,E3,2023-10-03,Newport County,Colchester,L Smith
2324,E3,2023-10-03,Notts County,Swindon,D Drysdale
2324,E3,2023-10-03,Stockport,Forest Green,R Joyce
2324,E3,2023-10-03,Sutton,Salford,C Brook
2324,E3,2023-10-03,Tranmere,Bradford,S Oldham
2324,E3,2023-10-03,Walsall,Milton Keynes Dons,C Pollard
2324,E3,2023-10-07,Accrington,Forest Green,B Atkinson
2324,E3,2023-10-07,Barrow,Notts County,B Toner
2324,E3,2023-10-07,Bradford,Swindon,C Pollard
2324,E3,2023-10-07,Colchester,Morecambe,S Purkiss
2324,E3,2023-10-07,Crawley Town,Wrexham,O Yates
2324,E3,2023-10-07,Gillingham,Milton Keynes Dons,D Drysdale
2324,E3,2023-10-07,Mansfield,AFC Wimbledon,M Woods
2324,E3,2023-10-07,Newport County,Harrogate,R Welch
2324,E3,2023-10-07,Salford,Crewe,T Kirk
2324,E3,2023-10-07,Stockport,Doncaster,A Herczeg
2324,E3,2023-10-07,Sutton,Walsall,E Duckworth
2324,E3,2023-10-07,Tranmere,Grimsby,M Coy
2324,E3,2023-10-14,AFC Wimbledon,Bradford,S Simpson
2324,E3,2023-10-14,Crewe,Tranmere,R Joyce
2324,E3,2023-10-14,Doncaster,Sutton,D Bourne
2324,E3,2023-10-14,Forest Green,Colchester,O Yates
2324,E3,2023-10-14,Grimsby,Accrington,L Smith
2324,E3,2023-10-14,Harrogate,Stockport,T Smith
2324,E3,2023-10-14,Milton Keynes Dons,Barrow,W Finnie
2324,E3,2023-10-14,Notts County,Mansfield,S Oldham
2324,E3,2023-10-14,Swindon,Newport County,D Rock
2324,E3,2023-10-14,Walsall,Gillingham,C Breakspear
2324,E3,2023-10-14,Wrexham,Salford,B Toner
2324,E3,2023-10-20,Newport County,Walsall,S Gill
2324,E3,2023-10-20,Tranmere,Doncaster,B Speedie
2324,E3,2023-10-21,Accrington,Milton Keynes Dons,S Mather
2324,E3,2023-10-21,Barrow,AFC Wimbledon,S Tallis
2324,E3,2023-10-21,Bradford,Wrexham,R Joyce
2324,E3,2023-10-21,Colchester,Harrogate,P Howard
2324,E3,2023-10-21,Crawley Town,Crewe,S Purkiss
2324,E3,2023-10-21,Gillingham,Notts County,A Young
2324,E3,2023-10-21,Salford,Swindon,L Smith
2324,E3,2023-10-21,Stockport,Grimsby,S Simpson
2324,E3,2023-10-21,Sutton,Morecambe,N Hair
2324,E3,2023-10-24,AFC Wimbledon,Accrington,C Brook
2324,E3,2023-10-24,Crewe,Stockport,M Woods
2324,E3,2023-10-24,Doncaster,Salford,N Hair
2324,E3,2023-10-24,Forest Green,Barrow,T Reeves
2324,E3,2023-10-24,Grimsby,Colchester,S Oldham
2324,E3,2023-10-24,Harrogate,Mansfield,S Martin
2324,E3,2023-10-24,Milton Keynes Dons,Bradford,M Corlett
2324,E3,2023-10-24,Morecambe,Tranmere,P Howard
2324,E3,2023-10-24,Notts County,Newport County,C Breakspear
2324,E3,2023-10-24,Swindon,Gillingham,P Wright
2324,E3,2023-10-24,Walsall,Crawley Town,W Finnie
2324,E3,2023-10-24,Wrexham,Sutton,S Stockbridge
2324,E3,2023-10-28,Accrington,Colchester,A Herczeg
2324,E3,2023-10-28,Barrow,Salford,J Miles
2324,E3,2023-10-28,Doncaster,Grimsby,D Drysdale
2324,E3,2023-10-28,Forest Green,Crawley Town,C Hicks
2324,E3,2023-10-28,Gillingham,Newport County,T Reeves
2324,E3,2023-10-28,Harrogate,Crewe,D Bourne
2324,E3,2023-10-28,Mansfield,Walsall,D Rock
2324,E3,2023-10-28,Milton Keynes Dons,Swindon,R Joyce
2324,E3,2023-10-28,Morecambe,AFC Wimbledon,E Duckworth
2324,E3,2023-10-28,Notts County,Wrexham,M Edwards
2324,E3,2023-10-28,Stockport,Tranmere,C Pollard
2324,E3,2023-10-28,Sutton,Bradford,O Langford
2324,E3,2023-10-31,Barrow,Morecambe,B Speedie
2324,E3,2023-11-07,Colchester,Swindon,T Nield
2324,E3,2023-11-11,AFC Wimbledon,Doncaster,O Yates
2324,E3,2023-11-11,Bradford,Barrow,D Webb
2324,E3,2023-11-11,Colchester,Sutton,P Wright
2324,E3,2023-11-11,Crawley Town,Accrington,D Rock
2324,E3,2023-11-11,Crewe,Notts County,S Mather
2324,E3,2023-11-11,Grimsby,Morecambe,A Young
2324,E3,2023-11-11,Newport County,Milton Keynes Dons,B Atkinson
2324,E3,2023-11-11,Salford,Mansfield,R Joyce
2324,E3,2023-11-11,Swindon,Stockport,S Purkiss
2324,E3,2023-11-11,Tranmere,Forest Green,E Duckworth
2324,E3,2023-11-11,Walsall,Harrogate,M Corlett
2324,E3,2023-11-11,Wrexham,Gillingham,W Finnie
2324,E3,2023-11-18,Accrington,Wrexham,N Hair
2324,E3,2023-11-18,Barrow,Crawley Town,S Stockbridge
2324,E3,2023-11-18,Forest Green,Grimsby,S Tallis
2324,E3,2023-11-18,Gillingham,Salford,P Howard
2324,E3,2023-11-18,Harrogate,Swindon,J Miles
2324,E3,2023-11-18,Mansfield,Newport County,T Kirk
2324,E3,2023-11-18,Notts County,Bradford,T Reeves
2324,E3,2023-11-18,Stockport,Colchester,A Davies
2324,E3,2023-11-18,Sutton,Tranmere,L Swabey
2324,E3,2023-11-25,AFC Wimbledon,Notts County,A Herczeg
2324,E3,2023-11-25,Bradford,Accrington,K Stroud
2324,E3,2023-11-25,Colchester,Barrow,D Bourne
2324,E3,2023-11-25,Crawley Town,Harrogate,C Brook
2324,E3,2023-11-25,Crewe,Doncaster,M Coy
2324,E3,2023-11-25,Grimsby,Sutton,M Corlett
2324,E3,2023-11-25,Newport County,Stockport,D Drysdale
2324,E3,2023-11-25,Salford,Milton Keynes Dons,S Jackson
2324,E3,2023-11-25,Swindon,Mansfield,L Swabey
2324,E3,2023-11-25,Tranmere,Gillingham,M Edwards
2324,E3,2023-11-25,Walsall,Forest Green,P Wright
2324,E3,2023-11-25,Wrexham,Morecambe,B Atkinson
2324,E3,2023-11-28,Accrington,Swindon,S Stockbridge
2324,E3,2023-11-28,Barrow,Walsall,L Smith
2324,E3,2023-11-28,Doncaster,Colchester,B Toner
2324,E3,2023-11-28,Forest Green,Bradford,S Mather
2324,E3,2023-11-28,Gillingham,AFC Wimbledon,L Swabey
2324,E3,2023-11-28,Harrogate,Wrexham,M Woods
2324,E3,2023-11-28,Mansfield,Tranmere,M Corlett
2324,E3,2023-11-28,Milton Keynes Dons,Grimsby,P Wright
2324,E3,2023-11-28,Morecambe,Newport County,R Joyce
2324,E3,2023-11-28,Notts County,Crawley Town,S Jackson
2324,E3,2023-11-28,Stockport,Salford,O Yates
2324,E3,2023-11-28,Sutton,Crewe,J Busby
2324,E3,2023-12-09,AFC Wimbledon,Swindon,S Oldham
2324,E3,2023-12-09,Accrington,Doncaster,P Wright
2324,E3,2023-12-09,Colchester,Crawley Town,J Durkin
2324,E3,2023-12-09,Grimsby,Crewe,R Watkins
2324,E3,2023-12-09,Morecambe,Stockport,J Busby
2324,E3,2023-12-09,Notts County,Walsall,D Baines
2324,E3,2023-12-09,Tranmere,Newport County,S Stockbridge
2324,E3,2023-12-16,Crawley Town,Mansfield,S Simpson
2324,E3,2023-12-16,Crewe,Accrington,P Howard
2324,E3,2023-12-16,Doncaster,Morecambe,K Dowle
2324,E3,2023-12-16,Gillingham,Bradford,S Jackson
2324,E3,2023-12-16,Harrogate,Notts County,S Tallis
2324,E3,2023-12-16,Milton Keynes Dons,Forest Green,S Stockbridge
2324,E3,2023-12-16,Newport County,Grimsby,T Nield
2324,E3,2023-12-16,Salford,AFC Wimbledon,B Speedie
2324,E3,2023-12-16,Stockport,Sutton,A Herczeg
2324,E3,2023-12-16,Swindon,Barrow,C Hicks
2324,E3,2023-12-16,Walsall,Tranmere,A Young
2324,E3,2023-12-16,Wrexham,Colchester,O Yates
2324,E3,2023-12-22,Colchester,Salford,W Finnie
2324,E3,2023-12-22,Crawley Town,AFC Wimbledon,M Corlett
2324,E3,2023-12-22,Crewe,Barrow,A Young
2324,E3,2023-12-22,Doncaster,Bradford,E Duckworth
2324,E3,2023-12-22,Forest Green,Gillingham,S Allison
2324,E3,2023-12-22,Stockport,Notts County,S Stockbridge
2324,E3,2023-12-23,Accrington,Walsall,S Oldham
2324,E3,2023-12-23,Grimsby,Harrogate,A Herczeg
2324,E3,2023-12-23,Morecambe,Milton Keynes Dons,L Smith
2324,E3,2023-12-23,Sutton,Mansfield,A Chilowicz
2324,E3,2023-12-23,Tranmere,Swindon,S Gill
2324,E3,2023-12-23,Wrexham,Newport County,J Busby
2324,E3,2023-12-26,AFC Wimbledon,Sutton,S Purkiss
2324,E3,2023-12-26,Barrow,Stockport,M Coy
2324,E3,2023-12-26,Bradford,Morecambe,D Drysdale
2324,E3,2023-12-26,Gillingham,Crawley Town,B Atkinson
2324,E3,2023-12-26,Harrogate,Accrington,B Speedie
2324,E3,2023-12-26,Mansfield,Grimsby,O Yates
2324,E3,2023-12-26,Milton Keynes Dons,Colchester,A Chilowicz
2324,E3,2023-12-26,Newport County,Forest Green,S Martin
2324,E3,2023-12-26,Notts County,Doncaster,L Smith
2324,E3,2023-12-26,Salford,Tranmere,B Toner
2324,E3,2023-12-26,Swindon,Wrexham,T Reeves
2324,E3,2023-12-26,Walsall,Crewe,S Jackson
2324,E3,2023-12-29,AFC Wimbledon,Colchester,B Atkinson
2324,E3,2023-12-29,Barrow,Accrington,S Mather
2324,E3,2023-12-29,Bradford,Stockport,L Smith
2324,E3,2023-12-29,Gillingham,Sutton,D Rock
2324,E3,2023-12-29,Harrogate,Tranmere,T Reeves
2324,E3,2023-12-29,Mansfield,Doncaster,S Jackson
2324,E3,2023-12-29,Milton Keynes Dons,Crawley Town,R Joyce
2324,E3,2023-12-29,Newport County,Crewe,B Speedie
2324,E3,2023-12-29,Notts County,Morecambe,R Madley
2324,E3,2023-12-29,Salford,Grimsby,D Baines
2324,E3,2023-12-29,Swindon,Forest Green,S Simpson
2324,E3,2023-12-29,Walsall,Wrexham,P Howard
2324,E3,2024-01-01,Accrington,Salford,M Corlett
2324,E3,2024-01-01,Colchester,Gillingham,S Purkiss
2324,E3,2024-01-01,Crawley Town,Swindon,P Howard
2324,E3,2024-01-01,Crewe,Bradford,P Wright
2324,E3,2024-01-01,Doncaster,Milton Keynes Dons,T Parsons
2324,E3,2024-01-01,Forest Green,AFC Wimbledon,J Durkin
2324,E3,2024-01-01,Grimsby,Walsall,E Duckworth
2324,E3,2024-01-01,Morecambe,Harrogate,S Mather
2324,E3,2024-01-01,Stockport,Mansfield,D Middleton
2324,E3,2024-01-01,Sutton,Newport County,A Young
2324,E3,2024-01-01,Tranmere,Notts County,O Yates
2324,E3,2024-01-01,Wrexham,Barrow,S Oldham
2324,E3,2024-01-06,Barrow,Tranmere,A Herczeg
2324,E3,2024-01-06,Bradford,Crawley Town,N Hair
2324,E3,2024-01-06,Harrogate,Doncaster,S Purkiss
2324,E3,2024-01-06,Mansfield,Crewe,M Corlett
2324,E3,2024-01-06,Salford,Forest Green,C Breakspear
2324,E3,2024-01-06,Swindon,Colchester,R Watkins
2324,E3,2024-01-13,Accrington,Gillingham,D Middleton
2324,E3,2024-01-13,Colchester,Bradford,S Simpson
2324,E3,2024-01-13,Crawley Town,Salford,D Bourne
2324,E3,2024-01-13,Crewe,Swindon,L Doughty
2324,E3,2024-01-13,Doncaster,Newport County,A Chilowicz
2324,E3,2024-01-13,Forest Green,Harrogate,C Pollard
2324,E3,2024-01-13,Grimsby,Notts County,C Hicks
2324,E3,2024-01-13,Morecambe,Mansfield,S Stockbridge
2324,E3,2024-01-13,Stockport,Walsall,B Atkinson
2324,E3,2024-01-13,Sutton,Barrow,P Howard
2324,E3,2024-01-13,Tranmere,Milton Keynes Dons,D Drysdale
2324,E3,2024-01-13,Wrexham,AFC Wimbledon,D Rock
2324,E3,2024-01-20,Barrow,Crewe,T Parsons
2324,E3,2024-01-20,Gillingham,Forest Green,C Hicks
2324,E3,2024-01-20,Milton Keynes Dons,Morecambe,M Edwards
2324,E3,2024-01-20,Newport County,Wrexham,S Mather
2324,E3,2024-01-23,Bradford,Salford,S Oldham
2324,E3,2024-01-23,Mansfield,Sutton,E Duckworth
2324,E3,2024-01-23,Milton Keynes Dons,AFC Wimbledon,S Gill
2324,E3,2024-01-27,AFC Wimbledon,Mansfield,W Finnie
2324,E3,2024-01-27,Crewe,Salford,S Parkinson
2324,E3,2024-01-27,Doncaster,Stockport,D Rock
2324,E3,2024-01-27,Forest Green,Accrington,A Herczeg
2324,E3,2024-01-27,Grimsby,Tranmere,P Howard
2324,E3,2024-01-27,Milton Keynes Dons,Gillingham,C Brook
2324,E3,2024-01-27,Morecambe,Colchester,D Middleton
2324,E3,2024-01-27,Notts County,Barrow,A Chilowicz
2324,E3,2024-01-27,Swindon,Bradford,G Eltringham
2324,E3,2024-01-27,Walsall,Sutton,R Joyce
2324,E3,2024-01-30,Sutton,Harrogate,S Parkinson
2324,E3,2024-02-03,Accrington,Grimsby,D Rock
2324,E3,2024-02-03,Barrow,Milton Keynes Dons,T Reeves
2324,E3,2024-02-03,Bradford,AFC Wimbledon,R Joyce
2324,E3,2024-02-03,Colchester,Forest Green,N Hair
2324,E3,2024-02-03,Crawley Town,Morecambe,D Whitestone
2324,E3,2024-02-03,Gillingham,Walsall,C Breakspear
2324,E3,2024-02-03,Mansfield,Notts County,T Kirk
2324,E3,2024-02-03,Newport County,Swindon,M Corlett
2324,E3,2024-02-03,Salford,Wrexham,A Chilowicz
2324,E3,2024-02-03,Stockport,Harrogate,B Toner
2324,E3,2024-02-03,Sutton,Doncaster,S Simpson
2324,E3,2024-02-03,Tranmere,Crewe,C Brook
2324,E3,2024-02-09,Notts County,Gillingham,S Oldham
2324,E3,2024-02-10,AFC Wimbledon,Barrow,S Simpson
2324,E3,2024-02-10,Crewe,Crawley Town,M Coy
2324,E3,2024-02-10,Doncaster,Tranmere,J Busby
2324,E3,2024-02-10,Forest Green,Mansfield,S Gill
2324,E3,2024-02-10,Grimsby,Stockport,T Parsons
2324,E3,2024-02-10,Harrogate,Colchester,T Nield
2324,E3,2024-02-10,Milton Keynes Dons,Accrington,D Bourne
2324,E3,2024-02-10,Morecambe,Sutton,P Wright
2324,E3,2024-02-10,Swindon,Salford,D Drysdale
2324,E3,2024-02-10,Walsall,Newport County,L Swabey
2324,E3,2024-02-10,Wrexham,Bradford,B Speedie
2324,E3,2024-02-13,Accrington,AFC Wimbledon,E Duckworth
2324,E3,2024-02-13,Barrow,Forest Green,L Smith
2324,E3,2024-02-13,Bradford,Milton Keynes Dons,O Yates
2324,E3,2024-02-13,Crawley Town,Walsall,J Busby
2324,E3,2024-02-13,Gillingham,Swindon,D Bourne
2324,E3,2024-02-13,Mansfield,Harrogate,S Oldham
2324,E3,2024-02-13,Newport County,Notts County,C Breakspear
2324,E3,2024-02-13,Salford,Doncaster,M Woods
2324,E3,2024-02-13,Stockport,Crewe,N Hair
2324,E3,2024-02-13,Sutton,Wrexham,D Middleton
2324,E3,2024-02-13,Tranmere,Morecambe,B Speedie
2324,E3,2024-02-17,AFC Wimbledon,Morecambe,M Woods
2324,E3,2024-02-17,Bradford,Sutton,M Edwards
2324,E3,2024-02-17,Colchester,Accrington,J Simpson
2324,E3,2024-02-17,Crawley Town,Forest Green,B Speedie
2324,E3,2024-02-17,Crewe,Harrogate,D Rock
2324,E3,2024-02-17,Grimsby,Doncaster,T Kirk
2324,E3,2024-02-17,Newport County,Gillingham,O Yates
2324,E3,2024-02-17,Salford,Barrow,S Gill
2324,E3,2024-02-17,Swindon,Milton Keynes Dons,S Tallis
2324,E3,2024-02-17,Tranmere,Stockport,A Chilowicz
2324,E3,2024-02-17,Walsall,Mansfield,T Parsons
2324,E3,2024-02-17,Wrexham,Notts County,C Brook
2324,E3,2024-02-20,AFC Wimbledon,Crawley Town,S Tallis
2324,E3,2024-02-20,Gillingham,Stockport,L Swabey
2324,E3,2024-02-20,Milton Keynes Dons,Wrexham,S Purkiss
2324,E3,2024-02-20,Walsall,Morecambe,C Brook
2324,E3,2024-02-24,Accrington,Crawley Town,M Edwards
2324,E3,2024-02-24,Doncaster,AFC Wimbledon,A Herczeg
2324,E3,2024-02-24,Forest Green,Tranmere,D Baines
2324,E3,2024-02-24,Gillingham,Wrexham,S Simpson
2324,E3,2024-02-24,Harrogate,Walsall,A Chilowicz
2324,E3,2024-02-24,Mansfield,Salford,C Hicks
2324,E3,2024-02-24,Milton Keynes Dons,Newport County,B Atkinson
2324,E3,2024-02-24,Morecambe,Grimsby,W Finnie
2324,E3,2024-02-24,Notts County,Crewe,R Joyce
2324,E3,2024-02-24,Stockport,Swindon,C Brook
2324,E3,2024-02-24,Sutton,Colchester,B Speedie
2324,E3,2024-02-27,Forest Green,Wrexham,W Finnie
2324,E3,2024-02-27,Harrogate,Newport County,R Ricardo
2324,E3,2024-02-27,Notts County,Sutton,O Yates
2324,E3,2024-02-27,Salford,Colchester,K Dowle
2324,E3,2024-02-27,Swindon,Tranmere,M Woods
2324,E3,2024-02-27,Walsall,Accrington,F Hallam
2324,E3,2024-03-02,AFC Wimbledon,Milton Keynes Dons,C Breakspear
2324,E3,2024-03-02,Crewe,Morecambe,F Hallam
2324,E3,2024-03-02,Grimsby,Forest Green,T Reeves
2324,E3,2024-03-02,Newport County,Mansfield,A Herczeg
2324,E3,2024-03-02,Salford,Gillingham,R Joyce
2324,E3,2024-03-02,Swindon,Harrogate,L Doughty
2324,E3,2024-03-02,Tranmere,Sutton,R Ricardo
2324,E3,2024-03-02,Walsall,Doncaster,S Purkiss
2324,E3,2024-03-02,Wrexham,Accrington,B Atkinson
2324,E3,2024-03-05,AFC Wimbledon,Grimsby,D Middleton
2324,E3,2024-03-05,Barrow,Gillingham,S Tallis
2324,E3,2024-03-05,Bradford,Doncaster,L Doughty
2324,E3,2024-03-05,Mansfield,Milton Keynes Dons,L Swabey
2324,E3,2024-03-05,Morecambe,Crawley Town,M Corlett
2324,E3,2024-03-09,Accrington,Bradford,P Howard
2324,E3,2024-03-09,Barrow,Colchester,S Jackson
2324,E3,2024-03-09,Doncaster,Crewe,C Hicks
2324,E3,2024-03-09,Forest Green,Walsall,T Kirk
2324,E3,2024-03-09,Gillingham,Tranmere,J Linington
2324,E3,2024-03-09,Harrogate,Crawley Town,D Drysdale
2324,E3,2024-03-09,Mansfield,Swindon,D Rock
2324,E3,2024-03-09,Milton Keynes Dons,Salford,D Whitestone
2324,E3,2024-03-09,Morecambe,Wrexham,T Parsons
2324,E3,2024-03-09,Notts County,AFC Wimbledon,S Mather
2324,E3,2024-03-09,Stockport,Newport County,T Reeves
2324,E3,2024-03-09,Sutton,Grimsby,A Chilowicz
2324,E3,2024-03-12,AFC Wimbledon,Gillingham,T Kirk
2324,E3,2024-03-12,Bradford,Forest Green,S Mather
2324,E3,2024-03-12,Crawley Town,Notts County,K Stroud
2324,E3,2024-03-12,Crewe,Sutton,A Humphries
2324,E3,2024-03-12,Grimsby,Milton Keynes Dons,A Bannister
2324,E3,2024-03-12,Newport County,Morecambe,S Simpson
2324,E3,2024-03-12,Swindon,Accrington,T Parsons
2324,E3,2024-03-12,Tranmere,Mansfield,B Toner
2324,E3,2024-03-12,Walsall,Barrow,M Woods
2324,E3,2024-03-12,Wrexham,Harrogate,M Corlett
2324,E3,2024-03-14,Salford,Stockport,O Yates
2324,E3,2024-03-16,AFC Wimbledon,Newport County,T Parsons
2324,E3,2024-03-16,Accrington,Notts County,S Gill
2324,E3,2024-03-16,Barrow,Harrogate,E Duckworth
2324,E3,2024-03-16,Bradford,Mansfield,M Coy
2324,E3,2024-03-16,Colchester,Walsall,D Rock
2324,E3,2024-03-16,Forest Green,Sutton,B Toner
2324,E3,2024-03-16,Gillingham,Grimsby,J Bell
2324,E3,2024-03-16,Milton Keynes Dons,Crewe,P Howard
2324,E3,2024-03-16,Swindon,Doncaster,F Hallam
2324,E3,2024-03-16,Wrexham,Tranmere,S Oldham
2324,E3,2024-03-17,Salford,Morecambe,S Purkiss
2324,E3,2024-03-18,Crawley Town,Stockport,M Russell
2324,E3,2024-03-19,Bradford,Notts County,B Toner
2324,E3,2024-03-23,Barrow,Newport County,B Speedie
2324,E3,2024-03-23,Crewe,AFC Wimbledon,D Drysdale
2324,E3,2024-03-23,Doncaster,Forest Green,A Backhouse
2324,E3,2024-03-23,Grimsby,Wrexham,O Yates
2324,E3,2024-03-23,Harrogate,Bradford,S Purkiss
2324,E3,2024-03-23,Mansfield,Colchester,S Mather
2324,E3,2024-03-23,Morecambe,Gillingham,P Howard
2324,E3,2024-03-23,Notts County,Salford,A Herczeg
2324,E3,2024-03-23,Stockport,Milton Keynes Dons,M Edwards
2324,E3,2024-03-23,Sutton,Accrington,T Nield
2324,E3,2024-03-23,Tranmere,Crawley Town,S Parkinson
2324,E3,2024-03-29,AFC Wimbledon,Harrogate,B Speedie
2324,E3,2024-03-29,Accrington,Morecambe,A Chilowicz
2324,E3,2024-03-29,Barrow,Grimsby,O Langford
2324,E3,2024-03-29,Bradford,Tranmere,R Watkins
2324,E3,2024-03-29,Colchester,Newport County,S Gill
2324,E3,2024-03-29,Crawley Town,Doncaster,D Rock
2324,E3,2024-03-29,Forest Green,Stockport,C Breakspear
2324,E3,2024-03-29,Gillingham,Crewe,T Reeves
2324,E3,2024-03-29,Milton Keynes Dons,Walsall,E Duckworth
2324,E3,2024-03-29,Salford,Sutton,P Howard
2324,E3,2024-03-29,Swindon,Notts County,J Durkin
2324,E3,2024-03-29,Wrexham,Mansfield,L Smith
2324,E3,2024-04-01,Crewe,Forest Green,G Eltringham
2324,E3,2024-04-01,Grimsby,Bradford,M Corlett
2324,E3,2024-04-01,Harrogate,Gillingham,S Mather
2324,E3,2024-04-01,Morecambe,Barrow,M Edwards
2324,E3,2024-04-01,Newport County,Crawley Town,M Woods
2324,E3,2024-04-01,Notts County,Milton Keynes Dons,S Simpson
2324,E3,2024-04-01,Stockport,AFC Wimbledon,L Smith
2324,E3,2024-04-01,Sutton,Swindon,T Kirk
2324,E3,2024-04-01,Tranmere,Colchester,S Tallis
2324,E3,2024-04-01,Walsall,Salford,D Middleton
2324,E3,2024-04-02,Doncaster,Wrexham,C Breakspear
2324,E3,2024-04-06,AFC Wimbledon,Salford,B Atkinson
2324,E3,2024-04-06,Accrington,Crewe,A Herczeg
2324,E3,2024-04-06,Barrow,Swindon,B Toner
2324,E3,2024-04-06,Bradford,Gillingham,E Duckworth
2324,E3,2024-04-06,Colchester,Wrexham,T Reeves
2324,E3,2024-04-06,Forest Green,Milton Keynes Dons,A Davies
2324,E3,2024-04-06,Grimsby,Newport County,R Madley
2324,E3,2024-04-06,Mansfield,Crawley Town,O Yates
2324,E3,2024-04-06,Morecambe,Doncaster,D Drysdale
2324,E3,2024-04-06,Notts County,Harrogate,J Miles
2324,E3,2024-04-06,Sutton,Stockport,S Gill
2324,E3,2024-04-06,Tranmere,Walsall,S Stockbridge
2324,E3,2024-04-09,Colchester,Stockport,B Atkinson
2324,E3,2024-04-09,Doncaster,Walsall,B Speedie
2324,E3,2024-04-09,Harrogate,Grimsby,T Parsons
2324,E3,2024-04-09,Mansfield,Forest Green,D Middleton
2324,E3,2024-04-09,Morecambe,Crewe,S Oldham
2324,E3,2024-04-09,Newport County,Accrington,D Drysdale
2324,E3,2024-04-09,Wrexham,Crawley Town,E Duckworth
2324,E3,2024-04-13,Crawley Town,Colchester,S Oldham
2324,E3,2024-04-13,Crewe,Grimsby,S Mather
2324,E3,2024-04-13,Doncaster,Accrington,R Joyce
2324,E3,2024-04-13,Gillingham,Barrow,D Whitestone
2324,E3,2024-04-13,Harrogate,Sutton,A Herczeg
2324,E3,2024-04-13,Milton Keynes Dons,Mansfield,B Speedie
2324,E3,2024-04-13,Newport County,Tranmere,C Hicks
2324,E3,2024-04-13,Salford,Bradford,J Miles
2324,E3,2024-04-13,Stockport,Morecambe,L Swabey
2324,E3,2024-04-13,Swindon,AFC Wimbledon,O Yates
2324,E3,2024-04-13,Walsall,Notts County,S Tallis
2324,E3,2024-04-13,Wrexham,Forest Green,S Gill
2324,E3,2024-04-16,Colchester,Grimsby,C Brook
2324,E3,2024-04-16,Crawley Town,Barrow,S Purkiss
2324,E3,2024-04-16,Mansfield,Accrington,C Breakspear
2324,E3,2024-04-16,Notts County,Stockport,A Chilowicz
2324,E3,2024-04-16,Walsall,Swindon,M Corlett
2324,E3,2024-04-20,Crewe,Wrexham,S Stockbridge
2324,E3,2024-04-20,Doncaster,Barrow,C Brook
2324,E3,2024-04-20,Grimsby,Swindon,M Coy
2324,E3,2024-04-20,Harrogate,Milton Keynes Dons,D Webb
2324,E3,2024-04-20,Mansfield,Gillingham,S Purkiss
2324,E3,2024-04-20,Morecambe,Forest Green,R Joyce
2324,E3,2024-04-20,Newport County,Salford,E Duckworth
2324,E3,2024-04-20,Notts County,Colchester,D Drysdale
2324,E3,2024-04-20,Stockport,Accrington,S Mather
2324,E3,2024-04-20,Sutton,Crawley Town,L Smith
2324,E3,2024-04-20,Tranmere,AFC Wimbledon,D Rock
2324,E3,2024-04-20,Walsall,Bradford,A Herczeg
2324,E3,2024-04-23,Barrow,Bradford,R Joyce
2324,E3,2024-04-23,Colchester,Doncaster,P Howard
2324,E3,2024-04-27,AFC Wimbledon,Walsall,S Oldham
2324,E3,2024-04-27,Accrington,Tranmere,M Woods
2324,E3,2024-04-27,Barrow,Mansfield,K Stroud
2324,E3,2024-04-27,Bradford,Newport County,T Kirk
2324,E3,2024-04-27,Colchester,Crewe,L Smith
2324,E3,2024-04-27,Crawley Town,Grimsby,P Howard
2324,E3,2024-04-27,Forest Green,Notts County,W Finnie
2324,E3,2024-04-27,Gillingham,Doncaster,A Chilowicz
2324,E3,2024-04-27,Milton Keynes Dons,Sutton,T Parsons
2324,E3,2024-04-27,Salford,Harrogate,D Rock
2324,E3,2024-04-27,Swindon,Morecambe,C Hicks
2324,E3,2024-04-27,Wrexham,Stockport,S Martin
2324,EC,2023-08-05,Aldershot,Oxford City,A Farmer
2324,EC,2023-08-05,Altrincham,Dag and Red,D Mcnamara
2324,EC,2023-08-05,Barnet,Hartlepool,J O'Connor
2324,EC,2023-08-05,Chesterfield,Dorking,R Ricardo
2324,EC,2023-08-05,Gateshead,Boreham Wood,D Richardson
2324,EC,2023-08-05,Halifax,Bromley,M Barlow
2324,EC,2023-08-05,Kidderminster,Woking,D Baines
2324,EC,2023-08-05,Maidenhead,Fylde,A Ajibola
2324,EC,2023-08-05,Rochdale,Ebbsfleet,G Rhodes
2324,EC,2023-08-05,Solihull,Eastleigh,J Durkin
2324,EC,2023-08-05,Southend,Oldham,R Watkins
2324,EC,2023-08-05,Wealdstone,York,A Humphries
2324,EC,2023-08-12,Boreham Wood,Halifax,S Mulhall
2324,EC,2023-08-12,Bromley,Barnet,R Ricardo
2324,EC,2023-08-12,Dag and Red,Southend,M Russell
2324,EC,2023-08-12,Dorking,Maidenhead,G Rollason
2324,EC,2023-08-12,Eastleigh,Wealdstone,P Johnson
2324,EC,2023-08-12,Ebbsfleet,Solihull,A Bannister
2324,EC,2023-08-12,Fylde,Chesterfield,P Cooper
2324,EC,2023-08-12,Hartlepool,Gateshead,A Jackson
2324,EC,2023-08-12,Oldham,Aldershot,J O'Connor
2324,EC,2023-08-12,Oxford City,Rochdale,S Copeland
2324,EC,2023-08-12,Woking,Altrincham,J Richardson
2324,EC,2023-08-12,York,Kidderminster,F Hallam
2324,EC,2023-08-15,Bromley,Wealdstone,A Farmer
2324,EC,2023-08-15,Dag and Red,Gateshead,A Humphries
2324,EC,2023-08-15,Dorking,Southend,A Ajibola
2324,EC,2023-08-15,Eastleigh,Barnet,R Watkins
2324,EC,2023-08-15,Ebbsfleet,Aldershot,J Durkin
2324,EC,2023-08-15,Fylde,Kidderminster,M Barlow
2324,EC,2023-08-15,Hartlepool,Maidenhead,J Westgate
2324,EC,2023-08-15,Oldham,Halifax,S Copeland
2324,EC,2023-08-15,Oxford City,Chesterfield,F Hallam
2324,EC,2023-08-15,Woking,Rochdale,S Parkinson
2324,EC,2023-08-15,York,Altrincham,P Marsden
2324,EC,2023-08-16,Boreham Wood,Solihull,G Rollason
2324,EC,2023-08-19,Aldershot,York,D Richardson
2324,EC,2023-08-19,Altrincham,Boreham Wood,A Bannister
2324,EC,2023-08-19,Barnet,Woking,W Cartmel
2324,EC,2023-08-19,Chesterfield,Oldham,M Russell
2324,EC,2023-08-19,Gateshead,Ebbsfleet,P Marsden
2324,EC,2023-08-19,Halifax,Oxford City,D Mcnamara
2324,EC,2023-08-19,Kidderminster,Bromley,G Rhodes
2324,EC,2023-08-19,Maidenhead,Dag and Red,D Baines
2324,EC,2023-08-19,Rochdale,Eastleigh,J Richardson
2324,EC,2023-08-19,Solihull,Dorking,S Morland
2324,EC,2023-08-19,Southend,Hartlepool,R Ricardo
2324,EC,2023-08-19,Wealdstone,Fylde,S Parkinson
2324,EC,2023-08-25,Rochdale,Bromley,A Jackson
2324,EC,2023-08-25,Solihull,Halifax,J Westgate
2324,EC,2023-08-25,Southend,Eastleigh,A Humphries
2324,EC,2023-08-26,Aldershot,Wealdstone,A Ajibola
2324,EC,2023-08-26,Altrincham,Chesterfield,S Mulhall
2324,EC,2023-08-26,Boreham Wood,Oldham,A Farmer
2324,EC,2023-08-26,Dag and Red,Barnet,A Bannister
2324,EC,2023-08-26,Dorking,York,W Cartmel
2324,EC,2023-08-26,Ebbsfleet,Kidderminster,J O'Connor
2324,EC,2023-08-26,Gateshead,Woking,R Aspinall
2324,EC,2023-08-26,Hartlepool,Fylde,S Copeland
2324,EC,2023-08-26,Maidenhead,Oxford City,K Dowle
2324,EC,2023-08-28,Barnet,Ebbsfleet,D Mcnamara
2324,EC,2023-08-28,Bromley,Southend,K Dowle
2324,EC,2023-08-28,Chesterfield,Hartlepool,G Rhodes
2324,EC,2023-08-28,Eastleigh,Aldershot,F Hallam
2324,EC,2023-08-28,Fylde,Altrincham,J Westgate
2324,EC,2023-08-28,Halifax,Gateshead,S Morland
2324,EC,2023-08-28,Kidderminster,Maidenhead,P Marsden
2324,EC,2023-08-28,Oldham,Solihull,P Cooper
2324,EC,2023-08-28,Oxford City,Boreham Wood,J Durkin
2324,EC,2023-08-28,Wealdstone,Dag and Red,G Rollason
2324,EC,2023-08-28,Woking,Dorking,R Watkins
2324,EC,2023-08-28,York,Rochdale,R Aspinall
2324,EC,2023-09-02,Aldershot,Chesterfield,A Humphries
2324,EC,2023-09-02,Altrincham,Bromley,A Ajibola
2324,EC,2023-09-02,Boreham Wood,Barnet,F Hallam
2324,EC,2023-09-02,Dag and Red,Fylde,K Dowle
2324,EC,2023-09-02,Dorking,Eastleigh,D Baines
2324,EC,2023-09-02,Ebbsfleet,York,M Russell
2324,EC,2023-09-02,Gateshead,Oldham,G Rhodes
2324,EC,2023-09-02,Hartlepool,Wealdstone,A Bannister
2324,EC,2023-09-02,Maidenhead,Woking,S Morland
2324,EC,2023-09-02,Rochdale,Halifax,G Parsons
2324,EC,2023-09-02,Solihull,Oxford City,D Richardson
2324,EC,2023-09-02,Southend,Kidderminster,J Westgate
2324,EC,2023-09-09,Barnet,Altrincham,S Parkinson
2324,EC,2023-09-09,Bromley,Maidenhead,F Hallam
2324,EC,2023-09-09,Chesterfield,Dag and Red,S Copeland
2324,EC,2023-09-09,Eastleigh,Gateshead,D Mcnamara
2324,EC,2023-09-09,Fylde,Aldershot,M Crusham
2324,EC,2023-09-09,Halifax,Southend,P Marsden
2324,EC,2023-09-09,Kidderminster,Rochdale,P Johnson
2324,EC,2023-09-09,Oldham,Dorking,R Aspinall
2324,EC,2023-09-09,Oxford City,Hartlepool,S Mulhall
2324,EC,2023-09-09,Wealdstone,Ebbsfleet,P Cooper
2324,EC,2023-09-09,Woking,Solihull,A Farmer
2324,EC,2023-09-09,York,Boreham Wood,M Barlow
2324,EC,2023-09-16,Aldershot,Gateshead,W Cartmel
2324,EC,2023-09-16,Bromley,Oldham,G Parsons
2324,EC,2023-09-16,Ebbsfleet,Chesterfield,P Johnson
2324,EC,2023-09-16,Fylde,Eastleigh,J Mulligan
2324,EC,2023-09-16,Halifax,Dorking,A Humphries
2324,EC,2023-09-16,Hartlepool,Woking,M Barlow
2324,EC,2023-09-16,Kidderminster,Solihull,A Jackson
2324,EC,2023-09-16,Maidenhead,Boreham Wood,S Copeland
2324,EC,2023-09-16,Oxford City,Dag and Red,R Watkins
2324,EC,2023-09-16,Rochdale,Barnet,J Durkin
2324,EC,2023-09-16,Wealdstone,Altrincham,F Hallam
2324,EC,2023-09-16,York,Southend,P Cooper
2324,EC,2023-09-19,Altrincham,Hartlepool,J O'Connor
2324,EC,2023-09-19,Barnet,Aldershot,A Farmer
2324,EC,2023-09-19,Boreham Wood,Rochdale,R Watkins
2324,EC,2023-09-19,Chesterfield,Halifax,A Jackson
2324,EC,2023-09-19,Dag and Red,Bromley,D Baines
2324,EC,2023-09-19,Dorking,Wealdstone,S Mulhall
2324,EC,2023-09-19,Eastleigh,Oxford City,W Cartmel
2324,EC,2023-09-19,Gateshead,Kidderminster,J Mulligan
2324,EC,2023-09-19,Oldham,York,D Mcnamara
2324,EC,2023-09-19,Solihull,Fylde,A Humphries
2324,EC,2023-09-19,Southend,Maidenhead,S Parkinson
2324,EC,2023-09-19,Woking,Ebbsfleet,A Ajibola
2324,EC,2023-09-23,Altrincham,Ebbsfleet,R Ricardo
2324,EC,2023-09-23,Barnet,Halifax,J Mulligan
2324,EC,2023-09-23,Boreham Wood,Aldershot,D Baines
2324,EC,2023-09-23,Chesterfield,Wealdstone,J Westgate
2324,EC,2023-09-23,Dag and Red,Hartlepool,W Cartmel
2324,EC,2023-09-23,Dorking,Rochdale,A Farmer
2324,EC,2023-09-23,Eastleigh,Kidderminster,G Rollason
2324,EC,2023-09-23,Gateshead,Maidenhead,R Watkins
2324,EC,2023-09-23,Oldham,Oxford City,P Marsden
2324,EC,2023-09-23,Solihull,Bromley,M Russell
2324,EC,2023-09-23,Southend,Fylde,A Bannister
2324,EC,2023-09-23,Woking,York,G Parsons
2324,EC,2023-09-26,Aldershot,Southend,D Mcnamara
2324,EC,2023-09-26,Bromley,Eastleigh,S Parkinson
2324,EC,2023-09-26,Ebbsfleet,Dorking,F Hallam
2324,EC,2023-09-26,Fylde,Boreham Wood,G Rhodes
2324,EC,2023-09-26,Halifax,Dag and Red,R Aspinall
2324,EC,2023-09-26,Hartlepool,Solihull,P Marsden
2324,EC,2023-09-26,Kidderminster,Oldham,D Richardson
2324,EC,2023-09-26,Maidenhead,Altrincham,A Humphries
2324,EC,2023-09-26,Oxford City,Gateshead,G Rollason
2324,EC,2023-09-26,Rochdale,Chesterfield,M Barlow
2324,EC,2023-09-26,Wealdstone,Woking,M Russell
2324,EC,2023-09-26,York,Barnet,S Copeland
2324,EC,2023-09-30,Aldershot,Dag and Red,S Mulhall
2324,EC,2023-09-30,Bromley,Gateshead,J Durkin
2324,EC,2023-09-30,Ebbsfleet,Boreham Wood,R Aspinall
2324,EC,2023-09-30,Fylde,Woking,A Jackson
2324,EC,2023-09-30,Halifax,Eastleigh,P Cooper
2324,EC,2023-09-30,Hartlepool,Dorking,S Copeland
2324,EC,2023-09-30,Kidderminster,Barnet,A Ajibola
2324,EC,2023-09-30,Maidenhead,Chesterfield,J Richardson
2324,EC,2023-09-30,Oxford City,Altrincham,M Russell
2324,EC,2023-09-30,Rochdale,Southend,G Rollason
2324,EC,2023-09-30,Wealdstone,Oldham,C Walchester
2324,EC,2023-09-30,York,Solihull,D Baines
2324,EC,2023-10-03,Altrincham,Aldershot,R Aspinall
2324,EC,2023-10-03,Barnet,Fylde,R Ricardo
2324,EC,2023-10-03,Chesterfield,Bromley,P Marsden
2324,EC,2023-10-03,Dag and Red,York,A Farmer
2324,EC,2023-10-03,Dorking,Kidderminster,S Parkinson
2324,EC,2023-10-03,Eastleigh,Ebbsfleet,J Durkin
2324,EC,2023-10-03,Gateshead,Wealdstone,D Richardson
2324,EC,2023-10-03,Oldham,Maidenhead,J Mulligan
2324,EC,2023-10-03,Solihull,Rochdale,J O'Connor
2324,EC,2023-10-03,Southend,Oxford City,K Dowle
2324,EC,2023-10-03,Woking,Halifax,W Cartmel
2324,EC,2023-10-04,Boreham Wood,Hartlepool,A Humphries
2324,EC,2023-10-07,Boreham Wood,Chesterfield,G Rollason
2324,EC,2023-10-07,Dorking,Barnet,J O'Connor
2324,EC,2023-10-07,Ebbsfleet,Halifax,M Crusham
2324,EC,2023-10-07,Gateshead,Altrincham,P Marsden
2324,EC,2023-10-07,Hartlepool,Eastleigh,A Farmer
2324,EC,2023-10-07,Kidderminster,Wealdstone,W Cartmel
2324,EC,2023-10-07,Maidenhead,Rochdale,R Ricardo
2324,EC,2023-10-07,Oldham,Dag and Red,A Humphries
2324,EC,2023-10-07,Oxford City,Fylde,G Parsons
2324,EC,2023-10-07,Solihull,Aldershot,A Ajibola
2324,EC,2023-10-07,Woking,Southend,C Walchester
2324,EC,2023-10-07,York,Bromley,A Jackson
2324,EC,2023-10-21,Aldershot,Hartlepool,K Dowle
2324,EC,2023-10-21,Barnet,Maidenhead,J Durkin
2324,EC,2023-10-21,Bromley,Oxford City,M Barlow
2324,EC,2023-10-21,Dag and Red,Woking,G Rollason
2324,EC,2023-10-21,Eastleigh,York,R Watkins
2324,EC,2023-10-21,Fylde,Ebbsfleet,D Richardson
2324,EC,2023-10-21,Halifax,Kidderminster,G Rhodes
2324,EC,2023-10-21,Rochdale,Oldham,J Westgate
2324,EC,2023-10-21,Southend,Solihull,P Johnson
2324,EC,2023-10-21,Wealdstone,Boreham Wood,R Ricardo
2324,EC,2023-10-24,Aldershot,Maidenhead,M Russell
2324,EC,2023-10-24,Altrincham,Kidderminster,J Westgate
2324,EC,2023-10-24,Barnet,Solihull,G Parsons
2324,EC,2023-10-24,Bromley,Dorking,J Richardson
2324,EC,2023-10-24,Chesterfield,York,A Richardson
2324,EC,2023-10-24,Dag and Red,Boreham Wood,M Crusham
2324,EC,2023-10-24,Eastleigh,Woking,F Hallam
2324,EC,2023-10-24,Fylde,Oldham,M Barlow
2324,EC,2023-10-24,Halifax,Hartlepool,D Mcnamara
2324,EC,2023-10-24,Rochdale,Gateshead,S Copeland
2324,EC,2023-10-24,Southend,Ebbsfleet,R Watkins
2324,EC,2023-10-24,Wealdstone,Oxford City,A Farmer
2324,EC,2023-10-28,Boreham Wood,Southend,D Watson
2324,EC,2023-10-28,Dorking,Aldershot,C Walchester
2324,EC,2023-10-28,Ebbsfleet,Dag and Red,G Rhodes
2324,EC,2023-10-28,Gateshead,Fylde,P Cooper
2324,EC,2023-10-28,Hartlepool,Rochdale,D Baines
2324,EC,2023-10-28,Kidderminster,Chesterfield,D Mcnamara
2324,EC,2023-10-28,Maidenhead,Eastleigh,A Ajibola
2324,EC,2023-10-28,Oldham,Altrincham,A Jackson
2324,EC,2023-10-28,Oxford City,Barnet,F Hallam
2324,EC,2023-10-28,Solihull,Wealdstone,S Copeland
2324,EC,2023-10-28,Woking,Bromley,M Russell
2324,EC,2023-10-28,York,Halifax,S Parkinson
2324,EC,2023-11-04,Dorking,Dag and Red,D Richardson
2324,EC,2023-11-11,Aldershot,Kidderminster,P Johnson
2324,EC,2023-11-11,Altrincham,Southend,M Crusham
2324,EC,2023-11-11,Boreham Wood,Bromley,W Cartmel
2324,EC,2023-11-11,Chesterfield,Barnet,M Russell
2324,EC,2023-11-11,Dag and Red,Solihull,J Durkin
2324,EC,2023-11-11,Fylde,York,G Parsons
2324,EC,2023-11-11,Gateshead,Dorking,A Miller
2324,EC,2023-11-11,Hartlepool,Ebbsfleet,D Watson
2324,EC,2023-11-11,Maidenhead,Halifax,A Jackson
2324,EC,2023-11-11,Oldham,Eastleigh,A Farmer
2324,EC,2023-11-11,Oxford City,Woking,S Mulhall
2324,EC,2023-11-11,Wealdstone,Rochdale,J O'Connor
2324,EC,2023-11-18,Barnet,Gateshead,R Watkins
2324,EC,2023-11-18,Bromley,Fylde,C Walchester
2324,EC,2023-11-18,Dorking,Boreham Wood,M Barlow
2324,EC,2023-11-18,Eastleigh,Altrincham,D Watson
2324,EC,2023-11-18,Ebbsfleet,Oxford City,R Ricardo
2324,EC,2023-11-18,Halifax,Wealdstone,R Aspinall
2324,EC,2023-11-18,Kidderminster,Dag and Red,J Mulligan
2324,EC,2023-11-18,Rochdale,Aldershot,A Bannister
2324,EC,2023-11-18,Solihull,Maidenhead,D Mcnamara
2324,EC,2023-11-18,Southend,Chesterfield,S Parkinson
2324,EC,2023-11-18,Woking,Oldham,J O'Connor
2324,EC,2023-11-18,York,Hartlepool,P Marsden
2324,EC,2023-11-21,Bromley,Aldershot,J Durkin
2324,EC,2023-11-21,Eastleigh,Boreham Wood,S Parkinson
2324,EC,2023-11-21,Ebbsfleet,Maidenhead,A Farmer
2324,EC,2023-11-21,Halifax,Fylde,S Copeland
2324,EC,2023-11-21,Kidderminster,Hartlepool,J O'Connor
2324,EC,2023-11-21,Rochdale,Altrincham,A Miller
2324,EC,2023-11-21,Solihull,Gateshead,A Humphries
2324,EC,2023-11-21,Woking,Chesterfield,G Parsons
2324,EC,2023-11-21,York,Oxford City,M Barlow
2324,EC,2023-11-22,Barnet,Oldham,P Johnson
2324,EC,2023-11-25,Aldershot,Halifax,S Mulhall
2324,EC,2023-11-25,Altrincham,Solihull,K Dowle
2324,EC,2023-11-25,Boreham Wood,Woking,A Miller
2324,EC,2023-11-25,Chesterfield,Eastleigh,D Richardson
2324,EC,2023-11-25,Dag and Red,Rochdale,A Jackson
2324,EC,2023-11-25,Fylde,Dorking,D Baines
2324,EC,2023-11-25,Gateshead,Southend,J Westgate
2324,EC,2023-11-25,Hartlepool,Bromley,S Copeland
2324,EC,2023-11-25,Maidenhead,York,R Aspinall
2324,EC,2023-11-25,Oldham,Ebbsfleet,F Hallam
2324,EC,2023-11-25,Oxford City,Kidderminster,A Ajibola
2324,EC,2023-11-25,Wealdstone,Barnet,G Rollason
2324,EC,2023-12-02,Bromley,Rochdale,R Watkins
2324,EC,2023-12-02,Kidderminster,Ebbsfleet,R Atkin
2324,EC,2023-12-02,Oxford City,Maidenhead,A Byrne
2324,EC,2023-12-16,Aldershot,Eastleigh,W Cartmel
2324,EC,2023-12-16,Altrincham,Fylde,E Bell
2324,EC,2023-12-16,Boreham Wood,Oxford City,R Watkins
2324,EC,2023-12-16,Dag and Red,Wealdstone,J Richardson
2324,EC,2023-12-16,Dorking,Woking,A Humphries
2324,EC,2023-12-16,Ebbsfleet,Barnet,J Oldham
2324,EC,2023-12-16,Gateshead,Halifax,G Rhodes
2324,EC,2023-12-16,Hartlepool,Chesterfield,A Bannister
2324,EC,2023-12-16,Maidenhead,Kidderminster,B Wyatt
2324,EC,2023-12-16,Rochdale,York,D Mcnamara
2324,EC,2023-12-16,Solihull,Oldham,D Richardson
2324,EC,2023-12-16,Southend,Bromley,G Parsons
2324,EC,2023-12-23,Barnet,Boreham Wood,D Richardson
2324,EC,2023-12-23,Bromley,Altrincham,M Barlow
2324,EC,2023-12-23,Chesterfield,Aldershot,R Ricardo
2324,EC,2023-12-23,Eastleigh,Dorking,G Rollason
2324,EC,2023-12-23,Fylde,Dag and Red,S Morland
2324,EC,2023-12-23,Halifax,Rochdale,A Ajibola
2324,EC,2023-12-23,Kidderminster,Southend,D Baines
2324,EC,2023-12-23,Oldham,Gateshead,R Aspinall
2324,EC,2023-12-23,Oxford City,Solihull,A Bannister
2324,EC,2023-12-23,Wealdstone,Hartlepool,G Rhodes
2324,EC,2023-12-23,Woking,Maidenhead,S Mulhall
2324,EC,2023-12-23,York,Ebbsfleet,J Mulligan
2324,EC,2023-12-26,Aldershot,Woking,S Parkinson
2324,EC,2023-12-26,Altrincham,Halifax,J Westgate
2324,EC,2023-12-26,Boreham Wood,Kidderminster,C Walchester
2324,EC,2023-12-26,Dag and Red,Eastleigh,A Humphries
2324,EC,2023-12-26,Dorking,Oxford City,F Hallam
2324,EC,2023-12-26,Ebbsfleet,Bromley,P Johnson
2324,EC,2023-12-26,Gateshead,York,B Wyatt
2324,EC,2023-12-26,Hartlepool,Oldham,M Barlow
2324,EC,2023-12-26,Maidenhead,Wealdstone,J O'Connor
2324,EC,2023-12-26,Rochdale,Fylde,J Mulligan
2324,EC,2023-12-26,Solihull,Chesterfield,J Durkin
2324,EC,2023-12-26,Southend,Barnet,K Dowle
2324,EC,2023-12-30,Barnet,Southend,S Mulhall
2324,EC,2023-12-30,Bromley,Ebbsfleet,M Russell
2324,EC,2023-12-30,Kidderminster,Boreham Wood,M Crusham
2324,EC,2023-12-30,Oldham,Hartlepool,G Rollason
2324,EC,2024-01-01,Chesterfield,Solihull,R Watkins
2324,EC,2024-01-01,Eastleigh,Dag and Red,G Parsons
2324,EC,2024-01-01,Fylde,Rochdale,A Miller
2324,EC,2024-01-01,Halifax,Altrincham,R Ricardo
2324,EC,2024-01-01,Oxford City,Dorking,A Ajibola
2324,EC,2024-01-01,Woking,Aldershot,A Farmer
2324,EC,2024-01-01,York,Gateshead,A Jackson
2324,EC,2024-01-06,Altrincham,Barnet,J Durkin
2324,EC,2024-01-06,Dorking,Oldham,R Atkin
2324,EC,2024-01-06,Ebbsfleet,Wealdstone,S Parkinson
2324,EC,2024-01-06,Hartlepool,Oxford City,R Aspinall
2324,EC,2024-01-06,Maidenhead,Bromley,C Walchester
2324,EC,2024-01-06,Rochdale,Kidderminster,G Rhodes
2324,EC,2024-01-06,Solihull,Woking,A Byrne
2324,EC,2024-01-06,Southend,Halifax,P Johnson
2324,EC,2024-01-07,Boreham Wood,York,G Parsons
2324,EC,2024-01-09,Barnet,Dag and Red,A Farmer
2324,EC,2024-01-09,Fylde,Hartlepool,M Crusham
2324,EC,2024-01-10,Chesterfield,Gateshead,A Humphries
2324,EC,2024-01-13,Eastleigh,Southend,J Westgate
2324,EC,2024-01-16,Chesterfield,Altrincham,D Baines
2324,EC,2024-01-20,Bromley,Boreham Wood,J Oldham
2324,EC,2024-01-20,Dorking,Gateshead,A Farmer
2324,EC,2024-01-20,Ebbsfleet,Hartlepool,G Parsons
2324,EC,2024-01-20,Kidderminster,Aldershot,S Copeland
2324,EC,2024-01-23,Aldershot,Bromley,R Ricardo
2324,EC,2024-01-23,Chesterfield,Woking,D Watson
2324,EC,2024-01-23,Dag and Red,Dorking,D Mcnamara
2324,EC,2024-01-23,Fylde,Halifax,S Morland
2324,EC,2024-01-23,Hartlepool,Kidderminster,J Mulligan
2324,EC,2024-01-23,Maidenhead,Ebbsfleet,A Dale
2324,EC,2024-01-23,Oldham,Barnet,A Miller
2324,EC,2024-01-23,Oxford City,York,M Russell
2324,EC,2024-01-24,Boreham Wood,Eastleigh,S Mulhall
2324,EC,2024-01-27,Aldershot,Rochdale,A Ajibola
2324,EC,2024-01-27,Altrincham,Eastleigh,J Mulligan
2324,EC,2024-01-27,Boreham Wood,Dorking,S Morland
2324,EC,2024-01-27,Chesterfield,Southend,G Rhodes
2324,EC,2024-01-27,Dag and Red,Kidderminster,R Ricardo
2324,EC,2024-01-27,Fylde,Bromley,D Richardson
2324,EC,2024-01-27,Gateshead,Barnet,K Dowle
2324,EC,2024-01-27,Hartlepool,York,J O'Connor
2324,EC,2024-01-27,Maidenhead,Solihull,J Richardson
2324,EC,2024-01-27,Oldham,Woking,D Mcnamara
2324,EC,2024-01-27,Oxford City,Ebbsfleet,A Jackson
2324,EC,2024-01-27,Wealdstone,Halifax,M Crusham
2324,EC,2024-01-30,Solihull,Dag and Red,M Barlow
2324,EC,2024-01-30,Wealdstone,Aldershot,M Russell
2324,EC,2024-02-03,Barnet,Wealdstone,D Baines
2324,EC,2024-02-03,Bromley,Hartlepool,J Richardson
2324,EC,2024-02-03,Dorking,Fylde,W Cartmel
2324,EC,2024-02-03,Eastleigh,Chesterfield,R Atkin
2324,EC,2024-02-03,Ebbsfleet,Oldham,R Ricardo
2324,EC,2024-02-03,Halifax,Aldershot,A Miller
2324,EC,2024-02-03,Kidderminster,Oxford City,G Parsons
2324,EC,2024-02-03,Rochdale,Dag and Red,S Mulhall
2324,EC,2024-02-03,Solihull,Altrincham,K Dowle
2324,EC,2024-02-03,Southend,Gateshead,A Bannister
2324,EC,2024-02-03,Woking,Boreham Wood,A Ajibola
2324,EC,2024-02-03,York,Maidenhead,D Watson
2324,EC,2024-02-06,Dag and Red,Chesterfield,S Parkinson
2324,EC,2024-02-06,Gateshead,Eastleigh,R Aspinall
2324,EC,2024-02-06,Halifax,Solihull,D Watson
2324,EC,2024-02-06,Wealdstone,Maidenhead,A Farmer
2324,EC,2024-02-06,Woking,Oxford City,R Atkin
2324,EC,2024-02-10,Altrincham,Rochdale,S Copeland
2324,EC,2024-02-10,Boreham Wood,Maidenhead,L Impey
2324,EC,2024-02-10,Chesterfield,Ebbsfleet,S Morland
2324,EC,2024-02-10,Dag and Red,Oxford City,A Dale
2324,EC,2024-02-10,Dorking,Halifax,E Swallow
2324,EC,2024-02-10,Eastleigh,Fylde,A Humphries
2324,EC,2024-02-10,Southend,York,C Walchester
2324,EC,2024-02-10,Woking,Hartlepool,M Barlow
2324,EC,2024-02-13,Aldershot,Fylde,J Richardson
2324,EC,2024-02-13,Halifax,Maidenhead,D Mcnamara
2324,EC,2024-02-13,Oldham,Boreham Wood,J Mulligan
2324,EC,2024-02-13,York,Dorking,J Oldham
2324,EC,2024-02-17,Aldershot,Altrincham,J Oldham
2324,EC,2024-02-17,Bromley,Chesterfield,J Durkin
2324,EC,2024-02-17,Ebbsfleet,Eastleigh,G Rhodes
2324,EC,2024-02-17,Fylde,Barnet,J O'Connor
2324,EC,2024-02-17,Halifax,Woking,A Jackson
2324,EC,2024-02-17,Hartlepool,Boreham Wood,Z Kennard-Kettle
2324,EC,2024-02-17,Kidderminster,Dorking,B Wyatt
2324,EC,2024-02-17,Maidenhead,Oldham,R Martin
2324,EC,2024-02-17,Oxford City,Southend,J Mulligan
2324,EC,2024-02-17,Rochdale,Solihull,P Marsden
2324,EC,2024-02-17,Wealdstone,Gateshead,P Johnson
2324,EC,2024-02-17,York,Dag and Red,S Morland
2324,EC,2024-02-20,Aldershot,Barnet,W Cartmel
2324,EC,2024-02-20,Bromley,Dag and Red,M Russell
2324,EC,2024-02-20,Ebbsfleet,Woking,J Richardson
2324,EC,2024-02-20,Fylde,Solihull,S Copeland
2324,EC,2024-02-20,Hartlepool,Altrincham,A Jackson
2324,EC,2024-02-20,Kidderminster,Gateshead,F Hallam
2324,EC,2024-02-20,Maidenhead,Southend,A Byrne
2324,EC,2024-02-20,Oxford City,Eastleigh,J Durkin
2324,EC,2024-02-20,York,Oldham,J Westgate
2324,EC,2024-02-24,Altrincham,Maidenhead,J Westgate
2324,EC,2024-02-24,Barnet,York,R Watkins
2324,EC,2024-02-24,Boreham Wood,Fylde,R Ricardo
2324,EC,2024-02-24,Chesterfield,Rochdale,A Miller
2324,EC,2024-02-24,Dag and Red,Halifax,R Aspinall
2324,EC,2024-02-24,Dorking,Ebbsfleet,S Mulhall
2324,EC,2024-02-24,Eastleigh,Bromley,F Hallam
2324,EC,2024-02-24,Gateshead,Oxford City,M Crusham
2324,EC,2024-02-24,Oldham,Kidderminster,R Eley
2324,EC,2024-02-24,Solihull,Hartlepool,A Ajibola
2324,EC,2024-02-24,Southend,Aldershot,D Richardson
2324,EC,2024-02-24,Woking,Wealdstone,G Parsons
2324,EC,2024-02-27,Barnet,Chesterfield,A Humphries
2324,EC,2024-02-27,Eastleigh,Oldham,S Mulhall
2324,EC,2024-02-27,Rochdale,Wealdstone,D Mcnamara
2324,EC,2024-02-27,Solihull,Kidderminster,J O'Connor
2324,EC,2024-02-27,Southend,Altrincham,J Richardson
2324,EC,2024-02-27,Woking,Gateshead,A Farmer
2324,EC,2024-03-02,Boreham Wood,Gateshead,R Martin
2324,EC,2024-03-02,Bromley,Halifax,C Walchester
2324,EC,2024-03-02,Dag and Red,Altrincham,P Johnson
2324,EC,2024-03-02,Dorking,Chesterfield,D Baines
2324,EC,2024-03-02,Eastleigh,Solihull,R Watkins
2324,EC,2024-03-02,Ebbsfleet,Rochdale,J Westgate
2324,EC,2024-03-02,Fylde,Maidenhead,D Richardson
2324,EC,2024-03-02,Hartlepool,Barnet,A Bannister
2324,EC,2024-03-02,Oldham,Southend,A Humphries
2324,EC,2024-03-02,Oxford City,Aldershot,A Farmer
2324,EC,2024-03-02,York,Wealdstone,Z Kennard-Kettle
2324,EC,2024-03-05,Altrincham,Dorking,R Massey-Ellis
2324,EC,2024-03-05,Barnet,Rochdale,J Richardson
2324,EC,2024-03-05,Gateshead,Solihull,A Miller
2324,EC,2024-03-05,Oldham,Bromley,M Barlow
2324,EC,2024-03-05,Southend,Wealdstone,S Parkinson
2324,EC,2024-03-05,Woking,Kidderminster,A Ajibola
2324,EC,2024-03-05,York,Fylde,R Eley
2324,EC,2024-03-09,Aldershot,Oldham,A Bannister
2324,EC,2024-03-09,Altrincham,Woking,Z Kennard-Kettle
2324,EC,2024-03-09,Chesterfield,Fylde,M Crusham
2324,EC,2024-03-09,Halifax,Boreham Wood,G Parsons
2324,EC,2024-03-09,Kidderminster,York,S Mulhall
2324,EC,2024-03-09,Maidenhead,Dorking,S Parkinson
2324,EC,2024-03-09,Rochdale,Oxford City,G Rhodes
2324,EC,2024-03-09,Southend,Dag and Red,B Wyatt
2324,EC,2024-03-12,Aldershot,Ebbsfleet,A Byrne
2324,EC,2024-03-12,Altrincham,York,D Richardson
2324,EC,2024-03-12,Chesterfield,Oxford City,S Morland
2324,EC,2024-03-12,Gateshead,Dag and Red,G Rhodes
2324,EC,2024-03-12,Kidderminster,Fylde,A Jackson
2324,EC,2024-03-12,Rochdale,Woking,M Barlow
2324,EC,2024-03-12,Solihull,Boreham Wood,R Aspinall
2324,EC,2024-03-12,Southend,Dorking,A Ajibola
2324,EC,2024-03-16,Boreham Wood,Altrincham,J Durkin
2324,EC,2024-03-16,Bromley,Kidderminster,A Humphries
2324,EC,2024-03-16,Dag and Red,Maidenhead,S Mulhall
2324,EC,2024-03-16,Dorking,Solihull,K Dowle
2324,EC,2024-03-16,Eastleigh,Rochdale,P Johnson
2324,EC,2024-03-16,Ebbsfleet,Gateshead,J O'Connor
2324,EC,2024-03-16,Fylde,Wealdstone,G Rollason
2324,EC,2024-03-16,Hartlepool,Southend,R Aspinall
2324,EC,2024-03-16,Oldham,Chesterfield,G Rhodes
2324,EC,2024-03-16,Woking,Barnet,P Marsden
2324,EC,2024-03-16,York,Aldershot,A Miller
2324,EC,2024-03-17,Oxford City,Halifax,D Baines
2324,EC,2024-03-19,Barnet,Eastleigh,R Martin
2324,EC,2024-03-20,Halifax,Chesterfield,J Westgate
2324,EC,2024-03-20,Wealdstone,Bromley,S Mulhall
2324,EC,2024-03-23,Aldershot,Solihull,J Durkin
2324,EC,2024-03-23,Altrincham,Gateshead,R Ricardo
2324,EC,2024-03-23,Barnet,Dorking,C Walchester
2324,EC,2024-03-23,Bromley,York,R Massey-Ellis
2324,EC,2024-03-23,Chesterfield,Boreham Wood,S Copeland
2324,EC,2024-03-23,Dag and Red,Oldham,O Mackey
2324,EC,2024-03-23,Eastleigh,Hartlepool,A Jackson
2324,EC,2024-03-23,Fylde,Oxford City,J Oldham
2324,EC,2024-03-23,Rochdale,Maidenhead,D Baines
2324,EC,2024-03-23,Southend,Woking,R Eley
2324,EC,2024-03-23,Wealdstone,Kidderminster,J Mulligan
2324,EC,2024-03-26,Altrincham,Wealdstone,D Watson
2324,EC,2024-03-26,Gateshead,Hartlepool,D Baines
2324,EC,2024-03-26,Solihull,Southend,G Rollason
2324,EC,2024-03-29,Boreham Wood,Dag and Red,A Ajibola
2324,EC,2024-03-29,Dorking,Bromley,A Farmer
2324,EC,2024-03-29,Ebbsfleet,Southend,L Impey
2324,EC,2024-03-29,Gateshead,Rochdale,B Wyatt
2324,EC,2024-03-29,Hartlepool,Halifax,J O'Connor
2324,EC,2024-03-29,Kidderminster,Altrincham,R Martin
2324,EC,2024-03-29,Maidenhead,Aldershot,P Johnson
2324,EC,2024-03-29,Oldham,Fylde,R Massey-Ellis
2324,EC,2024-03-29,Oxford City,Wealdstone,E Swallow
2324,EC,2024-03-29,Solihull,Barnet,S Parkinson
2324,EC,2024-03-29,Woking,Eastleigh,K Dowle
2324,EC,2024-03-29,York,Chesterfield,E Bell
2324,EC,2024-04-01,Aldershot,Dorking,R Watkins
2324,EC,2024-04-01,Altrincham,Oldham,P Marsden
2324,EC,2024-04-01,Barnet,Oxford City,A Byrne
2324,EC,2024-04-01,Bromley,Woking,G Rollason
2324,EC,2024-04-01,Chesterfield,Kidderminster,D Watson
2324,EC,2024-04-01,Dag and Red,Ebbsfleet,F Hallam
2324,EC,2024-04-01,Eastleigh,Maidenhead,G Parsons
2324,EC,2024-04-01,Rochdale,Hartlepool,R Eley
2324,EC,2024-04-01,Southend,Boreham Wood,A Dale
2324,EC,2024-04-01,Wealdstone,Solihull,J Richardson
2324,EC,2024-04-02,Halifax,York,M Crusham
2324,EC,2024-04-06,Boreham Wood,Wealdstone,F Hallam
2324,EC,2024-04-06,Dorking,Altrincham,A Dale
2324,EC,2024-04-06,Ebbsfleet,Fylde,J Durkin
2324,EC,2024-04-06,Hartlepool,Aldershot,S Morland
2324,EC,2024-04-06,Kidderminster,Halifax,A Miller
2324,EC,2024-04-06,Maidenhead,Barnet,A Jackson
2324,EC,2024-04-06,Oldham,Rochdale,R Ricardo
2324,EC,2024-04-06,Woking,Dag and Red,R Martin
2324,EC,2024-04-06,York,Eastleigh,D Watson
2324,EC,2024-04-09,Barnet,Bromley,B Wyatt
2324,EC,2024-04-09,Maidenhead,Hartlepool,A Dale
2324,EC,2024-04-09,Solihull,Ebbsfleet,E Swallow
2324,EC,2024-04-09,Wealdstone,Southend,R Massey-Ellis
2324,EC,2024-04-11,Fylde,Gateshead,J O'Connor
2324,EC,2024-04-11,Wealdstone,Dorking,P Johnson
2324,EC,2024-04-13,Aldershot,Boreham Wood,G Rhodes
2324,EC,2024-04-13,Bromley,Solihull,D Baines
2324,EC,2024-04-13,Ebbsfleet,Altrincham,G Parsons
2324,EC,2024-04-13,Fylde,Southend,Z Kennard-Kettle
2324,EC,2024-04-13,Halifax,Barnet,M Barlow
2324,EC,2024-04-13,Hartlepool,Dag and Red,G Rollason
2324,EC,2024-04-13,Kidderminster,Eastleigh,C Walchester
2324,EC,2024-04-13,Maidenhead,Gateshead,R Martin
2324,EC,2024-04-13,Oxford City,Oldham,S Mulhall
2324,EC,2024-04-13,Rochdale,Dorking,J Mulligan
2324,EC,2024-04-13,Wealdstone,Chesterfield,A Ajibola
2324,EC,2024-04-13,York,Woking,J Oldham
2324,EC,2024-04-15,Gateshead,Chesterfield,A Tierney
2324,EC,2024-04-16,Halifax,Ebbsfleet,G Rhodes
2324,EC,2024-04-16,Oxford City,Bromley,S Parkinson
2324,EC,2024-04-16,Rochdale,Boreham Wood,O Mackey
2324,EC,2024-04-16,Wealdstone,Eastleigh,L Impey
2324,EC,2024-04-17,Gateshead,Aldershot,B Wyatt
2324,EC,2024-04-18,Halifax,Oldham,S Morland
2324,EC,2024-04-20,Altrincham,Oxford City,A Miller
2324,EC,2024-04-20,Barnet,Kidderminster,R Eley
2324,EC,2024-04-20,Boreham Wood,Ebbsfleet,R Massey-Ellis
2324,EC,2024-04-20,Chesterfield,Maidenhead,S Mulhall
2324,EC,2024-04-20,Dag and Red,Aldershot,A Jackson
2324,EC,2024-04-20,Dorking,Hartlepool,M Crusham
2324,EC,2024-04-20,Eastleigh,Halifax,S Parkinson
2324,EC,2024-04-20,Gateshead,Bromley,W Cartmel
2324,EC,2024-04-20,Oldham,Wealdstone,E Bell
2324,EC,2024-04-20,Solihull,York,P Marsden
2324,EC,2024-04-20,Southend,Rochdale,P Johnson
2324,EC,2024-04-20,Woking,Fylde,R Watkins
2324,SC0,2023-08-05,Celtic,Ross County,N Walsh
2324,SC0,2023-08-05,Dundee,Motherwell,D Dickinson
2324,SC0,2023-08-05,Kilmarnock,Rangers,W Collum
2324,SC0,2023-08-05,Livingston,Aberdeen,J Beaton
2324,SC0,2023-08-05,St Johnstone,Hearts,S McLean
2324,SC0,2023-08-06,Hibernian,St Mirren,E Anderson
2324,SC0,2023-08-12,Rangers,Livingston,D Robertson
2324,SC0,2023-08-12,Ross County,St Johnstone,W Collum
2324,SC0,2023-08-12,St Mirren,Dundee,C Steven
2324,SC0,2023-08-13,Aberdeen,Celtic,K Clancy
2324,SC0,2023-08-13,Hearts,Kilmarnock,D Dickinson
2324,SC0,2023-08-13,Motherwell,Hibernian,M MacDermid
2324,SC0,2023-08-26,Celtic,St Johnstone,M MacDermid
2324,SC0,2023-08-26,Hibernian,Livingston,C Napier
2324,SC0,2023-08-26,Motherwell,Kilmarnock,C Graham
2324,SC0,2023-08-26,Ross County,Rangers,D Munro
2324,SC0,2023-08-27,Dundee,Hearts,A Muir
2324,SC0,2023-08-27,St Mirren,Aberdeen,J Beaton
2324,SC0,2023-09-02,Kilmarnock,Ross County,K Clancy
2324,SC0,2023-09-02,Livingston,St Mirren,N Walsh
2324,SC0,2023-09-02,St Johnstone,Dundee,W Collum
2324,SC0,2023-09-03,Aberdeen,Hibernian,D Munro
2324,SC0,2023-09-03,Hearts,Motherwell,G Irvine
2324,SC0,2023-09-03,Rangers,Celtic,D Robertson
2324,SC0,2023-09-16,Celtic,Dundee,G Irvine
2324,SC0,2023-09-16,Hearts,Aberdeen,K Clancy
2324,SC0,2023-09-16,Kilmarnock,Hibernian,D Dickinson
2324,SC0,2023-09-16,Motherwell,St Mirren,M MacDermid
2324,SC0,2023-09-16,Ross County,Livingston,E Anderson
2324,SC0,2023-09-16,St Johnstone,Rangers,N Walsh
2324,SC0,2023-09-23,Dundee,Kilmarnock,D Munro
2324,SC0,2023-09-23,Hibernian,St Johnstone,K Clancy
2324,SC0,2023-09-23,Livingston,Celtic,J Beaton
2324,SC0,2023-09-23,St Mirren,Hearts,N Walsh
2324,SC0,2023-09-24,Aberdeen,Ross County,D Robertson
2324,SC0,2023-09-24,Rangers,Motherwell,A Muir
2324,SC0,2023-09-30,Hibernian,Dundee,J Beaton
2324,SC0,2023-09-30,Kilmarnock,St Mirren,C Graham
2324,SC0,2023-09-30,Motherwell,Celtic,W Collum
2324,SC0,2023-09-30,Rangers,Aberdeen,S McLean
2324,SC0,2023-09-30,Ross County,Hearts,D Dickinson
2324,SC0,2023-09-30,St Johnstone,Livingston,G Grainger
2324,SC0,2023-10-07,Celtic,Kilmarnock,M MacDermid
2324,SC0,2023-10-07,Hearts,Hibernian,W Collum
2324,SC0,2023-10-07,Livingston,Motherwell,D Robertson
2324,SC0,2023-10-08,Aberdeen,St Johnstone,D Munro
2324,SC0,2023-10-08,St Mirren,Rangers,N Walsh
2324,SC0,2023-10-21,Kilmarnock,Livingston,C Napier
2324,SC0,2023-10-21,Rangers,Hibernian,D Robertson
2324,SC0,2023-10-22,Hearts,Celtic,N Walsh
2324,SC0,2023-10-24,Dundee,Ross County,C Steven
2324,SC0,2023-10-28,Hibernian,Celtic,A Muir
2324,SC0,2023-10-28,Livingston,Dundee,W Collum
2324,SC0,2023-10-28,Motherwell,Ross County,G Grainger
2324,SC0,2023-10-28,St Mirren,St Johnstone,D Dickinson
2324,SC0,2023-10-29,Kilmarnock,Aberdeen,K Clancy
2324,SC0,2023-10-29,Rangers,Hearts,J Beaton
2324,SC0,2023-10-31,Hibernian,Ross County,G Irvine
2324,SC0,2023-11-01,Celtic,St Mirren,J Beaton
2324,SC0,2023-11-01,Dundee,Rangers,K Clancy
2324,SC0,2023-11-01,Hearts,Livingston,C Graham
2324,SC0,2023-11-01,Motherwell,Aberdeen,C Steven
2324,SC0,2023-11-01,St Johnstone,Kilmarnock,C Scott
2324,SC0,2023-11-04,Kilmarnock,Motherwell,M MacDermid
2324,SC0,2023-11-04,Ross County,Celtic,D Munro
2324,SC0,2023-11-05,Dundee,Livingston,A Muir
2324,SC0,2023-11-07,St Johnstone,Motherwell,E Anderson
2324,SC0,2023-11-08,St Mirren,Hibernian,S McLean
2324,SC0,2023-11-11,Dundee,St Mirren,M MacDermid
2324,SC0,2023-11-11,Hibernian,Kilmarnock,D Dickinson
2324,SC0,2023-11-11,Motherwell,Hearts,D Munro
2324,SC0,2023-11-11,St Johnstone,Ross County,N Walsh
2324,SC0,2023-11-12,Celtic,Aberdeen,W Collum
2324,SC0,2023-11-12,Livingston,Rangers,S McLean
2324,SC0,2023-11-25,Celtic,Motherwell,S McLean
2324,SC0,2023-11-25,Dundee,Hibernian,D Robertson
2324,SC0,2023-11-25,Hearts,St Johnstone,J Beaton
2324,SC0,2023-11-25,Ross County,Kilmarnock,C Steven
2324,SC0,2023-11-25,St Mirren,Livingston,D Munro
2324,SC0,2023-11-26,Aberdeen,Rangers,N Walsh
2324,SC0,2023-11-28,Ross County,St Mirren,W Collum
2324,SC0,2023-12-02,Kilmarnock,Hearts,D Dickinson
2324,SC0,2023-12-02,Motherwell,Dundee,I Snedden
2324,SC0,2023-12-03,Hibernian,Aberdeen,W Collum
2324,SC0,2023-12-03,Rangers,St Mirren,M MacDermid
2324,SC0,2023-12-03,St Johnstone,Celtic,D Robertson
2324,SC0,2023-12-05,Ross County,Motherwell,D Dickinson
2324,SC0,2023-12-06,Aberdeen,Kilmarnock,M MacDermid
2324,SC0,2023-12-06,Celtic,Hibernian,J Beaton
2324,SC0,2023-12-06,Hearts,Rangers,W Collum
2324,SC0,2023-12-06,St Johnstone,St Mirren,K Clancy
2324,SC0,2023-12-09,Aberdeen,Hearts,C Graham
2324,SC0,2023-12-09,Livingston,Hibernian,G Irvine
2324,SC0,2023-12-09,Motherwell,St Johnstone,E Anderson
2324,SC0,2023-12-09,Rangers,Dundee,K Clancy
2324,SC0,2023-12-09,St Mirren,Ross County,C Scott
2324,SC0,2023-12-10,Kilmarnock,Celtic,D Munro
2324,SC0,2023-12-16,Celtic,Hearts,K Clancy
2324,SC0,2023-12-16,Livingston,Kilmarnock,W Collum
2324,SC0,2023-12-16,Ross County,Dundee,C Steven
2324,SC0,2023-12-16,St Johnstone,Hibernian,G Grainger
2324,SC0,2023-12-16,St Mirren,Motherwell,C Napier
2324,SC0,2023-12-20,Aberdeen,Livingston,N Walsh
2324,SC0,2023-12-20,Rangers,St Johnstone,A Muir
2324,SC0,2023-12-23,Celtic,Livingston,M MacDermid
2324,SC0,2023-12-23,Hearts,St Mirren,N Walsh
2324,SC0,2023-12-23,Kilmarnock,St Johnstone,J Beaton
2324,SC0,2023-12-24,Motherwell,Rangers,D Dickinson
2324,SC0,2023-12-26,Dundee,Celtic,D Robertson
2324,SC0,2023-12-27,Hibernian,Hearts,J Beaton
2324,SC0,2023-12-27,Livingston,St Johnstone,K Clancy
2324,SC0,2023-12-27,St Mirren,Kilmarnock,E Anderson
2324,SC0,2023-12-30,Aberdeen,St Mirren,G Irvine
2324,SC0,2023-12-30,Celtic,Rangers,N Walsh
2324,SC0,2023-12-30,Hearts,Ross County,A Muir
2324,SC0,2023-12-30,Kilmarnock,Dundee,D Dickinson
2324,SC0,2023-12-30,Motherwell,Livingston,C Graham
2324,SC0,2024-01-02,Hibernian,Motherwell,D Robertson
2324,SC0,2024-01-02,Livingston,Hearts,D Dickinson
2324,SC0,2024-01-02,Rangers,Kilmarnock,J Beaton
2324,SC0,2024-01-02,Ross County,Aberdeen,M MacDermid
2324,SC0,2024-01-02,St Mirren,Celtic,D Munro
2324,SC0,2024-01-23,Hearts,Dundee,C Graham
2324,SC0,2024-01-24,Hibernian,Rangers,S McLean
2324,SC0,2024-01-24,St Johnstone,Aberdeen,J Beaton
2324,SC0,2024-01-27,Celtic,Ross County,E Anderson
2324,SC0,2024-01-27,Hearts,Aberdeen,K Clancy
2324,SC0,2024-01-27,Kilmarnock,Hibernian,G Irvine
2324,SC0,2024-01-27,Livingston,Dundee,R Hardie
2324,SC0,2024-01-27,St Johnstone,Motherwell,C Steven
2324,SC0,2024-01-27,St Mirren,Rangers,D Dickinson
2324,SC0,2024-01-30,Aberdeen,Dundee,N Walsh
2324,SC0,2024-01-30,Livingston,Ross County,A Muir
2324,SC0,2024-02-03,Aberdeen,Celtic,S McLean
2324,SC0,2024-02-03,Dundee,Hearts,G Grainger
2324,SC0,2024-02-03,Hibernian,St Mirren,W Collum
2324,SC0,2024-02-03,Motherwell,Kilmarnock,D Robertson
2324,SC0,2024-02-03,Rangers,Livingston,J Beaton
2324,SC0,2024-02-03,Ross County,St Johnstone,C Napier
2324,SC0,2024-02-06,Motherwell,Ross County,M MacDermid
2324,SC0,2024-02-06,Rangers,Aberdeen,D Robertson
2324,SC0,2024-02-07,Hibernian,Celtic,N Walsh
2324,SC0,2024-02-07,Kilmarnock,Livingston,D Dickinson
2324,SC0,2024-02-07,St Johnstone,Hearts,I Snedden
2324,SC0,2024-02-07,St Mirren,Dundee,S McLean
2324,SC0,2024-02-11,Dundee,St Johnstone,D Munro
2324,SC0,2024-02-14,Aberdeen,Motherwell,K Clancy
2324,SC0,2024-02-14,Rangers,Ross County,A Muir
2324,SC0,2024-02-17,Aberdeen,Hibernian,D Munro
2324,SC0,2024-02-17,Celtic,Kilmarnock,J Beaton
2324,SC0,2024-02-17,Dundee,Ross County,C Scott
2324,SC0,2024-02-17,Hearts,Motherwell,C Graham
2324,SC0,2024-02-17,Livingston,St Mirren,E Anderson
2324,SC0,2024-02-18,St Johnstone,Rangers,M MacDermid
2324,SC0,2024-02-24,Hibernian,Dundee,J Beaton
2324,SC0,2024-02-24,Kilmarnock,Aberdeen,G Grainger
2324,SC0,2024-02-24,Rangers,Hearts,N Walsh
2324,SC0,2024-02-24,Ross County,Livingston,D Dickinson
2324,SC0,2024-02-24,St Mirren,St Johnstone,G Irvine
2324,SC0,2024-02-25,Motherwell,Celtic,W Collum
2324,SC0,2024-02-27,Ross County,St Mirren,C Graham
2324,SC0,2024-02-28,Aberdeen,St Johnstone,D Robertson
2324,SC0,2024-02-28,Celtic,Dundee,M MacDermid
2324,SC0,2024-02-28,Hearts,Hibernian,K Clancy
2324,SC0,2024-02-28,Kilmarnock,Rangers,D Dickinson
2324,SC0,2024-02-28,Livingston,Motherwell,J Beaton
2324,SC0,2024-03-02,Dundee,Kilmarnock,C Steven
2324,SC0,2024-03-02,Hibernian,Ross County,C Napier
2324,SC0,2024-03-02,Rangers,Motherwell,A Muir
2324,SC0,2024-03-02,St Johnstone,Livingston,C Graham
2324,SC0,2024-03-02,St Mirren,Aberdeen,N Walsh
2324,SC0,2024-03-03,Hearts,Celtic,D Robertson
2324,SC0,2024-03-13,Dundee,Aberdeen,S McLean
2324,SC0,2024-03-13,Ross County,Hibernian,D Munro
2324,SC0,2024-03-16,Celtic,St Johnstone,E Anderson
2324,SC0,2024-03-16,Hibernian,Livingston,N Walsh
2324,SC0,2024-03-16,Kilmarnock,St Mirren,R Hardie
2324,SC0,2024-03-16,Motherwell,Aberdeen,W Collum
2324,SC0,2024-03-16,Ross County,Hearts,G Irvine
2324,SC0,2024-03-30,Aberdeen,Ross County,K Clancy
2324,SC0,2024-03-30,Hearts,Kilmarnock,W Collum
2324,SC0,2024-03-30,Motherwell,St Mirren,M MacDermid
2324,SC0,2024-03-30,Rangers,Hibernian,D Dickinson
2324,SC0,2024-03-30,St Johnstone,Dundee,I Snedden
2324,SC0,2024-03-31,Livingston,Celtic,D Robertson
2324,SC0,2024-04-06,Dundee,Motherwell,D Dickinson
2324,SC0,2024-04-06,Hibernian,St Johnstone,G Irvine
2324,SC0,2024-04-06,Kilmarnock,Ross County,E Anderson
2324,SC0,2024-04-06,Livingston,Aberdeen,G Grainger
2324,SC0,2024-04-06,St Mirren,Hearts,A Muir
2324,SC0,2024-04-07,Rangers,Celtic,J Beaton
2324,SC0,2024-04-13,Aberdeen,Dundee,N Walsh
2324,SC0,2024-04-13,Celtic,St Mirren,S McLean
2324,SC0,2024-04-13,Hearts,Livingston,C Steven
2324,SC0,2024-04-13,Motherwell,Hibernian,W Collum
2324,SC0,2024-04-13,St Johnstone,Kilmarnock,C Scott
2324,SC0,2024-04-14,Ross County,Rangers,M MacDermid
2324,SC0,2024-04-17,Dundee,Rangers,D Robertson
2324,SC0,2024-04-27,Aberdeen,Motherwell,C Napier
2324,SC0,2024-04-27,Kilmarnock,Hearts,R Hardie
2324,SC0,2024-04-27,Livingston,Ross County,W Collum
2324,SC0,2024-04-27,St Johnstone,Hibernian,D Munro
2324,SC0,2024-04-28,Dundee,Celtic,J Beaton
2324,SC0,2024-04-28,St Mirren,Rangers,N Walsh
2324,SC0,2024-05-04,Aberdeen,St Johnstone,C Graham
2324,SC0,2024-05-04,Celtic,Hearts,K Clancy
2324,SC0,2024-05-04,Dundee,St Mirren,M MacDermid
2324,SC0,2024-05-04,Motherwell,Livingston,D Munro
2324,SC0,2024-05-04,Ross County,Hibernian,D Robertson
2324,SC0,2024-05-05,Rangers,Kilmarnock,D Dickinson
2324,SC0,2024-05-11,Celtic,Rangers,W Collum
2324,SC0,2024-05-11,Hearts,Dundee,N Walsh
2324,SC0,2024-05-11,Livingston,St Johnstone,J Beaton
2324,SC0,2024-05-11,Ross County,Motherwell,K Clancy
2324,SC0,2024-05-11,St Mirren,Kilmarnock,E Anderson
2324,SC0,2024-05-12,Hibernian,Aberdeen,G Irvine
2324,SC0,2024-05-14,Rangers,Dundee,M MacDermid
2324,SC0,2024-05-15,Aberdeen,Livingston,A Muir
2324,SC0,2024-05-15,Hibernian,Motherwell,I Snedden
2324,SC0,2024-05-15,Kilmarnock,Celtic,D Robertson
2324,SC0,2024-05-15,St Johnstone,Ross County,N Walsh
2324,SC0,2024-05-15,St Mirren,Hearts,J Beaton
2324,SC0,2024-05-18,Celtic,St Mirren,M MacDermid
2324,SC0,2024-05-18,Dundee,Kilmarnock,C Scott
2324,SC0,2024-05-18,Hearts,Rangers,D Robertson
2324,SC0,2024-05-19,Livingston,Hibernian,D Munro
2324,SC0,2024-05-19,Motherwell,St Johnstone,C Steven
2324,SC0,2024-05-19,Ross County,Aberdeen,C Graham
2324,SC1,2023-08-04,Arbroath,Dundee United,D Robertson
2324,SC1,2023-08-05,Dunfermline,Airdrie Utd,G Irvine
2324,SC1,2023-08-05,Inverness C,Queens Park,G Grainger
2324,SC1,2023-08-05,Morton,Ayr,M MacDermid
2324,SC1,2023-08-05,Partick,Raith Rvs,C Scott
2324,SC1,2023-08-12,Airdrie Utd,Partick,C Napier
2324,SC1,2023-08-12,Ayr,Inverness C,P Stuart
2324,SC1,2023-08-12,Dundee United,Dunfermline,E Anderson
2324,SC1,2023-08-12,Queens Park,Arbroath,R Hardie
2324,SC1,2023-08-12,Raith Rvs,Morton,D Munro
2324,SC1,2023-08-19,Arbroath,Queens Park,S Lambie
2324,SC1,2023-08-26,Airdrie Utd,Inverness C,D McFarlane
2324,SC1,2023-08-26,Ayr,Dundee United,N Walsh
2324,SC1,2023-08-26,Dunfermline,Raith Rvs,S McLean
2324,SC1,2023-08-26,Morton,Arbroath,I Snedden
2324,SC1,2023-08-26,Partick,Queens Park,G Irvine
2324,SC1,2023-09-02,Arbroath,Ayr,C Steven
2324,SC1,2023-09-02,Dundee United,Airdrie Utd,C Graham
2324,SC1,2023-09-02,Inverness C,Dunfermline,M MacDermid
2324,SC1,2023-09-02,Morton,Partick,G Grainger
2324,SC1,2023-09-02,Raith Rvs,Queens Park,D Williams
2324,SC1,2023-09-15,Ayr,Partick,W Collum
2324,SC1,2023-09-16,Arbroath,Airdrie Utd,C Napier
2324,SC1,2023-09-16,Dundee United,Morton,D Munro
2324,SC1,2023-09-16,Queens Park,Dunfermline,S Lambie
2324,SC1,2023-09-16,Raith Rvs,Inverness C,C Graham
2324,SC1,2023-09-22,Queens Park,Ayr,D Dickinson
2324,SC1,2023-09-23,Airdrie Utd,Raith Rvs,L Wilson
2324,SC1,2023-09-23,Dunfermline,Morton,G Irvine
2324,SC1,2023-09-23,Inverness C,Dundee United,C Scott
2324,SC1,2023-09-23,Partick,Arbroath,G Grainger
2324,SC1,2023-09-30,Arbroath,Inverness C,D Robertson
2324,SC1,2023-09-30,Ayr,Raith Rvs,D Munro
2324,SC1,2023-09-30,Dundee United,Queens Park,S Kirkland
2324,SC1,2023-09-30,Morton,Airdrie Utd,E Anderson
2324,SC1,2023-09-30,Partick,Dunfermline,C Steven
2324,SC1,2023-10-07,Airdrie Utd,Ayr,I Snedden
2324,SC1,2023-10-07,Inverness C,Partick,D McFarlane
2324,SC1,2023-10-07,Queens Park,Morton,C Napier
2324,SC1,2023-10-07,Raith Rvs,Dundee United,A Muir
2324,SC1,2023-10-20,Airdrie Utd,Queens Park,G Irvine
2324,SC1,2023-10-21,Dunfermline,Ayr,D Munro
2324,SC1,2023-10-21,Partick,Dundee United,S Kirkland
2324,SC1,2023-10-27,Dundee United,Arbroath,C Steven
2324,SC1,2023-10-27,Queens Park,Partick,C Graham
2324,SC1,2023-10-28,Ayr,Morton,P Stuart
2324,SC1,2023-10-28,Inverness C,Airdrie Utd,C Scott
2324,SC1,2023-10-28,Raith Rvs,Dunfermline,I Snedden
2324,SC1,2023-10-31,Airdrie Utd,Dundee United,E Anderson
2324,SC1,2023-10-31,Morton,Raith Rvs,D Dickinson
2324,SC1,2023-10-31,Partick,Ayr,R Hardie
2324,SC1,2023-11-03,Morton,Dunfermline,G Grainger
2324,SC1,2023-11-04,Arbroath,Partick,G Duncan
2324,SC1,2023-11-04,Ayr,Queens Park,W Collum
2324,SC1,2023-11-04,Dundee United,Inverness C,D Robertson
2324,SC1,2023-11-04,Raith Rvs,Airdrie Utd,C Graham
2324,SC1,2023-11-10,Dunfermline,Dundee United,C Graham
2324,SC1,2023-11-11,Airdrie Utd,Arbroath,G Irvine
2324,SC1,2023-11-11,Inverness C,Ayr,I Snedden
2324,SC1,2023-11-11,Partick,Morton,A Muir
2324,SC1,2023-11-11,Queens Park,Raith Rvs,C Napier
2324,SC1,2023-11-18,Dunfermline,Inverness C,E Anderson
2324,SC1,2023-11-28,Dunfermline,Arbroath,R Hardie
2324,SC1,2023-12-02,Inverness C,Raith Rvs,D Williams
2324,SC1,2023-12-02,Partick,Airdrie Utd,S McLean
2324,SC1,2023-12-08,Raith Rvs,Partick,A Muir
2324,SC1,2023-12-09,Airdrie Utd,Dunfermline,D Robertson
2324,SC1,2023-12-09,Arbroath,Morton,G Duncan
2324,SC1,2023-12-09,Dundee United,Ayr,N Walsh
2324,SC1,2023-12-09,Queens Park,Inverness C,C Napier
2324,SC1,2023-12-12,Morton,Inverness C,L Wilson
2324,SC1,2023-12-13,Arbroath,Raith Rvs,G Duncan
2324,SC1,2023-12-16,Ayr,Airdrie Utd,P Stuart
2324,SC1,2023-12-16,Dundee United,Raith Rvs,J Beaton
2324,SC1,2023-12-16,Dunfermline,Partick,C Graham
2324,SC1,2023-12-16,Inverness C,Arbroath,I Snedden
2324,SC1,2023-12-16,Morton,Queens Park,G Irvine
2324,SC1,2023-12-22,Queens Park,Dundee United,S McLean
2324,SC1,2023-12-22,Raith Rvs,Ayr,C Napier
2324,SC1,2023-12-23,Airdrie Utd,Morton,W Collum
2324,SC1,2023-12-23,Arbroath,Dunfermline,L Wilson
2324,SC1,2023-12-23,Partick,Inverness C,G Grainger
2324,SC1,2023-12-29,Dundee United,Partick,M MacDermid
2324,SC1,2023-12-30,Ayr,Dunfermline,R Hardie
2324,SC1,2023-12-30,Inverness C,Morton,C Steven
2324,SC1,2023-12-30,Queens Park,Airdrie Utd,D Robertson
2324,SC1,2023-12-30,Raith Rvs,Arbroath,E Anderson
2324,SC1,2024-01-02,Airdrie Utd,Inverness C,S Lambie
2324,SC1,2024-01-02,Arbroath,Dundee United,C Steven
2324,SC1,2024-01-02,Dunfermline,Raith Rvs,G Grainger
2324,SC1,2024-01-02,Morton,Ayr,D Williams
2324,SC1,2024-01-02,Partick,Queens Park,S Kirkland
2324,SC1,2024-01-05,Queens Park,Dunfermline,W Collum
2324,SC1,2024-01-06,Airdrie Utd,Raith Rvs,D McFarlane
2324,SC1,2024-01-06,Ayr,Inverness C,G Duncan
2324,SC1,2024-01-06,Dundee United,Morton,I Snedden
2324,SC1,2024-01-06,Partick,Arbroath,C Scott
2324,SC1,2024-01-12,Inverness C,Dundee United,A Muir
2324,SC1,2024-01-13,Arbroath,Ayr,E Anderson
2324,SC1,2024-01-13,Morton,Partick,C Napier
2324,SC1,2024-01-13,Raith Rvs,Queens Park,P Stuart
2324,SC1,2024-01-23,Ayr,Arbroath,C Scott
2324,SC1,2024-01-27,Airdrie Utd,Partick,L Wilson
2324,SC1,2024-01-27,Dundee United,Dunfermline,G Grainger
2324,SC1,2024-01-27,Morton,Arbroath,D Williams
2324,SC1,2024-01-27,Queens Park,Ayr,S Kirkland
2324,SC1,2024-01-27,Raith Rvs,Inverness C,D McFarlane
2324,SC1,2024-02-03,Ayr,Dundee United,G Duncan
2324,SC1,2024-02-03,Dunfermline,Morton,K Clancy
2324,SC1,2024-02-03,Inverness C,Queens Park,E Anderson
2324,SC1,2024-02-10,Dunfermline,Queens Park,I Snedden
2324,SC1,2024-02-16,Raith Rvs,Dundee United,D Robertson
2324,SC1,2024-02-17,Airdrie Utd,Ayr,A Muir
2324,SC1,2024-02-17,Dunfermline,Arbroath,C Napier
2324,SC1,2024-02-17,Inverness C,Partick,G Irvine
2324,SC1,2024-02-17,Queens Park,Morton,S McLean
2324,SC1,2024-02-23,Partick,Dunfermline,D Munro
2324,SC1,2024-02-24,Arbroath,Inverness C,K Clancy
2324,SC1,2024-02-24,Ayr,Raith Rvs,S McLean
2324,SC1,2024-02-24,Dundee United,Queens Park,R Hardie
2324,SC1,2024-02-24,Morton,Airdrie Utd,E Anderson
2324,SC1,2024-02-27,Ayr,Partick,G Grainger
2324,SC1,2024-02-27,Dundee United,Airdrie Utd,G Irvine
2324,SC1,2024-02-27,Inverness C,Dunfermline,G Duncan
2324,SC1,2024-02-27,Queens Park,Arbroath,C Steven
2324,SC1,2024-02-27,Raith Rvs,Morton,S Kirkland
2324,SC1,2024-03-01,Arbroath,Raith Rvs,G Irvine
2324,SC1,2024-03-02,Airdrie Utd,Queens Park,W Collum
2324,SC1,2024-03-02,Dunfermline,Ayr,P Stuart
2324,SC1,2024-03-02,Morton,Inverness C,G Grainger
2324,SC1,2024-03-02,Partick,Dundee United,M MacDermid
2324,SC1,2024-03-05,Dunfermline,Airdrie Utd,D Williams
2324,SC1,2024-03-05,Morton,Dundee United,L Wilson
2324,SC1,2024-03-09,Dundee United,Arbroath,A Muir
2324,SC1,2024-03-09,Inverness C,Airdrie Utd,C Scott
2324,SC1,2024-03-09,Queens Park,Partick,I Snedden
2324,SC1,2024-03-09,Raith Rvs,Dunfermline,C Napier
2324,SC1,2024-03-12,Partick,Raith Rvs,E Anderson
2324,SC1,2024-03-15,Dunfermline,Dundee United,C Steven
2324,SC1,2024-03-16,Airdrie Utd,Arbroath,P Stuart
2324,SC1,2024-03-16,Inverness C,Ayr,I Snedden
2324,SC1,2024-03-16,Partick,Morton,D McFarlane
2324,SC1,2024-03-16,Queens Park,Raith Rvs,K Clancy
2324,SC1,2024-03-23,Arbroath,Partick,S Kirkland
2324,SC1,2024-03-23,Ayr,Queens Park,C Steven
2324,SC1,2024-03-23,Dundee United,Inverness C,C Graham
2324,SC1,2024-03-23,Morton,Dunfermline,S McLean
2324,SC1,2024-03-29,Ayr,Airdrie Utd,D Munro
2324,SC1,2024-03-30,Arbroath,Dunfermline,C Napier
2324,SC1,2024-03-30,Dundee United,Raith Rvs,N Walsh
2324,SC1,2024-03-30,Morton,Queens Park,C Graham
2324,SC1,2024-03-30,Partick,Inverness C,J Beaton
2324,SC1,2024-04-02,Arbroath,Airdrie Utd,D McFarlane
2324,SC1,2024-04-06,Airdrie Utd,Morton,D Robertson
2324,SC1,2024-04-06,Dunfermline,Partick,C Scott
2324,SC1,2024-04-06,Inverness C,Arbroath,C Steven
2324,SC1,2024-04-06,Queens Park,Dundee United,D Williams
2324,SC1,2024-04-06,Raith Rvs,Ayr,R Hardie
2324,SC1,2024-04-09,Ayr,Morton,I Snedden
2324,SC1,2024-04-09,Raith Rvs,Airdrie Utd,L Wilson
2324,SC1,2024-04-12,Morton,Dundee United,G Grainger
2324,SC1,2024-04-13,Airdrie Utd,Dunfermline,G Irvine
2324,SC1,2024-04-13,Ayr,Arbroath,S Lambie
2324,SC1,2024-04-13,Queens Park,Inverness C,A Muir
2324,SC1,2024-04-13,Raith Rvs,Partick,D Munro
2324,SC1,2024-04-19,Inverness C,Raith Rvs,E Anderson
2324,SC1,2024-04-20,Arbroath,Morton,C Scott
2324,SC1,2024-04-20,Dundee United,Ayr,C Napier
2324,SC1,2024-04-20,Dunfermline,Queens Park,C Steven
2324,SC1,2024-04-20,Partick,Airdrie Utd,I Snedden
2324,SC1,2024-04-26,Airdrie Utd,Dundee United,D Dickinson
2324,SC1,2024-04-27,Arbroath,Queens Park,K Clancy
2324,SC1,2024-04-27,Dunfermline,Inverness C,A Muir
2324,SC1,2024-04-27,Morton,Raith Rvs,C Steven
2324,SC1,2024-04-27,Partick,Ayr,M MacDermid
2324,SC1,2024-05-03,Ayr,Dunfermline,W Collum
2324,SC1,2024-05-03,Dundee United,Partick,S McLean
2324,SC1,2024-05-03,Inverness C,Morton,C Napier
2324,SC1,2024-05-03,Queens Park,Airdrie Utd,R Hardie
2324,SC1,2024-05-03,Raith Rvs,Arbroath,S Lambie
2324,SC2,2023-08-05,Falkirk,Annan Athletic,S Luke
2324,SC2,2023-08-05,Hamilton,Cove Rangers,L Wilson
2324,SC2,2023-08-05,Montrose,Kelty Hearts,D McFarlane
2324,SC2,2023-08-05,Queen of Sth,Alloa,R Hardie
2324,SC2,2023-08-05,Stirling,Edinburgh City,P Stuart
2324,SC2,2023-08-12,Alloa,Stirling,A Muir
2324,SC2,2023-08-12,Annan Athletic,Montrose,G Calder
2324,SC2,2023-08-12,Cove Rangers,Falkirk,S Kirkland
2324,SC2,2023-08-12,Edinburgh City,Queen of Sth,L Wilson
2324,SC2,2023-08-12,Kelty Hearts,Hamilton,S Lambie
2324,SC2,2023-08-19,Edinburgh City,Hamilton,I Snedden
2324,SC2,2023-08-19,Kelty Hearts,Alloa,D Williams
2324,SC2,2023-08-19,Montrose,Cove Rangers,C Napier
2324,SC2,2023-08-19,Queen of Sth,Annan Athletic,G Grainger
2324,SC2,2023-08-22,Falkirk,Stirling,C Graham
2324,SC2,2023-08-26,Alloa,Falkirk,C Scott
2324,SC2,2023-08-26,Annan Athletic,Edinburgh City,C Irvine
2324,SC2,2023-08-26,Cove Rangers,Queen of Sth,A Grieve
2324,SC2,2023-08-26,Hamilton,Montrose,P Stuart
2324,SC2,2023-08-26,Stirling,Kelty Hearts,L Wilson
2324,SC2,2023-09-02,Alloa,Cove Rangers,C Whyte
2324,SC2,2023-09-02,Edinburgh City,Falkirk,S Luke
2324,SC2,2023-09-02,Kelty Hearts,Annan Athletic,G Calder
2324,SC2,2023-09-02,Queen of Sth,Montrose,I Snedden
2324,SC2,2023-09-02,Stirling,Hamilton,C Fordyce
2324,SC2,2023-09-16,Annan Athletic,Stirling,R Hardie
2324,SC2,2023-09-16,Cove Rangers,Kelty Hearts,D McFarlane
2324,SC2,2023-09-16,Falkirk,Queen of Sth,C Steven
2324,SC2,2023-09-16,Hamilton,Alloa,G Calder
2324,SC2,2023-09-16,Montrose,Edinburgh City,L Wilson
2324,SC2,2023-09-23,Annan Athletic,Alloa,D Williams
2324,SC2,2023-09-23,Edinburgh City,Cove Rangers,P Stuart
2324,SC2,2023-09-23,Kelty Hearts,Falkirk,I Snedden
2324,SC2,2023-09-23,Montrose,Stirling,C Fordyce
2324,SC2,2023-09-23,Queen of Sth,Hamilton,S Kirkland
2324,SC2,2023-09-29,Hamilton,Annan Athletic,G Duncan
2324,SC2,2023-09-30,Alloa,Edinburgh City,S Luke
2324,SC2,2023-09-30,Falkirk,Montrose,G Calder
2324,SC2,2023-09-30,Kelty Hearts,Queen of Sth,C Whyte
2324,SC2,2023-09-30,Stirling,Cove Rangers,C Napier
2324,SC2,2023-10-07,Cove Rangers,Annan Athletic,L Wilson
2324,SC2,2023-10-07,Edinburgh City,Kelty Hearts,A Grieve
2324,SC2,2023-10-07,Falkirk,Hamilton,E Anderson
2324,SC2,2023-10-07,Montrose,Alloa,S Kirkland
2324,SC2,2023-10-07,Queen of Sth,Stirling,P Stuart
2324,SC2,2023-10-21,Alloa,Kelty Hearts,G Grainger
2324,SC2,2023-10-21,Annan Athletic,Queen of Sth,C Scott
2324,SC2,2023-10-21,Hamilton,Edinburgh City,C Graham
2324,SC2,2023-10-21,Stirling,Falkirk,C Whyte
2324,SC2,2023-10-28,Edinburgh City,Annan Athletic,S Kirkland
2324,SC2,2023-10-28,Falkirk,Alloa,D Williams
2324,SC2,2023-10-28,Kelty Hearts,Stirling,L Wilson
2324,SC2,2023-10-28,Montrose,Hamilton,E Anderson
2324,SC2,2023-10-28,Queen of Sth,Cove Rangers,S Lambie
2324,SC2,2023-11-04,Annan Athletic,Kelty Hearts,R Hardie
2324,SC2,2023-11-04,Cove Rangers,Hamilton,C Steven
2324,SC2,2023-11-04,Edinburgh City,Montrose,A Grieve
2324,SC2,2023-11-04,Queen of Sth,Falkirk,C Napier
2324,SC2,2023-11-04,Stirling,Alloa,C Whyte
2324,SC2,2023-11-11,Alloa,Queen of Sth,P Stuart
2324,SC2,2023-11-11,Falkirk,Edinburgh City,A Grieve
2324,SC2,2023-11-11,Hamilton,Stirling,C Fordyce
2324,SC2,2023-11-11,Kelty Hearts,Cove Rangers,S Luke
2324,SC2,2023-11-11,Montrose,Annan Athletic,D McFarlane
2324,SC2,2023-11-14,Cove Rangers,Montrose,A Grieve
2324,SC2,2023-11-18,Cove Rangers,Stirling,P Stuart
2324,SC2,2023-11-18,Edinburgh City,Alloa,D McFarlane
2324,SC2,2023-11-18,Queen of Sth,Kelty Hearts,G Duncan
2324,SC2,2023-11-28,Annan Athletic,Hamilton,S Luke
2324,SC2,2023-11-28,Montrose,Falkirk,G Duncan
2324,SC2,2023-12-02,Hamilton,Queen of Sth,L Wilson
2324,SC2,2023-12-09,Alloa,Hamilton,C Steven
2324,SC2,2023-12-09,Annan Athletic,Cove Rangers,R Hardie
2324,SC2,2023-12-09,Edinburgh City,Stirling,A Grieve
2324,SC2,2023-12-09,Falkirk,Kelty Hearts,I Snedden
2324,SC2,2023-12-09,Montrose,Queen of Sth,G Grainger
2324,SC2,2023-12-16,Cove Rangers,Alloa,C Fordyce
2324,SC2,2023-12-16,Hamilton,Falkirk,C Scott
2324,SC2,2023-12-16,Kelty Hearts,Montrose,J Curran
2324,SC2,2023-12-16,Queen of Sth,Edinburgh City,G Calder
2324,SC2,2023-12-16,Stirling,Annan Athletic,D McFarlane
2324,SC2,2023-12-23,Alloa,Montrose,S Luke
2324,SC2,2023-12-23,Annan Athletic,Falkirk,S Kirkland
2324,SC2,2023-12-23,Cove Rangers,Edinburgh City,R Hardie
2324,SC2,2023-12-23,Hamilton,Kelty Hearts,C Whyte
2324,SC2,2023-12-23,Stirling,Queen of Sth,G Duncan
2324,SC2,2023-12-30,Edinburgh City,Hamilton,G Calder
2324,SC2,2023-12-30,Falkirk,Stirling,C Napier
2324,SC2,2023-12-30,Montrose,Cove Rangers,G Duncan
2324,SC2,2023-12-30,Queen of Sth,Annan Athletic,P Stuart
2324,SC2,2024-01-06,Alloa,Edinburgh City,L Wilson
2324,SC2,2024-01-06,Annan Athletic,Montrose,A Grieve
2324,SC2,2024-01-06,Cove Rangers,Kelty Hearts,S Luke
2324,SC2,2024-01-06,Falkirk,Queen of Sth,C Fordyce
2324,SC2,2024-01-09,Falkirk,Cove Rangers,G Calder
2324,SC2,2024-01-13,Edinburgh City,Falkirk,I Snedden
2324,SC2,2024-01-13,Hamilton,Cove Rangers,R Hardie
2324,SC2,2024-01-13,Kelty Hearts,Annan Athletic,C Scott
2324,SC2,2024-01-13,Montrose,Stirling,S Lambie
2324,SC2,2024-01-13,Queen of Sth,Alloa,G Grainger
2324,SC2,2024-01-27,Alloa,Falkirk,P Stuart
2324,SC2,2024-01-27,Annan Athletic,Edinburgh City,S Luke
2324,SC2,2024-01-27,Cove Rangers,Queen of Sth,G Soutar
2324,SC2,2024-01-27,Hamilton,Montrose,C Scott
2324,SC2,2024-01-27,Stirling,Kelty Hearts,D Graves
2324,SC2,2024-02-03,Annan Athletic,Alloa,C Whyte
2324,SC2,2024-02-03,Edinburgh City,Kelty Hearts,G Calder
2324,SC2,2024-02-03,Queen of Sth,Hamilton,L Wilson
2324,SC2,2024-02-03,Stirling,Cove Rangers,I Snedden
2324,SC2,2024-02-06,Stirling,Montrose,D McFarlane
2324,SC2,2024-02-10,Alloa,Stirling,R Hardie
2324,SC2,2024-02-10,Hamilton,Annan Athletic,S Kirkland
2324,SC2,2024-02-10,Kelty Hearts,Queen of Sth,A Grieve
2324,SC2,2024-02-10,Montrose,Edinburgh City,P Stuart
2324,SC2,2024-02-13,Alloa,Annan Athletic,G Soutar
2324,SC2,2024-02-13,Kelty Hearts,Edinburgh City,S Kirkland
2324,SC2,2024-02-17,Alloa,Cove Rangers,G Grainger
2324,SC2,2024-02-17,Annan Athletic,Stirling,L Wilson
2324,SC2,2024-02-17,Edinburgh City,Queen of Sth,C Fordyce
2324,SC2,2024-02-17,Falkirk,Hamilton,C Steven
2324,SC2,2024-02-17,Montrose,Kelty Hearts,R Hardie
2324,SC2,2024-02-20,Falkirk,Montrose,I Snedden
2324,SC2,2024-02-24,Cove Rangers,Annan Athletic,S Lambie
2324,SC2,2024-02-24,Hamilton,Alloa,C Napier
2324,SC2,2024-02-24,Kelty Hearts,Falkirk,P Stuart
2324,SC2,2024-02-24,Queen of Sth,Montrose,C Scott
2324,SC2,2024-02-24,Stirling,Edinburgh City,G Soutar
2324,SC2,2024-02-27,Stirling,Hamilton,P Stuart
2324,SC2,2024-03-02,Edinburgh City,Cove Rangers,L Wilson
2324,SC2,2024-03-02,Falkirk,Annan Athletic,S Kirkland
2324,SC2,2024-03-02,Kelty Hearts,Hamilton,G Soutar
2324,SC2,2024-03-02,Montrose,Alloa,D Williams
2324,SC2,2024-03-02,Queen of Sth,Stirling,S Lambie
2324,SC2,2024-03-05,Cove Rangers,Falkirk,C Fordyce
2324,SC2,2024-03-09,Alloa,Kelty Hearts,G Irvine
2324,SC2,2024-03-09,Annan Athletic,Queen of Sth,C Steven
2324,SC2,2024-03-09,Cove Rangers,Montrose,R Hardie
2324,SC2,2024-03-09,Hamilton,Edinburgh City,D McFarlane
2324,SC2,2024-03-09,Stirling,Falkirk,E Anderson
2324,SC2,2024-03-16,Edinburgh City,Alloa,A Grieve
2324,SC2,2024-03-16,Hamilton,Stirling,D Nicolson
2324,SC2,2024-03-16,Kelty Hearts,Cove Rangers,G Calder
2324,SC2,2024-03-16,Montrose,Annan Athletic,C Whyte
2324,SC2,2024-03-16,Queen of Sth,Falkirk,G Duncan
2324,SC2,2024-03-19,Kelty Hearts,Alloa,S Luke
2324,SC2,2024-03-23,Alloa,Queen of Sth,A Muir
2324,SC2,2024-03-23,Annan Athletic,Kelty Hearts,P Stuart
2324,SC2,2024-03-23,Cove Rangers,Hamilton,G Grainger
2324,SC2,2024-03-23,Falkirk,Edinburgh City,C Whyte
2324,SC2,2024-03-23,Stirling,Montrose,S Luke
2324,SC2,2024-03-30,Alloa,Annan Athletic,L Wilson
2324,SC2,2024-03-30,Cove Rangers,Stirling,D McFarlane
2324,SC2,2024-03-30,Hamilton,Queen of Sth,R Hardie
2324,SC2,2024-03-30,Kelty Hearts,Edinburgh City,G Duncan
2324,SC2,2024-03-30,Montrose,Falkirk,G Grainger
2324,SC2,2024-04-06,Annan Athletic,Hamilton,G Soutar
2324,SC2,2024-04-06,Falkirk,Cove Rangers,P Stuart
2324,SC2,2024-04-06,Queen of Sth,Kelty Hearts,A Grieve
2324,SC2,2024-04-06,Stirling,Alloa,G Calder
2324,SC2,2024-04-13,Alloa,Montrose,C Whyte
2324,SC2,2024-04-13,Annan Athletic,Cove Rangers,S Luke
2324,SC2,2024-04-13,Hamilton,Falkirk,C Napier
2324,SC2,2024-04-13,Kelty Hearts,Stirling,A Grieve
2324,SC2,2024-04-13,Queen of Sth,Edinburgh City,S Murdoch
2324,SC2,2024-04-16,Edinburgh City,Montrose,D McFarlane
2324,SC2,2024-04-20,Cove Rangers,Alloa,C Graham
2324,SC2,2024-04-20,Edinburgh City,Annan Athletic,R Hardie
2324,SC2,2024-04-20,Falkirk,Kelty Hearts,G Irvine
2324,SC2,2024-04-20,Montrose,Hamilton,A Muir
2324,SC2,2024-04-20,Stirling,Queen of Sth,L Wilson
2324,SC2,2024-04-27,Alloa,Hamilton,G Soutar
2324,SC2,2024-04-27,Annan Athletic,Falkirk,D Williams
2324,SC2,2024-04-27,Edinburgh City,Stirling,C Fordyce
2324,SC2,2024-04-27,Kelty Hearts,Montrose,S Luke
2324,SC2,2024-04-27,Queen of Sth,Cove Rangers,G Calder
2324,SC2,2024-05-04,Cove Rangers,Edinburgh City,G Duncan
2324,SC2,2024-05-04,Falkirk,Alloa,C Scott
2324,SC2,2024-05-04,Hamilton,Kelty Hearts,L Wilson
2324,SC2,2024-05-04,Montrose,Queen of Sth,P Stuart
2324,SC2,2024-05-04,Stirling,Annan Athletic,G Grainger
2324,SC3,2023-08-05,Bonnyrigg Rose,Dumbarton,I Snedden
2324,SC3,2023-08-05,East Fife,Peterhead,C Fordyce
2324,SC3,2023-08-05,Elgin,Stranraer,A Shepherd
2324,SC3,2023-08-05,Spartans,Clyde,G Calder
2324,SC3,2023-08-05,Stenhousemuir,Forfar,G Soutar
2324,SC3,2023-08-12,Clyde,Bonnyrigg Rose,D Williams
2324,SC3,2023-08-12,Dumbarton,Spartans,C Whyte
2324,SC3,2023-08-12,Forfar,Elgin,D Nicolson
2324,SC3,2023-08-12,Peterhead,Stenhousemuir,J Curran
2324,SC3,2023-08-12,Stranraer,East Fife,R Lee
2324,SC3,2023-08-19,Bonnyrigg Rose,Stranraer,A Gamble
2324,SC3,2023-08-19,Clyde,Peterhead,S Kirkland
2324,SC3,2023-08-19,Dumbarton,Forfar,G Calder
2324,SC3,2023-08-19,East Fife,Stenhousemuir,D McFarlane
2324,SC3,2023-08-19,Spartans,Elgin,C Fordyce
2324,SC3,2023-08-26,Elgin,East Fife,C Whyte
2324,SC3,2023-08-26,Forfar,Bonnyrigg Rose,G Duncan
2324,SC3,2023-08-26,Peterhead,Spartans,D Graves
2324,SC3,2023-08-26,Stenhousemuir,Dumbarton,D Williams
2324,SC3,2023-08-26,Stranraer,Clyde,J Curran
2324,SC3,2023-09-02,Bonnyrigg Rose,Elgin,S Lambie
2324,SC3,2023-09-02,Clyde,Forfar,R Clark
2324,SC3,2023-09-02,Dumbarton,East Fife,P Stuart
2324,SC3,2023-09-02,Spartans,Stenhousemuir,D Nicolson
2324,SC3,2023-09-02,Stranraer,Peterhead,R Hardie
2324,SC3,2023-09-16,East Fife,Clyde,D Nicolson
2324,SC3,2023-09-16,Elgin,Dumbarton,R Lee
2324,SC3,2023-09-16,Forfar,Spartans,A Gamble
2324,SC3,2023-09-16,Peterhead,Bonnyrigg Rose,R Clark
2324,SC3,2023-09-16,Stenhousemuir,Stranraer,D Graves
2324,SC3,2023-09-23,Bonnyrigg Rose,Stenhousemuir,A Gamble
2324,SC3,2023-09-23,Clyde,Elgin,D Graves
2324,SC3,2023-09-23,Dumbarton,Peterhead,G Soutar
2324,SC3,2023-09-23,Spartans,East Fife,J Curran
2324,SC3,2023-09-23,Stranraer,Forfar,R Lee
2324,SC3,2023-09-30,Dumbarton,Stranraer,C Scott
2324,SC3,2023-09-30,East Fife,Forfar,A Shepherd
2324,SC3,2023-09-30,Peterhead,Elgin,J Curran
2324,SC3,2023-09-30,Spartans,Bonnyrigg Rose,D Graves
2324,SC3,2023-09-30,Stenhousemuir,Clyde,G Soutar
2324,SC3,2023-10-07,Clyde,Dumbarton,A Shepherd
2324,SC3,2023-10-07,Forfar,Peterhead,R Lee
2324,SC3,2023-10-07,Stranraer,Spartans,J Curran
2324,SC3,2023-10-21,Bonnyrigg Rose,Clyde,G Soutar
2324,SC3,2023-10-21,East Fife,Stranraer,A Shepherd
2324,SC3,2023-10-21,Spartans,Dumbarton,D Graves
2324,SC3,2023-10-24,Elgin,Stenhousemuir,D Nicolson
2324,SC3,2023-11-04,Clyde,Spartans,S Kirkland
2324,SC3,2023-11-04,Dumbarton,Bonnyrigg Rose,D Williams
2324,SC3,2023-11-04,Forfar,Stenhousemuir,P Stuart
2324,SC3,2023-11-04,Peterhead,East Fife,C Fordyce
2324,SC3,2023-11-04,Stranraer,Elgin,L Wilson
2324,SC3,2023-11-11,East Fife,Dumbarton,J Curran
2324,SC3,2023-11-11,Elgin,Bonnyrigg Rose,C Whyte
2324,SC3,2023-11-11,Forfar,Clyde,D Nicolson
2324,SC3,2023-11-11,Peterhead,Stranraer,G Soutar
2324,SC3,2023-11-11,Stenhousemuir,Spartans,C Scott
2324,SC3,2023-11-14,Stenhousemuir,Peterhead,C Whyte
2324,SC3,2023-11-18,Bonnyrigg Rose,Forfar,C Fordyce
2324,SC3,2023-11-18,Clyde,East Fife,S Luke
2324,SC3,2023-11-18,Dumbarton,Elgin,A Grieve
2324,SC3,2023-11-18,Spartans,Peterhead,D Williams
2324,SC3,2023-11-18,Stranraer,Stenhousemuir,R Lee
2324,SC3,2023-11-21,Bonnyrigg Rose,East Fife,G Soutar
2324,SC3,2023-11-21,Elgin,Forfar,A Gamble
2324,SC3,2023-12-02,Forfar,Stranraer,D Graves
2324,SC3,2023-12-02,Stenhousemuir,Bonnyrigg Rose,C Whyte
2324,SC3,2023-12-09,Bonnyrigg Rose,Peterhead,A Shepherd
2324,SC3,2023-12-09,Clyde,Stranraer,A Gamble
2324,SC3,2023-12-09,Dumbarton,Stenhousemuir,D Williams
2324,SC3,2023-12-09,East Fife,Elgin,R Lee
2324,SC3,2023-12-09,Spartans,Forfar,J Curran
2324,SC3,2023-12-16,Elgin,Spartans,A Shepherd
2324,SC3,2023-12-16,Forfar,Dumbarton,R Lee
2324,SC3,2023-12-16,Peterhead,Clyde,G Soutar
2324,SC3,2023-12-16,Stenhousemuir,East Fife,A Gamble
2324,SC3,2023-12-16,Stranraer,Bonnyrigg Rose,D Graves
2324,SC3,2023-12-22,East Fife,Bonnyrigg Rose,C Fordyce
2324,SC3,2023-12-23,Dumbarton,Clyde,D McFarlane
2324,SC3,2023-12-23,Peterhead,Forfar,D Nicolson
2324,SC3,2023-12-23,Spartans,Stranraer,G Calder
2324,SC3,2023-12-23,Stenhousemuir,Elgin,G Soutar
2324,SC3,2023-12-30,Clyde,Stenhousemuir,D Williams
2324,SC3,2023-12-30,Elgin,Peterhead,A Grieve
2324,SC3,2023-12-30,Forfar,East Fife,I Snedden
2324,SC3,2024-01-06,Clyde,Bonnyrigg Rose,A Gamble
2324,SC3,2024-01-06,Dumbarton,East Fife,D Williams
2324,SC3,2024-01-06,Elgin,Stranraer,C Whyte
2324,SC3,2024-01-06,Peterhead,Spartans,D Graves
2324,SC3,2024-01-06,Stenhousemuir,Forfar,R Lee
2324,SC3,2024-01-09,Peterhead,Dumbarton,S Luke
2324,SC3,2024-01-13,Bonnyrigg Rose,Dumbarton,L Wilson
2324,SC3,2024-01-13,East Fife,Clyde,D McFarlane
2324,SC3,2024-01-13,Forfar,Elgin,A Grieve
2324,SC3,2024-01-13,Spartans,Stenhousemuir,G Duncan
2324,SC3,2024-01-13,Stranraer,Peterhead,S Kirkland
2324,SC3,2024-01-20,East Fife,Peterhead,G Calder
2324,SC3,2024-01-20,Stenhousemuir,Stranraer,C Fordyce
2324,SC3,2024-01-27,Elgin,Dumbarton,D Nicolson
2324,SC3,2024-01-27,Forfar,Bonnyrigg Rose,A Shepherd
2324,SC3,2024-01-27,Peterhead,Stenhousemuir,J Curran
2324,SC3,2024-01-27,Spartans,Clyde,S Murdoch
2324,SC3,2024-01-27,Stranraer,East Fife,A Gamble
2324,SC3,2024-01-30,East Fife,Spartans,C Fordyce
2324,SC3,2024-01-30,Elgin,Clyde,G Calder
2324,SC3,2024-02-03,Bonnyrigg Rose,Stranraer,J Curran
2324,SC3,2024-02-03,Clyde,Peterhead,D Williams
2324,SC3,2024-02-03,Elgin,East Fife,A Shepherd
2324,SC3,2024-02-03,Forfar,Spartans,P Stuart
2324,SC3,2024-02-03,Stenhousemuir,Dumbarton,R Lee
2324,SC3,2024-02-06,Bonnyrigg Rose,Elgin,A Grieve
2324,SC3,2024-02-10,Dumbarton,Forfar,C Fordyce
2324,SC3,2024-02-10,East Fife,Stenhousemuir,C Scott
2324,SC3,2024-02-10,Spartans,Elgin,D McFarlane
2324,SC3,2024-02-10,Stranraer,Clyde,S Luke
2324,SC3,2024-02-13,Dumbarton,Spartans,C Whyte
2324,SC3,2024-02-17,Bonnyrigg Rose,East Fife,D Nicolson
2324,SC3,2024-02-17,Clyde,Dumbarton,A Grieve
2324,SC3,2024-02-17,Elgin,Stenhousemuir,D Williams
2324,SC3,2024-02-17,Forfar,Peterhead,G Calder
2324,SC3,2024-02-17,Stranraer,Spartans,A Shepherd
2324,SC3,2024-02-20,Clyde,Forfar,S Lambie
2324,SC3,2024-02-20,Peterhead,Bonnyrigg Rose,D McFarlane
2324,SC3,2024-02-24,Dumbarton,Stranraer,S Murdoch
2324,SC3,2024-02-24,East Fife,Forfar,L Wilson
2324,SC3,2024-02-24,Peterhead,Elgin,A Shepherd
2324,SC3,2024-02-24,Spartans,Bonnyrigg Rose,J Curran
2324,SC3,2024-02-24,Stenhousemuir,Clyde,G Calder
2324,SC3,2024-03-02,Bonnyrigg Rose,Stenhousemuir,S Luke
2324,SC3,2024-03-02,Clyde,Elgin,J Curran
2324,SC3,2024-03-02,Dumbarton,Peterhead,D Nicolson
2324,SC3,2024-03-02,Spartans,East Fife,A Gamble
2324,SC3,2024-03-02,Stranraer,Forfar,A Grieve
2324,SC3,2024-03-05,Bonnyrigg Rose,Spartans,S Lambie
2324,SC3,2024-03-05,Stranraer,Dumbarton,G Calder
2324,SC3,2024-03-09,East Fife,Dumbarton,S Lambie
2324,SC3,2024-03-09,Elgin,Bonnyrigg Rose,C Whyte
2324,SC3,2024-03-09,Forfar,Clyde,D Graves
2324,SC3,2024-03-09,Peterhead,Stranraer,R Lee
2324,SC3,2024-03-09,Stenhousemuir,Spartans,G Grainger
2324,SC3,2024-03-16,Bonnyrigg Rose,Clyde,S Murdoch
2324,SC3,2024-03-16,Forfar,Stenhousemuir,A Shepherd
2324,SC3,2024-03-16,Peterhead,East Fife,C Fordyce
2324,SC3,2024-03-16,Spartans,Dumbarton,S Kirkland
2324,SC3,2024-03-16,Stranraer,Elgin,D Williams
2324,SC3,2024-03-23,Clyde,Spartans,L Wilson
2324,SC3,2024-03-23,Dumbarton,Bonnyrigg Rose,J Curran
2324,SC3,2024-03-23,East Fife,Stranraer,G Calder
2324,SC3,2024-03-23,Elgin,Forfar,A Grieve
2324,SC3,2024-03-23,Stenhousemuir,Peterhead,D Williams
2324,SC3,2024-03-30,Dumbarton,Stenhousemuir,A Gamble
2324,SC3,2024-03-30,East Fife,Elgin,S Murdoch
2324,SC3,2024-03-30,Peterhead,Clyde,D Nicolson
2324,SC3,2024-03-30,Spartans,Forfar,C Fordyce
2324,SC3,2024-03-30,Stranraer,Bonnyrigg Rose,R Lee
2324,SC3,2024-04-06,Bonnyrigg Rose,Peterhead,A Shepherd
2324,SC3,2024-04-06,Clyde,Stranraer,J Curran
2324,SC3,2024-04-06,Elgin,Spartans,D Graves
2324,SC3,2024-04-06,Forfar,Dumbarton,J Kennedy
2324,SC3,2024-04-06,Stenhousemuir,East Fife,R Lee
2324,SC3,2024-04-13,Dumbarton,Clyde,R Hardie
2324,SC3,2024-04-13,East Fife,Bonnyrigg Rose,A Gamble
2324,SC3,2024-04-13,Peterhead,Forfar,J Gamble
2324,SC3,2024-04-13,Spartans,Stranraer,G Soutar
2324,SC3,2024-04-13,Stenhousemuir,Elgin,A Shepherd
2324,SC3,2024-04-20,Bonnyrigg Rose,Spartans,S Lambie
2324,SC3,2024-04-20,Clyde,Stenhousemuir,G Duncan
2324,SC3,2024-04-20,Elgin,Peterhead,D Graves
2324,SC3,2024-04-20,Forfar,East Fife,P Stuart
2324,SC3,2024-04-20,Stranraer,Dumbarton,S Kirkland
2324,SC3,2024-04-27,Clyde,East Fife,I Snedden
2324,SC3,2024-04-27,Dumbarton,Elgin,C Whyte
2324,SC3,2024-04-27,Forfar,Stranraer,D McFarlane
2324,SC3,2024-04-27,Spartans,Peterhead,D Nicolson
2324,SC3,2024-04-27,Stenhousemuir,Bonnyrigg Rose,L Wilson
2324,SC3,2024-05-04,Bonnyrigg Rose,Forfar,A Grieve
2324,SC3,2024-05-04,East Fife,Spartans,R Lee
2324,SC3,2024-05-04,Elgin,Clyde,D Williams
2324,SC3,2024-05-04,Peterhead,Dumbarton,C Fordyce
2324,SC3,2024-05-04,Stranraer,Stenhousemuir,I Snedden
2425,E0,2024-08-16,Man United,Fulham,R Jones
2425,E0,2024-08-17,Arsenal,Wolves,J Gillett
2425,E0,2024-08-17,Everton,Brighton,S Hooper
2425,E0,2024-08-17,Ipswich,Liverpool,T Robinson
2425,E0,2024-08-17,Newcastle,Southampton,C Pawson
2425,E0,2024-08-17,Nott'm Forest,Bournemouth,M Oliver
2425,E0,2024-08-17,West Ham,Aston Villa,T Harrington
2425,E0,2024-08-18,Brentford,Crystal Palace,S Barrott
2425,E0,2024-08-18,Chelsea,Man City,A Taylor
2425,E0,2024-08-19,Leicester,Tottenham,C Kavanagh
2425,E0,2024-08-24,Aston Villa,Arsenal,M Oliver
2425,E0,2024-08-24,Brighton,Man United,C Pawson
2425,E0,2024-08-24,Crystal Palace,West Ham,R Jones
2425,E0,2024-08-24,Fulham,Leicester,D Bond
2425,E0,2024-08-24,Man City,Ipswich,M Salisbury
2425,E0,2024-08-24,Southampton,Nott'm Forest,S Barrott
2425,E0,2024-08-24,Tottenham,Everton,A Taylor
2425,E0,2024-08-25,Bournemouth,Newcastle,D Coote
2425,E0,2024-08-25,Liverpool,Brentford,S Attwell
2425,E0,2024-08-25,Wolves,Chelsea,D England
2425,E0,2024-08-31,Arsenal,Brighton,C Kavanagh
2425,E0,2024-08-31,Brentford,Southampton,J Smith
2425,E0,2024-08-31,Everton,Bournemouth,S Attwell
2425,E0,2024-08-31,Ipswich,Fulham,L Smith
2425,E0,2024-08-31,Leicester,Aston Villa,D Coote
2425,E0,2024-08-31,Nott'm Forest,Wolves,S Hooper
2425,E0,2024-08-31,West Ham,Man City,M Oliver
2425,E0,2024-09-01,Chelsea,Crystal Palace,J Gillett
2425,E0,2024-09-01,Man United,Liverpool,A Taylor
2425,E0,2024-09-01,Newcastle,Tottenham,R Jones
2425,E0,2024-09-14,Aston Villa,Everton,C Pawson
2425,E0,2024-09-14,Bournemouth,Chelsea,A Taylor
2425,E0,2024-09-14,Brighton,Ipswich,S Barrott
2425,E0,2024-09-14,Crystal Palace,Leicester,T Harrington
2425,E0,2024-09-14,Fulham,West Ham,T Robinson
2425,E0,2024-09-14,Liverpool,Nott'm Forest,M Oliver
2425,E0,2024-09-14,Man City,Brentford,D Bond
2425,E0,2024-09-14,Southampton,Man United,S Attwell
2425,E0,2024-09-15,Tottenham,Arsenal,J Gillett
2425,E0,2024-09-15,Wolves,Newcastle,C Kavanagh
2425,E0,2024-09-21,Aston Villa,Wolves,T Robinson
2425,E0,2024-09-21,Crystal Palace,Man United,D Coote
2425,E0,2024-09-21,Fulham,Newcastle,P Bankes
2425,E0,2024-09-21,Leicester,Everton,D England
2425,E0,2024-09-21,Liverpool,Bournemouth,T Harrington
2425,E0,2024-09-21,Southampton,Ipswich,S Allison
2425,E0,2024-09-21,Tottenham,Brentford,J Brooks
2425,E0,2024-09-21,West Ham,Chelsea,S Barrott
2425,E0,2024-09-22,Brighton,Nott'm Forest,R Jones
2425,E0,2024-09-22,Man City,Arsenal,M Oliver
2425,E0,2024-09-28,Arsenal,Leicester,S Barrott
2425,E0,2024-09-28,Brentford,West Ham,S Hooper
2425,E0,2024-09-28,Chelsea,Brighton,P Bankes
2425,E0,2024-09-28,Everton,Crystal Palace,A Madley
2425,E0,2024-09-28,Newcastle,Man City,J Gillett
2425,E0,2024-09-28,Nott'm Forest,Fulham,J Smith
2425,E0,2024-09-28,Wolves,Liverpool,A Taylor
2425,E0,2024-09-29,Ipswich,Aston Villa,S Attwell
2425,E0,2024-09-29,Man United,Tottenham,C Kavanagh
2425,E0,2024-09-30,Bournemouth,Southampton,M Oliver
2425,E0,2024-10-05,Arsenal,Southampton,T Harrington
2425,E0,2024-10-05,Brentford,Wolves,A Madley
2425,E0,2024-10-05,Crystal Palace,Liverpool,S Hooper
2425,E0,2024-10-05,Everton,Newcastle,C Pawson
2425,E0,2024-10-05,Leicester,Bournemouth,D Bond
2425,E0,2024-10-05,Man City,Fulham,P Bankes
2425,E0,2024-10-05,West Ham,Ipswich,A Taylor
2425,E0,2024-10-06,Aston Villa,Man United,R Jones
2425,E0,2024-10-06,Brighton,Tottenham,D Coote
2425,E0,2024-10-06,Chelsea,Nott'm Forest,C Kavanagh
2425,E0,2024-10-19,Bournemouth,Arsenal,R Jones
2425,E0,2024-10-19,Fulham,Aston Villa,D England
2425,E0,2024-10-19,Ipswich,Everton,M Oliver
2425,E0,2024-10-19,Man United,Brentford,S Barrott
2425,E0,2024-10-19,Newcastle,Brighton,P Bankes
2425,E0,2024-10-19,Southampton,Leicester,A Taylor
2425,E0,2024-10-19,Tottenham,West Ham,A Madley
2425,E0,2024-10-20,Liverpool,Chelsea,J Brooks
2425,E0,2024-10-20,Wolves,Man City,C Kavanagh
2425,E0,2024-10-21,Nott'm Forest,Crystal Palace,T Robinson
2425,E0,2024-10-25,Leicester,Nott'm Forest,C Pawson
2425,E0,2024-10-26,Aston Villa,Bournemouth,A Madley
2425,E0,2024-10-26,Brentford,Ipswich,L Smith
2425,E0,2024-10-26,Brighton,Wolves,M Oliver
2425,E0,2024-10-26,Everton,Fulham,J Brooks
2425,E0,2024-10-26,Man City,Southampton,T Harrington
2425,E0,2024-10-27,Arsenal,Liverpool,A Taylor
2425,E0,2024-10-27,Chelsea,Newcastle,S Hooper
2425,E0,2024-10-27,Crystal Palace,Tottenham,D Bond
2425,E0,2024-10-27,West Ham,Man United,D Coote
2425,E0,2024-11-02,Bournemouth,Man City,M Oliver
2425,E0,2024-11-02,Ipswich,Leicester,T Robinson
2425,E0,2024-11-02,Liverpool,Brighton,T Harrington
2425,E0,2024-11-02,Newcastle,Arsenal,J Brooks
2425,E0,2024-11-02,Nott'm Forest,West Ham,P Bankes
2425,E0,2024-11-02,Southampton,Everton,A Madley
2425,E0,2024-11-02,Wolves,Crystal Palace,A Taylor
2425,E0,2024-11-03,Man United,Chelsea,R Jones
2425,E0,2024-11-03,Tottenham,Aston Villa,C Pawson
2425,E0,2024-11-04,Fulham,Brentford,S Attwell
2425,E0,2024-11-09,Brentford,Bournemouth,D Bond
2425,E0,2024-11-09,Brighton,Man City,S Barrott
2425,E0,2024-11-09,Crystal Palace,Fulham,M Salisbury
2425,E0,2024-11-09,Liverpool,Aston Villa,D Coote
2425,E0,2024-11-09,West Ham,Everton,S Attwell
2425,E0,2024-11-09,Wolves,Southampton,T Bramall
2425,E0,2024-11-10,Chelsea,Arsenal,M Oliver
2425,E0,2024-11-10,Man United,Leicester,P Bankes
2425,E0,2024-11-10,Nott'm Forest,Newcastle,A Taylor
2425,E0,2024-11-10,Tottenham,Ipswich,D England
2425,E0,2024-11-23,Arsenal,Nott'm Forest,S Hooper
2425,E0,2024-11-23,Aston Villa,Crystal Palace,T Robinson
2425,E0,2024-11-23,Bournemouth,Brighton,S Attwell
2425,E0,2024-11-23,Everton,Brentford,C Kavanagh
2425,E0,2024-11-23,Fulham,Wolves,R Jones
2425,E0,2024-11-23,Leicester,Chelsea,A Madley
2425,E0,2024-11-23,Man City,Tottenham,J Brooks
2425,E0,2024-11-24,Ipswich,Man United,A Taylor
2425,E0,2024-11-24,Southampton,Liverpool,S Barrott
2425,E0,2024-11-25,Newcastle,West Ham,C Pawson
2425,E0,2024-11-29,Brighton,Southampton,R Jones
2425,E0,2024-11-30,Brentford,Leicester,M Oliver
2425,E0,2024-11-30,Crystal Palace,Newcastle,D England
2425,E0,2024-11-30,Nott'm Forest,Ipswich,T Harrington
2425,E0,2024-11-30,West Ham,Arsenal,A Taylor
2425,E0,2024-11-30,Wolves,Bournemouth,P Bankes
2425,E0,2024-12-01,Chelsea,Aston Villa,S Attwell
2425,E0,2024-12-01,Liverpool,Man City,C Kavanagh
2425,E0,2024-12-01,Man United,Everton,J Brooks
2425,E0,2024-12-01,Tottenham,Fulham,D Bond
2425,E0,2024-12-03,Ipswich,Crystal Palace,C Pawson
2425,E0,2024-12-03,Leicester,West Ham,J Smith
2425,E0,2024-12-04,Arsenal,Man United,S Barrott
2425,E0,2024-12-04,Aston Villa,Brentford,L Smith
2425,E0,2024-12-04,Everton,Wolves,M Salisbury
2425,E0,2024-12-04,Man City,Nott'm Forest,M Oliver
2425,E0,2024-12-04,Newcastle,Liverpool,A Madley
2425,E0,2024-12-04,Southampton,Chelsea,T Harrington
2425,E0,2024-12-05,Bournemouth,Tottenham,S Hooper
2425,E0,2024-12-05,Fulham,Brighton,P Bankes
2425,E0,2024-12-07,Aston Villa,Southampton,D Bond
2425,E0,2024-12-07,Brentford,Newcastle,T Robinson
2425,E0,2024-12-07,Crystal Palace,Man City,R Jones
2425,E0,2024-12-07,Man United,Nott'm Forest,D England
2425,E0,2024-12-08,Fulham,Arsenal,C Kavanagh
2425,E0,2024-12-08,Ipswich,Bournemouth,M Salisbury
2425,E0,2024-12-08,Leicester,Brighton,S Attwell
2425,E0,2024-12-08,Tottenham,Chelsea,A Taylor
2425,E0,2024-12-09,West Ham,Wolves,J Brooks
2425,E0,2024-12-14,Arsenal,Everton,C Pawson
2425,E0,2024-12-14,Liverpool,Fulham,T Harrington
2425,E0,2024-12-14,Newcastle,Leicester,T Bramall
2425,E0,2024-12-14,Nott'm Forest,Aston Villa,S Barrott
2425,E0,2024-12-14,Wolves,Ipswich,S Hooper
2425,E0,2024-12-15,Brighton,Crystal Palace,M Oliver
2425,E0,2024-12-15,Chelsea,Brentford,P Bankes
2425,E0,2024-12-15,Man City,Man United,A Taylor
2425,E0,2024-12-15,Southampton,Tottenham,D England
2425,E0,2024-12-16,Bournemouth,West Ham,C Kavanagh
2425,E0,2024-12-21,Aston Villa,Man City,P Bankes
2425,E0,2024-12-21,Brentford,Nott'm Forest,M Oliver
2425,E0,2024-12-21,Crystal Palace,Arsenal,S Hooper
2425,E0,2024-12-21,Ipswich,Newcastle,S Attwell
2425,E0,2024-12-21,West Ham,Brighton,R Jones
2425,E0,2024-12-22,Everton,Chelsea,C Kavanagh
2425,E0,2024-12-22,Fulham,Southampton,T Robinson
2425,E0,2024-12-22,Leicester,Wolves,A Taylor
2425,E0,2024-12-22,Man United,Bournemouth,C Pawson
2425,E0,2024-12-22,Tottenham,Liverpool,S Barrott
2425,E0,2024-12-26,Bournemouth,Crystal Palace,T Bramall
2425,E0,2024-12-26,Chelsea,Fulham,S Barrott
2425,E0,2024-12-26,Liverpool,Leicester,D Bond
2425,E0,2024-12-26,Man City,Everton,S Hooper
2425,E0,2024-12-26,Newcastle,Aston Villa,A Taylor
2425,E0,2024-12-26,Nott'm Forest,Tottenham,C Pawson
2425,E0,2024-12-26,Southampton,West Ham,L Smith
2425,E0,2024-12-26,Wolves,Man United,T Harrington
2425,E0,2024-12-27,Arsenal,Ipswich,D England
2425,E0,2024-12-27,Brighton,Brentford,A Madley
2425,E0,2024-12-29,Crystal Palace,Southampton,M Salisbury
2425,E0,2024-12-29,Everton,Nott'm Forest,T Harrington
2425,E0,2024-12-29,Fulham,Bournemouth,R Jones
2425,E0,2024-12-29,Leicester,Man City,M Oliver
2425,E0,2024-12-29,Tottenham,Wolves,C Kavanagh
2425,E0,2024-12-29,West Ham,Liverpool,A Taylor
2425,E0,2024-12-30,Aston Villa,Brighton,C Pawson
2425,E0,2024-12-30,Ipswich,Chelsea,J Brooks
2425,E0,2024-12-30,Man United,Newcastle,S Hooper
2425,E0,2025-01-01,Brentford,Arsenal,P Bankes
2425,E0,2025-01-04,Aston Villa,Leicester,J Gillett
2425,E0,2025-01-04,Bournemouth,Everton,J Brooks
2425,E0,2025-01-04,Brighton,Arsenal,A Taylor
2425,E0,2025-01-04,Crystal Palace,Chelsea,T Robinson
2425,E0,2025-01-04,Man City,West Ham,M Salisbury
2425,E0,2025-01-04,Southampton,Brentford,S Attwell
2425,E0,2025-01-04,Tottenham,Newcastle,A Madley
2425,E0,2025-01-05,Fulham,Ipswich,D Bond
2425,E0,2025-01-05,Liverpool,Man United,M Oliver
2425,E0,2025-01-06,Wolves,Nott'm Forest,P Bankes
2425,E0,2025-01-14,Brentford,Man City,A Taylor
2425,E0,2025-01-14,Chelsea,Bournemouth,R Jones
2425,E0,2025-01-14,Nott'm Forest,Liverpool,C Kavanagh
2425,E0,2025-01-14,West Ham,Fulham,C Pawson
2425,E0,2025-01-15,Arsenal,Tottenham,S Hooper
2425,E0,2025-01-15,Everton,Aston Villa,S Barrott
2425,E0,2025-01-15,Leicester,Crystal Palace,A Madley
2425,E0,2025-01-15,Newcastle,Wolves,D England
2425,E0,2025-01-16,Ipswich,Brighton,T Harrington
2425,E0,2025-01-16,Man United,Southampton,J Brooks
2425,E0,2025-01-18,Arsenal,Aston Villa,C Kavanagh
2425,E0,2025-01-18,Brentford,Liverpool,A Madley
2425,E0,2025-01-18,Leicester,Fulham,M Salisbury
2425,E0,2025-01-18,Newcastle,Bournemouth,S Attwell
2425,E0,2025-01-18,West Ham,Crystal Palace,T Bramall
2425,E0,2025-01-19,Everton,Tottenham,D England
2425,E0,2025-01-19,Ipswich,Man City,S Barrott
2425,E0,2025-01-19,Man United,Brighton,P Bankes
2425,E0,2025-01-19,Nott'm Forest,Southampton,A Taylor
2425,E0,2025-01-20,Chelsea,Wolves,S Hooper
2425,E0,2025-01-25,Bournemouth,Nott'm Forest,C Pawson
2425,E0,2025-01-25,Brighton,Everton,T Robinson
2425,E0,2025-01-25,Liverpool,Ipswich,M Salisbury
2425,E0,2025-01-25,Man City,Chelsea,J Brooks
2425,E0,2025-01-25,Southampton,Newcastle,S Barrott
2425,E0,2025-01-25,Wolves,Arsenal,M Oliver
2425,E0,2025-01-26,Aston Villa,West Ham,P Bankes
2425,E0,2025-01-26,Crystal Palace,Brentford,T Harrington
2425,E0,2025-01-26,Fulham,Man United,A Taylor
2425,E0,2025-01-26,Tottenham,Leicester,R Jones
2425,E0,2025-02-01,Bournemouth,Liverpool,D England
2425,E0,2025-02-01,Everton,Leicester,D Bond
2425,E0,2025-02-01,Ipswich,Southampton,M Oliver
2425,E0,2025-02-01,Newcastle,Fulham,C Kavanagh
2425,E0,2025-02-01,Nott'm Forest,Brighton,S Hooper
2425,E0,2025-02-01,Wolves,Aston Villa,A Madley
2425,E0,2025-02-02,Arsenal,Man City,P Bankes
2425,E0,2025-02-02,Brentford,Tottenham,J Gillett
2425,E0,2025-02-02,Man United,Crystal Palace,J Brooks
2425,E0,2025-02-03,Chelsea,West Ham,S Attwell
2425,E0,2025-02-12,Everton,Liverpool,M Oliver
2425,E0,2025-02-14,Brighton,Chelsea,K Kavanagh
2425,E0,2025-02-15,Aston Villa,Ipswich,R Jones
2425,E0,2025-02-15,Crystal Palace,Everton,A Taylor
2425,E0,2025-02-15,Fulham,Nott'm Forest,T Bramall
2425,E0,2025-02-15,Leicester,Arsenal,S Barrott
2425,E0,2025-02-15,Man City,Newcastle,A Madley
2425,E0,2025-02-15,Southampton,Bournemouth,J Gillett
2425,E0,2025-02-15,West Ham,Brentford,D England
2425,E0,2025-02-16,Liverpool,Wolves,S Hooper
2425,E0,2025-02-16,Tottenham,Man United,P Bankes
2425,E0,2025-02-19,Aston Villa,Liverpool,C Pawson
2425,E0,2025-02-21,Leicester,Brentford,T Harrington
2425,E0,2025-02-22,Arsenal,West Ham,C Pawson
2425,E0,2025-02-22,Aston Villa,Chelsea,M Oliver
2425,E0,2025-02-22,Bournemouth,Wolves,M Salisbury
2425,E0,2025-02-22,Everton,Man United,A Madley
2425,E0,2025-02-22,Fulham,Crystal Palace,R Jones
2425,E0,2025-02-22,Ipswich,Tottenham,T Robinson
2425,E0,2025-02-22,Southampton,Brighton,D Bond
2425,E0,2025-02-23,Man City,Liverpool,A Taylor
2425,E0,2025-02-23,Newcastle,Nott'm Forest,J Gillett
2425,E0,2025-02-25,Brighton,Bournemouth,M Oliver
2425,E0,2025-02-25,Chelsea,Southampton,T Bramall
2425,E0,2025-02-25,Crystal Palace,Aston Villa,S Barrott
2425,E0,2025-02-25,Wolves,Fulham,P Bankes
2425,E0,2025-02-26,Brentford,Everton,S Hooper
2425,E0,2025-02-26,Liverpool,Newcastle,C Kavanagh
2425,E0,2025-02-26,Man United,Ipswich,D England
2425,E0,2025-02-26,Nott'm Forest,Arsenal,A Madley
2425,E0,2025-02-26,Tottenham,Man City,J Gillett
2425,E0,2025-02-27,West Ham,Leicester,S Attwell
2425,E0,2025-03-08,Brentford,Aston Villa,J Gillett
2425,E0,2025-03-08,Brighton,Fulham,S Barrott
2425,E0,2025-03-08,Crystal Palace,Ipswich,S Hooper
2425,E0,2025-03-08,Liverpool,Southampton,L Smith
2425,E0,2025-03-08,Nott'm Forest,Man City,C Kavanagh
2425,E0,2025-03-08,Wolves,Everton,S Attwell
2425,E0,2025-03-09,Chelsea,Leicester,T Robinson
2425,E0,2025-03-09,Man United,Arsenal,A Taylor
2425,E0,2025-03-09,Tottenham,Bournemouth,J Brooks
2425,E0,2025-03-10,West Ham,Newcastle,M Salisbury
2425,E0,2025-03-15,Bournemouth,Brentford,C Pawson
2425,E0,2025-03-15,Everton,West Ham,D Bond
2425,E0,2025-03-15,Ipswich,Nott'm Forest,M Salisbury
2425,E0,2025-03-15,Man City,Brighton,S Hooper
2425,E0,2025-03-15,Southampton,Wolves,R Jones
2425,E0,2025-03-16,Arsenal,Chelsea,C Kavanagh
2425,E0,2025-03-16,Fulham,Tottenham,A Madley
2425,E0,2025-03-16,Leicester,Man United,T Bramall
2425,E0,2025-04-01,Arsenal,Fulham,J Brooks
2425,E0,2025-04-01,Nott'm Forest,Man United,J Gillett
2425,E0,2025-04-01,Wolves,West Ham,T Harrington
2425,E0,2025-04-02,Bournemouth,Ipswich,R Jones
2425,E0,2025-04-02,Brighton,Aston Villa,S Attwell
2425,E0,2025-04-02,Liverpool,Everton,S Barrott
2425,E0,2025-04-02,Man City,Leicester,D England
2425,E0,2025-04-02,Newcastle,Brentford,P Bankes
2425,E0,2025-04-02,Southampton,Crystal Palace,A Madley
2425,E0,2025-04-03,Chelsea,Tottenham,C Pawson
2425,E0,2025-04-05,Aston Villa,Nott'm Forest,S Hooper
2425,E0,2025-04-05,Crystal Palace,Brighton,A Taylor
2425,E0,2025-04-05,Everton,Arsenal,D England
2425,E0,2025-04-05,Ipswich,Wolves,P Bankes
2425,E0,2025-04-05,West Ham,Bournemouth,T Robinson
2425,E0,2025-04-06,Brentford,Chelsea,M Oliver
2425,E0,2025-04-06,Fulham,Liverpool,C Kavanagh
2425,E0,2025-04-06,Man United,Man City,J Brooks
2425,E0,2025-04-06,Tottenham,Southampton,M Salisbury
2425,E0,2025-04-07,Leicester,Newcastle,R Jones
2425,E0,2025-04-12,Arsenal,Brentford,S Hooper
2425,E0,2025-04-12,Brighton,Leicester,D Bond
2425,E0,2025-04-12,Man City,Crystal Palace,J Gillett
2425,E0,2025-04-12,Nott'm Forest,Everton,C Pawson
2425,E0,2025-04-12,Southampton,Aston Villa,T Bramall
2425,E0,2025-04-13,Chelsea,Ipswich,S Attwell
2425,E0,2025-04-13,Liverpool,West Ham,A Madley
2425,E0,2025-04-13,Newcastle,Man United,C Kavanagh
2425,E0,2025-04-13,Wolves,Tottenham,A Taylor
2425,E0,2025-04-14,Bournemouth,Fulham,O Oliver
2425,E0,2025-04-16,Newcastle,Crystal Palace,D England
2425,E0,2025-04-19,Aston Villa,Newcastle,J Gillett
2425,E0,2025-04-19,Brentford,Brighton,T Robinson
2425,E0,2025-04-19,Crystal Palace,Bournemouth,S Barrott
2425,E0,2025-04-19,Everton,Man City,S Hooper
2425,E0,2025-04-19,West Ham,Southampton,A Kitchen
2425,E0,2025-04-20,Fulham,Chelsea,A Taylor
2425,E0,2025-04-20,Ipswich,Arsenal,C Kavanagh
2425,E0,2025-04-20,Leicester,Liverpool,S Attwell
2425,E0,2025-04-20,Man United,Wolves,R Jones
2425,E0,2025-04-21,Tottenham,Nott'm Forest,P Bankes
2425,E0,2025-04-22,Man City,Aston Villa,C Pawson
2425,E0,2025-04-23,Arsenal,Crystal Palace,M Salisbury
2425,E0,2025-04-26,Brighton,West Ham,D England
2425,E0,2025-04-26,Chelsea,Everton,C Kavanagh
2425,E0,2025-04-26,Newcastle,Ipswich,M Salisbury
2425,E0,2025-04-26,Southampton,Fulham,T Harrington
2425,E0,2025-04-26,Wolves,Leicester,S Barrott
2425,E0,2025-04-27,Bournemouth,Man United,P Bankes
2425,E0,2025-04-27,Liverpool,Tottenham,T Bramall
2425,E0,2025-05-01,Nott'm Forest,Brentford,D England
2425,E0,2025-05-02,Man City,Wolves,P Bankes
2425,E0,2025-05-03,Arsenal,Bournemouth,J Gillett
2425,E0,2025-05-03,Aston Villa,Fulham,R Jones
2425,E0,2025-05-03,Everton,Ipswich,L Smith
2425,E0,2025-05-03,Leicester,Southampton,D Webb
2425,E0,2025-05-04,Brentford,Man United,A Taylor
2425,E0,2025-05-04,Brighton,Newcastle,C Pawson
2425,E0,2025-05-04,Chelsea,Liverpool,S Hooper
2425,E0,2025-05-04,West Ham,Tottenham,M Oliver
2425,E0,2025-05-05,Crystal Palace,Nott'm Forest,A Madley
2425,E0,2025-05-10,Bournemouth,Aston Villa,S Attwell
2425,E0,2025-05-10,Fulham,Everton,M Salisbury
2425,E0,2025-05-10,Ipswich,Brentford,S Barrott
2425,E0,2025-05-10,Southampton,Man City,T Robinson
2425,E0,2025-05-10,Wolves,Brighton,M Oliver
2425,E0,2025-05-11,Liverpool,Arsenal,A Taylor
2425,E0,2025-05-11,Man United,West Ham,J Gillett
2425,E0,2025-05-11,Newcastle,Chelsea,J Brooks
2425,E0,2025-05-11,Nott'm Forest,Leicester,T Harrington
2425,E0,2025-05-11,Tottenham,Crystal Palace,C Kavanagh
2425,E0,2025-05-16,Aston Villa,Tottenham,P Bankes
2425,E0,2025-05-16,Chelsea,Man United,C Kavanagh
2425,E0,2025-05-18,Arsenal,Newcastle,S Hooper
2425,E0,2025-05-18,Brentford,Fulham,J Gillett
2425,E0,2025-05-18,Everton,Southampton,M Oliver
2425,E0,2025-05-18,Leicester,Ipswich,A Kitchen
2425,E0,2025-05-18,West Ham,Nott'm Forest,S Barrott
2425,E0,2025-05-19,Brighton,Liverpool,J Brooks
2425,E0,2025-05-20,Crystal Palace,Wolves,D Webb
2425,E0,2025-05-20,Man City,Bournemouth,T Bramall
2425,E0,2025-05-25,Bournemouth,Leicester,L Smith
2425,E0,2025-05-25,Fulham,Man City,A Madley
2425,E0,2025-05-25,Ipswich,West Ham,T Robinson
2425,E0,2025-05-25,Liverpool,Crystal Palace,D England
2425,E0,2025-05-25,Man United,Aston Villa,T Bramall
2425,E0,2025-05-25,Newcastle,Everton,T Harrington
2425,E0,2025-05-25,Nott'm Forest,Chelsea,A Taylor
2425,E0,2025-05-25,Southampton,Arsenal,D Bond
2425,E0,2025-05-25,Tottenham,Brighton,R Jones
2425,E0,2025-05-25,Wolves,Brentford,C Pawson
2425,E1,2024-08-09,Blackburn,Derby,J Smith
2425,E1,2024-08-09,Preston,Sheffield United,R Madley
2425,E1,2024-08-10,Cardiff,Sunderland,A Davies
2425,E1,2024-08-10,Hull,Bristol City,K Stroud
2425,E1,2024-08-10,Leeds,Portsmouth,O Langford
2425,E1,2024-08-10,Middlesbrough,Swansea,S Allison
2425,E1,2024-08-10,Millwall,Watford,J Busby
2425,E1,2024-08-10,Oxford,Norwich,A Kitchen
2425,E1,2024-08-10,QPR,West Brom,D Webb
2425,E1,2024-08-10,Stoke,Coventry,G Ward
2425,E1,2024-08-11,Sheffield Weds,Plymouth,L Smith
2425,E1,2024-08-12,Luton,Burnley,M Donohue
2425,E1,2024-08-16,Coventry,Oxford,D Coote
2425,E1,2024-08-17,Bristol City,Millwall,S Gill
2425,E1,2024-08-17,Burnley,Cardiff,M Salisbury
2425,E1,2024-08-17,Derby,Middlesbrough,R Madley
2425,E1,2024-08-17,Norwich,Blackburn,J Bell
2425,E1,2024-08-17,Plymouth,Hull,L Doughty
2425,E1,2024-08-17,Portsmouth,Luton,J Busby
2425,E1,2024-08-17,Sheffield United,QPR,A Backhouse
2425,E1,2024-08-17,Swansea,Preston,S Martin
2425,E1,2024-08-17,Watford,Stoke,T Nield
2425,E1,2024-08-17,West Brom,Leeds,S Allison
2425,E1,2024-08-18,Sunderland,Sheffield Weds,D Whitestone
2425,E1,2024-08-23,Sheffield Weds,Leeds,S Hooper
2425,E1,2024-08-24,Blackburn,Oxford,L Smith
2425,E1,2024-08-24,Bristol City,Coventry,A Kitchen
2425,E1,2024-08-24,Hull,Millwall,D Webb
2425,E1,2024-08-24,Middlesbrough,Portsmouth,M Donohue
2425,E1,2024-08-24,Norwich,Sheffield United,J Smith
2425,E1,2024-08-24,Preston,Luton,D Whitestone
2425,E1,2024-08-24,QPR,Plymouth,G Ward
2425,E1,2024-08-24,Stoke,West Brom,J Bell
2425,E1,2024-08-24,Sunderland,Burnley,S Martin
2425,E1,2024-08-24,Watford,Derby,G Eltringham
2425,E1,2024-08-25,Swansea,Cardiff,O Langford
2425,E1,2024-08-30,Luton,QPR,R Madley
2425,E1,2024-08-31,Burnley,Blackburn,T Harrington
2425,E1,2024-08-31,Cardiff,Middlesbrough,D Webb
2425,E1,2024-08-31,Coventry,Norwich,A Davies
2425,E1,2024-08-31,Derby,Bristol City,T Nield
2425,E1,2024-08-31,Leeds,Hull,G Ward
2425,E1,2024-08-31,Millwall,Sheffield Weds,L Doughty
2425,E1,2024-08-31,Oxford,Preston,K Stroud
2425,E1,2024-08-31,Plymouth,Stoke,O Langford
2425,E1,2024-08-31,Portsmouth,Sunderland,S Allison
2425,E1,2024-08-31,West Brom,Swansea,A Backhouse
2425,E1,2024-09-01,Sheffield United,Watford,A Kitchen
2425,E1,2024-09-13,Hull,Sheffield United,P Bankes
2425,E1,2024-09-14,Blackburn,Bristol City,S Martin
2425,E1,2024-09-14,Derby,Cardiff,M Donohue
2425,E1,2024-09-14,Leeds,Burnley,J Bell
2425,E1,2024-09-14,Middlesbrough,Preston,T Nield
2425,E1,2024-09-14,Millwall,Luton,J Smith
2425,E1,2024-09-14,Oxford,Stoke,D Whitestone
2425,E1,2024-09-14,Plymouth,Sunderland,J Brooks
2425,E1,2024-09-14,Sheffield Weds,QPR,O Langford
2425,E1,2024-09-14,Swansea,Norwich,J Busby
2425,E1,2024-09-14,Watford,Coventry,R Madley
2425,E1,2024-09-15,Portsmouth,West Brom,L Doughty
2425,E1,2024-09-20,Stoke,Hull,B Toner
2425,E1,2024-09-21,Bristol City,Oxford,W Finnie
2425,E1,2024-09-21,Burnley,Portsmouth,D Webb
2425,E1,2024-09-21,Cardiff,Leeds,J Smith
2425,E1,2024-09-21,Coventry,Swansea,J Linington
2425,E1,2024-09-21,Luton,Sheffield Weds,G Ward
2425,E1,2024-09-21,Norwich,Watford,A Backhouse
2425,E1,2024-09-21,QPR,Millwall,J Busby
2425,E1,2024-09-21,Sheffield United,Derby,A Madley
2425,E1,2024-09-21,Sunderland,Middlesbrough,S Hooper
2425,E1,2024-09-21,West Brom,Plymouth,A Kitchen
2425,E1,2024-09-22,Preston,Blackburn,M Donohue
2425,E1,2024-09-27,Plymouth,Luton,J Busby
2425,E1,2024-09-28,Blackburn,QPR,C Pawson
2425,E1,2024-09-28,Derby,Norwich,O Langford
2425,E1,2024-09-28,Hull,Cardiff,L Doughty
2425,E1,2024-09-28,Leeds,Coventry,G Ward
2425,E1,2024-09-28,Middlesbrough,Stoke,S Martin
2425,E1,2024-09-28,Millwall,Preston,D Bond
2425,E1,2024-09-28,Oxford,Burnley,J Linington
2425,E1,2024-09-28,Portsmouth,Sheffield United,M Donohue
2425,E1,2024-09-28,Sheffield Weds,West Brom,B Toner
2425,E1,2024-09-28,Watford,Sunderland,A Davies
2425,E1,2024-09-29,Swansea,Bristol City,A Kitchen
2425,E1,2024-10-01,Burnley,Plymouth,R Madley
2425,E1,2024-10-01,Cardiff,Millwall,G Ward
2425,E1,2024-10-01,Coventry,Blackburn,J Busby
2425,E1,2024-10-01,Luton,Oxford,J Bell
2425,E1,2024-10-01,Norwich,Leeds,S Martin
2425,E1,2024-10-01,QPR,Hull,T Kirk
2425,E1,2024-10-01,Sunderland,Derby,D Whitestone
2425,E1,2024-10-01,West Brom,Middlesbrough,D Webb
2425,E1,2024-10-02,Bristol City,Sheffield Weds,A Backhouse
2425,E1,2024-10-02,Preston,Watford,A Kitchen
2425,E1,2024-10-02,Sheffield United,Swansea,L Doughty
2425,E1,2024-10-02,Stoke,Portsmouth,T Nield
2425,E1,2024-10-04,Sunderland,Leeds,T Robinson
2425,E1,2024-10-05,Burnley,Preston,G Ward
2425,E1,2024-10-05,Coventry,Sheffield Weds,D Whitestone
2425,E1,2024-10-05,Derby,QPR,D Webb
2425,E1,2024-10-05,Norwich,Hull,T Nield
2425,E1,2024-10-05,Plymouth,Blackburn,J Linington
2425,E1,2024-10-05,Portsmouth,Oxford,L Smith
2425,E1,2024-10-05,Sheffield United,Luton,J Brooks
2425,E1,2024-10-05,Swansea,Stoke,A Davies
2425,E1,2024-10-05,Watford,Middlesbrough,M Donohue
2425,E1,2024-10-05,West Brom,Millwall,W Finnie
2425,E1,2024-10-06,Bristol City,Cardiff,R Madley
2425,E1,2024-10-18,Leeds,Sheffield United,L Smith
2425,E1,2024-10-19,Blackburn,Swansea,D Webb
2425,E1,2024-10-19,Cardiff,Plymouth,A Kitchen
2425,E1,2024-10-19,Luton,Watford,S Martin
2425,E1,2024-10-19,Middlesbrough,Bristol City,S Allison
2425,E1,2024-10-19,Millwall,Derby,S Attwell
2425,E1,2024-10-19,Oxford,West Brom,L Doughty
2425,E1,2024-10-19,Preston,Coventry,J Smith
2425,E1,2024-10-19,QPR,Portsmouth,J Linington
2425,E1,2024-10-19,Sheffield Weds,Burnley,M Salisbury
2425,E1,2024-10-19,Stoke,Norwich,A Backhouse
2425,E1,2024-10-20,Hull,Sunderland,R Madley
2425,E1,2024-10-22,Cardiff,Portsmouth,O Langford
2425,E1,2024-10-22,Leeds,Watford,A Backhouse
2425,E1,2024-10-22,Oxford,Derby,G Ward
2425,E1,2024-10-22,Preston,Norwich,W Finnie
2425,E1,2024-10-22,QPR,Coventry,J Bell
2425,E1,2024-10-22,Sheffield Weds,Swansea,M Donohue
2425,E1,2024-10-22,Stoke,Bristol City,D Webb
2425,E1,2024-10-23,Blackburn,West Brom,J Busby
2425,E1,2024-10-23,Hull,Burnley,D Whitestone
2425,E1,2024-10-23,Luton,Sunderland,T Nield
2425,E1,2024-10-23,Middlesbrough,Sheffield United,A Davies
2425,E1,2024-10-23,Millwall,Plymouth,S Allison
2425,E1,2024-10-25,Portsmouth,Sheffield Weds,T Robinson
2425,E1,2024-10-26,Bristol City,Leeds,J Linington
2425,E1,2024-10-26,Burnley,QPR,A Kitchen
2425,E1,2024-10-26,Coventry,Luton,R Madley
2425,E1,2024-10-26,Derby,Hull,T Nield
2425,E1,2024-10-26,Plymouth,Preston,A Davies
2425,E1,2024-10-26,Sheffield United,Stoke,B Toner
2425,E1,2024-10-26,Sunderland,Oxford,O Langford
2425,E1,2024-10-26,Swansea,Millwall,J Busby
2425,E1,2024-10-26,Watford,Blackburn,D England
2425,E1,2024-10-26,West Brom,Cardiff,J Smith
2425,E1,2024-10-27,Norwich,Middlesbrough,J Bell
2425,E1,2024-11-01,Luton,West Brom,D Whitestone
2425,E1,2024-11-02,Blackburn,Sheffield United,O Langford
2425,E1,2024-11-02,Cardiff,Norwich,L Smith
2425,E1,2024-11-02,Hull,Portsmouth,A Backhouse
2425,E1,2024-11-02,Leeds,Plymouth,D Webb
2425,E1,2024-11-02,Middlesbrough,Coventry,T Bramall
2425,E1,2024-11-02,Oxford,Swansea,M Salisbury
2425,E1,2024-11-02,Preston,Bristol City,G Eltringham
2425,E1,2024-11-02,QPR,Sunderland,B Toner
2425,E1,2024-11-02,Sheffield Weds,Watford,S Allison
2425,E1,2024-11-02,Stoke,Derby,J Smith
2425,E1,2024-11-03,Millwall,Burnley,G Ward
2425,E1,2024-11-05,Bristol City,Sheffield United,J Busby
2425,E1,2024-11-05,Oxford,Hull,W Finnie
2425,E1,2024-11-05,Plymouth,Portsmouth,J Bell
2425,E1,2024-11-05,QPR,Middlesbrough,O Langford
2425,E1,2024-11-05,Sheffield Weds,Norwich,S Martin
2425,E1,2024-11-05,Swansea,Watford,J Smith
2425,E1,2024-11-06,Blackburn,Stoke,A Davies
2425,E1,2024-11-06,Coventry,Derby,J Linington
2425,E1,2024-11-06,Luton,Cardiff,M Donohue
2425,E1,2024-11-06,Millwall,Leeds,L Doughty
2425,E1,2024-11-06,Preston,Sunderland,L Smith
2425,E1,2024-11-07,West Brom,Burnley,T Nield
2425,E1,2024-11-08,Watford,Oxford,A Backhouse
2425,E1,2024-11-09,Cardiff,Blackburn,G Ward
2425,E1,2024-11-09,Derby,Plymouth,S Hooper
2425,E1,2024-11-09,Leeds,QPR,M Donohue
2425,E1,2024-11-09,Middlesbrough,Luton,T Harrington
2425,E1,2024-11-09,Norwich,Bristol City,F Hallam
2425,E1,2024-11-09,Portsmouth,Preston,J Busby
2425,E1,2024-11-09,Stoke,Millwall,J Bell
2425,E1,2024-11-09,Sunderland,Coventry,L Doughty
2425,E1,2024-11-10,Burnley,Swansea,D Webb
2425,E1,2024-11-10,Hull,West Brom,A Kitchen
2425,E1,2024-11-10,Sheffield United,Sheffield Weds,L Smith
2425,E1,2024-11-22,Plymouth,Watford,A Davies
2425,E1,2024-11-23,Bristol City,Burnley,R Madley
2425,E1,2024-11-23,Coventry,Sheffield United,D Bond
2425,E1,2024-11-23,Luton,Hull,T Bramall
2425,E1,2024-11-23,Millwall,Sunderland,J Busby
2425,E1,2024-11-23,Oxford,Middlesbrough,J Smith
2425,E1,2024-11-23,Preston,Derby,D Webb
2425,E1,2024-11-23,QPR,Stoke,G Ward
2425,E1,2024-11-23,Sheffield Weds,Cardiff,A Kitchen
2425,E1,2024-11-23,West Brom,Norwich,L Smith
2425,E1,2024-11-24,Swansea,Leeds,D Whitestone
2425,E1,2024-11-26,Burnley,Coventry,A Backhouse
2425,E1,2024-11-26,Hull,Sheffield Weds,O Langford
2425,E1,2024-11-26,Norwich,Plymouth,S Gill
2425,E1,2024-11-26,Sheffield United,Oxford,L Doughty
2425,E1,2024-11-26,Stoke,Preston,M Donohue
2425,E1,2024-11-26,Sunderland,West Brom,R Madley
2425,E1,2024-11-26,Watford,Bristol City,J Linington
2425,E1,2024-11-27,Cardiff,QPR,S Martin
2425,E1,2024-11-27,Derby,Swansea,B Toner
2425,E1,2024-11-27,Leeds,Luton,S Allison
2425,E1,2024-11-27,Middlesbrough,Blackburn,J Bell
2425,E1,2024-11-29,Sheffield United,Sunderland,G Ward
2425,E1,2024-11-30,Blackburn,Leeds,L Smith
2425,E1,2024-11-30,Bristol City,Plymouth,T Robinson
2425,E1,2024-11-30,Coventry,Cardiff,J Bell
2425,E1,2024-11-30,Middlesbrough,Hull,A Martin
2425,E1,2024-11-30,Norwich,Luton,J Smith
2425,E1,2024-11-30,Oxford,Millwall,A Backhouse
2425,E1,2024-11-30,Preston,West Brom,T Bramall
2425,E1,2024-11-30,Stoke,Burnley,O Langford
2425,E1,2024-11-30,Swansea,Portsmouth,W Finnie
2425,E1,2024-11-30,Watford,QPR,A Kitchen
2425,E1,2024-12-01,Derby,Sheffield Weds,J Busby
2425,E1,2024-12-06,Burnley,Middlesbrough,A Kitchen
2425,E1,2024-12-07,Hull,Blackburn,T Kirk
2425,E1,2024-12-07,Leeds,Derby,M Donohue
2425,E1,2024-12-07,Luton,Swansea,J Bell
2425,E1,2024-12-07,Millwall,Coventry,T Bramall
2425,E1,2024-12-07,Portsmouth,Bristol City,S Gill
2425,E1,2024-12-07,QPR,Norwich,A Backhouse
2425,E1,2024-12-07,Sheffield Weds,Preston,R Madley
2425,E1,2024-12-07,Sunderland,Stoke,C Pawson
2425,E1,2024-12-08,West Brom,Sheffield United,D Webb
2425,E1,2024-12-10,Burnley,Derby,A Davies
2425,E1,2024-12-10,Leeds,Middlesbrough,B Toner
2425,E1,2024-12-10,Luton,Stoke,T Nield
2425,E1,2024-12-10,Plymouth,Swansea,S Martin
2425,E1,2024-12-10,Portsmouth,Norwich,A Kitchen
2425,E1,2024-12-10,Sheffield Weds,Blackburn,J Smith
2425,E1,2024-12-10,Sunderland,Bristol City,D Whitestone
2425,E1,2024-12-11,Cardiff,Preston,J Linington
2425,E1,2024-12-11,Hull,Watford,L Doughty
2425,E1,2024-12-11,Millwall,Sheffield United,M Donohue
2425,E1,2024-12-11,QPR,Oxford,A Herczeg
2425,E1,2024-12-11,West Brom,Coventry,J Busby
2425,E1,2024-12-13,Derby,Portsmouth,O Langford
2425,E1,2024-12-14,Blackburn,Luton,M Salisbury
2425,E1,2024-12-14,Bristol City,QPR,L Smith
2425,E1,2024-12-14,Coventry,Hull,R Madley
2425,E1,2024-12-14,Middlesbrough,Millwall,G Eltringham
2425,E1,2024-12-14,Oxford,Sheffield Weds,S Martin
2425,E1,2024-12-14,Preston,Leeds,J Busby
2425,E1,2024-12-14,Sheffield United,Plymouth,F Hallam
2425,E1,2024-12-14,Stoke,Cardiff,J Smith
2425,E1,2024-12-14,Swansea,Sunderland,A Davies
2425,E1,2024-12-15,Norwich,Burnley,A Madley
2425,E1,2024-12-15,Watford,West Brom,G Ward
2425,E1,2024-12-20,Luton,Derby,A Kitchen
2425,E1,2024-12-21,Burnley,Watford,J Linington
2425,E1,2024-12-21,Cardiff,Sheffield United,D Bond
2425,E1,2024-12-21,Hull,Swansea,T Bramall
2425,E1,2024-12-21,Leeds,Oxford,J Bell
2425,E1,2024-12-21,Millwall,Blackburn,D Webb
2425,E1,2024-12-21,Plymouth,Middlesbrough,W Finnie
2425,E1,2024-12-21,Portsmouth,Coventry,D Whitestone
2425,E1,2024-12-21,QPR,Preston,M Donohue
2425,E1,2024-12-21,Sheffield Weds,Stoke,S Allison
2425,E1,2024-12-21,Sunderland,Norwich,L Doughty
2425,E1,2024-12-22,West Brom,Bristol City,T Kirk
2425,E1,2024-12-26,Blackburn,Sunderland,R Madley
2425,E1,2024-12-26,Bristol City,Luton,P Bankes
2425,E1,2024-12-26,Coventry,Plymouth,A Herczeg
2425,E1,2024-12-26,Derby,West Brom,J Gillett
2425,E1,2024-12-26,Middlesbrough,Sheffield Weds,A Backhouse
2425,E1,2024-12-26,Norwich,Millwall,T Nield
2425,E1,2024-12-26,Oxford,Cardiff,G Ward
2425,E1,2024-12-26,Preston,Hull,J Smith
2425,E1,2024-12-26,Sheffield United,Burnley,O Langford
2425,E1,2024-12-26,Stoke,Leeds,S Martin
2425,E1,2024-12-26,Swansea,QPR,B Toner
2425,E1,2024-12-26,Watford,Portsmouth,G Eltringham
2425,E1,2024-12-29,Blackburn,Hull,D Whitestone
2425,E1,2024-12-29,Bristol City,Portsmouth,J Busby
2425,E1,2024-12-29,Coventry,Millwall,A Kitchen
2425,E1,2024-12-29,Derby,Leeds,A Davies
2425,E1,2024-12-29,Middlesbrough,Burnley,J Smith
2425,E1,2024-12-29,Norwich,QPR,S Barrott
2425,E1,2024-12-29,Oxford,Plymouth,D Webb
2425,E1,2024-12-29,Preston,Sheffield Weds,S Gill
2425,E1,2024-12-29,Sheffield United,West Brom,S Attwell
2425,E1,2024-12-29,Stoke,Sunderland,J Bell
2425,E1,2024-12-29,Swansea,Luton,F Hallam
2425,E1,2024-12-29,Watford,Cardiff,S Allison
2425,E1,2025-01-01,Burnley,Stoke,G Ward
2425,E1,2025-01-01,Cardiff,Coventry,G Eltringham
2425,E1,2025-01-01,Hull,Middlesbrough,L Doughty
2425,E1,2025-01-01,Leeds,Blackburn,O Langford
2425,E1,2025-01-01,Luton,Norwich,J Gillett
2425,E1,2025-01-01,Millwall,Oxford,R Ricardo
2425,E1,2025-01-01,Plymouth,Bristol City,T Robinson
2425,E1,2025-01-01,Portsmouth,Swansea,J Linington
2425,E1,2025-01-01,QPR,Watford,S Martin
2425,E1,2025-01-01,Sheffield Weds,Derby,L Smith
2425,E1,2025-01-01,Sunderland,Sheffield United,M Donohue
2425,E1,2025-01-01,West Brom,Preston,R Madley
2425,E1,2025-01-04,Blackburn,Burnley,A Kitchen
2425,E1,2025-01-04,Bristol City,Derby,W Finnie
2425,E1,2025-01-04,Hull,Leeds,A Backhouse
2425,E1,2025-01-04,Middlesbrough,Cardiff,T Nield
2425,E1,2025-01-04,Norwich,Coventry,J Bell
2425,E1,2025-01-04,Preston,Oxford,B Toner
2425,E1,2025-01-04,Sheffield Weds,Millwall,R Jones
2425,E1,2025-01-04,Stoke,Plymouth,D Whitestone
2425,E1,2025-01-04,Swansea,West Brom,S Allison
2425,E1,2025-01-04,Watford,Sheffield United,D Webb
2425,E1,2025-01-05,Sunderland,Portsmouth,T Bramall
2425,E1,2025-01-06,QPR,Luton,A Davies
2425,E1,2025-01-14,Cardiff,Watford,O Langford
2425,E1,2025-01-14,Plymouth,Oxford,S Allison
2425,E1,2025-01-15,Blackburn,Portsmouth,F Hallam
2425,E1,2025-01-17,Burnley,Sunderland,A Backhouse
2425,E1,2025-01-18,Cardiff,Swansea,J Bell
2425,E1,2025-01-18,Coventry,Bristol City,R Madley
2425,E1,2025-01-18,Derby,Watford,A Herczeg
2425,E1,2025-01-18,Luton,Preston,T Robinson
2425,E1,2025-01-18,Millwall,Hull,S Martin
2425,E1,2025-01-18,Oxford,Blackburn,W Finnie
2425,E1,2025-01-18,Plymouth,QPR,D Bond
2425,E1,2025-01-18,Portsmouth,Middlesbrough,G Ward
2425,E1,2025-01-18,Sheffield United,Norwich,J Smith
2425,E1,2025-01-18,West Brom,Stoke,J Linington
2425,E1,2025-01-19,Leeds,Sheffield Weds,D Webb
2425,E1,2025-01-21,Blackburn,Coventry,O Langford
2425,E1,2025-01-21,Derby,Sunderland,S Allison
2425,E1,2025-01-21,Hull,QPR,B Speedie
2425,E1,2025-01-21,Middlesbrough,West Brom,A Kitchen
2425,E1,2025-01-21,Millwall,Cardiff,D Webb
2425,E1,2025-01-21,Oxford,Luton,S Martin
2425,E1,2025-01-21,Swansea,Sheffield United,D Whitestone
2425,E1,2025-01-21,Watford,Preston,T Nield
2425,E1,2025-01-22,Leeds,Norwich,M Donohue
2425,E1,2025-01-22,Plymouth,Burnley,J Busby
2425,E1,2025-01-22,Portsmouth,Stoke,J Smith
2425,E1,2025-01-22,Sheffield Weds,Bristol City,J Linington
2425,E1,2025-01-24,Sheffield United,Hull,A Kitchen
2425,E1,2025-01-25,Bristol City,Blackburn,M Donohue
2425,E1,2025-01-25,Cardiff,Derby,D Whitestone
2425,E1,2025-01-25,Coventry,Watford,M Coy
2425,E1,2025-01-25,Luton,Millwall,G Ward
2425,E1,2025-01-25,Norwich,Swansea,T Bramall
2425,E1,2025-01-25,Preston,Middlesbrough,J Busby
2425,E1,2025-01-25,QPR,Sheffield Weds,S Allison
2425,E1,2025-01-25,Stoke,Oxford,F Hallam
2425,E1,2025-01-25,Sunderland,Plymouth,O Langford
2425,E1,2025-01-25,West Brom,Portsmouth,J Gillett
2425,E1,2025-01-27,Burnley,Leeds,J Smith
2425,E1,2025-01-28,Portsmouth,Millwall,D Whitestone
2425,E1,2025-01-31,Blackburn,Preston,J Smith
2425,E1,2025-02-01,Derby,Sheffield United,T Nield
2425,E1,2025-02-01,Hull,Stoke,W Finnie
2425,E1,2025-02-01,Leeds,Cardiff,M Salisbury
2425,E1,2025-02-01,Millwall,QPR,J Busby
2425,E1,2025-02-01,Oxford,Bristol City,O Langford
2425,E1,2025-02-01,Plymouth,West Brom,D Whitestone
2425,E1,2025-02-01,Portsmouth,Burnley,D Webb
2425,E1,2025-02-01,Sheffield Weds,Luton,B Toner
2425,E1,2025-02-01,Swansea,Coventry,S Allison
2425,E1,2025-02-01,Watford,Norwich,L Smith
2425,E1,2025-02-03,Middlesbrough,Sunderland,S Martin
2425,E1,2025-02-04,Burnley,Oxford,J Bell
2425,E1,2025-02-04,QPR,Blackburn,J Linington
2425,E1,2025-02-05,Coventry,Leeds,D Whitestone
2425,E1,2025-02-08,Norwich,Derby,R Ricardo
2425,E1,2025-02-08,Sheffield United,Portsmouth,O Langford
2425,E1,2025-02-08,Sunderland,Watford,R Jones
2425,E1,2025-02-08,West Brom,Sheffield Weds,T Nield
2425,E1,2025-02-09,Bristol City,Swansea,J Busby
2425,E1,2025-02-11,Coventry,QPR,W Finnie
2425,E1,2025-02-11,Derby,Oxford,S Martin
2425,E1,2025-02-11,Norwich,Preston,G Ward
2425,E1,2025-02-11,Portsmouth,Cardiff,T Nield
2425,E1,2025-02-11,Watford,Leeds,O Langford
2425,E1,2025-02-12,Bristol City,Stoke,J Bell
2425,E1,2025-02-12,Burnley,Hull,S Allison
2425,E1,2025-02-12,Plymouth,Millwall,J Simpson
2425,E1,2025-02-12,Sheffield United,Middlesbrough,M Donohue
2425,E1,2025-02-12,Sunderland,Luton,J Busby
2425,E1,2025-02-12,Swansea,Sheffield Weds,E Bell
2425,E1,2025-02-12,West Brom,Blackburn,D Webb
2425,E1,2025-02-14,QPR,Derby,D Webb
2425,E1,2025-02-15,Blackburn,Plymouth,S Allison
2425,E1,2025-02-15,Cardiff,Bristol City,T Harrington
2425,E1,2025-02-15,Hull,Norwich,B Toner
2425,E1,2025-02-15,Luton,Sheffield United,L Smith
2425,E1,2025-02-15,Middlesbrough,Watford,A Herczeg
2425,E1,2025-02-15,Millwall,West Brom,J Bell
2425,E1,2025-02-15,Oxford,Portsmouth,A Backhouse
2425,E1,2025-02-15,Preston,Burnley,A Kitchen
2425,E1,2025-02-15,Sheffield Weds,Coventry,J Smith
2425,E1,2025-02-15,Stoke,Swansea,D Whitestone
2425,E1,2025-02-17,Leeds,Sunderland,S Attwell
2425,E1,2025-02-18,Preston,Millwall,M Donohue
2425,E1,2025-02-19,Luton,Plymouth,D Whitestone
2425,E1,2025-02-21,Bristol City,Middlesbrough,T Nield
2425,E1,2025-02-21,Burnley,Sheffield Weds,S Martin
2425,E1,2025-02-22,Coventry,Preston,O Langford
2425,E1,2025-02-22,Derby,Millwall,E Bell
2425,E1,2025-02-22,Norwich,Stoke,J Busby
2425,E1,2025-02-22,Plymouth,Cardiff,J Bell
2425,E1,2025-02-22,Portsmouth,QPR,T Bramall
2425,E1,2025-02-22,Sunderland,Hull,F Hallam
2425,E1,2025-02-22,Swansea,Blackburn,G Ward
2425,E1,2025-02-22,West Brom,Oxford,S Allison
2425,E1,2025-02-23,Watford,Luton,A Kitchen
2425,E1,2025-02-24,Sheffield United,Leeds,D Webb
2425,E1,2025-02-25,Cardiff,Hull,T Kirk
2425,E1,2025-02-25,Stoke,Middlesbrough,A Davies
2425,E1,2025-02-28,Sheffield Weds,Sunderland,W Finnie
2425,E1,2025-03-01,Blackburn,Norwich,L Doughty
2425,E1,2025-03-01,Leeds,West Brom,F Hallam
2425,E1,2025-03-01,Luton,Portsmouth,S Allison
2425,E1,2025-03-01,Middlesbrough,Derby,G Ward
2425,E1,2025-03-01,Oxford,Coventry,J Simpson
2425,E1,2025-03-01,QPR,Sheffield United,T Kirk
2425,E1,2025-03-01,Stoke,Watford,T Nield
2425,E1,2025-03-04,Cardiff,Burnley,J Linington
2425,E1,2025-03-04,Hull,Plymouth,A Davies
2425,E1,2025-03-04,Millwall,Bristol City,M Donohue
2425,E1,2025-03-04,Preston,Swansea,S Martin
2425,E1,2025-03-07,Norwich,Oxford,J Bell
2425,E1,2025-03-08,Bristol City,Hull,J Linington
2425,E1,2025-03-08,Burnley,Luton,T Nield
2425,E1,2025-03-08,Coventry,Stoke,D Webb
2425,E1,2025-03-08,Derby,Blackburn,A Kitchen
2425,E1,2025-03-08,Plymouth,Sheffield Weds,O Langford
2425,E1,2025-03-08,Sheffield United,Preston,J Busby
2425,E1,2025-03-08,Sunderland,Cardiff,D Bond
2425,E1,2025-03-08,Swansea,Middlesbrough,R Ricardo
2425,E1,2025-03-08,Watford,Millwall,G Ward
2425,E1,2025-03-08,West Brom,QPR,A Herczeg
2425,E1,2025-03-09,Portsmouth,Leeds,R Jones
2425,E1,2025-03-11,Burnley,West Brom,G Ward
2425,E1,2025-03-11,Cardiff,Luton,A Davies
2425,E1,2025-03-11,Derby,Coventry,S Allison
2425,E1,2025-03-11,Middlesbrough,QPR,D Webb
2425,E1,2025-03-11,Norwich,Sheffield Weds,B Speedie
2425,E1,2025-03-11,Sheffield United,Bristol City,S Martin
2425,E1,2025-03-11,Sunderland,Preston,L Smith
2425,E1,2025-03-12,Hull,Oxford,J Smith
2425,E1,2025-03-12,Leeds,Millwall,D Whitestone
2425,E1,2025-03-12,Portsmouth,Plymouth,M Donohue
2425,E1,2025-03-12,Stoke,Blackburn,F Hallam
2425,E1,2025-03-12,Watford,Swansea,J Simpson
2425,E1,2025-03-14,Bristol City,Norwich,S Allison
2425,E1,2025-03-15,Blackburn,Cardiff,A Herczeg
2425,E1,2025-03-15,Coventry,Sunderland,D Whitestone
2425,E1,2025-03-15,Luton,Middlesbrough,F Hallam
2425,E1,2025-03-15,Millwall,Stoke,A Davies
2425,E1,2025-03-15,Oxford,Watford,R Madley
2425,E1,2025-03-15,Plymouth,Derby,J Busby
2425,E1,2025-03-15,Preston,Portsmouth,T Harrington
2425,E1,2025-03-15,QPR,Leeds,T Robinson
2425,E1,2025-03-15,Swansea,Burnley,O Langford
2425,E1,2025-03-15,West Brom,Hull,J Simpson
2425,E1,2025-03-16,Sheffield Weds,Sheffield United,A Kitchen
2425,E1,2025-03-28,Sheffield United,Coventry,O Langford
2425,E1,2025-03-29,Burnley,Bristol City,A Kitchen
2425,E1,2025-03-29,Cardiff,Sheffield Weds,S Allison
2425,E1,2025-03-29,Hull,Luton,D Bond
2425,E1,2025-03-29,Leeds,Swansea,B Toner
2425,E1,2025-03-29,Middlesbrough,Oxford,M Donohue
2425,E1,2025-03-29,Norwich,West Brom,D Webb
2425,E1,2025-03-29,Portsmouth,Blackburn,J Simpson
2425,E1,2025-03-29,Stoke,QPR,T Harrington
2425,E1,2025-03-29,Sunderland,Millwall,R Madley
2425,E1,2025-03-29,Watford,Plymouth,R Ricardo
2425,E1,2025-04-02,Derby,Preston,S Martin
2425,E1,2025-04-04,Blackburn,Middlesbrough,J Busby
2425,E1,2025-04-05,Bristol City,Watford,D Bond
2425,E1,2025-04-05,Coventry,Burnley,J Bell
2425,E1,2025-04-05,Luton,Leeds,T Bramall
2425,E1,2025-04-05,Millwall,Portsmouth,B Toner
2425,E1,2025-04-05,Oxford,Sheffield United,J Linington
2425,E1,2025-04-05,Plymouth,Norwich,G Ward
2425,E1,2025-04-05,Preston,Stoke,F Hallam
2425,E1,2025-04-05,QPR,Cardiff,D Whitestone
2425,E1,2025-04-05,Sheffield Weds,Hull,O Langford
2425,E1,2025-04-05,Swansea,Derby,A Davies
2425,E1,2025-04-05,West Brom,Sunderland,T Nield
2425,E1,2025-04-08,Blackburn,Sheffield Weds,W Finnie
2425,E1,2025-04-08,Bristol City,West Brom,M Donohue
2425,E1,2025-04-08,Derby,Burnley,R Madley
2425,E1,2025-04-08,Middlesbrough,Leeds,A Kitchen
2425,E1,2025-04-08,Norwich,Sunderland,J Simpson
2425,E1,2025-04-08,Preston,Cardiff,D Webb
2425,E1,2025-04-08,Sheffield United,Millwall,S Allison
2425,E1,2025-04-08,Stoke,Luton,D Whitestone
2425,E1,2025-04-08,Watford,Hull,J Bell
2425,E1,2025-04-09,Coventry,Portsmouth,G Ward
2425,E1,2025-04-09,Oxford,QPR,E Bell
2425,E1,2025-04-09,Swansea,Plymouth,S Martin
2425,E1,2025-04-11,Burnley,Norwich,T Harrington
2425,E1,2025-04-12,Cardiff,Stoke,M Salisbury
2425,E1,2025-04-12,Leeds,Preston,J Busby
2425,E1,2025-04-12,Luton,Blackburn,D Webb
2425,E1,2025-04-12,Millwall,Middlesbrough,T Nield
2425,E1,2025-04-12,Plymouth,Sheffield United,O Langford
2425,E1,2025-04-12,Portsmouth,Derby,R Ricardo
2425,E1,2025-04-12,QPR,Bristol City,L Doughty
2425,E1,2025-04-12,Sheffield Weds,Oxford,A Davies
2425,E1,2025-04-12,Sunderland,Swansea,F Hallam
2425,E1,2025-04-12,West Brom,Watford,R Madley
2425,E1,2025-04-14,Hull,Coventry,A Kitchen
2425,E1,2025-04-18,Blackburn,Millwall,L Smith
2425,E1,2025-04-18,Bristol City,Sunderland,O Langford
2425,E1,2025-04-18,Coventry,West Brom,C Pawson
2425,E1,2025-04-18,Derby,Luton,J Linington
2425,E1,2025-04-18,Middlesbrough,Plymouth,A Backhouse
2425,E1,2025-04-18,Norwich,Portsmouth,T Kirk
2425,E1,2025-04-18,Oxford,Leeds,D Whitestone
2425,E1,2025-04-18,Preston,QPR,J Simpson
2425,E1,2025-04-18,Sheffield United,Cardiff,T Harrington
2425,E1,2025-04-18,Stoke,Sheffield Weds,S Martin
2425,E1,2025-04-18,Swansea,Hull,B Toner
2425,E1,2025-04-18,Watford,Burnley,M Donohue
2425,E1,2025-04-21,Burnley,Sheffield United,D Webb
2425,E1,2025-04-21,Cardiff,Oxford,F Hallam
2425,E1,2025-04-21,Hull,Preston,T Bramall
2425,E1,2025-04-21,Leeds,Stoke,D Bond
2425,E1,2025-04-21,Luton,Bristol City,J Busby
2425,E1,2025-04-21,Millwall,Norwich,E Bell
2425,E1,2025-04-21,Plymouth,Coventry,A Davies
2425,E1,2025-04-21,Portsmouth,Watford,S Allison
2425,E1,2025-04-21,QPR,Swansea,T Nield
2425,E1,2025-04-21,Sheffield Weds,Middlesbrough,R Madley
2425,E1,2025-04-21,Sunderland,Blackburn,J Bell
2425,E1,2025-04-21,West Brom,Derby,G Ward
2425,E1,2025-04-25,Stoke,Sheffield United,J Gillett
2425,E1,2025-04-26,Blackburn,Watford,E Bell
2425,E1,2025-04-26,Cardiff,West Brom,A Kitchen
2425,E1,2025-04-26,Hull,Derby,S Martin
2425,E1,2025-04-26,Luton,Coventry,O Langford
2425,E1,2025-04-26,Middlesbrough,Norwich,D Whitestone
2425,E1,2025-04-26,Millwall,Swansea,B Speedie
2425,E1,2025-04-26,Oxford,Sunderland,T Robinson
2425,E1,2025-04-26,Preston,Plymouth,M Donohue
2425,E1,2025-04-26,QPR,Burnley,J Linington
2425,E1,2025-04-26,Sheffield Weds,Portsmouth,L Doughty
2425,E1,2025-04-28,Leeds,Bristol City,J Bell
2425,E1,2025-05-03,Bristol City,Preston,J Linington
2425,E1,2025-05-03,Burnley,Millwall,A Kitchen
2425,E1,2025-05-03,Coventry,Middlesbrough,S Attwell
2425,E1,2025-05-03,Derby,Stoke,O Langford
2425,E1,2025-05-03,Norwich,Cardiff,W Finnie
2425,E1,2025-05-03,Plymouth,Leeds,J Simpson
2425,E1,2025-05-03,Portsmouth,Hull,J Busby
2425,E1,2025-05-03,Sheffield United,Blackburn,F Hallam
2425,E1,2025-05-03,Sunderland,QPR,A Backhouse
2425,E1,2025-05-03,Swansea,Oxford,J Bell
2425,E1,2025-05-03,Watford,Sheffield Weds,S Martin
2425,E1,2025-05-03,West Brom,Luton,D Bond
2425,E2,2024-08-09,Barnsley,Mansfield,B Toner
2425,E2,2024-08-10,Birmingham,Reading,W Finnie
2425,E2,2024-08-10,Bristol Rvs,Northampton,A Chilowicz
2425,E2,2024-08-10,Burton,Lincoln,E Duckworth
2425,E2,2024-08-10,Crawley Town,Blackpool,S Purkiss
2425,E2,2024-08-10,Exeter,Rotherham,P Howard
2425,E2,2024-08-10,Leyton Orient,Bolton,C Breakspear
2425,E2,2024-08-10,Peterboro,Huddersfield,S Gill
2425,E2,2024-08-10,Stevenage,Shrewsbury,T Kirk
2425,E2,2024-08-10,Stockport,Cambridge,S Stockbridge
2425,E2,2024-08-10,Wigan,Charlton,A Herczeg
2425,E2,2024-08-10,Wrexham,Wycombe,O Yates
2425,E2,2024-08-17,Blackpool,Stockport,S Mather
2425,E2,2024-08-17,Cambridge,Crawley Town,D Rock
2425,E2,2024-08-17,Charlton,Leyton Orient,E Duckworth
2425,E2,2024-08-17,Huddersfield,Stevenage,A Davies
2425,E2,2024-08-17,Lincoln,Barnsley,M Coy
2425,E2,2024-08-17,Mansfield,Burton,S Purkiss
2425,E2,2024-08-17,Northampton,Exeter,C Brook
2425,E2,2024-08-17,Reading,Wigan,J Smith
2425,E2,2024-08-17,Rotherham,Bristol Rvs,N Hair
2425,E2,2024-08-17,Shrewsbury,Peterboro,B Toner
2425,E2,2024-08-17,Wycombe,Birmingham,L Smith
2425,E2,2024-08-18,Bolton,Wrexham,B Speedie
2425,E2,2024-08-24,Barnsley,Northampton,D Drysdale
2425,E2,2024-08-24,Burton,Stevenage,C Breakspear
2425,E2,2024-08-24,Cambridge,Blackpool,J Miles
2425,E2,2024-08-24,Charlton,Bolton,L Swabey
2425,E2,2024-08-24,Exeter,Peterboro,W Finnie
2425,E2,2024-08-24,Huddersfield,Shrewsbury,T Reeves
2425,E2,2024-08-24,Leyton Orient,Birmingham,A Backhouse
2425,E2,2024-08-24,Lincoln,Mansfield,S Stockbridge
2425,E2,2024-08-24,Stockport,Bristol Rvs,P Howard
2425,E2,2024-08-24,Wigan,Crawley Town,K Stroud
2425,E2,2024-08-24,Wrexham,Reading,R Joyce
2425,E2,2024-08-24,Wycombe,Rotherham,C Brook
2425,E2,2024-08-31,Birmingham,Wigan,S Gill
2425,E2,2024-08-31,Blackpool,Wycombe,D Drysdale
2425,E2,2024-08-31,Bolton,Exeter,B Toner
2425,E2,2024-08-31,Bristol Rvs,Cambridge,C Hicks
2425,E2,2024-08-31,Crawley Town,Barnsley,L Swabey
2425,E2,2024-08-31,Mansfield,Stockport,S Oldham
2425,E2,2024-08-31,Northampton,Burton,B Atkinson
2425,E2,2024-08-31,Peterboro,Wrexham,C Brook
2425,E2,2024-08-31,Reading,Charlton,T Kirk
2425,E2,2024-08-31,Rotherham,Huddersfield,S Stockbridge
2425,E2,2024-08-31,Shrewsbury,Leyton Orient,M Coy
2425,E2,2024-08-31,Stevenage,Lincoln,D Rock
2425,E2,2024-09-07,Barnsley,Bristol Rvs,E Duckworth
2425,E2,2024-09-07,Charlton,Rotherham,S Mather
2425,E2,2024-09-07,Wrexham,Shrewsbury,A Chilowicz
2425,E2,2024-09-14,Blackpool,Exeter,R Joyce
2425,E2,2024-09-14,Bolton,Huddersfield,A Chilowicz
2425,E2,2024-09-14,Bristol Rvs,Wigan,S Jackson
2425,E2,2024-09-14,Crawley Town,Stockport,J Linington
2425,E2,2024-09-14,Mansfield,Cambridge,M Coy
2425,E2,2024-09-14,Northampton,Wycombe,A Herczeg
2425,E2,2024-09-14,Peterboro,Lincoln,T Reeves
2425,E2,2024-09-14,Reading,Leyton Orient,D Bourne
2425,E2,2024-09-14,Rotherham,Burton,B Speedie
2425,E2,2024-09-14,Shrewsbury,Charlton,S Stockbridge
2425,E2,2024-09-14,Stevenage,Barnsley,J Miles
2425,E2,2024-09-16,Birmingham,Wrexham,S Oldham
2425,E2,2024-09-21,Bolton,Reading,S Stockbridge
2425,E2,2024-09-21,Burton,Barnsley,D Whitestone
2425,E2,2024-09-21,Charlton,Blackpool,C Breakspear
2425,E2,2024-09-21,Exeter,Stevenage,N Hair
2425,E2,2024-09-21,Huddersfield,Northampton,S Gill
2425,E2,2024-09-21,Lincoln,Wigan,C Hicks
2425,E2,2024-09-21,Mansfield,Shrewsbury,L Smith
2425,E2,2024-09-21,Peterboro,Bristol Rvs,F Hallam
2425,E2,2024-09-21,Rotherham,Birmingham,E Duckworth
2425,E2,2024-09-21,Stockport,Leyton Orient,A Herczeg
2425,E2,2024-09-21,Wrexham,Crawley Town,M Coy
2425,E2,2024-09-21,Wycombe,Cambridge,S Oldham
2425,E2,2024-09-24,Huddersfield,Blackpool,B Speedie
2425,E2,2024-09-24,Leyton Orient,Peterboro,D Middleton
2425,E2,2024-09-24,Wigan,Stevenage,B Toner
2425,E2,2024-09-28,Barnsley,Stockport,D Bourne
2425,E2,2024-09-28,Birmingham,Peterboro,T Kirk
2425,E2,2024-09-28,Blackpool,Burton,G Eltringham
2425,E2,2024-09-28,Bristol Rvs,Wycombe,M Woods
2425,E2,2024-09-28,Cambridge,Lincoln,A Herczeg
2425,E2,2024-09-28,Crawley Town,Bolton,J Miles
2425,E2,2024-09-28,Leyton Orient,Wrexham,S Singh
2425,E2,2024-09-28,Northampton,Mansfield,B Speedie
2425,E2,2024-09-28,Reading,Huddersfield,S Oldham
2425,E2,2024-09-28,Shrewsbury,Rotherham,S Purkiss
2425,E2,2024-09-28,Stevenage,Charlton,S Tallis
2425,E2,2024-09-28,Wigan,Exeter,S Simpson
2425,E2,2024-10-01,Barnsley,Wycombe,R Joyce
2425,E2,2024-10-01,Birmingham,Huddersfield,B Toner
2425,E2,2024-10-01,Blackpool,Lincoln,L Smith
2425,E2,2024-10-01,Bristol Rvs,Charlton,D Rock
2425,E2,2024-10-01,Cambridge,Rotherham,D Drysdale
2425,E2,2024-10-01,Crawley Town,Mansfield,C Breakspear
2425,E2,2024-10-01,Leyton Orient,Exeter,R Ricardo
2425,E2,2024-10-01,Northampton,Bolton,M Corlett
2425,E2,2024-10-01,Reading,Burton,A Chilowicz
2425,E2,2024-10-01,Shrewsbury,Stockport,D Middleton
2425,E2,2024-10-01,Stevenage,Wrexham,W Finnie
2425,E2,2024-10-01,Wigan,Peterboro,A Davies
2425,E2,2024-10-05,Bolton,Shrewsbury,D Bourne
2425,E2,2024-10-05,Burton,Bristol Rvs,A Young
2425,E2,2024-10-05,Charlton,Birmingham,B Speedie
2425,E2,2024-10-05,Exeter,Cambridge,S Tallis
2425,E2,2024-10-05,Huddersfield,Barnsley,D Rock
2425,E2,2024-10-05,Lincoln,Leyton Orient,R Joyce
2425,E2,2024-10-05,Mansfield,Blackpool,L Swabey
2425,E2,2024-10-05,Peterboro,Stevenage,A Chilowicz
2425,E2,2024-10-05,Rotherham,Reading,B Toner
2425,E2,2024-10-05,Stockport,Wigan,C Brook
2425,E2,2024-10-05,Wrexham,Northampton,G Eltringham
2425,E2,2024-10-05,Wycombe,Crawley Town,N Hair
2425,E2,2024-10-12,Crawley Town,Shrewsbury,R Ricardo
2425,E2,2024-10-12,Peterboro,Rotherham,E Bell
2425,E2,2024-10-17,Shrewsbury,Exeter,D Rock
2425,E2,2024-10-19,Blackpool,Barnsley,P Howard
2425,E2,2024-10-19,Bolton,Burton,M Coy
2425,E2,2024-10-19,Cambridge,Wigan,R Ricardo
2425,E2,2024-10-19,Charlton,Stockport,T Reeves
2425,E2,2024-10-19,Huddersfield,Bristol Rvs,D Whitestone
2425,E2,2024-10-19,Lincoln,Birmingham,S Mather
2425,E2,2024-10-19,Mansfield,Stevenage,J Durkin
2425,E2,2024-10-19,Northampton,Leyton Orient,O Mackey
2425,E2,2024-10-19,Reading,Crawley Town,E Duckworth
2425,E2,2024-10-19,Rotherham,Wrexham,B Atkinson
2425,E2,2024-10-19,Wycombe,Peterboro,L Swabey
2425,E2,2024-10-22,Barnsley,Charlton,L Smith
2425,E2,2024-10-22,Birmingham,Bolton,S Martin
2425,E2,2024-10-22,Bristol Rvs,Shrewsbury,S Simpson
2425,E2,2024-10-22,Burton,Wycombe,A Bannister
2425,E2,2024-10-22,Crawley Town,Lincoln,C Brook
2425,E2,2024-10-22,Exeter,Reading,S Purkiss
2425,E2,2024-10-22,Leyton Orient,Rotherham,A Chilowicz
2425,E2,2024-10-22,Peterboro,Blackpool,D Bourne
2425,E2,2024-10-22,Stevenage,Cambridge,B Atkinson
2425,E2,2024-10-22,Stockport,Northampton,J Miles
2425,E2,2024-10-22,Wigan,Mansfield,D Middleton
2425,E2,2024-10-22,Wrexham,Huddersfield,A Herczeg
2425,E2,2024-10-26,Bolton,Peterboro,O Yates
2425,E2,2024-10-26,Cambridge,Burton,D Bourne
2425,E2,2024-10-26,Charlton,Wrexham,S Purkiss
2425,E2,2024-10-26,Huddersfield,Exeter,E Bell
2425,E2,2024-10-26,Lincoln,Stockport,B Speedie
2425,E2,2024-10-26,Mansfield,Birmingham,P Howard
2425,E2,2024-10-26,Northampton,Crawley Town,T Kirk
2425,E2,2024-10-26,Reading,Bristol Rvs,S Mather
2425,E2,2024-10-26,Rotherham,Stevenage,S Gill
2425,E2,2024-10-26,Shrewsbury,Barnsley,A Herczeg
2425,E2,2024-10-26,Wycombe,Leyton Orient,S Martin
2425,E2,2024-10-28,Blackpool,Wigan,F Hallam
2425,E2,2024-10-29,Lincoln,Northampton,O Yates
2425,E2,2024-10-29,Stevenage,Bolton,C Brook
2425,E2,2024-10-29,Stockport,Reading,T Parsons
2425,E2,2024-11-05,Burton,Crawley Town,S Oldham
2425,E2,2024-11-05,Stockport,Wycombe,M Corlett
2425,E2,2024-11-08,Barnsley,Rotherham,T Kirk
2425,E2,2024-11-09,Birmingham,Northampton,C Brook
2425,E2,2024-11-09,Bristol Rvs,Lincoln,D Baines
2425,E2,2024-11-09,Burton,Shrewsbury,J Miles
2425,E2,2024-11-09,Crawley Town,Huddersfield,S Simpson
2425,E2,2024-11-09,Exeter,Charlton,M Corlett
2425,E2,2024-11-09,Leyton Orient,Blackpool,E Bell
2425,E2,2024-11-09,Peterboro,Cambridge,E Duckworth
2425,E2,2024-11-09,Stevenage,Reading,C Hicks
2425,E2,2024-11-09,Stockport,Bolton,D Rock
2425,E2,2024-11-09,Wigan,Wycombe,R Madley
2425,E2,2024-11-09,Wrexham,Mansfield,S Mather
2425,E2,2024-11-16,Blackpool,Northampton,A Chilowicz
2425,E2,2024-11-16,Bristol Rvs,Crawley Town,S Allison
2425,E2,2024-11-16,Cambridge,Barnsley,S Stockbridge
2425,E2,2024-11-16,Exeter,Lincoln,T Parsons
2425,E2,2024-11-16,Stockport,Wrexham,T Kirk
2425,E2,2024-11-23,Barnsley,Wigan,T Reeves
2425,E2,2024-11-23,Bolton,Blackpool,E Duckworth
2425,E2,2024-11-23,Burton,Stockport,B Atkinson
2425,E2,2024-11-23,Crawley Town,Rotherham,M Corlett
2425,E2,2024-11-23,Huddersfield,Charlton,S Mather
2425,E2,2024-11-23,Lincoln,Wycombe,S Stockbridge
2425,E2,2024-11-23,Mansfield,Bristol Rvs,C Brook
2425,E2,2024-11-23,Northampton,Cambridge,A Young
2425,E2,2024-11-23,Peterboro,Reading,S Simpson
2425,E2,2024-11-23,Shrewsbury,Birmingham,S Gill
2425,E2,2024-11-23,Stevenage,Leyton Orient,B Speedie
2425,E2,2024-11-23,Wrexham,Exeter,S Martin
2425,E2,2024-11-26,Barnsley,Reading,Z Kennard-Kettle
2425,E2,2024-11-26,Bristol Rvs,Blackpool,T Parsons
2425,E2,2024-11-26,Burton,Charlton,E Bell
2425,E2,2024-11-26,Cambridge,Bolton,P Howard
2425,E2,2024-11-26,Exeter,Birmingham,A Chilowicz
2425,E2,2024-11-26,Leyton Orient,Huddersfield,L Swabey
2425,E2,2024-11-26,Wigan,Northampton,A Bannister
2425,E2,2024-11-26,Wrexham,Lincoln,J Miles
2425,E2,2024-11-26,Wycombe,Mansfield,C Hicks
2425,E2,2024-12-03,Bolton,Mansfield,S Stockbridge
2425,E2,2024-12-03,Charlton,Crawley Town,J Miles
2425,E2,2024-12-03,Exeter,Wycombe,J Durkin
2425,E2,2024-12-03,Huddersfield,Wigan,S Oldham
2425,E2,2024-12-03,Leyton Orient,Bristol Rvs,J Linington
2425,E2,2024-12-03,Reading,Cambridge,S Allison
2425,E2,2024-12-03,Rotherham,Lincoln,M Woods
2425,E2,2024-12-03,Stevenage,Northampton,S Jackson
2425,E2,2024-12-03,Wrexham,Barnsley,B Speedie
2425,E2,2024-12-04,Birmingham,Stockport,B Toner
2425,E2,2024-12-04,Peterboro,Burton,D Drysdale
2425,E2,2024-12-04,Shrewsbury,Blackpool,M Corlett
2425,E2,2024-12-07,Barnsley,Birmingham,T Parsons
2425,E2,2024-12-07,Burton,Wrexham,Z Kennard-Kettle
2425,E2,2024-12-07,Cambridge,Shrewsbury,A Chilowicz
2425,E2,2024-12-07,Lincoln,Charlton,P Howard
2425,E2,2024-12-07,Mansfield,Huddersfield,A Herczeg
2425,E2,2024-12-07,Stockport,Exeter,S Oldham
2425,E2,2024-12-07,Wigan,Leyton Orient,M Coy
2425,E2,2024-12-07,Wycombe,Reading,D Rock
2425,E2,2024-12-09,Northampton,Peterboro,S Mather
2425,E2,2024-12-14,Birmingham,Bristol Rvs,S Stockbridge
2425,E2,2024-12-14,Bolton,Wigan,A Herczeg
2425,E2,2024-12-14,Charlton,Mansfield,B Speedie
2425,E2,2024-12-14,Exeter,Barnsley,S Tallis
2425,E2,2024-12-14,Huddersfield,Lincoln,A Young
2425,E2,2024-12-14,Leyton Orient,Burton,M Woods
2425,E2,2024-12-14,Peterboro,Crawley Town,T Parsons
2425,E2,2024-12-14,Reading,Blackpool,A Backhouse
2425,E2,2024-12-14,Rotherham,Northampton,E Bell
2425,E2,2024-12-14,Shrewsbury,Wycombe,M Coy
2425,E2,2024-12-14,Stevenage,Stockport,A Chilowicz
2425,E2,2024-12-14,Wrexham,Cambridge,S Oldham
2425,E2,2024-12-20,Cambridge,Huddersfield,O Yates
2425,E2,2024-12-20,Stockport,Peterboro,L Smith
2425,E2,2024-12-20,Wycombe,Bolton,S Martin
2425,E2,2024-12-21,Barnsley,Leyton Orient,D Baines
2425,E2,2024-12-21,Blackpool,Stevenage,M Woods
2425,E2,2024-12-21,Bristol Rvs,Wrexham,L Swabey
2425,E2,2024-12-21,Burton,Exeter,S Stockbridge
2425,E2,2024-12-21,Lincoln,Reading,A Herczeg
2425,E2,2024-12-21,Mansfield,Rotherham,Z Kennard-Kettle
2425,E2,2024-12-21,Northampton,Charlton,B Toner
2425,E2,2024-12-21,Wigan,Shrewsbury,T Parsons
2425,E2,2024-12-23,Crawley Town,Birmingham,F Hallam
2425,E2,2024-12-26,Birmingham,Burton,S Mather
2425,E2,2024-12-26,Bolton,Barnsley,T Kirk
2425,E2,2024-12-26,Charlton,Cambridge,D Rock
2425,E2,2024-12-26,Exeter,Bristol Rvs,T Reeves
2425,E2,2024-12-26,Huddersfield,Stockport,W Finnie
2425,E2,2024-12-26,Leyton Orient,Crawley Town,S Purkiss
2425,E2,2024-12-26,Peterboro,Mansfield,J Miles
2425,E2,2024-12-26,Reading,Northampton,S Simpson
2425,E2,2024-12-26,Rotherham,Wigan,M Coy
2425,E2,2024-12-26,Shrewsbury,Lincoln,D Bourne
2425,E2,2024-12-26,Stevenage,Wycombe,P Howard
2425,E2,2024-12-26,Wrexham,Blackpool,R Ricardo
2425,E2,2024-12-29,Birmingham,Blackpool,L Smith
2425,E2,2024-12-29,Bolton,Lincoln,R Joyce
2425,E2,2024-12-29,Charlton,Wycombe,L Swabey
2425,E2,2024-12-29,Exeter,Crawley Town,M Russell
2425,E2,2024-12-29,Huddersfield,Burton,B Toner
2425,E2,2024-12-29,Leyton Orient,Cambridge,J Oldham
2425,E2,2024-12-29,Peterboro,Barnsley,A Chilowicz
2425,E2,2024-12-29,Reading,Mansfield,M Woods
2425,E2,2024-12-29,Rotherham,Stockport,L Doughty
2425,E2,2024-12-29,Shrewsbury,Northampton,S Stockbridge
2425,E2,2024-12-29,Stevenage,Bristol Rvs,E Duckworth
2425,E2,2024-12-29,Wrexham,Wigan,T Nield
2425,E2,2025-01-01,Barnsley,Wrexham,B Toner
2425,E2,2025-01-01,Blackpool,Shrewsbury,A Herczeg
2425,E2,2025-01-01,Bristol Rvs,Leyton Orient,A Young
2425,E2,2025-01-01,Burton,Peterboro,M Corlett
2425,E2,2025-01-01,Cambridge,Reading,J Miles
2425,E2,2025-01-01,Lincoln,Rotherham,B Speedie
2425,E2,2025-01-01,Mansfield,Bolton,A Backhouse
2425,E2,2025-01-01,Northampton,Stevenage,D Drysdale
2425,E2,2025-01-01,Stockport,Birmingham,P Howard
2425,E2,2025-01-01,Wycombe,Exeter,S Simpson
2425,E2,2025-01-04,Barnsley,Crawley Town,G Ward
2425,E2,2025-01-04,Burton,Northampton,R Joyce
2425,E2,2025-01-04,Cambridge,Bristol Rvs,M Corlett
2425,E2,2025-01-04,Charlton,Reading,S Oldham
2425,E2,2025-01-04,Exeter,Bolton,B Speedie
2425,E2,2025-01-04,Huddersfield,Rotherham,A Chilowicz
2425,E2,2025-01-04,Leyton Orient,Shrewsbury,A Bannister
2425,E2,2025-01-04,Lincoln,Stevenage,S Tallis
2425,E2,2025-01-04,Stockport,Mansfield,J Durkin
2425,E2,2025-01-04,Wigan,Birmingham,L Swabey
2425,E2,2025-01-04,Wrexham,Peterboro,D Rock
2425,E2,2025-01-04,Wycombe,Blackpool,S Mather
2425,E2,2025-01-07,Wycombe,Huddersfield,T Kirk
2425,E2,2025-01-11,Rotherham,Bolton,A Young
2425,E2,2025-01-16,Shrewsbury,Wrexham,S Mather
2425,E2,2025-01-18,Birmingham,Exeter,E Bell
2425,E2,2025-01-18,Blackpool,Huddersfield,M Coy
2425,E2,2025-01-18,Bolton,Cambridge,T Nield
2425,E2,2025-01-18,Bristol Rvs,Barnsley,M Woods
2425,E2,2025-01-18,Crawley Town,Burton,O Yates
2425,E2,2025-01-18,Mansfield,Wycombe,S Purkiss
2425,E2,2025-01-18,Northampton,Lincoln,C Hicks
2425,E2,2025-01-18,Peterboro,Leyton Orient,S Stockbridge
2425,E2,2025-01-18,Reading,Stockport,C Brook
2425,E2,2025-01-18,Rotherham,Charlton,D Drysdale
2425,E2,2025-01-18,Stevenage,Wigan,J Miles
2425,E2,2025-01-21,Bolton,Charlton,J Miles
2425,E2,2025-01-21,Peterboro,Exeter,S Gill
2425,E2,2025-01-21,Wigan,Burton,S Oldham
2425,E2,2025-01-23,Wrexham,Birmingham,W Finnie
2425,E2,2025-01-25,Barnsley,Stevenage,R Joyce
2425,E2,2025-01-25,Burton,Rotherham,T Reeves
2425,E2,2025-01-25,Cambridge,Mansfield,T Parsons
2425,E2,2025-01-25,Charlton,Shrewsbury,S Tallis
2425,E2,2025-01-25,Exeter,Blackpool,J Oldham
2425,E2,2025-01-25,Huddersfield,Bolton,P Howard
2425,E2,2025-01-25,Leyton Orient,Reading,E Bell
2425,E2,2025-01-25,Lincoln,Peterboro,Z Kennard-Kettle
2425,E2,2025-01-25,Stockport,Crawley Town,D Bourne
2425,E2,2025-01-25,Wigan,Bristol Rvs,S Jackson
2425,E2,2025-01-25,Wycombe,Northampton,D Rock
2425,E2,2025-01-28,Bolton,Northampton,S Gill
2425,E2,2025-01-28,Burton,Reading,W Finnie
2425,E2,2025-01-28,Charlton,Bristol Rvs,F Hallam
2425,E2,2025-01-28,Exeter,Leyton Orient,R Ricardo
2425,E2,2025-01-28,Huddersfield,Birmingham,A Herczeg
2425,E2,2025-01-28,Lincoln,Blackpool,J Simpson
2425,E2,2025-01-28,Mansfield,Crawley Town,S Oldham
2425,E2,2025-01-28,Peterboro,Wigan,C Brook
2425,E2,2025-01-28,Rotherham,Cambridge,R Joyce
2425,E2,2025-01-28,Stockport,Shrewsbury,E Duckworth
2425,E2,2025-01-28,Wrexham,Stevenage,T Kirk
2425,E2,2025-01-28,Wycombe,Barnsley,D Drysdale
2425,E2,2025-02-01,Barnsley,Burton,S Gill
2425,E2,2025-02-01,Birmingham,Rotherham,F Hallam
2425,E2,2025-02-01,Blackpool,Charlton,T Parsons
2425,E2,2025-02-01,Cambridge,Wycombe,M Woods
2425,E2,2025-02-01,Crawley Town,Wrexham,P Howard
2425,E2,2025-02-01,Leyton Orient,Stockport,M Russell
2425,E2,2025-02-01,Northampton,Huddersfield,B Speedie
2425,E2,2025-02-01,Reading,Bolton,A Backhouse
2425,E2,2025-02-01,Shrewsbury,Mansfield,D Rock
2425,E2,2025-02-01,Stevenage,Exeter,O Yates
2425,E2,2025-02-01,Wigan,Lincoln,J Mulligan
2425,E2,2025-02-02,Bristol Rvs,Peterboro,R Ricardo
2425,E2,2025-02-07,Mansfield,Northampton,E Duckworth
2425,E2,2025-02-08,Bolton,Crawley Town,A Chilowicz
2425,E2,2025-02-08,Burton,Blackpool,C Brook
2425,E2,2025-02-08,Charlton,Stevenage,J Smith
2425,E2,2025-02-08,Huddersfield,Reading,S Tallis
2425,E2,2025-02-08,Lincoln,Cambridge,S Copeland
2425,E2,2025-02-08,Rotherham,Shrewsbury,D Baines
2425,E2,2025-02-08,Stockport,Barnsley,J Miles
2425,E2,2025-02-11,Birmingham,Cambridge,D Drysdale
2425,E2,2025-02-11,Blackpool,Rotherham,S Stockbridge
2425,E2,2025-02-11,Bristol Rvs,Stockport,D Rock
2425,E2,2025-02-11,Charlton,Peterboro,L Swabey
2425,E2,2025-02-11,Crawley Town,Stevenage,S Purkiss
2425,E2,2025-02-11,Leyton Orient,Mansfield,S Gill
2425,E2,2025-02-11,Reading,Shrewsbury,A Byrne
2425,E2,2025-02-15,Barnsley,Huddersfield,D Rock
2425,E2,2025-02-15,Birmingham,Charlton,S Stockbridge
2425,E2,2025-02-15,Blackpool,Mansfield,E Bell
2425,E2,2025-02-15,Bristol Rvs,Burton,T Kirk
2425,E2,2025-02-15,Cambridge,Exeter,C Brook
2425,E2,2025-02-15,Crawley Town,Wycombe,F Hallam
2425,E2,2025-02-15,Leyton Orient,Lincoln,M Corlett
2425,E2,2025-02-15,Northampton,Wrexham,K Morris
2425,E2,2025-02-15,Reading,Rotherham,T Parsons
2425,E2,2025-02-15,Shrewsbury,Bolton,J Durkin
2425,E2,2025-02-15,Stevenage,Peterboro,B Speedie
2425,E2,2025-02-15,Wigan,Stockport,D Drysdale
2425,E2,2025-02-18,Crawley Town,Wigan,R Eley
2425,E2,2025-02-18,Mansfield,Lincoln,A Bannister
2425,E2,2025-02-18,Shrewsbury,Huddersfield,J Oldham
2425,E2,2025-02-18,Stevenage,Burton,J Durkin
2425,E2,2025-02-18,Wrexham,Leyton Orient,D Drysdale
2425,E2,2025-02-18,Wycombe,Bristol Rvs,S Purkiss
2425,E2,2025-02-22,Blackpool,Crawley Town,T Reeves
2425,E2,2025-02-22,Bolton,Leyton Orient,S Purkiss
2425,E2,2025-02-22,Cambridge,Stockport,S Oldham
2425,E2,2025-02-22,Charlton,Exeter,A Davies
2425,E2,2025-02-22,Huddersfield,Peterboro,D Drysdale
2425,E2,2025-02-22,Lincoln,Burton,R Ricardo
2425,E2,2025-02-22,Northampton,Bristol Rvs,M Russell
2425,E2,2025-02-22,Reading,Birmingham,A Chilowicz
2425,E2,2025-02-22,Rotherham,Barnsley,O Yates
2425,E2,2025-02-22,Shrewsbury,Stevenage,M Barlow
2425,E2,2025-02-22,Wycombe,Wigan,L Doughty
2425,E2,2025-02-23,Mansfield,Wrexham,M Corlett
2425,E2,2025-02-25,Birmingham,Leyton Orient,M Woods
2425,E2,2025-02-25,Northampton,Barnsley,D Bourne
2425,E2,2025-02-25,Wigan,Huddersfield,R Joyce
2425,E2,2025-03-01,Barnsley,Lincoln,S Oldham
2425,E2,2025-03-01,Birmingham,Wycombe,B Toner
2425,E2,2025-03-01,Bristol Rvs,Rotherham,E Duckworth
2425,E2,2025-03-01,Burton,Mansfield,M Russell
2425,E2,2025-03-01,Crawley Town,Cambridge,J Oldham
2425,E2,2025-03-01,Exeter,Northampton,C Breakspear
2425,E2,2025-03-01,Leyton Orient,Charlton,T Reeves
2425,E2,2025-03-01,Peterboro,Shrewsbury,M Woods
2425,E2,2025-03-01,Stevenage,Huddersfield,J Linington
2425,E2,2025-03-01,Stockport,Blackpool,S Martin
2425,E2,2025-03-01,Wigan,Reading,O Yates
2425,E2,2025-03-01,Wrexham,Bolton,D Bourne
2425,E2,2025-03-04,Blackpool,Peterboro,R Joyce
2425,E2,2025-03-04,Bolton,Birmingham,T Kirk
2425,E2,2025-03-04,Cambridge,Stevenage,S Jackson
2425,E2,2025-03-04,Charlton,Barnsley,C Brook
2425,E2,2025-03-04,Huddersfield,Wrexham,F Hallam
2425,E2,2025-03-04,Lincoln,Crawley Town,J Smith
2425,E2,2025-03-04,Mansfield,Wigan,W Finnie
2425,E2,2025-03-04,Northampton,Stockport,L Swabey
2425,E2,2025-03-04,Reading,Exeter,R Eley
2425,E2,2025-03-04,Rotherham,Leyton Orient,L Smith
2425,E2,2025-03-04,Shrewsbury,Bristol Rvs,S Mather
2425,E2,2025-03-04,Wycombe,Burton,A Chilowicz
2425,E2,2025-03-08,Barnsley,Blackpool,B Speedie
2425,E2,2025-03-08,Birmingham,Lincoln,D Rock
2425,E2,2025-03-08,Bristol Rvs,Huddersfield,T Reeves
2425,E2,2025-03-08,Burton,Bolton,L Swabey
2425,E2,2025-03-08,Crawley Town,Reading,C Breakspear
2425,E2,2025-03-08,Exeter,Shrewsbury,T Parsons
2425,E2,2025-03-08,Leyton Orient,Northampton,A Chilowicz
2425,E2,2025-03-08,Peterboro,Wycombe,S Oldham
2425,E2,2025-03-08,Stevenage,Mansfield,G Rollason
2425,E2,2025-03-08,Stockport,Charlton,M Coy
2425,E2,2025-03-08,Wigan,Cambridge,M Corlett
2425,E2,2025-03-08,Wrexham,Rotherham,J Simpson
2425,E2,2025-03-11,Birmingham,Stevenage,A Young
2425,E2,2025-03-11,Blackpool,Cambridge,S Tallis
2425,E2,2025-03-11,Bristol Rvs,Bolton,C Brook
2425,E2,2025-03-11,Crawley Town,Charlton,M Russell
2425,E2,2025-03-11,Exeter,Mansfield,P Howard
2425,E2,2025-03-11,Reading,Wrexham,E Duckworth
2425,E2,2025-03-15,Blackpool,Leyton Orient,T Kirk
2425,E2,2025-03-15,Bolton,Stockport,B Toner
2425,E2,2025-03-15,Cambridge,Peterboro,E Duckworth
2425,E2,2025-03-15,Charlton,Wigan,G Scott
2425,E2,2025-03-15,Huddersfield,Crawley Town,S Stockbridge
2425,E2,2025-03-15,Lincoln,Bristol Rvs,P Howard
2425,E2,2025-03-15,Mansfield,Barnsley,T Reeves
2425,E2,2025-03-15,Northampton,Birmingham,R Joyce
2425,E2,2025-03-15,Reading,Stevenage,L Swabey
2425,E2,2025-03-15,Rotherham,Exeter,M Coy
2425,E2,2025-03-15,Shrewsbury,Burton,D Bourne
2425,E2,2025-03-15,Wycombe,Wrexham,B Speedie
2425,E2,2025-03-18,Rotherham,Wycombe,S Mather
2425,E2,2025-03-22,Barnsley,Cambridge,R Eley
2425,E2,2025-03-22,Crawley Town,Bristol Rvs,B Toner
2425,E2,2025-03-22,Lincoln,Exeter,D Bourne
2425,E2,2025-03-22,Northampton,Blackpool,S Jackson
2425,E2,2025-03-22,Peterboro,Charlton,S Tallis
2425,E2,2025-03-22,Wrexham,Stockport,S Mather
2425,E2,2025-03-27,Leyton Orient,Stevenage,W Finnie
2425,E2,2025-03-29,Birmingham,Shrewsbury,T Reeves
2425,E2,2025-03-29,Blackpool,Bolton,G Scott
2425,E2,2025-03-29,Bristol Rvs,Mansfield,S Tallis
2425,E2,2025-03-29,Cambridge,Northampton,M Russell
2425,E2,2025-03-29,Charlton,Huddersfield,D Bourne
2425,E2,2025-03-29,Exeter,Wrexham,A Chilowicz
2425,E2,2025-03-29,Reading,Peterboro,A Herczeg
2425,E2,2025-03-29,Rotherham,Crawley Town,L Doughty
2425,E2,2025-03-29,Stockport,Burton,E Bell
2425,E2,2025-03-29,Wigan,Barnsley,S Stockbridge
2425,E2,2025-03-29,Wycombe,Lincoln,S Jackson
2425,E2,2025-04-01,Barnsley,Exeter,W Finnie
2425,E2,2025-04-01,Blackpool,Reading,A Bannister
2425,E2,2025-04-01,Bristol Rvs,Birmingham,O Yates
2425,E2,2025-04-01,Burton,Leyton Orient,B Speedie
2425,E2,2025-04-01,Cambridge,Wrexham,T Parsons
2425,E2,2025-04-01,Crawley Town,Peterboro,C Brook
2425,E2,2025-04-01,Lincoln,Huddersfield,R Ricardo
2425,E2,2025-04-01,Mansfield,Charlton,J Bell
2425,E2,2025-04-01,Northampton,Rotherham,S Simpson
2425,E2,2025-04-01,Stockport,Stevenage,M Woods
2425,E2,2025-04-01,Wigan,Bolton,F Hallam
2425,E2,2025-04-01,Wycombe,Shrewsbury,T Nield
2425,E2,2025-04-05,Birmingham,Barnsley,S Referee
2425,E2,2025-04-05,Bolton,Bristol Rvs,A Backhouse
2425,E2,2025-04-05,Charlton,Lincoln,L Doughty
2425,E2,2025-04-05,Exeter,Stockport,B Speedie
2425,E2,2025-04-05,Huddersfield,Mansfield,M Coy
2425,E2,2025-04-05,Leyton Orient,Wigan,S Tallis
2425,E2,2025-04-05,Peterboro,Northampton,S Mather
2425,E2,2025-04-05,Reading,Wycombe,T Kirk
2425,E2,2025-04-05,Rotherham,Blackpool,E Bell
2425,E2,2025-04-05,Shrewsbury,Cambridge,O Yates
2425,E2,2025-04-05,Stevenage,Crawley Town,S Oldham
2425,E2,2025-04-05,Wrexham,Burton,S Stockbridge
2425,E2,2025-04-08,Bolton,Rotherham,R Joyce
2425,E2,2025-04-08,Exeter,Wigan,D Rock
2425,E2,2025-04-08,Huddersfield,Wycombe,S Oldham
2425,E2,2025-04-08,Mansfield,Leyton Orient,C Breakspear
2425,E2,2025-04-08,Peterboro,Birmingham,B Toner
2425,E2,2025-04-08,Shrewsbury,Reading,D Drysdale
2425,E2,2025-04-12,Barnsley,Bolton,E Bell
2425,E2,2025-04-12,Bristol Rvs,Exeter,M Russell
2425,E2,2025-04-12,Burton,Huddersfield,S Jackson
2425,E2,2025-04-12,Cambridge,Charlton,J Durkin
2425,E2,2025-04-12,Crawley Town,Leyton Orient,A Young
2425,E2,2025-04-12,Lincoln,Shrewsbury,S Parkinson
2425,E2,2025-04-12,Northampton,Reading,G Rollason
2425,E2,2025-04-12,Stockport,Rotherham,L Swabey
2425,E2,2025-04-12,Wigan,Wrexham,A Herczeg
2425,E2,2025-04-12,Wycombe,Stevenage,J Smith
2425,E2,2025-04-18,Birmingham,Crawley Town,R Ricardo
2425,E2,2025-04-18,Bolton,Wycombe,A Herczeg
2425,E2,2025-04-18,Charlton,Northampton,O Yates
2425,E2,2025-04-18,Exeter,Burton,J Miles
2425,E2,2025-04-18,Huddersfield,Cambridge,S Allison
2425,E2,2025-04-18,Leyton Orient,Barnsley,L Doughty
2425,E2,2025-04-18,Peterboro,Stockport,C Breakspear
2425,E2,2025-04-18,Reading,Lincoln,B Speedie
2425,E2,2025-04-18,Rotherham,Mansfield,D Rock
2425,E2,2025-04-18,Shrewsbury,Wigan,T Parsons
2425,E2,2025-04-18,Stevenage,Blackpool,S Mather
2425,E2,2025-04-18,Wrexham,Bristol Rvs,M Coy
2425,E2,2025-04-21,Barnsley,Peterboro,A Humphries
2425,E2,2025-04-21,Blackpool,Wrexham,D Drysdale
2425,E2,2025-04-21,Bristol Rvs,Stevenage,L Doughty
2425,E2,2025-04-21,Burton,Birmingham,M Corlett
2425,E2,2025-04-21,Cambridge,Leyton Orient,A Backhouse
2425,E2,2025-04-21,Crawley Town,Exeter,B Toner
2425,E2,2025-04-21,Lincoln,Bolton,J Miles
2425,E2,2025-04-21,Mansfield,Reading,R Joyce
2425,E2,2025-04-21,Northampton,Shrewsbury,Z Kennard-Kettle
2425,E2,2025-04-21,Stockport,Huddersfield,A Chilowicz
2425,E2,2025-04-21,Wigan,Rotherham,G Rollason
2425,E2,2025-04-21,Wycombe,Charlton,W Finnie
2425,E2,2025-04-24,Stevenage,Birmingham,L Swabey
2425,E2,2025-04-26,Barnsley,Shrewsbury,S Tallis
2425,E2,2025-04-26,Bristol Rvs,Reading,S Mather
2425,E2,2025-04-26,Burton,Cambridge,W Finnie
2425,E2,2025-04-26,Crawley Town,Northampton,J Miles
2425,E2,2025-04-26,Exeter,Huddersfield,O Yates
2425,E2,2025-04-26,Leyton Orient,Wycombe,M Coy
2425,E2,2025-04-26,Peterboro,Bolton,R Ricardo
2425,E2,2025-04-26,Stockport,Lincoln,F Hallam
2425,E2,2025-04-26,Wigan,Blackpool,M Russell
2425,E2,2025-04-26,Wrexham,Charlton,B Toner
2425,E2,2025-04-27,Birmingham,Mansfield,J Busby
2425,E2,2025-04-27,Stevenage,Rotherham,A Davies
2425,E2,2025-04-29,Burton,Wigan,D Drysdale
2425,E2,2025-04-30,Blackpool,Birmingham,M Woods
2425,E2,2025-04-30,Mansfield,Peterboro,A Bannister
2425,E2,2025-05-03,Blackpool,Bristol Rvs,B Speedie
2425,E2,2025-05-03,Bolton,Stevenage,D Drysdale
2425,E2,2025-05-03,Cambridge,Birmingham,C Breakspear
2425,E2,2025-05-03,Charlton,Burton,S Purkiss
2425,E2,2025-05-03,Huddersfield,Leyton Orient,D Whitestone
2425,E2,2025-05-03,Lincoln,Wrexham,T Kirk
2425,E2,2025-05-03,Mansfield,Exeter,W Davis
2425,E2,2025-05-03,Northampton,Wigan,N Hair
2425,E2,2025-05-03,Reading,Barnsley,C Brook
2425,E2,2025-05-03,Rotherham,Peterboro,M Barlow
2425,E2,2025-05-03,Shrewsbury,Crawley Town,L Swabey
2425,E2,2025-05-03,Wycombe,Stockport,B Toner
2425,E3,2024-08-09,Chesterfield,Swindon,S Oldham
2425,E3,2024-08-10,AFC Wimbledon,Colchester,D Middleton
2425,E3,2024-08-10,Barrow,Crewe,M Coy
2425,E3,2024-08-10,Cheltenham,Newport County,R Ricardo
2425,E3,2024-08-10,Doncaster,Accrington,R Joyce
2425,E3,2024-08-10,Fleetwood Town,Grimsby,B Speedie
2425,E3,2024-08-10,Gillingham,Carlisle,B Atkinson
2425,E3,2024-08-10,Harrogate,Bromley,T Parsons
2425,E3,2024-08-10,Milton Keynes Dons,Bradford,T Reeves
2425,E3,2024-08-10,Salford,Port Vale,M Woods
2425,E3,2024-08-10,Tranmere,Notts County,M Barlow
2425,E3,2024-08-10,Walsall,Morecambe,J Durkin
2425,E3,2024-08-17,Accrington,Harrogate,D Baines
2425,E3,2024-08-17,Bradford,Salford,G Eltringham
2425,E3,2024-08-17,Bromley,AFC Wimbledon,W Finnie
2425,E3,2024-08-17,Carlisle,Barrow,M Corlett
2425,E3,2024-08-17,Colchester,Milton Keynes Dons,J Miles
2425,E3,2024-08-17,Crewe,Chesterfield,S Tallis
2425,E3,2024-08-17,Grimsby,Cheltenham,E Bell
2425,E3,2024-08-17,Morecambe,Gillingham,D Middleton
2425,E3,2024-08-17,Newport County,Doncaster,S Simpson
2425,E3,2024-08-17,Port Vale,Tranmere,J Oldham
2425,E3,2024-08-17,Swindon,Walsall,L Swabey
2425,E3,2024-08-18,Notts County,Fleetwood Town,T Parsons
2425,E3,2024-08-22,Notts County,Grimsby,O Yates
2425,E3,2024-08-24,Barrow,Port Vale,D Bourne
2425,E3,2024-08-24,Bradford,Bromley,S Simpson
2425,E3,2024-08-24,Cheltenham,AFC Wimbledon,S Parkinson
2425,E3,2024-08-24,Chesterfield,Salford,R Watkins
2425,E3,2024-08-24,Colchester,Harrogate,C Hicks
2425,E3,2024-08-24,Crewe,Swindon,A Chilowicz
2425,E3,2024-08-24,Doncaster,Morecambe,S Tallis
2425,E3,2024-08-24,Fleetwood Town,Gillingham,S Jackson
2425,E3,2024-08-24,Milton Keynes Dons,Carlisle,F Hallam
2425,E3,2024-08-24,Newport County,Accrington,A Bannister
2425,E3,2024-08-24,Tranmere,Walsall,T Parsons
2425,E3,2024-08-31,AFC Wimbledon,Fleetwood Town,J Durkin
2425,E3,2024-08-31,Accrington,Colchester,T Reeves
2425,E3,2024-08-31,Bromley,Crewe,S Jackson
2425,E3,2024-08-31,Carlisle,Tranmere,S Mather
2425,E3,2024-08-31,Gillingham,Chesterfield,C Breakspear
2425,E3,2024-08-31,Grimsby,Bradford,S Martin
2425,E3,2024-08-31,Harrogate,Barrow,S Simpson
2425,E3,2024-08-31,Morecambe,Newport County,D Bourne
2425,E3,2024-08-31,Port Vale,Doncaster,A Herczeg
2425,E3,2024-08-31,Swindon,Notts County,D Baines
2425,E3,2024-08-31,Walsall,Cheltenham,P Marsden
2425,E3,2024-09-02,Salford,Milton Keynes Dons,B Speedie
2425,E3,2024-09-07,Barrow,Swindon,Z Kennard-Kettle
2425,E3,2024-09-07,Bradford,Carlisle,P Howard
2425,E3,2024-09-07,Cheltenham,Harrogate,D Middleton
2425,E3,2024-09-07,Chesterfield,Grimsby,G Eltringham
2425,E3,2024-09-07,Colchester,Bromley,S Purkiss
2425,E3,2024-09-07,Crewe,Morecambe,S Simpson
2425,E3,2024-09-07,Doncaster,Gillingham,T Parsons
2425,E3,2024-09-07,Milton Keynes Dons,Walsall,J Oldham
2425,E3,2024-09-07,Newport County,Port Vale,S Parkinson
2425,E3,2024-09-07,Notts County,Accrington,M Woods
2425,E3,2024-09-12,Harrogate,Doncaster,T Kirk
2425,E3,2024-09-14,AFC Wimbledon,Milton Keynes Dons,D Drysdale
2425,E3,2024-09-14,Accrington,Crewe,D Rock
2425,E3,2024-09-14,Bromley,Notts County,C Breakspear
2425,E3,2024-09-14,Carlisle,Fleetwood Town,S Tallis
2425,E3,2024-09-14,Gillingham,Tranmere,W Finnie
2425,E3,2024-09-14,Grimsby,Barrow,R Ricardo
2425,E3,2024-09-14,Morecambe,Colchester,G Eltringham
2425,E3,2024-09-14,Port Vale,Chesterfield,N Hair
2425,E3,2024-09-14,Salford,Cheltenham,F Hallam
2425,E3,2024-09-14,Swindon,Newport County,S Mather
2425,E3,2024-09-14,Walsall,Bradford,L Smith
2425,E3,2024-09-21,Accrington,Port Vale,J Miles
2425,E3,2024-09-21,Barrow,Newport County,E Bell
2425,E3,2024-09-21,Bradford,AFC Wimbledon,A Davies
2425,E3,2024-09-21,Chesterfield,Cheltenham,R Joyce
2425,E3,2024-09-21,Colchester,Tranmere,M Corlett
2425,E3,2024-09-21,Crewe,Harrogate,R Ricardo
2425,E3,2024-09-21,Grimsby,Bromley,T Reeves
2425,E3,2024-09-21,Milton Keynes Dons,Doncaster,S Mather
2425,E3,2024-09-21,Notts County,Gillingham,L Swabey
2425,E3,2024-09-21,Salford,Walsall,D Bourne
2425,E3,2024-09-21,Swindon,Carlisle,C Brook
2425,E3,2024-09-23,Fleetwood Town,Morecambe,M Corlett
2425,E3,2024-09-27,Tranmere,Salford,E Duckworth
2425,E3,2024-09-28,Bromley,Milton Keynes Dons,L Swabey
2425,E3,2024-09-28,Carlisle,Grimsby,S Stockbridge
2425,E3,2024-09-28,Cheltenham,Fleetwood Town,C Brook
2425,E3,2024-09-28,Doncaster,Chesterfield,J Bell
2425,E3,2024-09-28,Gillingham,Barrow,N Hair
2425,E3,2024-09-28,Harrogate,Bradford,M Coy
2425,E3,2024-09-28,Morecambe,Notts County,J Westgate
2425,E3,2024-09-28,Newport County,Crewe,A Young
2425,E3,2024-09-28,Port Vale,Swindon,T Parsons
2425,E3,2024-09-28,Walsall,Colchester,F Hallam
2425,E3,2024-10-01,Bromley,Chesterfield,C Hicks
2425,E3,2024-10-01,Carlisle,Notts County,Z Kennard-Kettle
2425,E3,2024-10-01,Cheltenham,Accrington,O Mackey
2425,E3,2024-10-01,Doncaster,Barrow,F Hallam
2425,E3,2024-10-01,Gillingham,Grimsby,C Brook
2425,E3,2024-10-01,Harrogate,Milton Keynes Dons,A Bannister
2425,E3,2024-10-01,Morecambe,Bradford,E Bell
2425,E3,2024-10-01,Newport County,Salford,S Jackson
2425,E3,2024-10-01,Port Vale,Colchester,S Mather
2425,E3,2024-10-01,Tranmere,Swindon,S Stockbridge
2425,E3,2024-10-01,Walsall,Fleetwood Town,D Baines
2425,E3,2024-10-05,Accrington,Morecambe,A Herczeg
2425,E3,2024-10-05,Barrow,Cheltenham,S Mather
2425,E3,2024-10-05,Chesterfield,Walsall,S Stockbridge
2425,E3,2024-10-05,Colchester,Carlisle,T Parsons
2425,E3,2024-10-05,Crewe,Gillingham,A Backhouse
2425,E3,2024-10-05,Fleetwood Town,Bromley,M Coy
2425,E3,2024-10-05,Grimsby,Doncaster,E Duckworth
2425,E3,2024-10-05,Milton Keynes Dons,Tranmere,C Hicks
2425,E3,2024-10-05,Notts County,Port Vale,S Purkiss
2425,E3,2024-10-05,Salford,AFC Wimbledon,S Simpson
2425,E3,2024-10-05,Swindon,Harrogate,M Woods
2425,E3,2024-10-07,Bradford,Newport County,B Toner
2425,E3,2024-10-12,AFC Wimbledon,Carlisle,N Hair
2425,E3,2024-10-12,Barrow,Morecambe,B Speedie
2425,E3,2024-10-12,Cheltenham,Swindon,D Baines
2425,E3,2024-10-12,Chesterfield,Notts County,M Corlett
2425,E3,2024-10-12,Doncaster,Crewe,B Atkinson
2425,E3,2024-10-12,Gillingham,Accrington,P Howard
2425,E3,2024-10-12,Harrogate,Newport County,D Bourne
2425,E3,2024-10-12,Milton Keynes Dons,Port Vale,D Rock
2425,E3,2024-10-12,Salford,Grimsby,J Miles
2425,E3,2024-10-12,Tranmere,Bradford,S Gill
2425,E3,2024-10-18,Newport County,Chesterfield,T Parsons
2425,E3,2024-10-19,Accrington,Barrow,C Breakspear
2425,E3,2024-10-19,Bradford,Gillingham,R Joyce
2425,E3,2024-10-19,Bromley,Tranmere,S Tallis
2425,E3,2024-10-19,Carlisle,Harrogate,R Watkins
2425,E3,2024-10-19,Colchester,Cheltenham,B Speedie
2425,E3,2024-10-19,Crewe,Salford,S Gill
2425,E3,2024-10-19,Grimsby,Walsall,S Jackson
2425,E3,2024-10-19,Morecambe,Milton Keynes Dons,W Finnie
2425,E3,2024-10-19,Notts County,AFC Wimbledon,G Eltringham
2425,E3,2024-10-19,Port Vale,Fleetwood Town,J Mulligan
2425,E3,2024-10-19,Swindon,Doncaster,C Hicks
2425,E3,2024-10-22,AFC Wimbledon,Morecambe,M Russell
2425,E3,2024-10-22,Barrow,Notts County,A Kitchen
2425,E3,2024-10-22,Cheltenham,Bradford,J O'Connor
2425,E3,2024-10-22,Chesterfield,Colchester,D Baines
2425,E3,2024-10-22,Doncaster,Bromley,Z Kennard-Kettle
2425,E3,2024-10-22,Fleetwood Town,Crewe,S Stockbridge
2425,E3,2024-10-22,Gillingham,Newport County,F Hallam
2425,E3,2024-10-22,Harrogate,Port Vale,E Bell
2425,E3,2024-10-22,Milton Keynes Dons,Accrington,R Martin
2425,E3,2024-10-22,Salford,Swindon,D Drysdale
2425,E3,2024-10-22,Tranmere,Grimsby,B Toner
2425,E3,2024-10-22,Walsall,Carlisle,S Oldham
2425,E3,2024-10-26,Accrington,Walsall,S Tallis
2425,E3,2024-10-26,Bradford,Doncaster,R Ricardo
2425,E3,2024-10-26,Bromley,Barrow,D Middleton
2425,E3,2024-10-26,Carlisle,Cheltenham,S Jackson
2425,E3,2024-10-26,Colchester,Salford,A Chilowicz
2425,E3,2024-10-26,Crewe,Tranmere,J Durkin
2425,E3,2024-10-26,Grimsby,Milton Keynes Dons,S Oldham
2425,E3,2024-10-26,Morecambe,Chesterfield,T Reeves
2425,E3,2024-10-26,Newport County,Fleetwood Town,D Rock
2425,E3,2024-10-26,Notts County,Harrogate,D Drysdale
2425,E3,2024-10-26,Port Vale,AFC Wimbledon,A Bannister
2425,E3,2024-10-26,Swindon,Gillingham,A Backhouse
2425,E3,2024-10-29,Fleetwood Town,Salford,M Salisbury
2425,E3,2024-11-09,AFC Wimbledon,Grimsby,T Parsons
2425,E3,2024-11-09,Barrow,Colchester,O Yates
2425,E3,2024-11-09,Cheltenham,Bromley,S Oldham
2425,E3,2024-11-09,Chesterfield,Accrington,D Drysdale
2425,E3,2024-11-09,Doncaster,Notts County,T Reeves
2425,E3,2024-11-09,Fleetwood Town,Bradford,M Woods
2425,E3,2024-11-09,Gillingham,Port Vale,L Swabey
2425,E3,2024-11-09,Harrogate,Morecambe,A Chilowicz
2425,E3,2024-11-09,Milton Keynes Dons,Swindon,S Gill
2425,E3,2024-11-09,Salford,Carlisle,R Joyce
2425,E3,2024-11-09,Tranmere,Newport County,M Coy
2425,E3,2024-11-09,Walsall,Crewe,S Parkinson
2425,E3,2024-11-16,Accrington,Swindon,O Yates
2425,E3,2024-11-16,Barrow,AFC Wimbledon,R Joyce
2425,E3,2024-11-16,Bromley,Carlisle,J Durkin
2425,E3,2024-11-16,Colchester,Bradford,C Brook
2425,E3,2024-11-16,Crewe,Notts County,S Copeland
2425,E3,2024-11-16,Doncaster,Salford,M Woods
2425,E3,2024-11-16,Harrogate,Chesterfield,J Mulligan
2425,E3,2024-11-16,Milton Keynes Dons,Cheltenham,J Miles
2425,E3,2024-11-16,Morecambe,Port Vale,Z Kennard-Kettle
2425,E3,2024-11-16,Newport County,Grimsby,J Oldham
2425,E3,2024-11-19,AFC Wimbledon,Accrington,B Atkinson
2425,E3,2024-11-22,Cheltenham,Tranmere,R Ricardo
2425,E3,2024-11-23,AFC Wimbledon,Walsall,J Durkin
2425,E3,2024-11-23,Carlisle,Doncaster,J Oldham
2425,E3,2024-11-23,Chesterfield,Barrow,S Copeland
2425,E3,2024-11-23,Gillingham,Harrogate,M Russell
2425,E3,2024-11-23,Grimsby,Colchester,M Woods
2425,E3,2024-11-23,Notts County,Newport County,A Herczeg
2425,E3,2024-11-23,Swindon,Morecambe,T Nield
2425,E3,2024-11-25,Port Vale,Crewe,T Kirk
2425,E3,2024-11-26,Tranmere,AFC Wimbledon,O Yates
2425,E3,2024-11-26,Walsall,Bromley,M Barlow
2425,E3,2024-11-30,Carlisle,Crewe,E Bell
2425,E3,2024-11-30,Fleetwood Town,Colchester,D Drysdale
2425,E3,2024-12-03,AFC Wimbledon,Newport County,L Swabey
2425,E3,2024-12-03,Bradford,Barrow,T Parsons
2425,E3,2024-12-03,Cheltenham,Port Vale,S Tallis
2425,E3,2024-12-03,Colchester,Swindon,A Humphries
2425,E3,2024-12-03,Grimsby,Accrington,S Simpson
2425,E3,2024-12-03,Milton Keynes Dons,Chesterfield,C Brook
2425,E3,2024-12-03,Salford,Harrogate,M Barlow
2425,E3,2024-12-03,Tranmere,Morecambe,O Mackey
2425,E3,2024-12-03,Walsall,Notts County,D Rock
2425,E3,2024-12-04,Bromley,Gillingham,A Chilowicz
2425,E3,2024-12-04,Fleetwood Town,Doncaster,A Herczeg
2425,E3,2024-12-07,Accrington,Bromley,C Brook
2425,E3,2024-12-07,Chesterfield,Tranmere,L Swabey
2425,E3,2024-12-07,Crewe,Bradford,B Toner
2425,E3,2024-12-07,Doncaster,Cheltenham,S Simpson
2425,E3,2024-12-07,Gillingham,Salford,T Nield
2425,E3,2024-12-07,Harrogate,AFC Wimbledon,J Miles
2425,E3,2024-12-07,Morecambe,Grimsby,A Young
2425,E3,2024-12-07,Port Vale,Walsall,B Speedie
2425,E3,2024-12-07,Swindon,Fleetwood Town,B Atkinson
2425,E3,2024-12-14,AFC Wimbledon,Doncaster,D Rock
2425,E3,2024-12-14,Bradford,Swindon,E Duckworth
2425,E3,2024-12-14,Bromley,Port Vale,T Nield
2425,E3,2024-12-14,Carlisle,Chesterfield,S Simpson
2425,E3,2024-12-14,Cheltenham,Morecambe,S Gill
2425,E3,2024-12-14,Colchester,Newport County,S Jackson
2425,E3,2024-12-14,Grimsby,Crewe,J Durkin
2425,E3,2024-12-14,Milton Keynes Dons,Gillingham,D Baines
2425,E3,2024-12-14,Salford,Notts County,P Howard
2425,E3,2024-12-14,Tranmere,Harrogate,T Reeves
2425,E3,2024-12-14,Walsall,Barrow,A Humphries
2425,E3,2024-12-16,Fleetwood Town,Accrington,T Kirk
2425,E3,2024-12-20,Crewe,Colchester,G Eltringham
2425,E3,2024-12-20,Gillingham,Cheltenham,C Brook
2425,E3,2024-12-21,Accrington,Salford,S Jackson
2425,E3,2024-12-21,Barrow,Fleetwood Town,M Coy
2425,E3,2024-12-21,Chesterfield,AFC Wimbledon,A Bannister
2425,E3,2024-12-21,Doncaster,Tranmere,A Chilowicz
2425,E3,2024-12-21,Harrogate,Walsall,S Mulhall
2425,E3,2024-12-21,Morecambe,Bromley,S Copeland
2425,E3,2024-12-21,Newport County,Milton Keynes Dons,M Barlow
2425,E3,2024-12-21,Notts County,Bradford,J Durkin
2425,E3,2024-12-21,Port Vale,Carlisle,E Duckworth
2425,E3,2024-12-21,Swindon,Grimsby,M Russell
2425,E3,2024-12-26,AFC Wimbledon,Swindon,A Byrne
2425,E3,2024-12-26,Bradford,Port Vale,M Corlett
2425,E3,2024-12-26,Bromley,Newport County,S Gill
2425,E3,2024-12-26,Carlisle,Morecambe,S Oldham
2425,E3,2024-12-26,Cheltenham,Crewe,A Young
2425,E3,2024-12-26,Colchester,Gillingham,F Hallam
2425,E3,2024-12-26,Fleetwood Town,Chesterfield,B Speedie
2425,E3,2024-12-26,Grimsby,Harrogate,D Drysdale
2425,E3,2024-12-26,Milton Keynes Dons,Notts County,S Tallis
2425,E3,2024-12-26,Salford,Barrow,E Bell
2425,E3,2024-12-26,Walsall,Doncaster,O Mackey
2425,E3,2024-12-29,Bradford,Chesterfield,A Herczeg
2425,E3,2024-12-29,Bromley,Swindon,Z Kennard-Kettle
2425,E3,2024-12-29,Carlisle,Accrington,T Parsons
2425,E3,2024-12-29,Cheltenham,Notts County,A Humphries
2425,E3,2024-12-29,Colchester,Doncaster,J Durkin
2425,E3,2024-12-29,Fleetwood Town,Harrogate,S Mather
2425,E3,2024-12-29,Grimsby,Port Vale,S Jackson
2425,E3,2024-12-29,Milton Keynes Dons,Crewe,G Rollason
2425,E3,2024-12-29,Salford,Morecambe,D Baines
2425,E3,2024-12-29,Tranmere,Barrow,A Bannister
2425,E3,2024-12-29,Walsall,Newport County,C Brook
2425,E3,2024-12-30,AFC Wimbledon,Gillingham,S Purkiss
2425,E3,2025-01-01,Accrington,Grimsby,A Duckworth
2425,E3,2025-01-01,Barrow,Bradford,T Kirk
2425,E3,2025-01-01,Chesterfield,Milton Keynes Dons,E Bell
2425,E3,2025-01-01,Crewe,Carlisle,S Mather
2425,E3,2025-01-01,Doncaster,Fleetwood Town,D Bourne
2425,E3,2025-01-01,Harrogate,Salford,S Oldham
2425,E3,2025-01-01,Morecambe,Tranmere,J Mulligan
2425,E3,2025-01-01,Notts County,Walsall,F Hallam
2425,E3,2025-01-01,Port Vale,Cheltenham,J Bell
2425,E3,2025-01-01,Swindon,Colchester,T Reeves
2425,E3,2025-01-02,Gillingham,Bromley,B Atkinson
2425,E3,2025-01-02,Newport County,AFC Wimbledon,W Finnie
2425,E3,2025-01-04,Barrow,Harrogate,S Morland
2425,E3,2025-01-04,Bradford,Grimsby,E Bell
2425,E3,2025-01-04,Colchester,Accrington,J O'Connor
2425,E3,2025-01-04,Doncaster,Port Vale,J Simpson
2425,E3,2025-01-04,Milton Keynes Dons,Salford,M Russell
2425,E3,2025-01-04,Notts County,Swindon,S Purkiss
2425,E3,2025-01-04,Tranmere,Carlisle,S Stockbridge
2425,E3,2025-01-05,Crewe,Bromley,S Jackson
2425,E3,2025-01-11,Swindon,Crewe,L Swabey
2425,E3,2025-01-11,Walsall,Tranmere,J Simpson
2425,E3,2025-01-17,Harrogate,Cheltenham,R Joyce
2425,E3,2025-01-18,AFC Wimbledon,Tranmere,S Simpson
2425,E3,2025-01-18,Accrington,Notts County,S Mather
2425,E3,2025-01-18,Bromley,Colchester,G Rollason
2425,E3,2025-01-18,Carlisle,Bradford,B Speedie
2425,E3,2025-01-18,Gillingham,Doncaster,L Swabey
2425,E3,2025-01-18,Grimsby,Chesterfield,J Simpson
2425,E3,2025-01-18,Morecambe,Crewe,P Howard
2425,E3,2025-01-18,Port Vale,Newport County,S Parkinson
2425,E3,2025-01-18,Salford,Fleetwood Town,D Rock
2425,E3,2025-01-18,Swindon,Barrow,S Jackson
2425,E3,2025-01-18,Walsall,Milton Keynes Dons,S Oldham
2425,E3,2025-01-21,Fleetwood Town,Milton Keynes Dons,T Parsons
2425,E3,2025-01-21,Harrogate,Colchester,S Tallis
2425,E3,2025-01-24,Newport County,Swindon,B Speedie
2425,E3,2025-01-25,Barrow,Grimsby,O Mackey
2425,E3,2025-01-25,Bradford,Walsall,J Miles
2425,E3,2025-01-25,Cheltenham,Salford,A Backhouse
2425,E3,2025-01-25,Chesterfield,Port Vale,A Humphries
2425,E3,2025-01-25,Colchester,Morecambe,S Purkiss
2425,E3,2025-01-25,Crewe,Accrington,A Chilowicz
2425,E3,2025-01-25,Doncaster,Harrogate,R Eley
2425,E3,2025-01-25,Fleetwood Town,Carlisle,M Corlett
2425,E3,2025-01-25,Milton Keynes Dons,AFC Wimbledon,C Hicks
2425,E3,2025-01-25,Notts County,Bromley,S Parkinson
2425,E3,2025-01-25,Tranmere,Gillingham,M Barlow
2425,E3,2025-01-28,Accrington,Cheltenham,P Marsden
2425,E3,2025-01-28,Bradford,Morecambe,B Toner
2425,E3,2025-01-28,Chesterfield,Bromley,O Yates
2425,E3,2025-01-28,Crewe,AFC Wimbledon,L Smith
2425,E3,2025-01-28,Fleetwood Town,Walsall,M Woods
2425,E3,2025-01-28,Grimsby,Gillingham,S Mather
2425,E3,2025-01-28,Milton Keynes Dons,Harrogate,P Howard
2425,E3,2025-01-28,Notts County,Carlisle,A Byrne
2425,E3,2025-01-28,Salford,Newport County,S Simpson
2425,E3,2025-01-28,Swindon,Tranmere,J Bell
2425,E3,2025-01-29,Barrow,Doncaster,S Stockbridge
2425,E3,2025-02-01,AFC Wimbledon,Bradford,S Mather
2425,E3,2025-02-01,Bromley,Grimsby,S Mulhall
2425,E3,2025-02-01,Carlisle,Swindon,R Joyce
2425,E3,2025-02-01,Cheltenham,Chesterfield,J Miles
2425,E3,2025-02-01,Doncaster,Milton Keynes Dons,Z Kennard-Kettle
2425,E3,2025-02-01,Gillingham,Notts County,T Reeves
2425,E3,2025-02-01,Harrogate,Crewe,M Barlow
2425,E3,2025-02-01,Morecambe,Fleetwood Town,E Duckworth
2425,E3,2025-02-01,Newport County,Barrow,S Tallis
2425,E3,2025-02-01,Port Vale,Accrington,A Herczeg
2425,E3,2025-02-01,Tranmere,Colchester,S Oldham
2425,E3,2025-02-01,Walsall,Salford,J Bell
2425,E3,2025-02-04,Newport County,Morecambe,C Brook
2425,E3,2025-02-04,Salford,Bromley,S Mather
2425,E3,2025-02-06,Chesterfield,Doncaster,G Rollason
2425,E3,2025-02-08,Accrington,AFC Wimbledon,S Oldham
2425,E3,2025-02-08,Barrow,Gillingham,R Joyce
2425,E3,2025-02-08,Bradford,Harrogate,O Yates
2425,E3,2025-02-08,Colchester,Walsall,L Swabey
2425,E3,2025-02-08,Crewe,Newport County,J Oldham
2425,E3,2025-02-08,Fleetwood Town,Cheltenham,A Bannister
2425,E3,2025-02-08,Grimsby,Carlisle,Z Kennard-Kettle
2425,E3,2025-02-08,Milton Keynes Dons,Bromley,J Durkin
2425,E3,2025-02-08,Notts County,Morecambe,P Marsden
2425,E3,2025-02-08,Salford,Tranmere,M Corlett
2425,E3,2025-02-08,Swindon,Port Vale,D Bourne
2425,E3,2025-02-11,AFC Wimbledon,Crewe,A Humphries
2425,E3,2025-02-11,Barrow,Milton Keynes Dons,S Mather
2425,E3,2025-02-11,Bradford,Accrington,J Oldham
2425,E3,2025-02-11,Newport County,Carlisle,P Howard
2425,E3,2025-02-11,Tranmere,Fleetwood Town,A Herczeg
2425,E3,2025-02-11,Walsall,Gillingham,T Parsons
2425,E3,2025-02-13,Port Vale,Notts County,R Ricardo
2425,E3,2025-02-15,AFC Wimbledon,Salford,A Young
2425,E3,2025-02-15,Bromley,Fleetwood Town,M Russell
2425,E3,2025-02-15,Carlisle,Colchester,J Simpson
2425,E3,2025-02-15,Cheltenham,Barrow,G Rollason
2425,E3,2025-02-15,Doncaster,Grimsby,M Coy
2425,E3,2025-02-15,Gillingham,Crewe,J O'Connor
2425,E3,2025-02-15,Harrogate,Swindon,S Mather
2425,E3,2025-02-15,Morecambe,Accrington,A Davies
2425,E3,2025-02-15,Newport County,Bradford,A Humphries
2425,E3,2025-02-15,Tranmere,Milton Keynes Dons,S Parkinson
2425,E3,2025-02-15,Walsall,Chesterfield,S Gill
2425,E3,2025-02-18,Fleetwood Town,AFC Wimbledon,P Howard
2425,E3,2025-02-18,Morecambe,Doncaster,O Yates
2425,E3,2025-02-18,Notts County,Colchester,S Jackson
2425,E3,2025-02-22,Accrington,Doncaster,S Morland
2425,E3,2025-02-22,Bradford,Milton Keynes Dons,S Stockbridge
2425,E3,2025-02-22,Bromley,Harrogate,J Oldham
2425,E3,2025-02-22,Carlisle,Gillingham,S Jackson
2425,E3,2025-02-22,Colchester,AFC Wimbledon,R Eley
2425,E3,2025-02-22,Crewe,Barrow,D Rock
2425,E3,2025-02-22,Grimsby,Fleetwood Town,S Tallis
2425,E3,2025-02-22,Morecambe,Walsall,B Speedie
2425,E3,2025-02-22,Newport County,Cheltenham,J Simpson
2425,E3,2025-02-22,Notts County,Tranmere,J Miles
2425,E3,2025-02-22,Port Vale,Salford,T Kirk
2425,E3,2025-02-22,Swindon,Chesterfield,C Breakspear
2425,E3,2025-02-25,Bromley,Bradford,J O'Connor
2425,E3,2025-02-25,Cheltenham,Walsall,M Barlow
2425,E3,2025-02-25,Gillingham,Fleetwood Town,A Young
2425,E3,2025-02-25,Tranmere,Accrington,R Eley
2425,E3,2025-02-27,Barrow,Carlisle,A Herczeg
2425,E3,2025-03-01,AFC Wimbledon,Bromley,G Rhodes
2425,E3,2025-03-01,Cheltenham,Grimsby,R Massey-Ellis
2425,E3,2025-03-01,Chesterfield,Crewe,S Tallis
2425,E3,2025-03-01,Doncaster,Newport County,D Drysdale
2425,E3,2025-03-01,Fleetwood Town,Notts County,S Stockbridge
2425,E3,2025-03-01,Gillingham,Morecambe,R Ricardo
2425,E3,2025-03-01,Harrogate,Accrington,M Corlett
2425,E3,2025-03-01,Milton Keynes Dons,Colchester,A Chilowicz
2425,E3,2025-03-01,Salford,Bradford,M Coy
2425,E3,2025-03-01,Tranmere,Port Vale,D Rock
2425,E3,2025-03-01,Walsall,Swindon,P Howard
2425,E3,2025-03-04,Accrington,Milton Keynes Dons,G Rhodes
2425,E3,2025-03-04,Bradford,Cheltenham,Z Kennard-Kettle
2425,E3,2025-03-04,Bromley,Doncaster,R Madley
2425,E3,2025-03-04,Carlisle,Walsall,P Marsden
2425,E3,2025-03-04,Colchester,Chesterfield,J Durkin
2425,E3,2025-03-04,Crewe,Fleetwood Town,B Speedie
2425,E3,2025-03-04,Grimsby,Tranmere,G Rollason
2425,E3,2025-03-04,Morecambe,AFC Wimbledon,A Herczeg
2425,E3,2025-03-04,Newport County,Gillingham,A Bannister
2425,E3,2025-03-04,Notts County,Barrow,M Barlow
2425,E3,2025-03-04,Port Vale,Harrogate,S Allison
2425,E3,2025-03-04,Swindon,Salford,S Parkinson
2425,E3,2025-03-08,AFC Wimbledon,Notts County,T Kirk
2425,E3,2025-03-08,Barrow,Accrington,D Bourne
2425,E3,2025-03-08,Cheltenham,Colchester,S Mather
2425,E3,2025-03-08,Chesterfield,Newport County,M Barlow
2425,E3,2025-03-08,Doncaster,Swindon,L Doughty
2425,E3,2025-03-08,Fleetwood Town,Port Vale,R Madley
2425,E3,2025-03-08,Gillingham,Bradford,J Durkin
2425,E3,2025-03-08,Harrogate,Carlisle,S Stockbridge
2425,E3,2025-03-08,Milton Keynes Dons,Morecambe,M Woods
2425,E3,2025-03-08,Salford,Crewe,Z Kennard-Kettle
2425,E3,2025-03-08,Tranmere,Bromley,S Mulhall
2425,E3,2025-03-08,Walsall,Grimsby,S Purkiss
2425,E3,2025-03-11,AFC Wimbledon,Cheltenham,S Jackson
2425,E3,2025-03-11,Accrington,Newport County,R Joyce
2425,E3,2025-03-11,Colchester,Port Vale,A Bannister
2425,E3,2025-03-11,Grimsby,Notts County,S Oldham
2425,E3,2025-03-11,Salford,Chesterfield,D Drysdale
2425,E3,2025-03-13,Bromley,Walsall,R Ricardo
2425,E3,2025-03-15,Accrington,Gillingham,C Breakspear
2425,E3,2025-03-15,Bradford,Tranmere,T Parsons
2425,E3,2025-03-15,Carlisle,AFC Wimbledon,M Woods
2425,E3,2025-03-15,Colchester,Fleetwood Town,C Brook
2425,E3,2025-03-15,Crewe,Doncaster,M Corlett
2425,E3,2025-03-15,Grimsby,Salford,L Doughty
2425,E3,2025-03-15,Morecambe,Barrow,S Simpson
2425,E3,2025-03-15,Newport County,Harrogate,J O'Connor
2425,E3,2025-03-15,Notts County,Chesterfield,D Rock
2425,E3,2025-03-15,Port Vale,Milton Keynes Dons,M Barlow
2425,E3,2025-03-15,Swindon,Cheltenham,O Yates
2425,E3,2025-03-22,AFC Wimbledon,Barrow,R Ricardo
2425,E3,2025-03-22,Bradford,Colchester,W Finnie
2425,E3,2025-03-22,Carlisle,Bromley,R Madley
2425,E3,2025-03-22,Cheltenham,Milton Keynes Dons,D Drysdale
2425,E3,2025-03-22,Chesterfield,Harrogate,B Speedie
2425,E3,2025-03-22,Fleetwood Town,Tranmere,A Chilowicz
2425,E3,2025-03-22,Gillingham,Walsall,A Humphries
2425,E3,2025-03-22,Grimsby,Newport County,A Young
2425,E3,2025-03-22,Notts County,Crewe,M Woods
2425,E3,2025-03-22,Port Vale,Morecambe,S Oldham
2425,E3,2025-03-22,Swindon,Accrington,A Bannister
2425,E3,2025-03-25,Carlisle,Milton Keynes Dons,B Speedie
2425,E3,2025-03-25,Port Vale,Barrow,Z Kennard-Kettle
2425,E3,2025-03-28,Colchester,Grimsby,C Breakspear
2425,E3,2025-03-28,Tranmere,Cheltenham,R Joyce
2425,E3,2025-03-29,Accrington,Bradford,N Hair
2425,E3,2025-03-29,Barrow,Chesterfield,S Mather
2425,E3,2025-03-29,Bromley,Salford,S Purkiss
2425,E3,2025-03-29,Crewe,Port Vale,M Coy
2425,E3,2025-03-29,Doncaster,Carlisle,S Oldham
2425,E3,2025-03-29,Harrogate,Gillingham,D Rock
2425,E3,2025-03-29,Milton Keynes Dons,Fleetwood Town,A Backhouse
2425,E3,2025-03-29,Morecambe,Swindon,J O'Connor
2425,E3,2025-03-29,Newport County,Notts County,S Morland
2425,E3,2025-03-29,Walsall,AFC Wimbledon,M Corlett
2425,E3,2025-04-01,Accrington,Fleetwood Town,D Drysdale
2425,E3,2025-04-01,Barrow,Salford,J Miles
2425,E3,2025-04-01,Chesterfield,Carlisle,A Humphries
2425,E3,2025-04-01,Crewe,Grimsby,P Marsden
2425,E3,2025-04-01,Doncaster,Walsall,J Oldham
2425,E3,2025-04-01,Gillingham,Colchester,J Linington
2425,E3,2025-04-01,Harrogate,Tranmere,Z Kennard-Kettle
2425,E3,2025-04-01,Morecambe,Cheltenham,R Eley
2425,E3,2025-04-01,Newport County,Bromley,R Massey-Ellis
2425,E3,2025-04-01,Port Vale,Bradford,B Toner
2425,E3,2025-04-01,Swindon,AFC Wimbledon,J Durkin
2425,E3,2025-04-02,Notts County,Milton Keynes Dons,A Young
2425,E3,2025-04-05,AFC Wimbledon,Harrogate,T Parsons
2425,E3,2025-04-05,Bradford,Crewe,A Herczeg
2425,E3,2025-04-05,Bromley,Accrington,A Young
2425,E3,2025-04-05,Carlisle,Newport County,R Ricardo
2425,E3,2025-04-05,Cheltenham,Doncaster,C Brook
2425,E3,2025-04-05,Colchester,Notts County,J Smith
2425,E3,2025-04-05,Fleetwood Town,Swindon,O Mackey
2425,E3,2025-04-05,Grimsby,Morecambe,J Miles
2425,E3,2025-04-05,Milton Keynes Dons,Barrow,J O'Connor
2425,E3,2025-04-05,Salford,Gillingham,W Finnie
2425,E3,2025-04-05,Tranmere,Chesterfield,T Reeves
2425,E3,2025-04-05,Walsall,Port Vale,L Smith
2425,E3,2025-04-08,Chesterfield,Gillingham,M Woods
2425,E3,2025-04-10,Crewe,Cheltenham,D Bourne
2425,E3,2025-04-11,Notts County,Salford,A Chilowicz
2425,E3,2025-04-12,Accrington,Tranmere,A Sebastian
2425,E3,2025-04-12,Barrow,Walsall,S Martin
2425,E3,2025-04-12,Chesterfield,Fleetwood Town,R Joyce
2425,E3,2025-04-12,Doncaster,AFC Wimbledon,N Hair
2425,E3,2025-04-12,Gillingham,Milton Keynes Dons,R Massey-Ellis
2425,E3,2025-04-12,Harrogate,Grimsby,A Bannister
2425,E3,2025-04-12,Morecambe,Carlisle,B Toner
2425,E3,2025-04-12,Newport County,Colchester,R Eley
2425,E3,2025-04-12,Port Vale,Bromley,A Byrne
2425,E3,2025-04-12,Swindon,Bradford,T Kirk
2425,E3,2025-04-15,Salford,Doncaster,B Bell
2425,E3,2025-04-17,Bradford,Notts County,F Hallam
2425,E3,2025-04-18,AFC Wimbledon,Chesterfield,C Brook
2425,E3,2025-04-18,Bromley,Morecambe,D Bourne
2425,E3,2025-04-18,Carlisle,Port Vale,M Woods
2425,E3,2025-04-18,Cheltenham,Gillingham,G Scott
2425,E3,2025-04-18,Colchester,Crewe,S Oldham
2425,E3,2025-04-18,Fleetwood Town,Barrow,S Parkinson
2425,E3,2025-04-18,Grimsby,Swindon,S Stockbridge
2425,E3,2025-04-18,Milton Keynes Dons,Newport County,A Byrne
2425,E3,2025-04-18,Salford,Accrington,L Swabey
2425,E3,2025-04-18,Tranmere,Doncaster,S Tallis
2425,E3,2025-04-18,Walsall,Harrogate,S Simpson
2425,E3,2025-04-21,Accrington,Carlisle,M Coy
2425,E3,2025-04-21,Barrow,Tranmere,T Kirk
2425,E3,2025-04-21,Chesterfield,Bradford,S Jackson
2425,E3,2025-04-21,Crewe,Milton Keynes Dons,C Breakspear
2425,E3,2025-04-21,Doncaster,Colchester,A Young
2425,E3,2025-04-21,Gillingham,AFC Wimbledon,S Copeland
2425,E3,2025-04-21,Harrogate,Fleetwood Town,G Rhodes
2425,E3,2025-04-21,Morecambe,Salford,B Speedie
2425,E3,2025-04-21,Newport County,Walsall,S Purkiss
2425,E3,2025-04-21,Notts County,Cheltenham,J Durkin
2425,E3,2025-04-21,Port Vale,Grimsby,R Eley
2425,E3,2025-04-21,Swindon,Bromley,W Davis
2425,E3,2025-04-26,AFC Wimbledon,Port Vale,D Bourne
2425,E3,2025-04-26,Barrow,Bromley,O Mackey
2425,E3,2025-04-26,Cheltenham,Carlisle,T Nield
2425,E3,2025-04-26,Chesterfield,Morecambe,M Corlett
2425,E3,2025-04-26,Doncaster,Bradford,R Joyce
2425,E3,2025-04-26,Fleetwood Town,Newport County,P Wright
2425,E3,2025-04-26,Gillingham,Swindon,N Hair
2425,E3,2025-04-26,Harrogate,Notts County,R Watkins
2425,E3,2025-04-26,Milton Keynes Dons,Grimsby,A Herczeg
2425,E3,2025-04-26,Salford,Colchester,S Stockbridge
2425,E3,2025-04-26,Tranmere,Crewe,T Parsons
2425,E3,2025-04-26,Walsall,Accrington,A Chilowicz
2425,E3,2025-05-03,Accrington,Chesterfield,T Parsons
2425,E3,2025-05-03,Bradford,Fleetwood Town,M Coy
2425,E3,2025-05-03,Bromley,Cheltenham,S Parkinson
2425,E3,2025-05-03,Carlisle,Salford,S Mather
2425,E3,2025-05-03,Colchester,Barrow,R Ricardo
2425,E3,2025-05-03,Crewe,Walsall,M Corlett
2425,E3,2025-05-03,Grimsby,AFC Wimbledon,R Joyce
2425,E3,2025-05-03,Morecambe,Harrogate,O Yates
2425,E3,2025-05-03,Newport County,Tranmere,A Humphries
2425,E3,2025-05-03,Notts County,Doncaster,A Herczeg
2425,E3,2025-05-03,Port Vale,Gillingham,J Miles
2425,E3,2025-05-03,Swindon,Milton Keynes Dons,D Bourne
2425,EC,2024-08-10,Aldershot,Forest Green,S Simpson
2425,EC,2024-08-10,Altrincham,Woking,J Oldham
2425,EC,2024-08-10,Boston Utd,Rochdale,Z Kennard-Kettle
2425,EC,2024-08-10,Dag and Red,Wealdstone,L Impey
2425,EC,2024-08-10,Fylde,Solihull,E Bell
2425,EC,2024-08-10,Gateshead,Ebbsfleet,M Mcquillan
2425,EC,2024-08-10,Halifax,Barnet,P Marsden
2425,EC,2024-08-10,Maidenhead,Eastleigh,J O'Connor
2425,EC,2024-08-10,Oldham,Braintree Town,P Cooper
2425,EC,2024-08-10,Southend,York,F Hallam
2425,EC,2024-08-10,Tamworth,Sutton,A Byrne
2425,EC,2024-08-10,Yeovil,Hartlepool,D Rock
2425,EC,2024-08-17,Boston Utd,Forest Green,L Impey
2425,EC,2024-08-17,Braintree Town,Yeovil,C Walchester
2425,EC,2024-08-17,Eastleigh,Fylde,J Richardson
2425,EC,2024-08-17,Ebbsfleet,Barnet,S Copeland
2425,EC,2024-08-17,Halifax,Aldershot,G Rhodes
2425,EC,2024-08-17,Hartlepool,Southend,P Marsden
2425,EC,2024-08-17,Rochdale,Dag and Red,S Jackson
2425,EC,2024-08-17,Solihull,Maidenhead,R Martin
2425,EC,2024-08-17,Sutton,Altrincham,S Parkinson
2425,EC,2024-08-17,Wealdstone,Oldham,B Wyatt
2425,EC,2024-08-17,Woking,Gateshead,M Russell
2425,EC,2024-08-17,York,Tamworth,J Westgate
2425,EC,2024-08-20,Barnet,Forest Green,A Humphries
2425,EC,2024-08-20,Braintree Town,Aldershot,W Cartmel
2425,EC,2024-08-20,Eastleigh,Solihull,E Swallow
2425,EC,2024-08-20,Halifax,Gateshead,D Drysdale
2425,EC,2024-08-20,Maidenhead,Altrincham,O Mackey
2425,EC,2024-08-20,Oldham,Fylde,W Davis
2425,EC,2024-08-20,Southend,Boston Utd,A Dale
2425,EC,2024-08-20,Tamworth,Hartlepool,M Crusham
2425,EC,2024-08-20,Wealdstone,Sutton,R Massey-Ellis
2425,EC,2024-08-20,Woking,Dag and Red,R Atkin
2425,EC,2024-08-20,Yeovil,Ebbsfleet,G Rollason
2425,EC,2024-08-20,York,Rochdale,J Mulligan
2425,EC,2024-08-23,Dag and Red,Halifax,E Swallow
2425,EC,2024-08-24,Aldershot,Oldham,M Russell
2425,EC,2024-08-24,Altrincham,Eastleigh,Z Kennard-Kettle
2425,EC,2024-08-24,Barnet,Southend,G Rollason
2425,EC,2024-08-24,Boston Utd,Tamworth,J Bancroft
2425,EC,2024-08-24,Ebbsfleet,Woking,A Farmer
2425,EC,2024-08-24,Fylde,Maidenhead,B Wyatt
2425,EC,2024-08-24,Gateshead,Yeovil,M Woods
2425,EC,2024-08-24,Hartlepool,Wealdstone,D Baines
2425,EC,2024-08-24,Rochdale,Forest Green,A Miller
2425,EC,2024-08-24,Solihull,Braintree Town,W Davis
2425,EC,2024-08-24,Sutton,York,E Bell
2425,EC,2024-08-26,Braintree Town,Ebbsfleet,L Impey
2425,EC,2024-08-26,Eastleigh,Sutton,S Mulhall
2425,EC,2024-08-26,Forest Green,Altrincham,A Byrne
2425,EC,2024-08-26,Halifax,Solihull,J Westgate
2425,EC,2024-08-26,Maidenhead,Barnet,R Watkins
2425,EC,2024-08-26,Oldham,Gateshead,G Rhodes
2425,EC,2024-08-26,Southend,Dag and Red,D Middleton
2425,EC,2024-08-26,Tamworth,Aldershot,R Eley
2425,EC,2024-08-26,Wealdstone,Fylde,R Martin
2425,EC,2024-08-26,Woking,Hartlepool,R Ricardo
2425,EC,2024-08-26,Yeovil,Rochdale,A Dale
2425,EC,2024-08-26,York,Boston Utd,S Morland
2425,EC,2024-08-31,Aldershot,Maidenhead,A Humphries
2425,EC,2024-08-31,Altrincham,Oldham,O Yates
2425,EC,2024-08-31,Barnet,Tamworth,R Martin
2425,EC,2024-08-31,Boston Utd,Yeovil,N Hair
2425,EC,2024-08-31,Dag and Red,York,C Walchester
2425,EC,2024-08-31,Ebbsfleet,Halifax,S Morland
2425,EC,2024-08-31,Gateshead,Eastleigh,J Bancroft
2425,EC,2024-08-31,Hartlepool,Braintree Town,M Mcquillan
2425,EC,2024-08-31,Rochdale,Woking,W Davis
2425,EC,2024-08-31,Solihull,Wealdstone,R Eley
2425,EC,2024-08-31,Sutton,Forest Green,A Bannister
2425,EC,2024-09-07,Aldershot,Rochdale,J Durkin
2425,EC,2024-09-07,Altrincham,Ebbsfleet,J Westgate
2425,EC,2024-09-07,Braintree Town,Woking,A Humphries
2425,EC,2024-09-07,Eastleigh,Tamworth,R Atkin
2425,EC,2024-09-07,Fylde,Yeovil,J Bancroft
2425,EC,2024-09-07,Gateshead,Barnet,M Coy
2425,EC,2024-09-07,Hartlepool,Halifax,J Mulligan
2425,EC,2024-09-07,Maidenhead,Dag and Red,J Richardson
2425,EC,2024-09-07,Oldham,Southend,J Linington
2425,EC,2024-09-07,Solihull,Forest Green,P Marsden
2425,EC,2024-09-07,Sutton,Boston Utd,R Martin
2425,EC,2024-09-07,Wealdstone,York,A Dale
2425,EC,2024-09-10,Barnet,Altrincham,L Impey
2425,EC,2024-09-10,Boston Utd,Hartlepool,R Watkins
2425,EC,2024-09-10,Dag and Red,Sutton,P Howard
2425,EC,2024-09-10,Ebbsfleet,Aldershot,F Hallam
2425,EC,2024-09-10,Forest Green,Fylde,R Eley
2425,EC,2024-09-10,Halifax,Oldham,A Bannister
2425,EC,2024-09-10,Rochdale,Maidenhead,P Cooper
2425,EC,2024-09-10,Southend,Eastleigh,J Miles
2425,EC,2024-09-10,Woking,Wealdstone,W Cartmel
2425,EC,2024-09-10,Yeovil,Solihull,R Ricardo
2425,EC,2024-09-10,York,Braintree Town,M Crusham
2425,EC,2024-09-14,Barnet,Braintree Town,J Westgate
2425,EC,2024-09-14,Boston Utd,Aldershot,A Miller
2425,EC,2024-09-14,Dag and Red,Gateshead,A Dale
2425,EC,2024-09-14,Ebbsfleet,Hartlepool,O Mackey
2425,EC,2024-09-14,Forest Green,Wealdstone,G Rollason
2425,EC,2024-09-14,Halifax,Eastleigh,W Davis
2425,EC,2024-09-14,Rochdale,Solihull,J Bancroft
2425,EC,2024-09-14,Southend,Sutton,A Young
2425,EC,2024-09-14,Tamworth,Maidenhead,E Bell
2425,EC,2024-09-14,Woking,Oldham,R Massey-Ellis
2425,EC,2024-09-14,Yeovil,Altrincham,L Swabey
2425,EC,2024-09-14,York,Fylde,T Parsons
2425,EC,2024-09-17,Fylde,Southend,D Baines
2425,EC,2024-09-21,Aldershot,York,W Davis
2425,EC,2024-09-21,Altrincham,Boston Utd,A Bannister
2425,EC,2024-09-21,Braintree Town,Tamworth,S Mulhall
2425,EC,2024-09-21,Eastleigh,Rochdale,A Farmer
2425,EC,2024-09-21,Fylde,Woking,Z Kennard-Kettle
2425,EC,2024-09-21,Gateshead,Forest Green,B Wyatt
2425,EC,2024-09-21,Hartlepool,Dag and Red,S Morland
2425,EC,2024-09-21,Maidenhead,Halifax,J Bancroft
2425,EC,2024-09-21,Oldham,Yeovil,P Marsden
2425,EC,2024-09-21,Solihull,Southend,S Parkinson
2425,EC,2024-09-21,Sutton,Ebbsfleet,R Eley
2425,EC,2024-09-21,Wealdstone,Barnet,S Purkiss
2425,EC,2024-09-24,Aldershot,Barnet,O Mackey
2425,EC,2024-09-24,Altrincham,Dag and Red,F Hallam
2425,EC,2024-09-24,Braintree Town,Halifax,A Young
2425,EC,2024-09-24,Eastleigh,Woking,R Watkins
2425,EC,2024-09-24,Fylde,Tamworth,S Copeland
2425,EC,2024-09-24,Gateshead,Boston Utd,J Mulligan
2425,EC,2024-09-24,Hartlepool,Rochdale,M Woods
2425,EC,2024-09-24,Maidenhead,Ebbsfleet,E Swallow
2425,EC,2024-09-24,Oldham,Forest Green,J O'Connor
2425,EC,2024-09-24,Solihull,York,G Rollason
2425,EC,2024-09-24,Sutton,Yeovil,P Johnson
2425,EC,2024-09-24,Wealdstone,Southend,A Humphries
2425,EC,2024-09-28,Barnet,Fylde,A Miller
2425,EC,2024-09-28,Boston Utd,Maidenhead,R Atkin
2425,EC,2024-09-28,Dag and Red,Solihull,J O'Connor
2425,EC,2024-09-28,Ebbsfleet,Oldham,A Farmer
2425,EC,2024-09-28,Forest Green,Hartlepool,R Martin
2425,EC,2024-09-28,Halifax,Wealdstone,S Copeland
2425,EC,2024-09-28,Rochdale,Braintree Town,G Rhodes
2425,EC,2024-09-28,Southend,Gateshead,W Cartmel
2425,EC,2024-09-28,Tamworth,Altrincham,J Bancroft
2425,EC,2024-09-28,Woking,Sutton,S Parkinson
2425,EC,2024-09-28,Yeovil,Aldershot,R Massey-Ellis
2425,EC,2024-09-28,York,Eastleigh,Z Kennard-Kettle
2425,EC,2024-10-05,Barnet,Boston Utd,A Dale
2425,EC,2024-10-05,Braintree Town,Altrincham,O Mackey
2425,EC,2024-10-05,Eastleigh,Forest Green,F Hallam
2425,EC,2024-10-05,Ebbsfleet,Rochdale,W Cartmel
2425,EC,2024-10-05,Fylde,Aldershot,E Bell
2425,EC,2024-10-05,Gateshead,Wealdstone,D Baines
2425,EC,2024-10-05,Halifax,Tamworth,T Reeves
2425,EC,2024-10-05,Hartlepool,Sutton,S Copeland
2425,EC,2024-10-05,Oldham,Solihull,D Drysdale
2425,EC,2024-10-05,Southend,Maidenhead,R Ricardo
2425,EC,2024-10-05,Woking,York,S Gill
2425,EC,2024-10-05,Yeovil,Dag and Red,R Martin
2425,EC,2024-10-08,Tamworth,Gateshead,W Davis
2425,EC,2024-10-19,Aldershot,Eastleigh,C Walchester
2425,EC,2024-10-19,Altrincham,Gateshead,S Copeland
2425,EC,2024-10-19,Boston Utd,Halifax,P Cooper
2425,EC,2024-10-19,Dag and Red,Fylde,P Johnson
2425,EC,2024-10-19,Forest Green,Braintree Town,W Cartmel
2425,EC,2024-10-19,Maidenhead,Hartlepool,G Rhodes
2425,EC,2024-10-19,Rochdale,Southend,S Morland
2425,EC,2024-10-19,Solihull,Barnet,R Martin
2425,EC,2024-10-19,Sutton,Oldham,A Humphries
2425,EC,2024-10-19,Tamworth,Woking,A Miller
2425,EC,2024-10-19,Wealdstone,Yeovil,S Mulhall
2425,EC,2024-10-19,York,Ebbsfleet,J Bancroft
2425,EC,2024-10-22,Dag and Red,Eastleigh,S Parkinson
2425,EC,2024-10-22,Forest Green,Ebbsfleet,W Davis
2425,EC,2024-10-22,Maidenhead,Oldham,R Eley
2425,EC,2024-10-22,Rochdale,Halifax,M Barlow
2425,EC,2024-10-22,Tamworth,Yeovil,S Copeland
2425,EC,2024-10-22,York,Barnet,O Yates
2425,EC,2024-10-23,Aldershot,Southend,A Dale
2425,EC,2024-10-23,Altrincham,Hartlepool,G Rollason
2425,EC,2024-10-23,Boston Utd,Fylde,R Massey-Ellis
2425,EC,2024-10-23,Solihull,Woking,M Crusham
2425,EC,2024-10-23,Sutton,Gateshead,E Swallow
2425,EC,2024-10-23,Wealdstone,Braintree Town,A Farmer
2425,EC,2024-10-26,Barnet,Rochdale,J Miles
2425,EC,2024-10-26,Braintree Town,Sutton,R Watkins
2425,EC,2024-10-26,Eastleigh,Boston Utd,J Oldham
2425,EC,2024-10-26,Ebbsfleet,Wealdstone,R Martin
2425,EC,2024-10-26,Fylde,Altrincham,M Corlett
2425,EC,2024-10-26,Gateshead,Solihull,T Bramall
2425,EC,2024-10-26,Halifax,York,J O'Connor
2425,EC,2024-10-26,Hartlepool,Aldershot,Z Kennard-Kettle
2425,EC,2024-10-26,Oldham,Dag and Red,J Westgate
2425,EC,2024-10-26,Southend,Tamworth,M Russell
2425,EC,2024-10-26,Woking,Forest Green,J Bancroft
2425,EC,2024-10-26,Yeovil,Maidenhead,W Davis
2425,EC,2024-11-09,Aldershot,Wealdstone,E Swallow
2425,EC,2024-11-09,Barnet,Oldham,S Morland
2425,EC,2024-11-09,Boston Utd,Dag and Red,S Copeland
2425,EC,2024-11-09,Eastleigh,Braintree Town,G Rollason
2425,EC,2024-11-09,Fylde,Gateshead,M Barlow
2425,EC,2024-11-09,Halifax,Woking,G Rhodes
2425,EC,2024-11-09,Maidenhead,Forest Green,Z Kennard-Kettle
2425,EC,2024-11-09,Rochdale,Sutton,R Aspinall
2425,EC,2024-11-09,Solihull,Altrincham,R Eley
2425,EC,2024-11-09,Southend,Yeovil,A Byrne
2425,EC,2024-11-09,Tamworth,Ebbsfleet,B Wyatt
2425,EC,2024-11-09,York,Hartlepool,J Mulligan
2425,EC,2024-11-16,Altrincham,Southend,W Davis
2425,EC,2024-11-16,Braintree Town,Fylde,C Walchester
2425,EC,2024-11-16,Dag and Red,Barnet,R Eley
2425,EC,2024-11-16,Ebbsfleet,Solihull,P Johnson
2425,EC,2024-11-16,Forest Green,York,B Speedie
2425,EC,2024-11-16,Gateshead,Aldershot,S Morland
2425,EC,2024-11-16,Hartlepool,Eastleigh,J O'Connor
2425,EC,2024-11-16,Oldham,Tamworth,G Rhodes
2425,EC,2024-11-16,Sutton,Maidenhead,A Dale
2425,EC,2024-11-16,Wealdstone,Rochdale,S Parkinson
2425,EC,2024-11-16,Woking,Boston Utd,A Young
2425,EC,2024-11-16,Yeovil,Halifax,J Richardson
2425,EC,2024-11-23,Aldershot,Altrincham,J O'Connor
2425,EC,2024-11-23,Barnet,Woking,E Swallow
2425,EC,2024-11-23,Boston Utd,Braintree Town,G Rhodes
2425,EC,2024-11-23,Eastleigh,Wealdstone,A Byrne
2425,EC,2024-11-23,Maidenhead,Gateshead,R Martin
2425,EC,2024-11-23,Solihull,Hartlepool,A Miller
2425,EC,2024-11-23,Southend,Forest Green,R Atkin
2425,EC,2024-11-23,Tamworth,Dag and Red,S Morland
2425,EC,2024-11-23,York,Yeovil,O Mackey
2425,EC,2024-11-26,Altrincham,York,G Rhodes
2425,EC,2024-11-26,Braintree Town,Maidenhead,R Massey-Ellis
2425,EC,2024-11-26,Dag and Red,Aldershot,S Mulhall
2425,EC,2024-11-26,Gateshead,Rochdale,P Marsden
2425,EC,2024-11-26,Hartlepool,Fylde,J Bancroft
2425,EC,2024-11-26,Oldham,Boston Utd,D Baines
2425,EC,2024-11-26,Sutton,Solihull,A Young
2425,EC,2024-11-26,Woking,Southend,S Parkinson
2425,EC,2024-11-27,Ebbsfleet,Eastleigh,A Farmer
2425,EC,2024-11-27,Forest Green,Halifax,R Eley
2425,EC,2024-11-27,Yeovil,Barnet,A Humphries
2425,EC,2024-11-30,Braintree Town,Gateshead,J Oldham
2425,EC,2024-11-30,Ebbsfleet,Boston Utd,B Atkinson
2425,EC,2024-11-30,Halifax,Southend,A Jackson
2425,EC,2024-11-30,Hartlepool,Barnet,A Bannister
2425,EC,2024-11-30,Sutton,Fylde,S Jackson
2425,EC,2024-11-30,Woking,Yeovil,A Farmer
2425,EC,2024-11-30,York,Maidenhead,S Copeland
2425,EC,2024-12-10,Fylde,Ebbsfleet,M Crusham
2425,EC,2024-12-10,Halifax,Sutton,J Bancroft
2425,EC,2024-12-10,Solihull,Aldershot,G Rhodes
2425,EC,2024-12-10,Wealdstone,Altrincham,A Humphries
2425,EC,2024-12-14,Aldershot,Halifax,R Martin
2425,EC,2024-12-14,Altrincham,Sutton,S Mather
2425,EC,2024-12-14,Barnet,Ebbsfleet,O Mackey
2425,EC,2024-12-14,Dag and Red,Rochdale,A Dale
2425,EC,2024-12-14,Forest Green,Boston Utd,G Rollason
2425,EC,2024-12-14,Fylde,Eastleigh,R Eley
2425,EC,2024-12-14,Gateshead,Woking,A Jackson
2425,EC,2024-12-14,Maidenhead,Solihull,A Byrne
2425,EC,2024-12-14,Oldham,Wealdstone,S Purkiss
2425,EC,2024-12-14,Southend,Hartlepool,B Atkinson
2425,EC,2024-12-14,Tamworth,York,S Mulhall
2425,EC,2024-12-14,Yeovil,Braintree Town,E Swallow
2425,EC,2024-12-17,Rochdale,Tamworth,D Drysdale
2425,EC,2024-12-21,Barnet,Halifax,S Parkinson
2425,EC,2024-12-21,Braintree Town,Oldham,C Walchester
2425,EC,2024-12-21,Eastleigh,Maidenhead,P Johnson
2425,EC,2024-12-21,Ebbsfleet,Gateshead,A Humphries
2425,EC,2024-12-21,Forest Green,Aldershot,M Crusham
2425,EC,2024-12-21,Hartlepool,Yeovil,A Jackson
2425,EC,2024-12-21,Solihull,Fylde,J Mulligan
2425,EC,2024-12-21,Sutton,Tamworth,R Ricardo
2425,EC,2024-12-21,Wealdstone,Dag and Red,R Massey-Ellis
2425,EC,2024-12-21,Woking,Altrincham,S Tallis
2425,EC,2024-12-21,York,Southend,R Joyce
2425,EC,2024-12-26,Aldershot,Woking,W Cartmel
2425,EC,2024-12-26,Altrincham,Halifax,R Aspinall
2425,EC,2024-12-26,Barnet,Sutton,J O'Connor
2425,EC,2024-12-26,Boston Utd,Solihull,W Davis
2425,EC,2024-12-26,Dag and Red,Braintree Town,A Farmer
2425,EC,2024-12-26,Fylde,Rochdale,E Swallow
2425,EC,2024-12-26,Gateshead,Hartlepool,G Rhodes
2425,EC,2024-12-26,Maidenhead,Wealdstone,S Parkinson
2425,EC,2024-12-26,Southend,Ebbsfleet,A Dale
2425,EC,2024-12-26,Tamworth,Forest Green,P Marsden
2425,EC,2024-12-26,Yeovil,Eastleigh,R Martin
2425,EC,2024-12-31,Solihull,Tamworth,A Humphries
2425,EC,2025-01-01,Braintree Town,Southend,S Mulhall
2425,EC,2025-01-01,Eastleigh,Barnet,W Cartmel
2425,EC,2025-01-01,Ebbsfleet,Dag and Red,K Dowle
2425,EC,2025-01-01,Forest Green,Yeovil,J Oldham
2425,EC,2025-01-01,Hartlepool,Oldham,M Barlow
2425,EC,2025-01-01,Sutton,Aldershot,C Brook
2425,EC,2025-01-01,Woking,Maidenhead,A Farmer
2425,EC,2025-01-01,York,Gateshead,G Rollason
2425,EC,2025-01-07,Eastleigh,Oldham,K Dowle
2425,EC,2025-01-08,Forest Green,Dag and Red,A Humphries
2425,EC,2025-01-11,Boston Utd,Ebbsfleet,C Walchester
2425,EC,2025-01-11,Yeovil,Woking,P Johnson
2425,EC,2025-01-14,Aldershot,Braintree Town,P Johnson
2425,EC,2025-01-14,Altrincham,Maidenhead,A Miller
2425,EC,2025-01-14,Ebbsfleet,Yeovil,R Massey-Ellis
2425,EC,2025-01-14,Forest Green,Barnet,D Baines
2425,EC,2025-01-14,Gateshead,Halifax,J Westgate
2425,EC,2025-01-14,Solihull,Eastleigh,J Richardson
2425,EC,2025-01-15,Sutton,Wealdstone,A Byrne
2425,EC,2025-01-17,Yeovil,Gateshead,E Duckworth
2425,EC,2025-01-18,Braintree Town,Solihull,A Byrne
2425,EC,2025-01-18,Eastleigh,Altrincham,R Massey-Ellis
2425,EC,2025-01-18,Forest Green,Rochdale,J Durkin
2425,EC,2025-01-18,Maidenhead,Fylde,M Barlow
2425,EC,2025-01-18,Oldham,Aldershot,R Eley
2425,EC,2025-01-18,Southend,Barnet,A Farmer
2425,EC,2025-01-18,Tamworth,Boston Utd,W Cartmel
2425,EC,2025-01-18,Wealdstone,Hartlepool,A Dale
2425,EC,2025-01-18,Woking,Ebbsfleet,R Martin
2425,EC,2025-01-18,York,Sutton,P Marsden
2425,EC,2025-01-21,Oldham,York,S Morland
2425,EC,2025-01-25,Aldershot,Tamworth,J Durkin
2425,EC,2025-01-25,Altrincham,Forest Green,S Morland
2425,EC,2025-01-25,Barnet,Maidenhead,K Dowle
2425,EC,2025-01-25,Boston Utd,York,A Farmer
2425,EC,2025-01-25,Dag and Red,Southend,J O'Connor
2425,EC,2025-01-25,Ebbsfleet,Braintree Town,D Baines
2425,EC,2025-01-25,Fylde,Wealdstone,G Rhodes
2425,EC,2025-01-25,Gateshead,Oldham,J Mulligan
2425,EC,2025-01-25,Hartlepool,Woking,S Copeland
2425,EC,2025-01-25,Rochdale,Yeovil,S Oldham
2425,EC,2025-01-25,Solihull,Halifax,P Marsden
2425,EC,2025-01-25,Sutton,Eastleigh,G Rollason
2425,EC,2025-01-28,Barnet,Hartlepool,E Swallow
2425,EC,2025-01-28,Southend,Fylde,R Massey-Ellis
2425,EC,2025-02-01,Braintree Town,Hartlepool,R Massey-Ellis
2425,EC,2025-02-01,Fylde,Oldham,J Westgate
2425,EC,2025-02-01,Halifax,Ebbsfleet,S Morland
2425,EC,2025-02-01,Tamworth,Barnet,R Aspinall
2425,EC,2025-02-01,Wealdstone,Solihull,C Hicks
2425,EC,2025-02-01,York,Dag and Red,A Miller
2425,EC,2025-02-04,Dag and Red,Forest Green,A Dale
2425,EC,2025-02-04,Halifax,Fylde,S Copeland
2425,EC,2025-02-04,Rochdale,Oldham,P Marsden
2425,EC,2025-02-04,Wealdstone,Tamworth,S Tallis
2425,EC,2025-02-08,Altrincham,Braintree Town,G Rollason
2425,EC,2025-02-08,Boston Utd,Barnet,S Morland
2425,EC,2025-02-08,Dag and Red,Yeovil,J Bancroft
2425,EC,2025-02-08,Forest Green,Eastleigh,S Parkinson
2425,EC,2025-02-08,Maidenhead,Southend,E Swallow
2425,EC,2025-02-08,Rochdale,Ebbsfleet,W Cartmel
2425,EC,2025-02-08,Solihull,Oldham,R Massey-Ellis
2425,EC,2025-02-08,Sutton,Hartlepool,A Farmer
2425,EC,2025-02-08,Tamworth,Halifax,A Miller
2425,EC,2025-02-08,Wealdstone,Gateshead,K Dowle
2425,EC,2025-02-08,York,Woking,J Mulligan
2425,EC,2025-02-11,Dag and Red,Woking,C Walchester
2425,EC,2025-02-11,Hartlepool,Tamworth,W Davis
2425,EC,2025-02-11,Oldham,Altrincham,R Martin
2425,EC,2025-02-11,Southend,Halifax,R Eley
2425,EC,2025-02-15,Barnet,Solihull,S Simpson
2425,EC,2025-02-15,Braintree Town,Forest Green,G Rhodes
2425,EC,2025-02-15,Eastleigh,Aldershot,S Morland
2425,EC,2025-02-15,Ebbsfleet,York,A Dale
2425,EC,2025-02-15,Fylde,Dag and Red,P Cooper
2425,EC,2025-02-15,Gateshead,Altrincham,R Eley
2425,EC,2025-02-15,Halifax,Boston Utd,W Davis
2425,EC,2025-02-15,Hartlepool,Maidenhead,R Aspinall
2425,EC,2025-02-15,Oldham,Sutton,A Miller
2425,EC,2025-02-15,Southend,Rochdale,D Bourne
2425,EC,2025-02-15,Woking,Tamworth,A Byrne
2425,EC,2025-02-15,Yeovil,Wealdstone,I Searle
2425,EC,2025-02-18,Barnet,York,R Massey-Ellis
2425,EC,2025-02-18,Ebbsfleet,Forest Green,A Farmer
2425,EC,2025-02-18,Fylde,Boston Utd,Z Kennard-Kettle
2425,EC,2025-02-18,Gateshead,Sutton,M Barlow
2425,EC,2025-02-18,Hartlepool,Altrincham,J Mulligan
2425,EC,2025-02-18,Oldham,Maidenhead,A Jackson
2425,EC,2025-02-18,Southend,Aldershot,C Breakspear
2425,EC,2025-02-18,Yeovil,Tamworth,D Baines
2425,EC,2025-02-19,Braintree Town,Wealdstone,H Wager
2425,EC,2025-02-19,Eastleigh,Dag and Red,R Atkin
2425,EC,2025-02-19,Halifax,Rochdale,J Bancroft
2425,EC,2025-02-19,Woking,Solihull,K Dowle
2425,EC,2025-02-22,Aldershot,Hartlepool,R Martin
2425,EC,2025-02-22,Altrincham,Fylde,J Bancroft
2425,EC,2025-02-22,Boston Utd,Eastleigh,A Jackson
2425,EC,2025-02-22,Dag and Red,Oldham,S Parkinson
2425,EC,2025-02-22,Forest Green,Woking,E Swallow
2425,EC,2025-02-22,Maidenhead,Yeovil,C Walchester
2425,EC,2025-02-22,Rochdale,Barnet,D Davis
2425,EC,2025-02-22,Solihull,Gateshead,R Aspinall
2425,EC,2025-02-22,Sutton,Braintree Town,P Cooper
2425,EC,2025-02-22,Tamworth,Southend,G Rhodes
2425,EC,2025-02-22,Wealdstone,Ebbsfleet,R Massey-Ellis
2425,EC,2025-02-22,York,Halifax,S Simpson
2425,EC,2025-02-25,Aldershot,Solihull,A Dale
2425,EC,2025-02-25,Eastleigh,Gateshead,M Russell
2425,EC,2025-02-25,Maidenhead,York,R Atkin
2425,EC,2025-02-25,Tamworth,Rochdale,N Smith
2425,EC,2025-03-01,Braintree Town,Eastleigh,A Dale
2425,EC,2025-03-01,Dag and Red,Boston Utd,I Searle
2425,EC,2025-03-01,Ebbsfleet,Tamworth,C Walchester
2425,EC,2025-03-01,Forest Green,Maidenhead,A Byrne
2425,EC,2025-03-01,Gateshead,Fylde,A Jackson
2425,EC,2025-03-01,Hartlepool,York,T Parsons
2425,EC,2025-03-01,Oldham,Barnet,A Humphries
2425,EC,2025-03-01,Yeovil,Southend,W Davis
2425,EC,2025-03-04,Aldershot,Dag and Red,W Cartmel
2425,EC,2025-03-04,Barnet,Yeovil,A Miller
2425,EC,2025-03-04,Boston Utd,Oldham,S Simpson
2425,EC,2025-03-04,Eastleigh,Ebbsfleet,S Mulhall
2425,EC,2025-03-04,Fylde,Hartlepool,M Crusham
2425,EC,2025-03-04,Halifax,Forest Green,R Aspinall
2425,EC,2025-03-04,Maidenhead,Braintree Town,A Young
2425,EC,2025-03-04,Rochdale,Gateshead,D Baines
2425,EC,2025-03-04,Solihull,Sutton,S Morland
2425,EC,2025-03-04,Southend,Woking,R Atkin
2425,EC,2025-03-04,Tamworth,Wealdstone,J Bancroft
2425,EC,2025-03-04,York,Altrincham,J O'Connor
2425,EC,2025-03-08,Aldershot,Gateshead,R Massey-Ellis
2425,EC,2025-03-08,Barnet,Dag and Red,P Marsden
2425,EC,2025-03-08,Boston Utd,Woking,G Rhodes
2425,EC,2025-03-08,Eastleigh,Hartlepool,N Smith
2425,EC,2025-03-08,Fylde,Braintree Town,A Miller
2425,EC,2025-03-08,Halifax,Yeovil,D Watson
2425,EC,2025-03-08,Maidenhead,Sutton,R Martin
2425,EC,2025-03-08,Rochdale,Wealdstone,S Simpson
2425,EC,2025-03-08,Solihull,Ebbsfleet,A Jackson
2425,EC,2025-03-08,Southend,Altrincham,A Humphries
2425,EC,2025-03-08,Tamworth,Oldham,A Dale
2425,EC,2025-03-08,York,Forest Green,O Yates
2425,EC,2025-03-11,Forest Green,Sutton,R Eley
2425,EC,2025-03-11,Oldham,Eastleigh,J O'Connor
2425,EC,2025-03-11,Rochdale,Altrincham,S Morland
2425,EC,2025-03-11,Yeovil,Boston Utd,W Cartmel
2425,EC,2025-03-15,Altrincham,Aldershot,R Aspinall
2425,EC,2025-03-15,Braintree Town,Boston Utd,K Dowle
2425,EC,2025-03-15,Dag and Red,Tamworth,H Wager
2425,EC,2025-03-15,Ebbsfleet,Fylde,I Searle
2425,EC,2025-03-15,Forest Green,Southend,S Mulhall
2425,EC,2025-03-15,Gateshead,Maidenhead,J Bancroft
2425,EC,2025-03-15,Hartlepool,Solihull,G Rhodes
2425,EC,2025-03-15,Oldham,Rochdale,A Chilowicz
2425,EC,2025-03-15,Sutton,Halifax,A Jackson
2425,EC,2025-03-15,Wealdstone,Eastleigh,W Cartmel
2425,EC,2025-03-15,Woking,Barnet,J Durkin
2425,EC,2025-03-15,Yeovil,York,A Farmer
2425,EC,2025-03-18,Altrincham,Wealdstone,A Dale
2425,EC,2025-03-18,Fylde,Sutton,S Tallis
2425,EC,2025-03-18,Gateshead,Braintree Town,N Hair
2425,EC,2025-03-18,Halifax,Dag and Red,D Baines
2425,EC,2025-03-18,Maidenhead,Aldershot,J Richardson
2425,EC,2025-03-18,Rochdale,Boston Utd,R Massey-Ellis
2425,EC,2025-03-22,Aldershot,Ebbsfleet,W Davis
2425,EC,2025-03-22,Altrincham,Barnet,S Mulhall
2425,EC,2025-03-22,Braintree Town,York,C Walchester
2425,EC,2025-03-22,Eastleigh,Southend,O Mackey
2425,EC,2025-03-22,Fylde,Forest Green,D Watson
2425,EC,2025-03-22,Gateshead,Tamworth,P Howard
2425,EC,2025-03-22,Hartlepool,Boston Utd,A Miller
2425,EC,2025-03-22,Maidenhead,Rochdale,M Crusham
2425,EC,2025-03-22,Oldham,Halifax,J Oldham
2425,EC,2025-03-22,Solihull,Yeovil,S Stockbridge
2425,EC,2025-03-22,Sutton,Dag and Red,R Watkins
2425,EC,2025-03-22,Wealdstone,Woking,R Martin
2425,EC,2025-03-25,Altrincham,Solihull,J Westgate
2425,EC,2025-03-25,Boston Utd,Southend,N Smith
2425,EC,2025-03-25,Rochdale,York,G Rollason
2425,EC,2025-03-25,Wealdstone,Aldershot,R Atkin
2425,EC,2025-03-25,Woking,Halifax,I Searle
2425,EC,2025-03-29,Barnet,Gateshead,O Mackey
2425,EC,2025-03-29,Boston Utd,Sutton,R Aspinall
2425,EC,2025-03-29,Dag and Red,Maidenhead,W Davis
2425,EC,2025-03-29,Ebbsfleet,Altrincham,N Smith
2425,EC,2025-03-29,Forest Green,Solihull,J Miles
2425,EC,2025-03-29,Halifax,Hartlepool,J Westgate
2425,EC,2025-03-29,Rochdale,Aldershot,J Mulligan
2425,EC,2025-03-29,Southend,Oldham,K Dowle
2425,EC,2025-03-29,Tamworth,Eastleigh,A Miller
2425,EC,2025-03-29,Woking,Braintree Town,W Cartmel
2425,EC,2025-03-29,Yeovil,Fylde,R Martin
2425,EC,2025-03-29,York,Wealdstone,P Cooper
2425,EC,2025-04-01,Aldershot,Fylde,E Swallow
2425,EC,2025-04-01,Wealdstone,Boston Utd,G Rollason
2425,EC,2025-04-01,Woking,Rochdale,R Watkins
2425,EC,2025-04-05,Altrincham,Yeovil,D Baines
2425,EC,2025-04-05,Braintree Town,Barnet,A Byrne
2425,EC,2025-04-05,Eastleigh,Halifax,G Rollason
2425,EC,2025-04-05,Fylde,York,J Oldham
2425,EC,2025-04-05,Gateshead,Dag and Red,G Rhodes
2425,EC,2025-04-05,Hartlepool,Ebbsfleet,S Simpson
2425,EC,2025-04-05,Maidenhead,Tamworth,R Watkins
2425,EC,2025-04-05,Sutton,Southend,R Massey-Ellis
2425,EC,2025-04-05,Wealdstone,Forest Green,E Swallow
2425,EC,2025-04-08,Aldershot,Boston Utd,S Mulhall
2425,EC,2025-04-08,Oldham,Woking,W Davis
2425,EC,2025-04-08,Sutton,Rochdale,M Russell
2425,EC,2025-04-12,Barnet,Wealdstone,G Rhodes
2425,EC,2025-04-12,Boston Utd,Altrincham,J Richardson
2425,EC,2025-04-12,Dag and Red,Hartlepool,R Martin
2425,EC,2025-04-12,Ebbsfleet,Sutton,D Brown
2425,EC,2025-04-12,Forest Green,Gateshead,S Scott
2425,EC,2025-04-12,Halifax,Maidenhead,A Miller
2425,EC,2025-04-12,Rochdale,Eastleigh,J Westgate
2425,EC,2025-04-12,Southend,Solihull,W Cartmel
2425,EC,2025-04-12,Tamworth,Braintree Town,M Burgin
2425,EC,2025-04-12,Woking,Fylde,S Mulhall
2425,EC,2025-04-12,Yeovil,Oldham,S Copeland
2425,EC,2025-04-12,York,Aldershot,P Marsden
2425,EC,2025-04-18,Aldershot,Sutton,J Durkin
2425,EC,2025-04-18,Altrincham,Rochdale,N Hair
2425,EC,2025-04-18,Barnet,Eastleigh,R Martin
2425,EC,2025-04-18,Boston Utd,Wealdstone,C Walchester
2425,EC,2025-04-18,Dag and Red,Ebbsfleet,A Quelch
2425,EC,2025-04-18,Fylde,Halifax,P Wright
2425,EC,2025-04-18,Gateshead,York,S Morland
2425,EC,2025-04-18,Maidenhead,Woking,R Massey-Ellis
2425,EC,2025-04-18,Oldham,Hartlepool,S Mulhall
2425,EC,2025-04-18,Southend,Braintree Town,J Richardson
2425,EC,2025-04-18,Tamworth,Solihull,I Searle
2425,EC,2025-04-18,Yeovil,Forest Green,D Brown
2425,EC,2025-04-21,Braintree Town,Dag and Red,A Dale
2425,EC,2025-04-21,Eastleigh,Yeovil,H Wager
2425,EC,2025-04-21,Ebbsfleet,Southend,P Johnson
2425,EC,2025-04-21,Forest Green,Tamworth,O Mackey
2425,EC,2025-04-21,Halifax,Altrincham,O Yates
2425,EC,2025-04-21,Hartlepool,Gateshead,R Aspinall
2425,EC,2025-04-21,Rochdale,Fylde,N Smith
2425,EC,2025-04-21,Solihull,Boston Utd,L Swabey
2425,EC,2025-04-21,Sutton,Barnet,J Bancroft
2425,EC,2025-04-21,Wealdstone,Maidenhead,J Mulligan
2425,EC,2025-04-21,Woking,Aldershot,A Farmer
2425,EC,2025-04-21,York,Oldham,S Stockbridge
2425,EC,2025-04-26,Barnet,Aldershot,Z Kennard-Kettle
2425,EC,2025-04-26,Boston Utd,Gateshead,P Marsden
2425,EC,2025-04-26,Dag and Red,Altrincham,R Eley
2425,EC,2025-04-26,Ebbsfleet,Maidenhead,A Humphries
2425,EC,2025-04-26,Forest Green,Oldham,S Jackson
2425,EC,2025-04-26,Halifax,Braintree Town,S Simpson
2425,EC,2025-04-26,Rochdale,Hartlepool,J O'Connor
2425,EC,2025-04-26,Southend,Wealdstone,S Parkinson
2425,EC,2025-04-26,Tamworth,Fylde,W Cartmel
2425,EC,2025-04-26,Woking,Eastleigh,A Byrne
2425,EC,2025-04-26,Yeovil,Sutton,E Heaslip
2425,EC,2025-04-26,York,Solihull,M Barlow
2425,EC,2025-04-29,Solihull,Rochdale,M Burgin
2425,EC,2025-05-05,Aldershot,Yeovil,N Smith
2425,EC,2025-05-05,Altrincham,Tamworth,G Rhodes
2425,EC,2025-05-05,Braintree Town,Rochdale,R Massey-Ellis
2425,EC,2025-05-05,Eastleigh,York,R Atkin
2425,EC,2025-05-05,Fylde,Barnet,P Cooper
2425,EC,2025-05-05,Gateshead,Southend,M Woods
2425,EC,2025-05-05,Hartlepool,Forest Green,P Wright
2425,EC,2025-05-05,Maidenhead,Boston Utd,O Mackey
2425,EC,2025-05-05,Oldham,Ebbsfleet,R Aspinall
2425,EC,2025-05-05,Solihull,Dag and Red,E Bell
2425,EC,2025-05-05,Sutton,Woking,Z Kennard-Kettle
2425,EC,2025-05-05,Wealdstone,Halifax,R Eley
2425,SC0,2024-08-03,Hearts,Rangers,N Walsh
2425,SC0,2024-08-03,Motherwell,Ross County,J Beaton
2425,SC0,2024-08-04,Celtic,Kilmarnock,D Robertson
2425,SC0,2024-08-04,Dundee United,Dundee,D Dickinson
2425,SC0,2024-08-04,St Mirren,Hibernian,M MacDermid
2425,SC0,2024-08-05,St Johnstone,Aberdeen,K Clancy
2425,SC0,2024-08-10,Dundee,Hearts,D Robertson
2425,SC0,2024-08-10,Rangers,Motherwell,K Clancy
2425,SC0,2024-08-10,Ross County,Dundee United,C Napier
2425,SC0,2024-08-11,Aberdeen,St Mirren,G Irvine
2425,SC0,2024-08-11,Hibernian,Celtic,N Walsh
2425,SC0,2024-08-11,Kilmarnock,St Johnstone,C Graham
2425,SC0,2024-08-24,Dundee United,St Johnstone,D Robertson
2425,SC0,2024-08-24,Hibernian,Dundee,C Steven
2425,SC0,2024-08-24,Rangers,Ross County,R Hardie
2425,SC0,2024-08-25,Aberdeen,Kilmarnock,M MacDermid
2425,SC0,2024-08-25,Motherwell,Hearts,J Beaton
2425,SC0,2024-08-25,St Mirren,Celtic,C Graham
2425,SC0,2024-08-31,Dundee,St Mirren,L Wilson
2425,SC0,2024-08-31,Ross County,Aberdeen,E Anderson
2425,SC0,2024-08-31,St Johnstone,Motherwell,I Snedden
2425,SC0,2024-09-01,Celtic,Rangers,J Beaton
2425,SC0,2024-09-01,Hearts,Dundee United,N Walsh
2425,SC0,2024-09-01,Kilmarnock,Hibernian,C Scott
2425,SC0,2024-09-14,Aberdeen,Motherwell,C Graham
2425,SC0,2024-09-14,Celtic,Hearts,C Steven
2425,SC0,2024-09-14,Hibernian,St Johnstone,N Walsh
2425,SC0,2024-09-14,Ross County,Dundee,G Irvine
2425,SC0,2024-09-14,St Mirren,Kilmarnock,M MacDermid
2425,SC0,2024-09-15,Dundee United,Rangers,D Robertson
2425,SC0,2024-09-21,Ross County,St Johnstone,D McFarlane
2425,SC0,2024-09-21,St Mirren,Hearts,D Robertson
2425,SC0,2024-09-28,Dundee,Aberdeen,C Scott
2425,SC0,2024-09-28,Hearts,Ross County,I Snedden
2425,SC0,2024-09-28,Kilmarnock,Dundee United,C Napier
2425,SC0,2024-09-28,Motherwell,St Mirren,L Wilson
2425,SC0,2024-09-28,St Johnstone,Celtic,D Robertson
2425,SC0,2024-09-29,Rangers,Hibernian,N Walsh
2425,SC0,2024-10-05,Dundee,Kilmarnock,G Irvine
2425,SC0,2024-10-05,Hibernian,Motherwell,M MacDermid
2425,SC0,2024-10-05,St Mirren,Dundee United,R Hardie
2425,SC0,2024-10-06,Aberdeen,Hearts,A Beaton
2425,SC0,2024-10-06,Rangers,St Johnstone,D Dickinson
2425,SC0,2024-10-06,Ross County,Celtic,K Clancy
2425,SC0,2024-10-19,Celtic,Aberdeen,N Walsh
2425,SC0,2024-10-19,Dundee United,Hibernian,C Graham
2425,SC0,2024-10-19,Hearts,St Mirren,C Steven
2425,SC0,2024-10-19,Motherwell,Dundee,E Anderson
2425,SC0,2024-10-19,St Johnstone,Ross County,J Beaton
2425,SC0,2024-10-20,Kilmarnock,Rangers,S McLean
2425,SC0,2024-10-26,Aberdeen,Dundee United,S McLean
2425,SC0,2024-10-26,Dundee,St Johnstone,K Clancy
2425,SC0,2024-10-26,Ross County,Kilmarnock,M MacDermid
2425,SC0,2024-10-27,Hibernian,Hearts,D Robertson
2425,SC0,2024-10-27,Motherwell,Celtic,D Dickinson
2425,SC0,2024-10-27,Rangers,St Mirren,C Scott
2425,SC0,2024-10-30,Aberdeen,Rangers,J Beaton
2425,SC0,2024-10-30,Celtic,Dundee,R Hardie
2425,SC0,2024-10-30,Dundee United,Motherwell,L Wilson
2425,SC0,2024-10-30,Hearts,Kilmarnock,E Anderson
2425,SC0,2024-10-30,Ross County,Hibernian,G Irvine
2425,SC0,2024-10-30,St Mirren,St Johnstone,S McLean
2425,SC0,2024-11-02,St Johnstone,Hearts,C Graham
2425,SC0,2024-11-02,St Mirren,Ross County,D Robertson
2425,SC0,2024-11-03,Dundee,Kilmarnock,D McFarlane
2425,SC0,2024-11-03,Hibernian,Dundee United,C Steven
2425,SC0,2024-11-09,Aberdeen,Dundee,D Dickinson
2425,SC0,2024-11-09,Dundee United,Ross County,J Beaton
2425,SC0,2024-11-09,Hibernian,St Mirren,I Snedden
2425,SC0,2024-11-09,Motherwell,St Johnstone,R Hardie
2425,SC0,2024-11-10,Kilmarnock,Celtic,N Walsh
2425,SC0,2024-11-10,Rangers,Hearts,M MacDermid
2425,SC0,2024-11-23,Dundee,Hibernian,N Walsh
2425,SC0,2024-11-23,Hearts,Celtic,S McLean
2425,SC0,2024-11-23,Rangers,Dundee United,D Robertson
2425,SC0,2024-11-23,Ross County,Motherwell,C Graham
2425,SC0,2024-11-23,St Johnstone,Kilmarnock,I Snedden
2425,SC0,2024-11-23,St Mirren,Aberdeen,K Beaton
2425,SC0,2024-11-26,Hibernian,Aberdeen,C Scott
2425,SC0,2024-11-30,Celtic,Ross County,C Scott
2425,SC0,2024-11-30,Dundee United,St Mirren,M MacDermid
2425,SC0,2024-11-30,Kilmarnock,Dundee,R Hardie
2425,SC0,2024-11-30,Motherwell,Hibernian,G Irvine
2425,SC0,2024-12-01,Hearts,Aberdeen,K Clancy
2425,SC0,2024-12-01,St Johnstone,Rangers,S McLean
2425,SC0,2024-12-04,Aberdeen,Celtic,D Robertson
2425,SC0,2024-12-04,Dundee,Motherwell,J Beaton
2425,SC0,2024-12-04,Rangers,Kilmarnock,N Walsh
2425,SC0,2024-12-07,Aberdeen,St Johnstone,R Hardie
2425,SC0,2024-12-07,Celtic,Hibernian,C Graham
2425,SC0,2024-12-07,Dundee United,Kilmarnock,S McLean
2425,SC0,2024-12-07,Hearts,Dundee,C Steven
2425,SC0,2024-12-07,St Mirren,Motherwell,D McFarlane
2425,SC0,2024-12-08,Ross County,Rangers,K Clancy
2425,SC0,2024-12-14,Hibernian,Ross County,L Wilson
2425,SC0,2024-12-14,Motherwell,Dundee United,N Walsh
2425,SC0,2024-12-14,St Johnstone,St Mirren,E Anderson
2425,SC0,2024-12-15,Kilmarnock,Hearts,D Robertson
2425,SC0,2024-12-20,Motherwell,Kilmarnock,C Graham
2425,SC0,2024-12-21,Aberdeen,Hibernian,S McLean
2425,SC0,2024-12-21,Rangers,Dundee,M MacDermid
2425,SC0,2024-12-21,Ross County,St Mirren,I Snedden
2425,SC0,2024-12-22,Dundee United,Celtic,D Dickinson
2425,SC0,2024-12-22,Hearts,St Johnstone,J Beaton
2425,SC0,2024-12-26,Celtic,Motherwell,R Hardie
2425,SC0,2024-12-26,Dundee,Ross County,D Robertson
2425,SC0,2024-12-26,Hearts,Hibernian,N Walsh
2425,SC0,2024-12-26,Kilmarnock,Aberdeen,C Scott
2425,SC0,2024-12-26,St Johnstone,Dundee United,K Clancy
2425,SC0,2024-12-26,St Mirren,Rangers,D Dickinson
2425,SC0,2024-12-29,Celtic,St Johnstone,M MacDermid
2425,SC0,2024-12-29,Dundee United,Aberdeen,J Beaton
2425,SC0,2024-12-29,Hibernian,Kilmarnock,D McFarlane
2425,SC0,2024-12-29,Motherwell,Rangers,K Clancy
2425,SC0,2024-12-29,Ross County,Hearts,R Hardie
2425,SC0,2024-12-29,St Mirren,Dundee,N Walsh
2425,SC0,2025-01-02,Aberdeen,Ross County,D Dickinson
2425,SC0,2025-01-02,Dundee,Dundee United,S McLean
2425,SC0,2025-01-02,Hearts,Motherwell,C Scott
2425,SC0,2025-01-02,Kilmarnock,St Mirren,C Steven
2425,SC0,2025-01-02,Rangers,Celtic,D Robertson
2425,SC0,2025-01-02,St Johnstone,Hibernian,L Wilson
2425,SC0,2025-01-05,Celtic,St Mirren,G Irvine
2425,SC0,2025-01-05,Dundee United,Hearts,M MacDermid
2425,SC0,2025-01-05,Hibernian,Rangers,J Beaton
2425,SC0,2025-01-05,Kilmarnock,Ross County,S McLean
2425,SC0,2025-01-05,Motherwell,Aberdeen,N Walsh
2425,SC0,2025-01-05,St Johnstone,Dundee,D Dickinson
2425,SC0,2025-01-08,Celtic,Dundee United,K Clancy
2425,SC0,2025-01-08,Kilmarnock,Motherwell,D Robertson
2425,SC0,2025-01-09,Dundee,Rangers,C Scott
2425,SC0,2025-01-11,Hibernian,Motherwell,C Steven
2425,SC0,2025-01-11,Ross County,Celtic,M MacDermid
2425,SC0,2025-01-11,St Mirren,Dundee United,D Dickinson
2425,SC0,2025-01-12,Aberdeen,Hearts,S McLean
2425,SC0,2025-01-12,Rangers,St Johnstone,R Hardie
2425,SC0,2025-01-14,Dundee,Celtic,D Robertson
2425,SC0,2025-01-15,Rangers,Aberdeen,K Clancy
2425,SC0,2025-01-25,Aberdeen,St Mirren,C Graham
2425,SC0,2025-01-25,Hearts,Kilmarnock,J Beaton
2425,SC0,2025-01-25,Ross County,Hibernian,D Dickinson
2425,SC0,2025-01-25,St Johnstone,Motherwell,K Clancy
2425,SC0,2025-01-26,Dundee United,Rangers,N Walsh
2425,SC0,2025-02-01,Dundee,Hearts,L Wilson
2425,SC0,2025-02-01,Hibernian,Aberdeen,D Robertson
2425,SC0,2025-02-01,Kilmarnock,Dundee United,D Dickinson
2425,SC0,2025-02-01,St Mirren,St Johnstone,D McFarlane
2425,SC0,2025-02-02,Motherwell,Celtic,C Scott
2425,SC0,2025-02-02,Rangers,Ross County,S McLean
2425,SC0,2025-02-05,Celtic,Dundee,C Steven
2425,SC0,2025-02-15,Celtic,Dundee United,N Walsh
2425,SC0,2025-02-15,Dundee,Aberdeen,G Irvine
2425,SC0,2025-02-15,Kilmarnock,St Johnstone,M MacDermid
2425,SC0,2025-02-15,Motherwell,Ross County,I Snedden
2425,SC0,2025-02-16,Hearts,Rangers,J Beaton
2425,SC0,2025-02-16,St Mirren,Hibernian,R Hardie
2425,SC0,2025-02-22,Aberdeen,Kilmarnock,N Walsh
2425,SC0,2025-02-22,Dundee United,Motherwell,C Graham
2425,SC0,2025-02-22,Hibernian,Celtic,S McLean
2425,SC0,2025-02-22,Rangers,St Mirren,K Clancy
2425,SC0,2025-02-22,Ross County,Dundee,M MacDermid
2425,SC0,2025-02-23,St Johnstone,Hearts,C Scott
2425,SC0,2025-02-25,Celtic,Aberdeen,J Beaton
2425,SC0,2025-02-26,Dundee United,Hibernian,D Dickinson
2425,SC0,2025-02-26,Hearts,St Mirren,E Anderson
2425,SC0,2025-02-26,Kilmarnock,Rangers,D Robertson
2425,SC0,2025-02-26,Motherwell,Dundee,L Wilson
2425,SC0,2025-02-26,St Johnstone,Ross County,D McFarlane
2425,SC0,2025-03-01,Dundee,St Johnstone,S McLean
2425,SC0,2025-03-01,Rangers,Motherwell,N Walsh
2425,SC0,2025-03-01,Ross County,Kilmarnock,D Dickinson
2425,SC0,2025-03-01,St Mirren,Celtic,M MacDermid
2425,SC0,2025-03-02,Aberdeen,Dundee United,A Robertson
2425,SC0,2025-03-02,Hibernian,Hearts,J Beaton
2425,SC0,2025-03-15,Hearts,Ross County,C Scott
2425,SC0,2025-03-15,Kilmarnock,Hibernian,K Clancy
2425,SC0,2025-03-15,Motherwell,St Mirren,G Irvine
2425,SC0,2025-03-15,St Johnstone,Aberdeen,C Graham
2425,SC0,2025-03-16,Celtic,Rangers,S McLean
2425,SC0,2025-03-16,Dundee United,Dundee,N Walsh
2425,SC0,2025-03-29,Aberdeen,Motherwell,R Hardie
2425,SC0,2025-03-29,Celtic,Hearts,K Clancy
2425,SC0,2025-03-29,Dundee,Rangers,D Dickinson
2425,SC0,2025-03-29,Hibernian,St Johnstone,M MacDermid
2425,SC0,2025-03-29,St Mirren,Kilmarnock,N Walsh
2425,SC0,2025-03-30,Ross County,Dundee United,S McLean
2425,SC0,2025-04-05,Dundee,St Mirren,J Beaton
2425,SC0,2025-04-05,Kilmarnock,Motherwell,M MacDermid
2425,SC0,2025-04-05,Rangers,Hibernian,D Robertson
2425,SC0,2025-04-05,Ross County,Aberdeen,L Wilson
2425,SC0,2025-04-06,Hearts,Dundee United,N Walsh
2425,SC0,2025-04-06,St Johnstone,Celtic,D Dickinson
2425,SC0,2025-04-12,Celtic,Kilmarnock,J Beaton
2425,SC0,2025-04-12,Dundee United,St Johnstone,D McFarlane
2425,SC0,2025-04-12,Motherwell,Hearts,K Clancy
2425,SC0,2025-04-12,St Mirren,Ross County,C Scott
2425,SC0,2025-04-13,Aberdeen,Rangers,S McLean
2425,SC0,2025-04-13,Hibernian,Dundee,C Graham
2425,SC0,2025-04-26,Aberdeen,Hibernian,D Dickinson
2425,SC0,2025-04-26,Dundee United,Celtic,D Robertson
2425,SC0,2025-04-26,Hearts,Dundee,R Hardie
2425,SC0,2025-04-26,Kilmarnock,Ross County,N Walsh
2425,SC0,2025-04-26,Motherwell,St Johnstone,S McLean
2425,SC0,2025-04-26,St Mirren,Rangers,C Steven
2425,SC0,2025-05-03,Dundee,Motherwell,K Clancy
2425,SC0,2025-05-03,Hibernian,Dundee United,J Beaton
2425,SC0,2025-05-03,Ross County,Hearts,D Robertson
2425,SC0,2025-05-03,St Johnstone,Kilmarnock,I Snedden
2425,SC0,2025-05-03,St Mirren,Aberdeen,R Hardie
2425,SC0,2025-05-04,Rangers,Celtic,N Walsh
2425,SC0,2025-05-10,Celtic,Hibernian,D Steven
2425,SC0,2025-05-10,Dundee United,St Mirren,S McLean
2425,SC0,2025-05-10,Hearts,Motherwell,R Lee
2425,SC0,2025-05-10,Kilmarnock,Dundee,D Robertson
2425,SC0,2025-05-10,St Johnstone,Ross County,J Beaton
2425,SC0,2025-05-11,Rangers,Aberdeen,D Dickinson
2425,SC0,2025-05-14,Aberdeen,Celtic,S McLean
2425,SC0,2025-05-14,Dundee,Ross County,N Walsh
2425,SC0,2025-05-14,Hearts,St Johnstone,D Dickinson
2425,SC0,2025-05-14,Motherwell,Kilmarnock,D Nicolson
2425,SC0,2025-05-14,Rangers,Dundee United,C Scott
2425,SC0,2025-05-14,St Mirren,Hibernian,C Graham
2425,SC0,2025-05-17,Celtic,St Mirren,D Dickinson
2425,SC0,2025-05-17,Dundee United,Aberdeen,J Beaton
2425,SC0,2025-05-17,Hibernian,Rangers,N Walsh
2425,SC0,2025-05-18,Kilmarnock,Hearts,D McFarlane
2425,SC0,2025-05-18,Ross County,Motherwell,D Robertson
2425,SC0,2025-05-18,St Johnstone,Dundee,S McLean
2425,SC1,2024-08-02,Falkirk,Queens Park,I Snedden
2425,SC1,2024-08-03,Airdrie Utd,Raith Rvs,R Hardie
2425,SC1,2024-08-03,Hamilton,Ayr,L Wilson
2425,SC1,2024-08-03,Livingston,Dunfermline,C Napier
2425,SC1,2024-08-03,Partick,Morton,C Steven
2425,SC1,2024-08-09,Ayr,Airdrie Utd,C Scott
2425,SC1,2024-08-09,Queens Park,Livingston,G Grainger
2425,SC1,2024-08-10,Dunfermline,Falkirk,M MacDermid
2425,SC1,2024-08-10,Morton,Hamilton,D McFarlane
2425,SC1,2024-08-10,Raith Rvs,Partick,P Stuart
2425,SC1,2024-08-17,Ayr,Hamilton,G Duncan
2425,SC1,2024-08-24,Airdrie Utd,Queens Park,C Napier
2425,SC1,2024-08-24,Ayr,Raith Rvs,I Snedden
2425,SC1,2024-08-24,Falkirk,Partick,L Wilson
2425,SC1,2024-08-24,Hamilton,Dunfermline,C Scott
2425,SC1,2024-08-24,Livingston,Morton,E Anderson
2425,SC1,2024-08-31,Dunfermline,Ayr,R Hardie
2425,SC1,2024-08-31,Hamilton,Airdrie Utd,G Irvine
2425,SC1,2024-08-31,Morton,Falkirk,G Grainger
2425,SC1,2024-08-31,Partick,Queens Park,S Kirkland
2425,SC1,2024-08-31,Raith Rvs,Livingston,C Steven
2425,SC1,2024-09-13,Dunfermline,Raith Rvs,C Napier
2425,SC1,2024-09-14,Airdrie Utd,Falkirk,D McFarlane
2425,SC1,2024-09-14,Ayr,Partick,R Hardie
2425,SC1,2024-09-14,Livingston,Hamilton,D Williams
2425,SC1,2024-09-14,Queens Park,Morton,L Wilson
2425,SC1,2024-09-21,Morton,Airdrie Utd,G Duncan
2425,SC1,2024-09-21,Partick,Dunfermline,E Anderson
2425,SC1,2024-09-21,Queens Park,Ayr,I Snedden
2425,SC1,2024-09-21,Raith Rvs,Hamilton,L Wilson
2425,SC1,2024-09-28,Ayr,Morton,C Steven
2425,SC1,2024-09-28,Dunfermline,Queens Park,D Nicolson
2425,SC1,2024-09-28,Hamilton,Partick,D Dickinson
2425,SC1,2024-09-28,Livingston,Airdrie Utd,K Clancy
2425,SC1,2024-09-28,Raith Rvs,Falkirk,M MacDermid
2425,SC1,2024-10-05,Airdrie Utd,Dunfermline,P Stuart
2425,SC1,2024-10-05,Falkirk,Ayr,N Walsh
2425,SC1,2024-10-05,Morton,Raith Rvs,I Snedden
2425,SC1,2024-10-05,Partick,Livingston,R Lee
2425,SC1,2024-10-05,Queens Park,Hamilton,D McFarlane
2425,SC1,2024-10-08,Falkirk,Livingston,E Anderson
2425,SC1,2024-10-12,Partick,Falkirk,S McLean
2425,SC1,2024-10-18,Hamilton,Falkirk,M MacDermid
2425,SC1,2024-10-19,Ayr,Livingston,D Robertson
2425,SC1,2024-10-19,Dunfermline,Morton,R Lee
2425,SC1,2024-10-19,Partick,Airdrie Utd,I Snedden
2425,SC1,2024-10-19,Raith Rvs,Queens Park,C Scott
2425,SC1,2024-10-26,Airdrie Utd,Ayr,G Irvine
2425,SC1,2024-10-26,Falkirk,Dunfermline,C Graham
2425,SC1,2024-10-26,Hamilton,Morton,L Wilson
2425,SC1,2024-10-26,Livingston,Raith Rvs,R Hardie
2425,SC1,2024-10-26,Queens Park,Partick,C Napier
2425,SC1,2024-10-29,Dunfermline,Livingston,D McFarlane
2425,SC1,2024-10-29,Morton,Queens Park,D Williams
2425,SC1,2024-10-29,Raith Rvs,Airdrie Utd,N Walsh
2425,SC1,2024-11-01,Raith Rvs,Ayr,L Wilson
2425,SC1,2024-11-02,Airdrie Utd,Hamilton,E Anderson
2425,SC1,2024-11-02,Dunfermline,Partick,M MacDermid
2425,SC1,2024-11-02,Falkirk,Morton,D Dickinson
2425,SC1,2024-11-02,Livingston,Queens Park,D Nicolson
2425,SC1,2024-11-08,Morton,Ayr,P Stuart
2425,SC1,2024-11-09,Falkirk,Airdrie Utd,C Scott
2425,SC1,2024-11-09,Hamilton,Livingston,G Irvine
2425,SC1,2024-11-09,Partick,Raith Rvs,S McLean
2425,SC1,2024-11-09,Queens Park,Dunfermline,G Grainger
2425,SC1,2024-11-16,Ayr,Queens Park,C Scott
2425,SC1,2024-11-16,Dunfermline,Airdrie Utd,C Steven
2425,SC1,2024-11-16,Livingston,Falkirk,I Snedden
2425,SC1,2024-11-16,Partick,Hamilton,R Hardie
2425,SC1,2024-11-16,Raith Rvs,Morton,D McFarlane
2425,SC1,2024-11-22,Queens Park,Falkirk,D Dickinson
2425,SC1,2024-11-23,Ayr,Dunfermline,C Napier
2425,SC1,2024-12-07,Dunfermline,Hamilton,I Snedden
2425,SC1,2024-12-07,Falkirk,Raith Rvs,G Grainger
2425,SC1,2024-12-07,Morton,Livingston,G Irvine
2425,SC1,2024-12-07,Partick,Ayr,C Scott
2425,SC1,2024-12-07,Queens Park,Airdrie Utd,N Walsh
2425,SC1,2024-12-13,Livingston,Partick,G Grainger
2425,SC1,2024-12-14,Airdrie Utd,Morton,M MacDermid
2425,SC1,2024-12-14,Ayr,Falkirk,D Dickinson
2425,SC1,2024-12-14,Hamilton,Queens Park,C Graham
2425,SC1,2024-12-14,Raith Rvs,Dunfermline,C Scott
2425,SC1,2024-12-17,Airdrie Utd,Livingston,R Lee
2425,SC1,2024-12-20,Queens Park,Raith Rvs,G Irvine
2425,SC1,2024-12-21,Airdrie Utd,Partick,P Stuart
2425,SC1,2024-12-21,Falkirk,Hamilton,C Scott
2425,SC1,2024-12-21,Livingston,Ayr,D Williams
2425,SC1,2024-12-21,Morton,Dunfermline,D McFarlane
2425,SC1,2024-12-27,Dunfermline,Falkirk,C Steven
2425,SC1,2024-12-28,Ayr,Morton,D Nicolson
2425,SC1,2024-12-28,Hamilton,Airdrie Utd,D Robertson
2425,SC1,2024-12-28,Partick,Queens Park,L Wilson
2425,SC1,2024-12-28,Raith Rvs,Livingston,E Anderson
2425,SC1,2024-12-31,Morton,Partick,R Lee
2425,SC1,2025-01-04,Ayr,Raith Rvs,C Steven
2425,SC1,2025-01-04,Partick,Dunfermline,S Kirkland
2425,SC1,2025-01-04,Queens Park,Livingston,P Stuart
2425,SC1,2025-01-10,Hamilton,Partick,I Snedden
2425,SC1,2025-01-11,Falkirk,Queens Park,C Graham
2425,SC1,2025-01-14,Dunfermline,Ayr,N Walsh
2425,SC1,2025-01-14,Livingston,Airdrie Utd,D McFarlane
2425,SC1,2025-01-25,Airdrie Utd,Dunfermline,D Williams
2425,SC1,2025-01-25,Ayr,Partick,P Stuart
2425,SC1,2025-01-25,Livingston,Hamilton,E Anderson
2425,SC1,2025-01-25,Queens Park,Morton,S McLean
2425,SC1,2025-01-25,Raith Rvs,Falkirk,C Scott
2425,SC1,2025-01-28,Hamilton,Raith Rvs,D Nicolson
2425,SC1,2025-01-31,Falkirk,Livingston,G Grainger
2425,SC1,2025-02-01,Airdrie Utd,Queens Park,I Snedden
2425,SC1,2025-02-01,Dunfermline,Raith Rvs,G Irvine
2425,SC1,2025-02-01,Hamilton,Ayr,M MacDermid
2425,SC1,2025-02-01,Partick,Morton,C Graham
2425,SC1,2025-02-08,Falkirk,Partick,R Hardie
2425,SC1,2025-02-15,Falkirk,Ayr,S McLean
2425,SC1,2025-02-15,Livingston,Dunfermline,D Nicolson
2425,SC1,2025-02-15,Morton,Airdrie Utd,R Lee
2425,SC1,2025-02-15,Queens Park,Hamilton,C Steven
2425,SC1,2025-02-15,Raith Rvs,Partick,L Wilson
2425,SC1,2025-02-18,Morton,Hamilton,E Anderson
2425,SC1,2025-02-21,Morton,Falkirk,D McFarlane
2425,SC1,2025-02-22,Ayr,Livingston,D Robertson
2425,SC1,2025-02-22,Dunfermline,Queens Park,E Anderson
2425,SC1,2025-02-22,Partick,Airdrie Utd,D Dickinson
2425,SC1,2025-02-22,Raith Rvs,Hamilton,R Hardie
2425,SC1,2025-02-25,Airdrie Utd,Raith Rvs,P Stuart
2425,SC1,2025-02-25,Hamilton,Dunfermline,C Graham
2425,SC1,2025-02-25,Livingston,Morton,G Grainger
2425,SC1,2025-02-28,Partick,Livingston,R Lee
2425,SC1,2025-03-01,Ayr,Airdrie Utd,E Anderson
2425,SC1,2025-03-01,Dunfermline,Morton,D Williams
2425,SC1,2025-03-01,Hamilton,Falkirk,G Irvine
2425,SC1,2025-03-01,Raith Rvs,Queens Park,D McFarlane
2425,SC1,2025-03-04,Airdrie Utd,Falkirk,I Snedden
2425,SC1,2025-03-04,Queens Park,Ayr,L Wilson
2425,SC1,2025-03-05,Livingston,Raith Rvs,C Scott
2425,SC1,2025-03-08,Airdrie Utd,Hamilton,S McLean
2425,SC1,2025-03-08,Falkirk,Dunfermline,C Scott
2425,SC1,2025-03-08,Morton,Ayr,J Beaton
2425,SC1,2025-03-11,Queens Park,Partick,R Hardie
2425,SC1,2025-03-14,Raith Rvs,Dunfermline,R Hardie
2425,SC1,2025-03-15,Airdrie Utd,Livingston,M MacDermid
2425,SC1,2025-03-15,Hamilton,Morton,I Snedden
2425,SC1,2025-03-15,Partick,Ayr,L Wilson
2425,SC1,2025-03-15,Queens Park,Falkirk,D Nicolson
2425,SC1,2025-03-21,Partick,Raith Rvs,C Scott
2425,SC1,2025-03-22,Ayr,Hamilton,C Graham
2425,SC1,2025-03-22,Falkirk,Airdrie Utd,E Anderson
2425,SC1,2025-03-22,Morton,Queens Park,P Stuart
2425,SC1,2025-03-25,Livingston,Falkirk,N Walsh
2425,SC1,2025-03-25,Morton,Raith Rvs,L Wilson
2425,SC1,2025-03-29,Ayr,Dunfermline,I Snedden
2425,SC1,2025-03-29,Hamilton,Raith Rvs,D McFarlane
2425,SC1,2025-03-29,Morton,Partick,C Graham
2425,SC1,2025-04-02,Dunfermline,Livingston,G Irvine
2425,SC1,2025-04-02,Queens Park,Airdrie Utd,D Robertson
2425,SC1,2025-04-05,Airdrie Utd,Partick,G Soutar
2425,SC1,2025-04-05,Dunfermline,Hamilton,E Anderson
2425,SC1,2025-04-05,Falkirk,Morton,G Irvine
2425,SC1,2025-04-05,Livingston,Queens Park,D McFarlane
2425,SC1,2025-04-05,Raith Rvs,Ayr,C Graham
2425,SC1,2025-04-11,Ayr,Falkirk,D Robertson
2425,SC1,2025-04-12,Morton,Livingston,R Hardie
2425,SC1,2025-04-12,Partick,Hamilton,D Nicolson
2425,SC1,2025-04-12,Queens Park,Dunfermline,D Dickinson
2425,SC1,2025-04-12,Raith Rvs,Airdrie Utd,R Lee
2425,SC1,2025-04-18,Livingston,Ayr,S McLean
2425,SC1,2025-04-19,Airdrie Utd,Morton,K Clancy
2425,SC1,2025-04-19,Dunfermline,Partick,N Walsh
2425,SC1,2025-04-19,Falkirk,Raith Rvs,R Hardie
2425,SC1,2025-04-19,Hamilton,Queens Park,D Robertson
2425,SC1,2025-04-25,Partick,Falkirk,M MacDermid
2425,SC1,2025-04-26,Ayr,Queens Park,S Murdoch
2425,SC1,2025-04-26,Dunfermline,Airdrie Utd,L Wilson
2425,SC1,2025-04-26,Hamilton,Livingston,I Snedden
2425,SC1,2025-04-26,Raith Rvs,Morton,C Graham
2425,SC1,2025-05-02,Airdrie Utd,Ayr,S Kirkland
2425,SC1,2025-05-02,Falkirk,Hamilton,S McLean
2425,SC1,2025-05-02,Livingston,Partick,C Scott
2425,SC1,2025-05-02,Morton,Dunfermline,A Grieve
2425,SC1,2025-05-02,Queens Park,Raith Rvs,R Lee
2425,SC2,2024-08-03,Alloa,Queen of Sth,R Lee
2425,SC2,2024-08-03,Cove Rangers,Annan Athletic,A Grieve
2425,SC2,2024-08-03,Inverness C,Dumbarton,D McFarlane
2425,SC2,2024-08-03,Montrose,Kelty Hearts,S Luke
2425,SC2,2024-08-03,Stenhousemuir,Arbroath,P Stuart
2425,SC2,2024-08-10,Annan Athletic,Inverness C,A Shepherd
2425,SC2,2024-08-10,Arbroath,Montrose,D Williams
2425,SC2,2024-08-10,Dumbarton,Alloa,R Hardie
2425,SC2,2024-08-10,Kelty Hearts,Stenhousemuir,I Snedden
2425,SC2,2024-08-10,Queen of Sth,Cove Rangers,A Gamble
2425,SC2,2024-08-17,Alloa,Stenhousemuir,L Wilson
2425,SC2,2024-08-17,Arbroath,Kelty Hearts,D Graves
2425,SC2,2024-08-17,Cove Rangers,Dumbarton,C Whyte
2425,SC2,2024-08-17,Inverness C,Montrose,A Grieve
2425,SC2,2024-08-17,Queen of Sth,Annan Athletic,C Graham
2425,SC2,2024-08-24,Annan Athletic,Alloa,S Luke
2425,SC2,2024-08-24,Dumbarton,Arbroath,G Soutar
2425,SC2,2024-08-24,Kelty Hearts,Inverness C,G Calder
2425,SC2,2024-08-24,Montrose,Queen of Sth,G Grainger
2425,SC2,2024-08-24,Stenhousemuir,Cove Rangers,S Kirkland
2425,SC2,2024-08-31,Arbroath,Alloa,A Grieve
2425,SC2,2024-08-31,Cove Rangers,Montrose,D Nicolson
2425,SC2,2024-08-31,Dumbarton,Kelty Hearts,D McFarlane
2425,SC2,2024-08-31,Inverness C,Queen of Sth,G Duncan
2425,SC2,2024-08-31,Stenhousemuir,Annan Athletic,D Williams
2425,SC2,2024-09-14,Alloa,Inverness C,G Calder
2425,SC2,2024-09-14,Annan Athletic,Dumbarton,S Murdoch
2425,SC2,2024-09-14,Kelty Hearts,Cove Rangers,R Lee
2425,SC2,2024-09-14,Montrose,Stenhousemuir,J Kennedy
2425,SC2,2024-09-14,Queen of Sth,Arbroath,D Graves
2425,SC2,2024-09-21,Alloa,Kelty Hearts,C Whyte
2425,SC2,2024-09-21,Arbroath,Annan Athletic,D Nicolson
2425,SC2,2024-09-21,Dumbarton,Montrose,G Grainger
2425,SC2,2024-09-21,Inverness C,Cove Rangers,S Luke
2425,SC2,2024-09-21,Stenhousemuir,Queen of Sth,S Kirkland
2425,SC2,2024-09-28,Cove Rangers,Arbroath,G Soutar
2425,SC2,2024-09-28,Inverness C,Stenhousemuir,P Stuart
2425,SC2,2024-09-28,Kelty Hearts,Annan Athletic,G Calder
2425,SC2,2024-09-28,Montrose,Alloa,S Murdoch
2425,SC2,2024-09-28,Queen of Sth,Dumbarton,G Hanvidge
2425,SC2,2024-10-05,Alloa,Cove Rangers,G Grainger
2425,SC2,2024-10-05,Annan Athletic,Montrose,L Wilson
2425,SC2,2024-10-05,Arbroath,Inverness C,C Napier
2425,SC2,2024-10-05,Dumbarton,Stenhousemuir,S McLean
2425,SC2,2024-10-05,Queen of Sth,Kelty Hearts,S Kirkland
2425,SC2,2024-10-19,Arbroath,Dumbarton,G Soutar
2425,SC2,2024-10-19,Cove Rangers,Queen of Sth,C Napier
2425,SC2,2024-10-19,Inverness C,Annan Athletic,P Stuart
2425,SC2,2024-10-19,Kelty Hearts,Montrose,G Duncan
2425,SC2,2024-10-19,Stenhousemuir,Alloa,D Williams
2425,SC2,2024-10-26,Alloa,Arbroath,S Kirkland
2425,SC2,2024-10-26,Annan Athletic,Queen of Sth,A Grieve
2425,SC2,2024-10-26,Dumbarton,Inverness C,G Grainger
2425,SC2,2024-10-26,Montrose,Cove Rangers,D Nicolson
2425,SC2,2024-10-26,Stenhousemuir,Kelty Hearts,G Calder
2425,SC2,2024-11-02,Alloa,Annan Athletic,G Irvine
2425,SC2,2024-11-02,Arbroath,Stenhousemuir,G Grainger
2425,SC2,2024-11-02,Dumbarton,Cove Rangers,G Calder
2425,SC2,2024-11-02,Inverness C,Kelty Hearts,R Lee
2425,SC2,2024-11-02,Queen of Sth,Montrose,C Napier
2425,SC2,2024-11-09,Annan Athletic,Stenhousemuir,S Murdoch
2425,SC2,2024-11-09,Cove Rangers,Inverness C,E Anderson
2425,SC2,2024-11-09,Kelty Hearts,Dumbarton,A Shepherd
2425,SC2,2024-11-09,Montrose,Arbroath,S Luke
2425,SC2,2024-11-09,Queen of Sth,Alloa,D McFarlane
2425,SC2,2024-11-16,Annan Athletic,Kelty Hearts,L Wilson
2425,SC2,2024-11-16,Arbroath,Cove Rangers,R Lee
2425,SC2,2024-11-16,Dumbarton,Queen of Sth,S Kirkland
2425,SC2,2024-11-16,Inverness C,Alloa,C Whyte
2425,SC2,2024-11-16,Stenhousemuir,Montrose,G Calder
2425,SC2,2024-11-23,Montrose,Annan Athletic,G Soutar
2425,SC2,2024-12-03,Alloa,Dumbarton,A Grieve
2425,SC2,2024-12-03,Cove Rangers,Stenhousemuir,D McFarlane
2425,SC2,2024-12-07,Annan Athletic,Cove Rangers,A Grieve
2425,SC2,2024-12-07,Arbroath,Queen of Sth,C Whyte
2425,SC2,2024-12-07,Kelty Hearts,Alloa,P Stuart
2425,SC2,2024-12-07,Montrose,Inverness C,L Wilson
2425,SC2,2024-12-07,Stenhousemuir,Dumbarton,C Napier
2425,SC2,2024-12-14,Alloa,Montrose,S Luke
2425,SC2,2024-12-14,Cove Rangers,Kelty Hearts,I Snedden
2425,SC2,2024-12-14,Dumbarton,Annan Athletic,D McFarlane
2425,SC2,2024-12-14,Inverness C,Arbroath,C Steven
2425,SC2,2024-12-14,Queen of Sth,Stenhousemuir,D Williams
2425,SC2,2024-12-17,Kelty Hearts,Arbroath,D Williams
2425,SC2,2024-12-21,Annan Athletic,Arbroath,R Lee
2425,SC2,2024-12-21,Cove Rangers,Alloa,C Napier
2425,SC2,2024-12-21,Kelty Hearts,Queen of Sth,G Soutar
2425,SC2,2024-12-21,Montrose,Dumbarton,S Kirkland
2425,SC2,2024-12-21,Stenhousemuir,Inverness C,G Grainger
2425,SC2,2024-12-28,Alloa,Stenhousemuir,G Duncan
2425,SC2,2024-12-28,Arbroath,Montrose,G Grainger
2425,SC2,2024-12-28,Dumbarton,Kelty Hearts,C Graham
2425,SC2,2024-12-28,Inverness C,Cove Rangers,I Snedden
2425,SC2,2024-12-28,Queen of Sth,Annan Athletic,C Napier
2425,SC2,2025-01-04,Arbroath,Alloa,C Whyte
2425,SC2,2025-01-04,Inverness C,Dumbarton,D McFarlane
2425,SC2,2025-01-04,Montrose,Kelty Hearts,D Williams
2425,SC2,2025-01-04,Queen of Sth,Cove Rangers,D Nicolson
2425,SC2,2025-01-04,Stenhousemuir,Annan Athletic,A Shepherd
2425,SC2,2025-01-11,Alloa,Queen of Sth,A Grieve
2425,SC2,2025-01-11,Kelty Hearts,Stenhousemuir,E Anderson
2425,SC2,2025-01-18,Annan Athletic,Inverness C,C Napier
2425,SC2,2025-01-21,Queen of Sth,Inverness C,G Duncan
2425,SC2,2025-01-25,Alloa,Inverness C,S Kirkland
2425,SC2,2025-01-25,Annan Athletic,Montrose,D Graves
2425,SC2,2025-01-25,Queen of Sth,Dumbarton,G Grainger
2425,SC2,2025-01-25,Stenhousemuir,Cove Rangers,S Luke
2425,SC2,2025-02-01,Cove Rangers,Arbroath,G Duncan
2425,SC2,2025-02-01,Dumbarton,Alloa,D Williams
2425,SC2,2025-02-01,Inverness C,Queen of Sth,A Grieve
2425,SC2,2025-02-01,Kelty Hearts,Annan Athletic,R Lee
2425,SC2,2025-02-01,Montrose,Stenhousemuir,C Whyte
2425,SC2,2025-02-08,Annan Athletic,Dumbarton,P Stuart
2425,SC2,2025-02-08,Arbroath,Inverness C,G Grainger
2425,SC2,2025-02-08,Montrose,Alloa,D Nicolson
2425,SC2,2025-02-08,Stenhousemuir,Queen of Sth,S Kirkland
2425,SC2,2025-02-11,Cove Rangers,Montrose,G Calder
2425,SC2,2025-02-15,Alloa,Kelty Hearts,J Curran
2425,SC2,2025-02-15,Cove Rangers,Annan Athletic,D McFarlane
2425,SC2,2025-02-15,Dumbarton,Montrose,D Graves
2425,SC2,2025-02-15,Queen of Sth,Arbroath,D Williams
2425,SC2,2025-02-22,Annan Athletic,Alloa,S Luke
2425,SC2,2025-02-22,Cove Rangers,Dumbarton,S Kirkland
2425,SC2,2025-02-22,Kelty Hearts,Inverness C,A Grieve
2425,SC2,2025-02-22,Montrose,Queen of Sth,I Snedden
2425,SC2,2025-02-22,Stenhousemuir,Arbroath,C Steven
2425,SC2,2025-02-25,Arbroath,Kelty Hearts,S Murdoch
2425,SC2,2025-03-01,Alloa,Cove Rangers,S Murdoch
2425,SC2,2025-03-01,Arbroath,Annan Athletic,S Kirkland
2425,SC2,2025-03-01,Dumbarton,Stenhousemuir,G Soutar
2425,SC2,2025-03-01,Inverness C,Montrose,P Stuart
2425,SC2,2025-03-01,Queen of Sth,Kelty Hearts,G Grainger
2425,SC2,2025-03-04,Dumbarton,Arbroath,R Lee
2425,SC2,2025-03-08,Alloa,Arbroath,R Hardie
2425,SC2,2025-03-08,Annan Athletic,Stenhousemuir,C Graham
2425,SC2,2025-03-08,Cove Rangers,Queen of Sth,E Anderson
2425,SC2,2025-03-08,Dumbarton,Inverness C,S Kirkland
2425,SC2,2025-03-08,Kelty Hearts,Montrose,I Snedden
2425,SC2,2025-03-11,Inverness C,Stenhousemuir,G Calder
2425,SC2,2025-03-11,Kelty Hearts,Cove Rangers,D Graves
2425,SC2,2025-03-15,Arbroath,Dumbarton,A Grieve
2425,SC2,2025-03-15,Inverness C,Annan Athletic,S Murdoch
2425,SC2,2025-03-15,Montrose,Cove Rangers,J Kennedy
2425,SC2,2025-03-15,Queen of Sth,Alloa,S Luke
2425,SC2,2025-03-15,Stenhousemuir,Kelty Hearts,P Stuart
2425,SC2,2025-03-22,Cove Rangers,Stenhousemuir,G Grainger
2425,SC2,2025-03-22,Dumbarton,Queen of Sth,C Whyte
2425,SC2,2025-03-22,Inverness C,Alloa,D McFarlane
2425,SC2,2025-03-22,Kelty Hearts,Arbroath,G Irvine
2425,SC2,2025-03-22,Montrose,Annan Athletic,G Soutar
2425,SC2,2025-03-29,Alloa,Dumbarton,J Kennedy
2425,SC2,2025-03-29,Annan Athletic,Kelty Hearts,P Stuart
2425,SC2,2025-03-29,Arbroath,Cove Rangers,L Wilson
2425,SC2,2025-03-29,Queen of Sth,Inverness C,D Williams
2425,SC2,2025-03-29,Stenhousemuir,Montrose,R Lee
2425,SC2,2025-04-05,Annan Athletic,Queen of Sth,C Steven
2425,SC2,2025-04-05,Cove Rangers,Inverness C,P Stuart
2425,SC2,2025-04-05,Kelty Hearts,Dumbarton,I Snedden
2425,SC2,2025-04-05,Montrose,Arbroath,S Murdoch
2425,SC2,2025-04-05,Stenhousemuir,Alloa,A Grieve
2425,SC2,2025-04-12,Alloa,Annan Athletic,J Curran
2425,SC2,2025-04-12,Arbroath,Stenhousemuir,D Williams
2425,SC2,2025-04-12,Dumbarton,Cove Rangers,G Grainger
2425,SC2,2025-04-12,Inverness C,Kelty Hearts,D Graves
2425,SC2,2025-04-12,Queen of Sth,Montrose,S Kirkland
2425,SC2,2025-04-19,Annan Athletic,Arbroath,L Wilson
2425,SC2,2025-04-19,Cove Rangers,Alloa,C Steven
2425,SC2,2025-04-19,Kelty Hearts,Queen of Sth,D McFarlane
2425,SC2,2025-04-19,Montrose,Dumbarton,I Snedden
2425,SC2,2025-04-19,Stenhousemuir,Inverness C,G Irvine
2425,SC2,2025-04-26,Alloa,Montrose,E Anderson
2425,SC2,2025-04-26,Cove Rangers,Kelty Hearts,G Soutar
2425,SC2,2025-04-26,Dumbarton,Annan Athletic,D Williams
2425,SC2,2025-04-26,Inverness C,Arbroath,G Hanvidge
2425,SC2,2025-04-26,Queen of Sth,Stenhousemuir,P Stuart
2425,SC2,2025-05-03,Annan Athletic,Cove Rangers,G Grainger
2425,SC2,2025-05-03,Arbroath,Queen of Sth,G Soutar
2425,SC2,2025-05-03,Kelty Hearts,Alloa,S Murdoch
2425,SC2,2025-05-03,Montrose,Inverness C,J Curran
2425,SC2,2025-05-03,Stenhousemuir,Dumbarton,D McFarlane
2425,SC3,2024-08-03,Bonnyrigg Rose,Peterhead,S Murdoch
2425,SC3,2024-08-03,Edinburgh City,Stirling,G Calder
2425,SC3,2024-08-03,Elgin,East Fife,D Williams
2425,SC3,2024-08-03,Forfar,Clyde,D Nicolson
2425,SC3,2024-08-03,Stranraer,Spartans,J Curran
2425,SC3,2024-08-10,Clyde,Stranraer,S Kirkland
2425,SC3,2024-08-10,East Fife,Edinburgh City,S Murdoch
2425,SC3,2024-08-10,Peterhead,Forfar,G Hanvidge
2425,SC3,2024-08-10,Spartans,Bonnyrigg Rose,C Whyte
2425,SC3,2024-08-10,Stirling,Elgin,G Soutar
2425,SC3,2024-08-17,Clyde,Stirling,A Gamble
2425,SC3,2024-08-17,East Fife,Forfar,A Shepherd
2425,SC3,2024-08-17,Edinburgh City,Bonnyrigg Rose,D Nicolson
2425,SC3,2024-08-17,Peterhead,Stranraer,S Luke
2425,SC3,2024-08-24,Bonnyrigg Rose,Clyde,J Kennedy
2425,SC3,2024-08-24,Forfar,Edinburgh City,J Curran
2425,SC3,2024-08-24,Spartans,Peterhead,D Graves
2425,SC3,2024-08-24,Stirling,East Fife,S Murdoch
2425,SC3,2024-08-24,Stranraer,Elgin,G Hanvidge
2425,SC3,2024-08-31,Bonnyrigg Rose,Stranraer,D Graves
2425,SC3,2024-08-31,East Fife,Clyde,G Hanvidge
2425,SC3,2024-08-31,Edinburgh City,Peterhead,A Shepherd
2425,SC3,2024-08-31,Forfar,Elgin,R Lee
2425,SC3,2024-08-31,Stirling,Spartans,J Kennedy
2425,SC3,2024-09-14,Clyde,Edinburgh City,C Scott
2425,SC3,2024-09-14,Elgin,Bonnyrigg Rose,A Shepherd
2425,SC3,2024-09-14,Peterhead,Stirling,G Hanvidge
2425,SC3,2024-09-14,Spartans,Forfar,P Stuart
2425,SC3,2024-09-14,Stranraer,East Fife,A Gamble
2425,SC3,2024-09-17,Elgin,Spartans,J Kennedy
2425,SC3,2024-09-21,Clyde,Elgin,A Grieve
2425,SC3,2024-09-21,East Fife,Peterhead,J Curran
2425,SC3,2024-09-21,Forfar,Stranraer,D Graves
2425,SC3,2024-09-21,Stirling,Bonnyrigg Rose,G Soutar
2425,SC3,2024-09-28,Bonnyrigg Rose,Forfar,J Curran
2425,SC3,2024-09-28,Elgin,Edinburgh City,D Graves
2425,SC3,2024-09-28,Peterhead,Clyde,J Kennedy
2425,SC3,2024-09-28,Spartans,East Fife,A Grieve
2425,SC3,2024-09-28,Stranraer,Stirling,A Shepherd
2425,SC3,2024-10-05,Clyde,Spartans,G Calder
2425,SC3,2024-10-05,East Fife,Bonnyrigg Rose,A Shepherd
2425,SC3,2024-10-05,Edinburgh City,Stranraer,J Kennedy
2425,SC3,2024-10-05,Peterhead,Elgin,C Whyte
2425,SC3,2024-10-05,Stirling,Forfar,S Murdoch
2425,SC3,2024-10-12,Edinburgh City,Spartans,D Williams
2425,SC3,2024-10-19,Bonnyrigg Rose,Edinburgh City,S Murdoch
2425,SC3,2024-10-19,Forfar,East Fife,J Curran
2425,SC3,2024-10-19,Spartans,Elgin,C Whyte
2425,SC3,2024-10-19,Stirling,Clyde,A Shepherd
2425,SC3,2024-10-19,Stranraer,Peterhead,D Graves
2425,SC3,2024-11-02,Clyde,Bonnyrigg Rose,P Stuart
2425,SC3,2024-11-02,East Fife,Stirling,G Duncan
2425,SC3,2024-11-02,Edinburgh City,Forfar,C Whyte
2425,SC3,2024-11-02,Elgin,Stranraer,S Luke
2425,SC3,2024-11-02,Peterhead,Spartans,G Soutar
2425,SC3,2024-11-09,Bonnyrigg Rose,Elgin,A Grieve
2425,SC3,2024-11-09,East Fife,Stranraer,R Lee
2425,SC3,2024-11-09,Edinburgh City,Clyde,A Gamble
2425,SC3,2024-11-09,Forfar,Spartans,G Calder
2425,SC3,2024-11-09,Stirling,Peterhead,D Nicolson
2425,SC3,2024-11-16,Clyde,East Fife,G Soutar
2425,SC3,2024-11-16,Elgin,Forfar,J Kennedy
2425,SC3,2024-11-16,Peterhead,Edinburgh City,G Duncan
2425,SC3,2024-11-16,Spartans,Stirling,P Stuart
2425,SC3,2024-11-16,Stranraer,Bonnyrigg Rose,D Williams
2425,SC3,2024-11-30,Bonnyrigg Rose,East Fife,G Soutar
2425,SC3,2024-12-03,Bonnyrigg Rose,Stirling,G Calder
2425,SC3,2024-12-07,Clyde,Peterhead,G Calder
2425,SC3,2024-12-07,East Fife,Elgin,J Curran
2425,SC3,2024-12-07,Stirling,Edinburgh City,D Graves
2425,SC3,2024-12-10,Spartans,Stranraer,S Luke
2425,SC3,2024-12-14,Elgin,Stirling,G Soutar
2425,SC3,2024-12-14,Forfar,Bonnyrigg Rose,P Stuart
2425,SC3,2024-12-14,Peterhead,East Fife,S Murdoch
2425,SC3,2024-12-14,Spartans,Clyde,D Nicolson
2425,SC3,2024-12-14,Stranraer,Edinburgh City,R Lee
2425,SC3,2024-12-17,Elgin,Clyde,D Graves
2425,SC3,2024-12-17,Forfar,Peterhead,A Shepherd
2425,SC3,2024-12-21,Clyde,Forfar,S Murdoch
2425,SC3,2024-12-21,East Fife,Spartans,S Luke
2425,SC3,2024-12-21,Edinburgh City,Elgin,C Whyte
2425,SC3,2024-12-21,Peterhead,Bonnyrigg Rose,G Hanvidge
2425,SC3,2024-12-21,Stirling,Stranraer,D Graves
2425,SC3,2024-12-28,Elgin,Peterhead,J Curran
2425,SC3,2024-12-28,Forfar,Stirling,G Calder
2425,SC3,2024-12-28,Spartans,Edinburgh City,G Soutar
2425,SC3,2024-12-28,Stranraer,Clyde,A Grieve
2425,SC3,2025-01-04,Clyde,Stirling,S Luke
2425,SC3,2025-01-04,East Fife,Forfar,A Grieve
2425,SC3,2025-01-04,Edinburgh City,Bonnyrigg Rose,R Lee
2425,SC3,2025-01-08,Edinburgh City,East Fife,J Kennedy
2425,SC3,2025-01-11,East Fife,Clyde,S Murdoch
2425,SC3,2025-01-11,Edinburgh City,Peterhead,S Luke
2425,SC3,2025-01-11,Forfar,Elgin,G Duncan
2425,SC3,2025-01-14,Peterhead,Stranraer,J Kennedy
2425,SC3,2025-01-17,Clyde,Edinburgh City,G Calder
2425,SC3,2025-01-18,Peterhead,Stirling,C Whyte
2425,SC3,2025-01-18,Stranraer,East Fife,J Curran
2425,SC3,2025-01-21,Bonnyrigg Rose,Spartans,S Murdoch
2425,SC3,2025-01-25,Clyde,Elgin,D Nicolson
2425,SC3,2025-01-25,East Fife,Edinburgh City,C Whyte
2425,SC3,2025-01-25,Forfar,Stranraer,G Soutar
2425,SC3,2025-01-25,Spartans,Peterhead,A Grieve
2425,SC3,2025-01-25,Stirling,Bonnyrigg Rose,J Kennedy
2425,SC3,2025-01-28,Bonnyrigg Rose,Stranraer,J Curran
2425,SC3,2025-02-01,Bonnyrigg Rose,Clyde,A Gamble
2425,SC3,2025-02-01,Edinburgh City,Stirling,S Kirkland
2425,SC3,2025-02-01,Elgin,East Fife,D Graves
2425,SC3,2025-02-01,Peterhead,Forfar,S Luke
2425,SC3,2025-02-01,Stranraer,Spartans,G Calder
2425,SC3,2025-02-04,Elgin,Bonnyrigg Rose,G Soutar
2425,SC3,2025-02-04,Stirling,Spartans,G Grainger
2425,SC3,2025-02-08,Bonnyrigg Rose,Peterhead,J McCunnie
2425,SC3,2025-02-08,Clyde,Stranraer,A Grieve
2425,SC3,2025-02-08,Forfar,Edinburgh City,S Murdoch
2425,SC3,2025-02-08,Spartans,East Fife,R Lee
2425,SC3,2025-02-08,Stirling,Elgin,A Gamble
2425,SC3,2025-02-15,East Fife,Bonnyrigg Rose,S Luke
2425,SC3,2025-02-15,Edinburgh City,Spartans,J Kennedy
2425,SC3,2025-02-15,Peterhead,Clyde,P Stuart
2425,SC3,2025-02-15,Stirling,Forfar,G Hanvidge
2425,SC3,2025-02-15,Stranraer,Elgin,C Whyte
2425,SC3,2025-02-22,Bonnyrigg Rose,Forfar,G Calder
2425,SC3,2025-02-22,Clyde,Spartans,G Soutar
2425,SC3,2025-02-22,East Fife,Peterhead,G Grainger
2425,SC3,2025-02-22,Elgin,Edinburgh City,A Murdoch
2425,SC3,2025-02-22,Stranraer,Stirling,G Duncan
2425,SC3,2025-02-25,Spartans,Forfar,J Curran
2425,SC3,2025-03-01,Edinburgh City,Stranraer,D Graves
2425,SC3,2025-03-01,Forfar,Clyde,A Gamble
2425,SC3,2025-03-01,Peterhead,Elgin,J Kennedy
2425,SC3,2025-03-01,Spartans,Bonnyrigg Rose,G Hanvidge
2425,SC3,2025-03-01,Stirling,East Fife,A Grieve
2425,SC3,2025-03-04,Stranraer,Forfar,S Kirkland
2425,SC3,2025-03-08,Bonnyrigg Rose,Edinburgh City,G Duncan
2425,SC3,2025-03-08,Clyde,East Fife,P Stuart
2425,SC3,2025-03-08,Elgin,Forfar,D Nicolson
2425,SC3,2025-03-08,Spartans,Stirling,C Whyte
2425,SC3,2025-03-08,Stranraer,Peterhead,R Lee
2425,SC3,2025-03-11,Elgin,Spartans,A Gamble
2425,SC3,2025-03-15,Bonnyrigg Rose,Stirling,D Graves
2425,SC3,2025-03-15,East Fife,Stranraer,G Hanvidge
2425,SC3,2025-03-15,Elgin,Clyde,C Whyte
2425,SC3,2025-03-15,Forfar,Spartans,D Williams
2425,SC3,2025-03-15,Peterhead,Edinburgh City,J McCunnie
2425,SC3,2025-03-22,Clyde,Bonnyrigg Rose,A Shepherd
2425,SC3,2025-03-22,Edinburgh City,East Fife,A Grieve
2425,SC3,2025-03-22,Spartans,Elgin,J Curran
2425,SC3,2025-03-22,Stirling,Peterhead,D Williams
2425,SC3,2025-03-22,Stranraer,Forfar,S Murdoch
2425,SC3,2025-03-29,Bonnyrigg Rose,Elgin,G Grainger
2425,SC3,2025-03-29,East Fife,Spartans,D Nicolson
2425,SC3,2025-03-29,Forfar,Peterhead,J Curran
2425,SC3,2025-03-29,Stirling,Edinburgh City,C Steven
2425,SC3,2025-03-29,Stranraer,Clyde,A Grieve
2425,SC3,2025-04-05,Edinburgh City,Clyde,D Graves
2425,SC3,2025-04-05,Elgin,Stirling,J McCunnie
2425,SC3,2025-04-05,Forfar,East Fife,G Duncan
2425,SC3,2025-04-05,Peterhead,Bonnyrigg Rose,S Luke
2425,SC3,2025-04-05,Spartans,Stranraer,A Shepherd
2425,SC3,2025-04-12,Bonnyrigg Rose,East Fife,S Murdoch
2425,SC3,2025-04-12,Clyde,Forfar,C Whyte
2425,SC3,2025-04-12,Edinburgh City,Elgin,A Gamble
2425,SC3,2025-04-12,Peterhead,Spartans,G Soutar
2425,SC3,2025-04-12,Stirling,Stranraer,G Hanvidge
2425,SC3,2025-04-19,East Fife,Stirling,D Nicolson
2425,SC3,2025-04-19,Elgin,Peterhead,G Grainger
2425,SC3,2025-04-19,Forfar,Bonnyrigg Rose,A Grieve
2425,SC3,2025-04-19,Spartans,Clyde,R Lee
2425,SC3,2025-04-19,Stranraer,Edinburgh City,J Curran
2425,SC3,2025-04-26,Bonnyrigg Rose,Spartans,D Graves
2425,SC3,2025-04-26,Edinburgh City,Forfar,J McCunnie
2425,SC3,2025-04-26,Elgin,Stranraer,A Shepherd
2425,SC3,2025-04-26,Peterhead,East Fife,C Whyte
2425,SC3,2025-04-26,Stirling,Clyde,J Kennedy
2425,SC3,2025-05-03,Clyde,Peterhead,R Clark
2425,SC3,2025-05-03,East Fife,Elgin,G Calder
2425,SC3,2025-05-03,Forfar,Stirling,D Williams
2425,SC3,2025-05-03,Spartans,Edinburgh City,A Gamble
2425,SC3,2025-05-03,Stranraer,Bonnyrigg Rose,P Stuart
